,Unnamed: 0,text,intent,label
0,0.0,מה השעה של ההתראה הפעילה הראשונה שלי?,alarm_query,0
1,1.0,מה ההתראה האחרונה שלי?,alarm_query,0
2,2.0,מה השעה שהגדרתי להתראה הבאה,alarm_query,0
3,3.0,הצג לי את כל ההתראות שלי לשבוע הבא,alarm_query,0
4,4.0,מה הזמנים של ההתראות שלי?,alarm_query,0
5,5.0,האם יש לי התראות פעילות השבוע?,alarm_query,0
6,6.0,איך אני יכול לבטל את ההתראות שלי?,alarm_query,0
7,7.0,מתי מוגדרת ההתראה של היום?,alarm_query,0
8,8.0,מתי יש לי התראה מחר בבוקר?,alarm_query,0
9,9.0,האם יש לי שעונים מעוררים היום?,alarm_query,0
10,10.0,האם יש לי התראות קבועות למחר,alarm_query,0
11,11.0,איך אני יכול לבדוק את ההתראות שלי?,alarm_query,0
12,12.0,מתי יש לי התראה הבאה בשעה 12:00?,alarm_query,0
13,13.0,הצג לי את רשימת ההתראות שלי,alarm_query,0
14,14.0,מה השעה של ההתראה האחרונה שלי?,alarm_query,0
15,15.0,איזה התראות יש לי למחר?,alarm_query,0
16,16.0,הצג לי את ההתראות שלי למחר אחר הצהריים,alarm_query,0
17,17.0,איך אני יכול לראות את כל ההתראות שלי,alarm_query,0
18,18.0,מתי יש לי התראה בעוד חמש דקות?,alarm_query,0
19,19.0,איזה התראות קבעתי לשבוע הבא?,alarm_query,0
20,20.0,איזה התראות יש לי עכשיו?,alarm_query,0
21,21.0,מה הזמן של ההתראה הבאה שלי?,alarm_query,0
22,22.0,הצג לי את רשימת ההתראות הפעילות שלי,alarm_query,0
23,23.0,האם יש לי שעונים מעוררים היום בבוקר?,alarm_query,0
24,24.0,האם יש לי שעונים מעוררים למחר?,alarm_query,0
25,25.0,איך אני יכול לשנות את ההתראות שלי,alarm_query,0
26,26.0,מה השעה של ההתראה שלי?,alarm_query,0
27,27.0,הצג לי את כל ההתראות שקבעתי ליום המחרת,alarm_query,0
28,28.0,מה ההתראה הקרובה ביותר שלי למחר?,alarm_query,0
29,29.0,האם יש לי שעונים מעוררים היום בערב?,alarm_query,0
30,30.0,האם יש לי התראות קבועות להיום,alarm_query,0
31,31.0,אילו התראות קבעתי לשבוע הבא?,alarm_query,0
32,32.0,איך אני יכול לראות את כל השעונים המעוררים שלי?,alarm_query,0
33,33.0,הצג לי את כל ההתראות שקבעתי לשבוע הבא,alarm_query,0
34,34.0,הצג לי את ההתראות שלי לחודש הבא,alarm_query,0
35,35.0,איזה שעונים מעוררים יש לי היום?,alarm_query,0
36,36.0,איך אני יכול לבטל התראה?,alarm_query,0
37,37.0,מה השעה שהגדרתי להתראה האחרונה,alarm_query,0
38,38.0,הצג לי את ההתראות שקבעתי למחר בערב,alarm_query,0
39,39.0,מתי יש לי התראה הפעילה הראשונה?,alarm_query,0
40,40.0,איזה שעונים מעוררים יש לי למחר?,alarm_query,0
41,41.0,כמה התראות יש לי לשבוע הבא?,alarm_query,0
42,42.0,מה השעה שהגדרתי להתראה הראשונה,alarm_query,0
43,43.0,איזה התראות יש לי עכשיו בדיוק?,alarm_query,0
44,44.0,איזה התראות קבעתי להיום?,alarm_query,0
45,45.0,האם יש לי התראות פעילות היום,alarm_query,0
46,46.0,הצג לי את ההתראות שקבעתי לשבוע הזה,alarm_query,0
47,47.0,מה ההתראה הקרובה ביותר שלי?,alarm_query,0
48,48.0,מתי מוגדרת ההתראה הבאה שלי?,alarm_query,0
49,49.0,האם יש לי התראות לשבוע הקרוב,alarm_query,0
50,50.0,מתי אני קם מחר בבוקר?,alarm_query,0
51,51.0,הצג לי את כל ההתראות שלי למחר,alarm_query,0
52,52.0,האם יש לי התראה פעילה עכשיו?,alarm_query,0
53,53.0,איזה התראות יש לי עכשיו בדקה הבאה?,alarm_query,0
54,54.0,האם יש לי התראות פעילות היום?,alarm_query,0
55,55.0,האם יש לי התראה פעילה היום?,alarm_query,0
56,56.0,מתי תוגדר ההתראה הראשונה שלי היום?,alarm_query,0
57,57.0,כמה התראות יש לי היום?,alarm_query,0
58,58.0,מה השעה של ההתראה הבאה שלי?,alarm_query,0
59,59.0,מתי יש לי התראה הבאה בבוקר?,alarm_query,0
60,60.0,האם יש לי התראות פעילות לשבוע הבא,alarm_query,0
61,61.0,הצג לי את כל ההתראות הפעילות שלי,alarm_query,0
62,62.0,מתי יש לי התראה הבאה?,alarm_query,0
63,63.0,הצג לי את כל ההתראות שלי לשבוע הזה,alarm_query,0
64,64.0,מתי תתריע אותי ההתראה הבאה,alarm_query,0
65,65.0,אילו התראות קבעתי למחר בבוקר?,alarm_query,0
66,66.0,הצג לי את כל ההתראות שהגדרתי למחר,alarm_query,0
67,67.0,מה ההתראה הבאה שלי?,alarm_query,0
68,68.0,הצג לי את כל השעונים המעוררים שלי,alarm_query,0
69,69.0,איזה התראות יש לי למחר בבוקר,alarm_query,0
70,70.0,מה הזמנים של ההתראות שלי למחר?,alarm_query,0
71,71.0,מתי תתריע אותי ההתראה הקרובה,alarm_query,0
72,72.0,מתי יש לי התראה בעוד שעה?,alarm_query,0
73,73.0,מה השעה של ההתראה הראשונה שלי היום?,alarm_query,0
74,74.0,איך אני יכול לראות את כל ההתראות שלי?,alarm_query,0
75,75.0,האם יש לי התראות פעילות כרגע?,alarm_query,0
76,76.0,הצג לי את ההתראות שקבעתי למחר,alarm_query,0
77,77.0,הצג לי את ההתראות שלי לשבוע הבא,alarm_query,0
78,78.0,מתי תוגדר ההתראה הבאה שלי?,alarm_query,0
79,79.0,האם יש לי התראות פעילות למחר?,alarm_query,0
80,80.0,אני רוצה להנמיך את הרמקול של הסמארטפון,audio_volume_down,1
81,81.0,הנמך את הווליום בבקשה,audio_volume_down,1
82,82.0,אני רוצה להנמיך את הקול של הרמקול,audio_volume_down,1
83,83.0,תוכל להוריד את העוצמה במעל 20%,audio_volume_down,1
84,84.0,תוכל להוריד את העוצמה?,audio_volume_down,1
85,85.0,"הנמך את העוצמה, אני לא רוצה להיות סואן",audio_volume_down,1
86,86.0,"תורידי את הקול, זה חזק מידי",audio_volume_down,1
87,87.0,תוכל להוריד את הרעש בבקשה,audio_volume_down,1
88,88.0,הוריד את הווליום לחצי,audio_volume_down,1
89,89.0,אני רוצה להנמיך את הקול של הטלפון,audio_volume_down,1
90,90.0,"הנמך את הווליום, זה מפריע לי",audio_volume_down,1
91,91.0,תוכל להוריד את הווליום של הטלוויזיה,audio_volume_down,1
92,92.0,אתה יכול להנמיך את הקול?,audio_volume_down,1
93,93.0,אני רוצה להנמיך את הקול של הסרט,audio_volume_down,1
94,94.0,"הנמיך את הרמקול, זה גבוה מידי",audio_volume_down,1
95,95.0,"הוריד את הווליום, אני לא רוצה להיות חזק",audio_volume_down,1
96,96.0,תורידי את הקול החזק הזה,audio_volume_down,1
97,97.0,תוכל להוריד את העוצמה ב-50%?,audio_volume_down,1
98,98.0,תורידי את הווליום למחצית,audio_volume_down,1
99,99.0,הנמך את הרעש של הרמקולים,audio_volume_down,1
100,100.0,תוכל להנמיך את העוצמה של הרמקולים,audio_volume_down,1
101,101.0,הנמך את הרמקולים למחצית,audio_volume_down,1
102,102.0,תוכל להוריד את עוצמת הקול,audio_volume_down,1
103,103.0,הנמך את הרמקולים שלי,audio_volume_down,1
104,104.0,אני רוצה להנמיך את הסאונד,audio_volume_down,1
105,105.0,"תורידי את הווליום, זה גבוה מידי",audio_volume_down,1
106,106.0,תורידי את העוצמה ב-10%,audio_volume_down,1
107,107.0,הוריד את הווליום בעשרים אחוז,audio_volume_down,1
108,108.0,תורידי את העוצמה ב-20%,audio_volume_down,1
109,109.0,אני רוצה להנמיך את העוצמה,audio_volume_down,1
110,110.0,תורידי את הרעש,audio_volume_down,1
111,111.0,תוכל להנמיך את הווליום של המוסיקה,audio_volume_down,1
112,112.0,"הנמיך את הרמקולים, אני לא יכול לישון",audio_volume_down,1
113,113.0,תוכל להוריד את הרעש של הפלייר,audio_volume_down,1
114,114.0,אני רוצה להנמיך את הווליום של הרמקול,audio_volume_down,1
115,115.0,אני רוצה להנמיך את הקול,audio_volume_down,1
116,116.0,תורידי את הסאונד של הרמקול,audio_volume_down,1
117,117.0,הנמך את הסאונד של המדיה,audio_volume_down,1
118,118.0,אני רוצה להנמיך את הרמקולים,audio_volume_down,1
119,119.0,"תורידי את הווליום, זה חזק מידי",audio_volume_down,1
120,120.0,אתה יכול להנמיך את הקול בבקשה,audio_volume_down,1
121,121.0,אני רוצה להנמיך את הקול של המחשב,audio_volume_down,1
122,122.0,תוכל להוריד את העוצמה של הרמקולים,audio_volume_down,1
123,123.0,הנמך את הווליום למחצית,audio_volume_down,1
124,124.0,"הנמך את הרמקול, אני לא שומע טוב",audio_volume_down,1
125,125.0,תוכל להנמיך את העוצמה של הרמקול,audio_volume_down,1
126,126.0,תוכל להוריד את הווליום של המוזיקה,audio_volume_down,1
127,127.0,תוכל להנמיך את הווליום של המוזיקה,audio_volume_down,1
128,128.0,"הנמיך את הרמקולים, אני רוצה לישון",audio_volume_down,1
129,129.0,אני רוצה להנמיך את הרמקול שלי קצת,audio_volume_down,1
130,130.0,"הנמך את הווליום, זה חזק מידי",audio_volume_down,1
131,131.0,הנמך את הווליום של הרמקולים,audio_volume_down,1
132,132.0,תוכל להנמיך את הווליום של הסרט,audio_volume_down,1
133,133.0,תורידי את העוצמה של הרדיו,audio_volume_down,1
134,134.0,"הנמיך את הווליום, זה חזק מידי",audio_volume_down,1
135,135.0,"הנמך את הווליום, אני לא שומע טוב",audio_volume_down,1
136,136.0,תוכל להנמיך את הרמקולים במעלה אחת,audio_volume_down,1
137,137.0,"הנמך את הווליום, אני לא רוצה להפריע",audio_volume_down,1
138,138.0,תוכל להנמיך את הרמקולים בכל מקום,audio_volume_down,1
139,139.0,אני רוצה להנמיך את הקול של הספיקר,audio_volume_down,1
140,140.0,"הנמיך את הווליום, אני לא שומע טוב",audio_volume_down,1
141,141.0,תוכל להנמיך את העוצמה,audio_volume_down,1
142,142.0,תוכל להוריד את הווליום בעשרים אחוז,audio_volume_down,1
143,143.0,"הנמך את הרמקולים, אני לא שומע נעים",audio_volume_down,1
144,144.0,תורידי את העוצמה של המדיה,audio_volume_down,1
145,145.0,תורידי את הרעש של הרמקול,audio_volume_down,1
146,146.0,"הנמך את הווליום, אני לא רוצה להסתבך",audio_volume_down,1
147,147.0,תורידי את הסאונד של המדיה,audio_volume_down,1
148,148.0,תורידי עוצמת הקול של המדיה,audio_volume_down,1
149,149.0,הנמך את הווליום לרמה נמוכה יותר,audio_volume_down,1
150,150.0,תורידי עוצמת הקול ב-50%,audio_volume_down,1
151,151.0,הנמך את הווליום של הסרט,audio_volume_down,1
152,152.0,אני רוצה להנמיך את הקול של המוזיקה,audio_volume_down,1
153,153.0,אני רוצה להנמיך את הרמקול של הטלוויזיה,audio_volume_down,1
154,154.0,הנמך את הווליום של המוזיקה,audio_volume_down,1
155,155.0,"הנמך את הרמקול, אני רוצה לשמוע טוב יותר",audio_volume_down,1
156,156.0,תורידי את העוצמה של הגוקבוקס,audio_volume_down,1
157,157.0,תוכל להנמיך את הרמקולים במעלה שנייה,audio_volume_down,1
158,158.0,אני רוצה להוריד את העוצמה בחצי,audio_volume_down,1
159,159.0,תורידי את הווליום ב-30%,audio_volume_down,1
160,160.0,"הנמיך את העוצמה, אני לא יכול לעבוד",audio_volume_down,1
161,161.0,תוכל להנמיך את הרמקול של המחשב,audio_volume_down,1
162,162.0,אני רוצה להנמיך את הרמקול של המחשב,audio_volume_down,1
163,163.0,"תורידי את הווליום, זה מפריע לי",audio_volume_down,1
164,164.0,"תורידי את הווליום, אני רוצה לישון",audio_volume_down,1
165,165.0,תוכל להנמיך את הווליום של הפודקאסט,audio_volume_down,1
166,166.0,הנמך את העוצמה של המדיה,audio_volume_down,1
167,167.0,הנמך את הווליום למינימום,audio_volume_down,1
168,168.0,תוכל להוריד את הקול של הטלוויזיה,audio_volume_down,1
169,169.0,"הנמיך את העוצמה, אני לא שומע נכון",audio_volume_down,1
170,170.0,אני רוצה להנמיך את הרעש,audio_volume_down,1
171,171.0,הנמך את הקול החזק מידי,audio_volume_down,1
172,172.0,הוריד את הווליום למחצית,audio_volume_down,1
173,173.0,תוכל להוריד את העוצמה,audio_volume_down,1
174,174.0,"תורידי את העוצמה, זה מפריע לי",audio_volume_down,1
175,175.0,תורידי את הקול החזק של המוזיקה,audio_volume_down,1
176,176.0,הסר את האירוע הזה מהיומן העבודה,calendar_remove,2
177,177.0,הסר את כל האירועים מהיומן שלי,calendar_remove,2
178,178.0,מחק את התור לפגישה מהלוח,calendar_remove,2
179,179.0,הסר את המסיבה מהיומן שלי,calendar_remove,2
180,180.0,"בבקשה, הסר את האירוע הזה מהיומן",calendar_remove,2
181,181.0,בטל את האירוע העתידי ביומן העבודה,calendar_remove,2
182,182.0,הסר את האירוע הזה מהיומן שלי,calendar_remove,2
183,183.0,ביטול התור לרופא שיניים ביום שלישי,calendar_remove,2
184,184.0,ביטול האירוע הזה מהיומן שלי,calendar_remove,2
185,185.0,מחק את האירוע הזה מהיומן המשפחתי,calendar_remove,2
186,186.0,הסר את הפגישה עם החברים מהיומן שלי,calendar_remove,2
187,187.0,ביטול האירוע העתידי ביומן,calendar_remove,2
188,188.0,מחק את האירוע הזה מהיומן החודשי,calendar_remove,2
189,189.0,ביטול התור לרופא מהיומן שלי,calendar_remove,2
190,190.0,נקה את היומן מהאירוע הזה,calendar_remove,2
191,191.0,בטל את האירוע הזה מהיומן שלי,calendar_remove,2
192,192.0,ביטול ההצגה ביום שבת,calendar_remove,2
193,193.0,נקה את היומן שלי להמשך החודש,calendar_remove,2
194,194.0,נקה את האירועים הזמניים מהיומן,calendar_remove,2
195,195.0,הסר את התור לפגישה מהיומן שלי,calendar_remove,2
196,196.0,מחק את התור לפגישה מהיומן,calendar_remove,2
197,197.0,נקה את האירועים הזמניים מהלוח,calendar_remove,2
198,198.0,נקה את היומן שלי מכל האירועים,calendar_remove,2
199,199.0,נקה את היומן מכל האירועים העתידיים,calendar_remove,2
200,200.0,הסר את המסיבה של יום ההולדת מהיומן,calendar_remove,2
201,201.0,נקה את האירועים הקרובים מהיומן,calendar_remove,2
202,202.0,"בבקשה, הסר את האירוע הזה מהיומן שלי למחר",calendar_remove,2
203,203.0,הסר את האירוע העתידי מהלוח השנה,calendar_remove,2
204,204.0,הסר את המסיבה מהיומן שלי להמשך היום,calendar_remove,2
205,205.0,מחק את האירוע הבא ביומן שלי,calendar_remove,2
206,206.0,הסר את הפגישה עם הלקוח ביום שלישי,calendar_remove,2
207,207.0,הסר את האירוע הזה מלוח השנה שלי,calendar_remove,2
208,208.0,מחק את הפגישה הקרובה מהיומן,calendar_remove,2
209,209.0,מחק את הפגישה הבאה מהלוח,calendar_remove,2
210,210.0,נקה את היומן מכל האירועים,calendar_remove,2
211,211.0,מחק את האירועים העתידיים מהלוח,calendar_remove,2
212,212.0,בטל את ההזמנה לארוחת ערב מהיומן,calendar_remove,2
213,213.0,נקה את היומן שלי להמשך השבוע,calendar_remove,2
214,214.0,נקה את היומן שלי להמשך השנה,calendar_remove,2
215,215.0,נקה את היומן שלי מכל האירועים העתידיים,calendar_remove,2
216,216.0,הסר את התור לרופא מהיומן שלי,calendar_remove,2
217,217.0,מחק את הפגישה עם המנהל ביום ראשון,calendar_remove,2
218,218.0,נקה את התור לרופא שיניים מהיומן,calendar_remove,2
219,219.0,ביטול התור לרופא שיניים מהיומן שלי,calendar_remove,2
220,220.0,ביטול התור לפגישה מהיומן שלי,calendar_remove,2
221,221.0,תנקי את היומן שלי לשבוע הבא,calendar_remove,2
222,222.0,מחק את התור לרופא מהיומן שלי,calendar_remove,2
223,223.0,הסר את הפגישה השבועית מהיומן,calendar_remove,2
224,224.0,מחק את הפגישה הבאה מהיומן שלי,calendar_remove,2
225,225.0,תנקי את היומן להמשך השבוע,calendar_remove,2
226,226.0,הסר את התור לרופא שיניים מהיומן שלי,calendar_remove,2
227,227.0,הסר את הפגישה הקרובה מהיומן,calendar_remove,2
228,228.0,הסר את האירוע העתידי מהיומן שלי,calendar_remove,2
229,229.0,מחק את האירוע העתידי מהיומן שלי,calendar_remove,2
230,230.0,הסר את התור לרופא מהיומן,calendar_remove,2
231,231.0,"בבקשה, הסר את האירוע הזה מהיומן שלי",calendar_remove,2
232,232.0,תנקי את היומן שלי למחר,calendar_remove,2
233,233.0,ביטול הפגישה העתידית ביומן,calendar_remove,2
234,234.0,בטל את הפגישה העתידית ביומן,calendar_remove,2
235,235.0,הסר את האירוע העתידי מהלוח,calendar_remove,2
236,236.0,בטל את התור לרופא שיניים מהיומן,calendar_remove,2
237,237.0,מחק את הפגישה הבאה מהיומן,calendar_remove,2
238,238.0,מחק את האירוע הבא ביומן השבועי,calendar_remove,2
239,239.0,מחק את הפגישה הזאת מהיומן,calendar_remove,2
240,240.0,מחק את האירוע הזה מהיומן שלי,calendar_remove,2
241,241.0,מחק את התור לרופא שיניים מהיומן שלי,calendar_remove,2
242,242.0,בטל את הפגישה המתוכננת מהיומן,calendar_remove,2
243,243.0,נקה את היומן שלי מכל התורים,calendar_remove,2
244,244.0,בטל את התור לרופא מהיומן שלי,calendar_remove,2
245,245.0,ביטול התערוכה ביום שלישי,calendar_remove,2
246,246.0,הסר את התור לקוסם מהיומן שלי,calendar_remove,2
247,247.0,מחק את האירוע הבא ביומן השנתי,calendar_remove,2
248,248.0,הסר את הפגישה הבאה מהיומן שלי,calendar_remove,2
249,249.0,בטל את ההזמנה לחתונה מהיומן,calendar_remove,2
250,250.0,הסר את הפגישה עם המנהל מהיומן שלי,calendar_remove,2
251,251.0,ביטול התור לרופא מהיומן,calendar_remove,2
252,252.0,נקה את היומן מכל התורים,calendar_remove,2
253,253.0,ביטול הפגישה המתוכננת מהיומן שלי,calendar_remove,2
254,254.0,הסר את כל האירועים מהיומן שלי להמשך השבוע,calendar_remove,2
255,255.0,מחק את האירוע הזה מהלוח השנה,calendar_remove,2
256,256.0,הסר את הפגישה הזאת מהלוח השנה,calendar_remove,2
257,257.0,הסר את האירוע הזה מהלוח השנה שלי,calendar_remove,2
258,258.0,הסר את האירוע הבא ביומן שלי,calendar_remove,2
259,259.0,הסר את האירוע הבא ביומן המשפחתי,calendar_remove,2
260,260.0,ביטול האירוע העתידי מהיומן שלי,calendar_remove,2
261,261.0,מחק את הפגישה הבאה ביומן,calendar_remove,2
262,262.0,תנקי את היומן למחר,calendar_remove,2
263,263.0,איך להכין ריבת פירות מתוקה,cooking_recipe,3
264,264.0,מה הצעדים להכין קציצות הבשר,cooking_recipe,3
265,265.0,כמה זמן לאפות עוגיות פסחא,cooking_recipe,3
266,266.0,מה המרכיבים שצריך לשים בתוך סלט הקיץ,cooking_recipe,3
267,267.0,איך להכין ריבת עגבניות ושומשום,cooking_recipe,3
268,268.0,איך להכין קציצות בשר עם תבלינים,cooking_recipe,3
269,269.0,כמה כוסות קמח לשים בבצק הפיצה,cooking_recipe,3
270,270.0,אתה יכול להגיד לי איך להכין פירוגים רוסיים,cooking_recipe,3
271,271.0,אתה יכול להגיד לי איך להכין ריבה עם פטריות,cooking_recipe,3
272,272.0,מה המרכיבים הדרושים לעשות סלט טונה,cooking_recipe,3
273,273.0,מה המרכיבים הדרושים להכנת עוגת שוקולד,cooking_recipe,3
274,274.0,כמה זמן לבשל עוף בתנור,cooking_recipe,3
275,275.0,איך להכין סלט פירות עם יוגורט,cooking_recipe,3
276,276.0,איך להכין קפה טורקי בבית,cooking_recipe,3
277,277.0,כמה כוסות מים צריך להוסיף למרק עוף,cooking_recipe,3
278,278.0,כמה סוכר צריך לשים בתה החלב,cooking_recipe,3
279,279.0,איך להכין ריבה עם תפוחי אדמה,cooking_recipe,3
280,280.0,איך להכין קציצות בשר טחון,cooking_recipe,3
281,281.0,מה המתכון הכי טוב לפיצה,cooking_recipe,3
282,282.0,איך להכין פיצה ביתית,cooking_recipe,3
283,283.0,איך להכין תבשיל עוף מתוק,cooking_recipe,3
284,284.0,כמה זמן לבשל דג סלמון בתנור,cooking_recipe,3
285,285.0,מה המרכיבים הדרושים להכין סלט פרוטה,cooking_recipe,3
286,286.0,איך להכין קציצות מתוקות לילדים,cooking_recipe,3
287,287.0,אתה יכול להגיד לי איך לבשל ארטישוק,cooking_recipe,3
288,288.0,כמה זמן לאפות עוגיות שוקולד,cooking_recipe,3
289,289.0,מה המרכיבים הדרושים לסלט פירות,cooking_recipe,3
290,290.0,איך לבשל את האורז למנה ההודית,cooking_recipe,3
291,291.0,מה זה רוזמרין ואיך להשתמש בו בבישול,cooking_recipe,3
292,292.0,כמה זמן לבשל קציצות הדג,cooking_recipe,3
293,293.0,מה הדרך הכי טובה להכין סלט קל,cooking_recipe,3
294,294.0,מה המרכיבים שצריך להכין סלט פירות,cooking_recipe,3
295,295.0,כמה זמן לאפות עוגת קקאו צוקולט,cooking_recipe,3
296,296.0,מה המרכיבים שצריך לשים בתוך סלט טונה,cooking_recipe,3
297,297.0,כמה כוסות קמח לשימוש בעוגה,cooking_recipe,3
298,298.0,איך להכין סלט טונה עם אבוקדו,cooking_recipe,3
299,299.0,מה הצעדים שאני צריך לעשות בשביל להכין סופגניות,cooking_recipe,3
300,300.0,מה הצעדים להכין עוגת שוקולד וניל,cooking_recipe,3
301,301.0,איך להכין עוגיות שוקולד ציפס מתוקות,cooking_recipe,3
302,302.0,אתה יכול להגיד לי איך לבשל עוף צלוי,cooking_recipe,3
303,303.0,מה המרכיבים שצריך לשים בתוך עוגיות שוקולד,cooking_recipe,3
304,304.0,אתה יכול להגיד לי איך להכין עוגיות שוקולד מולטי,cooking_recipe,3
305,305.0,אתה יכול להגיד לי איך להכין פיצה ביתית,cooking_recipe,3
306,306.0,כמה כוסות קמח צריך להוסיף לבצק עוגה,cooking_recipe,3
307,307.0,מה המרכיבים הדרושים להכין סלט טונה,cooking_recipe,3
308,308.0,כמה כוסות מים צריך להוסיף למרק העוף,cooking_recipe,3
309,309.0,איך להכין סלט פירות טריים,cooking_recipe,3
310,310.0,איך להכין קפה טורקי,cooking_recipe,3
311,311.0,כמה זמן לאפות את העוגיות האיטלקיות,cooking_recipe,3
312,312.0,כמה כוסות קמח לשים בתוך הבצק של הפיצה,cooking_recipe,3
313,313.0,מה המרכיבים הדרושים לעוגת שוקולד,cooking_recipe,3
314,314.0,כמה זמן לאפות עוגיות שוקולד ציפס,cooking_recipe,3
315,315.0,מה המרכיבים הדרושים להכין סלט קיץ,cooking_recipe,3
316,316.0,מה הצעדים שאני צריך לעשות בשביל להכין סושי,cooking_recipe,3
317,317.0,כמה זמן לבשל את הקישקע,cooking_recipe,3
318,318.0,כמה זמן לבשל קרפס ורוד,cooking_recipe,3
319,319.0,איך להכין ריבת חלב קר,cooking_recipe,3
320,320.0,איך להכין ריבת חלב עם וניל,cooking_recipe,3
321,321.0,איך להכין ריבת חלב מתוק,cooking_recipe,3
322,322.0,מה הצעדים להכנת סלט טונה,cooking_recipe,3
323,323.0,כמה כוסות מים לשים בתוך המילוי של הפיצה,cooking_recipe,3
324,324.0,מה המרכיבים שצריך להכין סלט ירוק,cooking_recipe,3
325,325.0,אתה יכול להגיד לי איך להכין קפה טורקי,cooking_recipe,3
326,326.0,איך להכין סלט פירות בקיץ,cooking_recipe,3
327,327.0,מה המרכיבים שצריך לשים בתוך עוגת יום הולדת,cooking_recipe,3
328,328.0,כמה זמן לבשל דג טונה,cooking_recipe,3
329,329.0,כמה זמן לאפות עוגת קקאו,cooking_recipe,3
330,330.0,מה הצעדים להכין עוגת יום הולדת,cooking_recipe,3
331,331.0,מה הדרך הטובה להכין דג צלוי,cooking_recipe,3
332,332.0,כמה כוסות קמח צריך להוסיף לעוגה,cooking_recipe,3
333,333.0,איך להכין תבשיל עוף עם פירות,cooking_recipe,3
334,334.0,כמה זמן לבשל דג סלמון,cooking_recipe,3
335,335.0,מה הצעדים שאני צריך לעשות בשביל להכין עוגת שוקולד,cooking_recipe,3
336,336.0,מה הצעדים להכין פיצה ביתית,cooking_recipe,3
337,337.0,אתה יכול להגיד לי איך להכין עוגת גבינה,cooking_recipe,3
338,338.0,כמה זמן לאפות עוגת יום הולדת,cooking_recipe,3
339,339.0,מה הצעדים להכנת סושי בבית,cooking_recipe,3
340,340.0,מה הצעדים להכין סושי ביתי,cooking_recipe,3
341,341.0,כמה זמן לבשל את הדג הזה,cooking_recipe,3
342,342.0,אתה יכול להגיד לי איך להכין עוגת וניל,cooking_recipe,3
343,343.0,אתה יכול להגיד לי איך לבשל דג סלמון,cooking_recipe,3
344,344.0,כמה זמן לאפות עוגת גבינה,cooking_recipe,3
345,345.0,אתה יכול להגיד לי איך לבשל אורז,cooking_recipe,3
346,346.0,מה המרכיבים שצריך להכין סלט פירות ואגוז,cooking_recipe,3
347,347.0,מה הצעדים להכין עוגיות אפויות,cooking_recipe,3
348,348.0,מה המרכיבים הדרושים לתבשיל קדרה,cooking_recipe,3
349,349.0,מה המרכיבים הדרושים להכנת סלט קיץ,cooking_recipe,3
350,350.0,כמה זמן לאפות עוגה בתנור,cooking_recipe,3
351,351.0,מה המרכיבים הדרושים לעשות עוגת גבינה,cooking_recipe,3
352,352.0,אתה יכול להגיד לי איך להכין סופלה צרפתית,cooking_recipe,3
353,353.0,כמה זמן לבשל את הבשר הזה,cooking_recipe,3
354,354.0,כמה כוסות מים צריך להוסיף למרק הבשר,cooking_recipe,3
355,355.0,תן לי את השעה באזור GMT פלוס שלוש,datetime_convert,4
356,356.0,מה הפרשי הזמן בין כאן לשם ברלין,datetime_convert,4
357,357.0,אם עכשיו חצות בניו יורק מה השעה בברלין,datetime_convert,4
358,358.0,מה יהיה שש בערב זמן קיץ לזמן מקומי,datetime_convert,4
359,359.0,המר את השעה מזמן ניו יורק לזמן לונדון,datetime_convert,4
360,360.0,הגדר את אזור הזמן לשעון טוקיו,datetime_convert,4
361,361.0,מהו הפרש השעות בין זמן רומא לשעון מדריד,datetime_convert,4
362,362.0,מה הפרש הזמן בין המיקום שלי לבין סינגפור,datetime_convert,4
363,363.0,תן לי את השעה באזור ניו דלהי פלוס שש,datetime_convert,4
364,364.0,מה יהיה תשע בבוקר זמן חול לזמן מקומי,datetime_convert,4
365,365.0,מהו הפרש השעות בין זמן ישראל לשעון וושינגטון,datetime_convert,4
366,366.0,אם עכשיו שתיים עשרה בתל אביב מה השעה בלוס אנגלס,datetime_convert,4
367,367.0,את יכולה לשנות את אזור הזמן לאוסטרליה בבקשה,datetime_convert,4
368,368.0,מה הפרש הזמן בין המיקום שלי לבין טוקיו,datetime_convert,4
369,369.0,המר את השעה מזמן לונדון לזמן פריז,datetime_convert,4
370,370.0,מהו הפרש השעות בין זמן פריז לשעון ניו יורק,datetime_convert,4
371,371.0,מה הפרש הזמן בין כאן לבין סיאול,datetime_convert,4
372,372.0,אם עכשיו שלוש בערב בברלין מה השעה בתל אביב,datetime_convert,4
373,373.0,מהו הפרש השעות בין זמן רומא לשעון ישראל,datetime_convert,4
374,374.0,המר את השעה הנוכחית מזמן לונדון לזמן פריז,datetime_convert,4
375,375.0,מה הפרשי הזמן בין כאן לטוקיו,datetime_convert,4
376,376.0,מה הפרשי הזמן בין כאן לפריז,datetime_convert,4
377,377.0,מהו הפרש השעות בין זמן תל אביב לשעון ניו יורק,datetime_convert,4
378,378.0,המר את השעה הנוכחית מזמן וושינגטון לזמן תל אביב,datetime_convert,4
379,379.0,מה הפרש הזמן בין המיקום שלי לבין פריז,datetime_convert,4
380,380.0,מה הפרש הזמן בין המיקום שלי לבין סיאול,datetime_convert,4
381,381.0,מהו הפרש השעות בין זמן ישראל לשעון ניו דלהי,datetime_convert,4
382,382.0,אם עכשיו עשר בבוקר בלוס אנגלס מה השעה בחיפה,datetime_convert,4
383,383.0,המר את השעה הנוכחית מזמן פריז לזמן תל אביב,datetime_convert,4
384,384.0,מה יהיה חמש בערב זמן קיץ לזמן מקומי,datetime_convert,4
385,385.0,מה הפרשי הזמן בין תל אביב לבין ניו יורק,datetime_convert,4
386,386.0,המר זמן נוכחי מזמן לונדון לזמן וושינגטון,datetime_convert,4
387,387.0,מה הפרש השעות בין זמן רומא לשעון מדריד,datetime_convert,4
388,388.0,הגדר את אזור הזמן לשעון סינגפור,datetime_convert,4
389,389.0,אם עכשיו שלוש בערב בברלין מה השעה בירושלים,datetime_convert,4
390,390.0,מהו הפרש השעות בין זמן לוס אנגלס לשעון ניו יורק,datetime_convert,4
391,391.0,מה יהיה תשע בבוקר זמן קיץ לזמן מקומי,datetime_convert,4
392,392.0,אם עכשיו שלוש בערב בטוקיו מה השעה בירושלים,datetime_convert,4
393,393.0,המר את השעה הנוכחית מזמן לונדון לזמן וושינגטון,datetime_convert,4
394,394.0,תן לי את השעה באזור ניו יורק מינוס שלוש,datetime_convert,4
395,395.0,אם עכשיו שתיים עשרה בתל אביב מה השעה בברלין,datetime_convert,4
396,396.0,מהו הפרש השעות בין זמן ישראל לזמן ארצות הברית,datetime_convert,4
397,397.0,הגדר את אזור הזמן לשעון מוסקבה,datetime_convert,4
398,398.0,אם עכשיו חצות בפריז מה השעה בתל אביב,datetime_convert,4
399,399.0,את יכולה לשנות את אזור הזמן לאזור הזמן של וושינגטון,datetime_convert,4
400,400.0,תן לי את השעה באזור סיאול פלוס תשע,datetime_convert,4
401,401.0,מה יהיה שתיים בלילה זמן קיץ לזמן מקומי,datetime_convert,4
402,402.0,מהו הפרש השעות בין זמן מוסקבה לזמן ישראל,datetime_convert,4
403,403.0,מה יהיה שתיים עשרה בלילה זמן קיץ לזמן מקומי,datetime_convert,4
404,404.0,הגדר את אזור הזמן לשעון סידני,datetime_convert,4
405,405.0,אם עכשיו חצות בלוס אנגלס מה השעה בפריז,datetime_convert,4
406,406.0,מה הפרש הזמן בין המיקום שלי לבין מוסקבה,datetime_convert,4
407,407.0,הגדר את אזור הזמן לשעון ניו יורק,datetime_convert,4
408,408.0,מה הפרש השעות בין זמן פריז לשעון ניו יורק,datetime_convert,4
409,409.0,המר את השעה מזמן לונדון לזמן תל אביב,datetime_convert,4
410,410.0,אם עכשיו חצות בלוס אנגלס מה השעה בירושלים,datetime_convert,4
411,411.0,המר את השעה מזמן פריז לזמן אמסטרדם,datetime_convert,4
412,412.0,מה הפרשי הזמן בין כאן למוסקבה,datetime_convert,4
413,413.0,מה יהיה שבע בבוקר זמן קיץ לזמן מקומי,datetime_convert,4
414,414.0,מהו הפרש השעות בין זמן ניו יורק לשעון לונדון,datetime_convert,4
415,415.0,מהו הפרש השעות בין זמן ישראל לשעון פריז,datetime_convert,4
416,416.0,"אם עכשיו חמש בערב בלוס אנגלס, מה השעה בחיפה",datetime_convert,4
417,417.0,מהו הפרש השעות בין זמן פריז לשעון ישראל?,datetime_convert,4
418,418.0,תן לי את השעה באזור סיאול פלוס שתים,datetime_convert,4
419,419.0,אם עכשיו חצות בלוס אנגלס מה השעה בחיפה,datetime_convert,4
420,420.0,הגדר את אזור הזמן לשעון לונדון,datetime_convert,4
421,421.0,אם עכשיו חצות בברלין מה השעה בירושלים,datetime_convert,4
422,422.0,תן לי את השעה באזור וושינגטון פלוס שלוש,datetime_convert,4
423,423.0,תן לי את השעה באזור סיאול פלוס שלוש,datetime_convert,4
424,424.0,אם עכשיו עשר בבוקר בשיקגו מה השעה בתל אביב,datetime_convert,4
425,425.0,מה יהיה שמונה בערב זמן קיץ לזמן מקומי,datetime_convert,4
426,426.0,"אם עכשיו שלוש בערב בניו יורק, מה השעה בירושלים",datetime_convert,4
427,427.0,מה הפרש הזמן בין המיקום שלי לבין סידני,datetime_convert,4
428,428.0,מה הפרשי הזמן בין כאן ללונדון,datetime_convert,4
429,429.0,אם עכשיו שתיים עשרה בברלין מה השעה בלונדון,datetime_convert,4
430,430.0,הגדר את אזור הזמן לשעון סיאול,datetime_convert,4
431,431.0,המר את השעה מזמן פריז לזמן תל אביב,datetime_convert,4
432,432.0,כתבי מייל למורה שלי על העבודה הביתית,email_sendemail,5
433,433.0,תשלחי אימייל לחבר שלי על הפגישה הקרובה,email_sendemail,5
434,434.0,תכתבי מייל לאחים על החגים הקרובים,email_sendemail,5
435,435.0,אני צריך לשלוח מייל למורי על השיעור הבא,email_sendemail,5
436,436.0,שלח אימייל לאחותי על החגים הקרובים,email_sendemail,5
437,437.0,אני צריך לשלוח אימייל ללקוח החדש,email_sendemail,5
438,438.0,תשלחי אימייל למורה על השיעור הבא,email_sendemail,5
439,439.0,תכתבי אימייל לשמואל על ההצעה החדשה,email_sendemail,5
440,440.0,שלחי אימייל לאחות שלי על החג הקרוב,email_sendemail,5
441,441.0,כתבי מייל לרופא שלי על התוצאות של הבדיקה,email_sendemail,5
442,442.0,תשלחי מייל ללקוח החדש שלנו,email_sendemail,5
443,443.0,יש לי מייל שאני צריך לשלוח למנהל החברה,email_sendemail,5
444,444.0,אני צריך לשלוח מייל למורה שלי,email_sendemail,5
445,445.0,אני צריך לשלוח מייל למורה שלי על השיעור הבא,email_sendemail,5
446,446.0,יש אימייל שאני צריך לשלוח למנהל הכספים,email_sendemail,5
447,447.0,אני צריך לשלוח אימייל לפרויקט החדש,email_sendemail,5
448,448.0,תשלחי אימייל לחברה על המוצר החדש,email_sendemail,5
449,449.0,כתבי מייל למנהל המחלקה,email_sendemail,5
450,450.0,תכתבי מייל לחבר על הסרט החדש,email_sendemail,5
451,451.0,אני צריך לשלוח מייל למורה שלי על העבודה הביתית,email_sendemail,5
452,452.0,שלחי אימייל למשרד הרווחה על הבקשה שלי,email_sendemail,5
453,453.0,תשלחי אימייל לאחים על החגיגה,email_sendemail,5
454,454.0,שלח אימייל לחברה על ההזמנה החדשה,email_sendemail,5
455,455.0,שלח אימייל לאחותי על החדשות הטובות,email_sendemail,5
456,456.0,שלח אימייל לאבא על המכונית החדשה,email_sendemail,5
457,457.0,כתבי אימייל לשותפים שלי על הפגישה הקרובה,email_sendemail,5
458,458.0,יש לי מייל שאני צריך לשלוח לחברת הביטוח,email_sendemail,5
459,459.0,תשלחי אימייל לדוד שלי על הפרויקט הקרוב,email_sendemail,5
460,460.0,של אימייל אל אמא על החדשות האחרונות,email_sendemail,5
461,461.0,תשלחי אימייל לאחים שלי על הפרויקט החדש,email_sendemail,5
462,462.0,תכתבי אימייל למנהל המחלקה,email_sendemail,5
463,463.0,תשלחי אימייל לחברה שלי על ההזמנה החדשה,email_sendemail,5
464,464.0,אני צריך לשלוח מייל למורה שלי על המבחן הקרוב,email_sendemail,5
465,465.0,תכתבי מייל לחבר שלי ותגידי לו שאני מחכה לו,email_sendemail,5
466,466.0,שלחי אימייל למנהל החברה,email_sendemail,5
467,467.0,כתבי אימייל לשמעון על הפרויקט החדש,email_sendemail,5
468,468.0,כתבי מייל לשרה ותגידי לה שאני מחכה לתשובה,email_sendemail,5
469,469.0,תגידי בבקשה לאימייל ששלח לי אבי,email_sendemail,5
470,470.0,תשלחי אימייל לחבר שלי על הסרט החדש,email_sendemail,5
471,471.0,תגידי לשלוח אימייל לאחותי על המתנה,email_sendemail,5
472,472.0,אני צריך לשלוח אימייל למנהל החדש על הפרויקט,email_sendemail,5
473,473.0,אני צריך לשלוח מייל למורה שלי על השיעור,email_sendemail,5
474,474.0,תכתבי מייל לאחים על המכירות החדשות,email_sendemail,5
475,475.0,תכתבי מייל ללקוח החדש על ההצעה,email_sendemail,5
476,476.0,כתבי אימייל לאבא על החדשות הטובות,email_sendemail,5
477,477.0,שלחי אימייל לחברת התעופה,email_sendemail,5
478,478.0,תגידי לאימייל ששלח לי אמי אני צריך לדבר איתה,email_sendemail,5
479,479.0,שלחי אימייל לאבא שלי על החג הקרוב,email_sendemail,5
480,480.0,שלחי אימייל לרוני על הפגישה הקרובה,email_sendemail,5
481,481.0,שלחי אימייל לדודי על הפגישה הקרובה,email_sendemail,5
482,482.0,תשלחי אימייל לחברת הביטוח,email_sendemail,5
483,483.0,שלח אימייל לאבא על החדשות הטובות,email_sendemail,5
484,484.0,שלח אימייל לאחים על החג,email_sendemail,5
485,485.0,תכתבי מייל לאחי על החדשות האחרונות,email_sendemail,5
486,486.0,שלחי אימייל לרוני על הפגישה הבאה,email_sendemail,5
487,487.0,תשלחי אימייל לדוד שלי על הפרויקט החדש,email_sendemail,5
488,488.0,תשלחי אימייל למורה על השיעור הקרוב,email_sendemail,5
489,489.0,כתבי מייל למורה על השיעור הקרוב,email_sendemail,5
490,490.0,תכתבי מייל הנמען לרונית,email_sendemail,5
491,491.0,תשלחי אימייל לדוד על הפגישה הבאה,email_sendemail,5
492,492.0,תכתבי מייל ללקוח על המכירות החדשות,email_sendemail,5
493,493.0,כתבי אימייל לשמואל על התוצאות החדשות,email_sendemail,5
494,494.0,יש אימייל שאני צריך לשלוח לאחותי,email_sendemail,5
495,495.0,שלחי אימייל לדוד על העסקה,email_sendemail,5
496,496.0,שלח אימייל לאחותי על המסיבה הקרובה,email_sendemail,5
497,497.0,שלחי אימייל לרונית על הפגישה הקרובה,email_sendemail,5
498,498.0,כתבי מייל לרופא שלי,email_sendemail,5
499,499.0,כתבי אימייל לרופא שלי על התוצאות של הבדיקה,email_sendemail,5
500,500.0,שלח אימייל לאמא על הביקור הקרוב,email_sendemail,5
501,501.0,אני צריך לשלוח מייל למנהל המחלקה,email_sendemail,5
502,502.0,של אימייל אל אמא על החדשות,email_sendemail,5
503,503.0,תשלחי אימייל לדני על העבודה החדשה,email_sendemail,5
504,504.0,שלח אימייל לחבר שלי על הכנס הקרוב,email_sendemail,5
505,505.0,תשלחי אימייל לחבר שלי על הכנס הקרוב,email_sendemail,5
506,506.0,תכתבי אימייל לחברת הביטוח,email_sendemail,5
507,507.0,תכתבי מייל למורה שלי על העבודה הביתית,email_sendemail,5
508,508.0,תכתבי מייל הנמען ליאור,email_sendemail,5
509,509.0,שלח אימייל לאחי על החג הקרוב,email_sendemail,5
510,510.0,כתבי אימייל לחבר על הפגישה הקרובה,email_sendemail,5
511,511.0,אני צריך לשלוח אימייל למנהל המחלקה,email_sendemail,5
512,512.0,תשלחי אימייל לחברה על ההזמנה החדשה,email_sendemail,5
513,513.0,שלחי אימייל למנהל החברה על הפרויקט החדש,email_sendemail,5
514,514.0,שלחי מייל למנהל המכירות על ההצעה החדשה,email_sendemail,5
515,515.0,תגידי בבקשה לאימייל ששלח לי אבי אני צריך את הכסף עכשיו זה דחוף,email_sendemail,5
516,516.0,אני צריך לשלוח מייל לחברה שלי על החשבון החודשי,email_sendemail,5
517,517.0,שלחי אימייל לאחותי על החגים הקרובים,email_sendemail,5
518,518.0,כתבי מייל לשמעון על המכונית החדשה,email_sendemail,5
519,519.0,אני צריך לשלוח מייל לאבא שלי על החג הקרוב,email_sendemail,5
520,520.0,תכתבי אימייל לשותפים על הפרויקט החדש,email_sendemail,5
521,521.0,שלח אימייל לחברה על ההזמנה,email_sendemail,5
522,522.0,אני צריך לשלוח אימייל למנהל החדש,email_sendemail,5
523,523.0,שלחי אימייל לרופא על התוצאות הרפואיות,email_sendemail,5
524,524.0,תיצרי אימייל חדש ללקוח החדש,email_sendemail,5
525,525.0,כתבי מייל למנהל החברה,email_sendemail,5
526,526.0,כתבי מייל ללקוח החדש,email_sendemail,5
527,527.0,יש לי מייל שאני צריך לשלוח למנהל המחלקה,email_sendemail,5
528,528.0,כתבי מייל לרופא המשפחתי,email_sendemail,5
529,529.0,תכתבי מייל הנמען עובד החברה,email_sendemail,5
530,530.0,נגן את הספר הקולי הבא,play_audiobook,6
531,531.0,תוכל לנגן לי את האודיו הבא,play_audiobook,6
532,532.0,נגן את הפרק הבא בספר הקולי,play_audiobook,6
533,533.0,תנגן לי את הפרק הראשון בספר הקולי,play_audiobook,6
534,534.0,התחל לנגן את הספר הקולי המועדף,play_audiobook,6
535,535.0,אני רוצה להתחיל את האודיו החדש,play_audiobook,6
536,536.0,התחל לנגן את האודיו של היום,play_audiobook,6
537,537.0,נגן את הספר הקולי של יום אתמול,play_audiobook,6
538,538.0,תנגן לי את האודיו המלא,play_audiobook,6
539,539.0,נגן מה שקראתי אתמול,play_audiobook,6
540,540.0,נגן את הספר הקולי הזה,play_audiobook,6
541,541.0,נגן מה שפספסתי מאת יעל וינברג,play_audiobook,6
542,542.0,תנגן לי את הספר הקולי האחרון,play_audiobook,6
543,543.0,נגן את הספר הקולי המלא,play_audiobook,6
544,544.0,תוכל לנגן לי את הספר הקולי האחרון שלי,play_audiobook,6
545,545.0,נגן את הספר המלא,play_audiobook,6
546,546.0,תחזור אל הספר הקולי הקודם,play_audiobook,6
547,547.0,תשמע את הספר הקולי האחרון,play_audiobook,6
548,548.0,המשך לנגן את האודיו של השבוע,play_audiobook,6
549,549.0,התחל לנגן שוב את הספר הקולי,play_audiobook,6
550,550.0,תחזור אל הפרק הקודם,play_audiobook,6
551,551.0,תנגן לי את הספר האחרון ששמעתי,play_audiobook,6
552,552.0,התחל לנגן את האודיו מתחילתו,play_audiobook,6
553,553.0,אני רוצה להאזין לספר קולי מסוים,play_audiobook,6
554,554.0,נגן את הספר הקולי האהוב עליי,play_audiobook,6
555,555.0,תוכל לנגן לי את האודיו האחרון,play_audiobook,6
556,556.0,התחל מחדש את הספר הקולי הזה,play_audiobook,6
557,557.0,נגן מה שפספסתי מאת יעל וילצק,play_audiobook,6
558,558.0,תוכל לנגן לי את הספר הקולי הבא,play_audiobook,6
559,559.0,תנגן לי את הפרק הבא,play_audiobook,6
560,560.0,תנגן לי את הספר המומלץ,play_audiobook,6
561,561.0,התחל לנגן את האודיו המומלץ של השבוע,play_audiobook,6
562,562.0,נגן מה שפספסתי מאת דויד גרוסמן,play_audiobook,6
563,563.0,התחל לנגן שוב את האודיו,play_audiobook,6
564,564.0,המשך לנגן את האודיו שהפסקתי,play_audiobook,6
565,565.0,תחזור אל הפרק ה-5,play_audiobook,6
566,566.0,נגן את הספר הקולי החדש,play_audiobook,6
567,567.0,התחל מחדש את האודיו הזה,play_audiobook,6
568,568.0,אני רוצה להאזין לספר קולי חדש,play_audiobook,6
569,569.0,התחל לנגן שוב את הפרק האחרון,play_audiobook,6
570,570.0,התחל לנגן מההתחלה,play_audiobook,6
571,571.0,נגן ספר קולי מאת אורי אורבך,play_audiobook,6
572,572.0,אני רוצה להתחיל ספר אודיו חדש,play_audiobook,6
573,573.0,תחזור אל הספר הקולי הראשון,play_audiobook,6
574,574.0,תשמע את הספר הקולי המלא,play_audiobook,6
575,575.0,המשך לנגן את האודיו הזה,play_audiobook,6
576,576.0,נגן את הספר הקולי החדש ביותר,play_audiobook,6
577,577.0,נגן את הספר הקולי של דויד גרוסמן,play_audiobook,6
578,578.0,אני רוצה להתחיל את הספר הקולי החדש,play_audiobook,6
579,579.0,נגן מה שפספסתי מאת עופרה חזה,play_audiobook,6
580,580.0,אני רוצה להאזין לספר קולי בעברית,play_audiobook,6
581,581.0,תנגן לי את הסיפור הזה,play_audiobook,6
582,582.0,אני רוצה להתחיל ספר קולי חדש,play_audiobook,6
583,583.0,התחל לנגן מחדש,play_audiobook,6
584,584.0,תחזור אל הספר הקולי האהוב עליי,play_audiobook,6
585,585.0,נגן את הפרק הבא,play_audiobook,6
586,586.0,התחל לנגן את האודיו המומלץ,play_audiobook,6
587,587.0,אני רוצה להאזין לספר קולי זה,play_audiobook,6
588,588.0,נגן את הספר הקולי של יהודה בורג,play_audiobook,6
589,589.0,התחל לנגן את האודיו הזה,play_audiobook,6
590,590.0,נגן את הספר הקולי של יואל וינברג,play_audiobook,6
591,591.0,תחזור אל הפרק האחרון,play_audiobook,6
592,592.0,אני רוצה להאזין לספר קולי של ילדים,play_audiobook,6
593,593.0,נגן את הספר הקולי המומלץ,play_audiobook,6
594,594.0,נגן את הפרק הראשון,play_audiobook,6
595,595.0,תוכל לנגן לי את הספר הקולי הזה,play_audiobook,6
596,596.0,התחל לנגן מחדש את הספר,play_audiobook,6
597,597.0,התחל לנגן את האודיו החדשה,play_audiobook,6
598,598.0,התחל לנגן את הספר הקולי מההתחלה,play_audiobook,6
599,599.0,אני רוצה להאזין לספר קולי של רומן,play_audiobook,6
600,600.0,תנגן לי את הפרק הקודם,play_audiobook,6
601,601.0,התחל לנגן מחדש את הספר הקולי,play_audiobook,6
602,602.0,נגן מה שפספסתי מאת אבנר שץ,play_audiobook,6
603,603.0,תחזור אל הפרק הראשון,play_audiobook,6
604,604.0,התחל לנגן את האודיו שלי,play_audiobook,6
605,605.0,אני רוצה להאזין לספר קולי מומלץ,play_audiobook,6
606,606.0,נגן ספר קולי מאת דויד גרוסמן,play_audiobook,6
607,607.0,תנגן לי את הפרק ה-10,play_audiobook,6
608,608.0,תגיד לי את הסרט המומלץ ביותר לבני נוער,recommendation_movies,7
609,609.0,מהו הסרט הכי נצפה באזור שלי?,recommendation_movies,7
610,610.0,תגיד לי על סרטים שכדאי לי לצפות בסוף השבוע,recommendation_movies,7
611,611.0,האם את ממליצה על סרטים חדשים שיש בתיאטרון קרוב אלי?,recommendation_movies,7
612,612.0,כדאי לי לצפות בסרט הזה?,recommendation_movies,7
613,613.0,מהו הסרט הכי טוב שיש כרגע?,recommendation_movies,7
614,614.0,"אני רוצה לצפות בסרט טוב הערב, מה את ממליץ?",recommendation_movies,7
615,615.0,איזה סרט יש בתיאטרון קרוב אלי שכדאי לי לצפות?,recommendation_movies,7
616,616.0,האם אתה ממליץ על סרט מומלץ?,recommendation_movies,7
617,617.0,מהו הסרט המומלץ ביותר לצפות השבוע?,recommendation_movies,7
618,618.0,איזה סרט יש באזור שלי שכדאי לי לצפות?,recommendation_movies,7
619,619.0,מהו הסרט הכי טוב שיש באזור שלי השבוע?,recommendation_movies,7
620,620.0,האם יש סרטים טובים שמוקרנים כרגע באזור שלי?,recommendation_movies,7
621,621.0,תגיד לי את הסרטים הטובים ביותר שיש כרגע בתיאטרות,recommendation_movies,7
622,622.0,מהו הסרט הכי טוב שיש כרגע באזור שלי?,recommendation_movies,7
623,623.0,האם אתה ממליץ על סרטי אימה?,recommendation_movies,7
624,624.0,האם את ממליצה על סרטים מומלצים לצפייה הערב?,recommendation_movies,7
625,625.0,תמליץ לי על סרט מדע בדיוני טוב?,recommendation_movies,7
626,626.0,האם אתה ממליץ על סרטים מונפשים?,recommendation_movies,7
627,627.0,מהו הסרט הטוב ביותר שיש כרגע בתיאטרון?,recommendation_movies,7
628,628.0,"אני מחפש סרט טוב לצפות הערב, מה את ממליץ?",recommendation_movies,7
629,629.0,האם את ממליצה על סרטים חדשים?,recommendation_movies,7
630,630.0,מהו הסרט הכי מומלץ כרגע?,recommendation_movies,7
631,631.0,"אני מחפש סרט רומנטי טוב, מה את ממליצה?",recommendation_movies,7
632,632.0,מהו הסרט המומלץ ביותר למשפחה?,recommendation_movies,7
633,633.0,תראה לי את הסרטים הכי טובים כרגע,recommendation_movies,7
634,634.0,מהו הסרט המומלץ ביותר לבני נוער?,recommendation_movies,7
635,635.0,איזה סרט חדש מומלץ לצפייה?,recommendation_movies,7
636,636.0,האם את ממליצה על סרטים חדשים שיש כרגע באזור שלי?,recommendation_movies,7
637,637.0,תגיד לי את הסרטים החדשים שיש כרגע בתיאטרות,recommendation_movies,7
638,638.0,תראה לי את הסרטים המומלצים לצפות החודש,recommendation_movies,7
639,639.0,מה סרט כדאי לי לצפות הערב?,recommendation_movies,7
640,640.0,מהו הסרט הטוב ביותר שיש כרגע לצפות?,recommendation_movies,7
641,641.0,מהו הסרט המומלץ ביותר לילדים?,recommendation_movies,7
642,642.0,איזה סרטים נמצאים כרגע בתיאטרות ושווה לצפות?,recommendation_movies,7
643,643.0,תמליץ לי על סרט רומנטי טוב?,recommendation_movies,7
644,644.0,האם את ממליצה על סרטים חדשים שיש כרגע?,recommendation_movies,7
645,645.0,האם את ממליצה על סרטים חדשים שיש בתיאטרון?,recommendation_movies,7
646,646.0,תגיד לי על איזה סרטים שמומלצים לצפות החודש,recommendation_movies,7
647,647.0,תגיד לי על איזה סרטים שמומלצים לצפות,recommendation_movies,7
648,648.0,מהו הסרט המומלץ ביותר למבוגרים?,recommendation_movies,7
649,649.0,האם אתה ממליץ על סרט אקשן?,recommendation_movies,7
650,650.0,תגיד לי על איזה סרטים שמומלצים לצפות לבד,recommendation_movies,7
651,651.0,האם את ממליצה על סרטים מומלצים לצפייה בבית?,recommendation_movies,7
652,652.0,האם אתה ממליץ על סרטים שמוקרנים כרגע?,recommendation_movies,7
653,653.0,מהו הסרט הכי פופולרי שיש כרגע?,recommendation_movies,7
654,654.0,האם יש סרטים חדשים שכדאי לי לצפות באזור שלי?,recommendation_movies,7
655,655.0,איזה סרטים נמצאים כרגע בתיאטרות קרוב אלי?,recommendation_movies,7
656,656.0,מה הסרט המומלץ ביותר כרגע?,recommendation_movies,7
657,657.0,האם יש סרטים חדשים שכדאי לי לצפות?,recommendation_movies,7
658,658.0,תגיד לי את הסרט הכי טוב שיש בתיאטרון קרוב אלי,recommendation_movies,7
659,659.0,איך אני יכול למצוא את הסרט המומלץ ביותר?,recommendation_movies,7
660,660.0,מהו הסרט הטוב ביותר שיש כרגע באזור שלי?,recommendation_movies,7
661,661.0,מהו הסרט הטוב ביותר שיש בנטפליקס?,recommendation_movies,7
662,662.0,תראה לי את הסרטים המומלצים בתיאטרון הקרוב,recommendation_movies,7
663,663.0,האם את ממליצה על סרט קומדיה?,recommendation_movies,7
664,664.0,"אני מחפש סרט טוב לצפות הערב, מה תמליץ?",recommendation_movies,7
665,665.0,תגיד לי על סרטים שכדאי לי לצפות הערב,recommendation_movies,7
666,666.0,איזה סרט כדאי לי לצפות הערב?,recommendation_movies,7
667,667.0,האם את ממליצה על סרטים מומלצים לילדים?,recommendation_movies,7
668,668.0,תגיד לי את הסרט הכי טוב שיש כרגע באזור שלי,recommendation_movies,7
669,669.0,מה סרט יש לי לצפות בסוף השבוע?,recommendation_movies,7
670,670.0,האם אתה ממליץ על סרטים רומנטיים?,recommendation_movies,7
671,671.0,מהו הסרט הכי טוב שראיתי אי פעם?,recommendation_movies,7
672,672.0,"אני מחפש סרט טוב, מה ממליץ?",recommendation_movies,7
673,673.0,תגיד לי על איזה סרטים שכדאי לי לצפות,recommendation_movies,7
674,674.0,תראה לי את הסרטים הכי טובים שיש כרגע,recommendation_movies,7
675,675.0,"אני מחפש סרט טוב לצפייה, ממליצה על משהו?",recommendation_movies,7
676,676.0,האם את ממליצה על סרטים מומלצים לצפייה השבוע?,recommendation_movies,7
677,677.0,האם את ממליצה על סרטים מומלצים לצפות בינואר?,recommendation_movies,7
678,678.0,"כדאי לי לצפות בסרט הזה, מה דעתך?",recommendation_movies,7
679,679.0,כדאי לי לצפות בסרט זה?,recommendation_movies,7
680,680.0,"אני מחפש סרט טוב לצפות הערב, מה את ממליצה?",recommendation_movies,7
681,681.0,האם את ממליצה על סרטים קלאסיים?,recommendation_movies,7
682,682.0,איזה סרטים יש כרגע בתיאטרון הקרוב אלי?,recommendation_movies,7
683,683.0,מה הסרט הכי טוב שיש בתיאטרון הקרוב אלי?,recommendation_movies,7
684,684.0,"אני מחפש סרט רומנטי טוב לצפות הערב, מה תמליץ?",recommendation_movies,7
685,685.0,האם את ממליצה על סרט חדש?,recommendation_movies,7
686,686.0,תראה לי את הסרטים המומלצים בתיאטרון,recommendation_movies,7
687,687.0,תגיד לי על איזה סרטים שיש כרגע בתיאטרון,recommendation_movies,7
688,688.0,האם יש סרטים רומנטיים טובים שכדאי לי לצפות?,recommendation_movies,7
689,689.0,מהו הסרט הטוב ביותר שיש כרגע בנטפליקס?,recommendation_movies,7
690,690.0,האם את ממליצה על סרטים חדשים שיש בתיאטרות קרוב אלי?,recommendation_movies,7
691,691.0,תגיד לי את הסרט החדש ביותר שיש בתיאטרון,recommendation_movies,7
692,692.0,מהו הסרט הכי פופולרי כרגע?,recommendation_movies,7
693,693.0,"אני רוצה לצפות בסרט טוב הערב, מה תמליץ?",recommendation_movies,7
694,694.0,מהו הסרט הטוב ביותר שמומלץ לצפייה?,recommendation_movies,7
695,695.0,תראה לי את הסרטים הטובים ביותר שיש כרגע,recommendation_movies,7
696,696.0,איזה סרט חדש ומומלץ לצפייה?,recommendation_movies,7
697,697.0,האם את ממליץ על סרטים שיש באזור שלי?,recommendation_movies,7
698,698.0,"אני מחפש סרט רומנטי טוב, מה את ממליץ?",recommendation_movies,7
699,699.0,מהו הסרט הטוב ביותר שיש כרגע?,recommendation_movies,7
700,700.0,האם את ממליצה על סרט רומנטי?,recommendation_movies,7
701,701.0,תזמיני כרטיס רכבת לחיפה,transport_ticket,8
702,702.0,קבע לי כרטיס בודד לרכבת שיוצא מתל אביב אחרי תשע בבוקר,transport_ticket,8
703,703.0,הזמן לי כרטיס רכבת לנתניה,transport_ticket,8
704,704.0,תזמיני כרטיס רכבת לווינה,transport_ticket,8
705,705.0,חפש כרטיסי רכבת לבאר שבע היום,transport_ticket,8
706,706.0,אני צריך כרטיס רכבת לנמל התעופה,transport_ticket,8
707,707.0,אני צריך כרטיס זהב לרכבת מספר שלוש,transport_ticket,8
708,708.0,אני צריך כרטיס רכבת לנתניה,transport_ticket,8
709,709.0,קנה כרטיס רכבת לכפר סבא,transport_ticket,8
710,710.0,קנה כרטיס רכבת לקריית גת,transport_ticket,8
711,711.0,קבע לי כרטיס בודד לרכבת שיוצא מתל אביב ב-8 בבוקר,transport_ticket,8
712,712.0,קבע לי כרטיס בודד לרכבת שיוצא מתא,transport_ticket,8
713,713.0,קנה כרטיס רכבת לאילת עבור ה-17 במרץ,transport_ticket,8
714,714.0,קנה כרטיס רכבת לקרית שמונה,transport_ticket,8
715,715.0,אני צריך להזמין כרטיס רכבת לניו יורק,transport_ticket,8
716,716.0,קנה כרטיס רכבת לבאר שבע,transport_ticket,8
717,717.0,תזמיני לי כרטיס רכבת לפתח תקווה,transport_ticket,8
718,718.0,חפש כרטיסי רכבת לנתניה,transport_ticket,8
719,719.0,הזמן לי כרטיס רכבת לפתח תקווה,transport_ticket,8
720,720.0,חפש כרטיסי רכבת לחדרה מחר,transport_ticket,8
721,721.0,אני צריך כרטיס רכבת לניו יורק,transport_ticket,8
722,722.0,קנה כרטיס רכבת לאשדוד עבור השבוע הבא,transport_ticket,8
723,723.0,קבע לי כרטיס בודד לרכבת שיוצא מחיפה,transport_ticket,8
724,724.0,תזמיני כרטיס רכבת לראש העין,transport_ticket,8
725,725.0,אני צריך להזמין כרטיס רכבת ללונדון,transport_ticket,8
726,726.0,חפש כרטיסי רכבת לתל אביב היום,transport_ticket,8
727,727.0,חפש כרטיסי רכבת לנתניה מחר,transport_ticket,8
728,728.0,אני רוצה לקנות כרטיס רכבת לאילת,transport_ticket,8
729,729.0,תזמיני כרטיס רכבת לירושלים,transport_ticket,8
730,730.0,הזמן לי כרטיס רכבת לרחובות,transport_ticket,8
731,731.0,אני צריך כרטיס רכבת לנמל התעופה בן גוריון,transport_ticket,8
732,732.0,הזמן לי כרטיס רכבת לחיפה,transport_ticket,8
733,733.0,חפש כרטיסי רכבת לבאר שבע מחר,transport_ticket,8
734,734.0,תזמיני לי כרטיס רכבת לחיפה ביום שישי,transport_ticket,8
735,735.0,חפש כרטיסי רכבת לירושלים,transport_ticket,8
736,736.0,חפש כרטיסי רכבת לירושלים מחר,transport_ticket,8
737,737.0,תזמיני לי כרטיס רכבת לחיפה,transport_ticket,8
738,738.0,תזמיני כרטיס רכבת לניו יורק,transport_ticket,8
739,739.0,אני צריך להזמין כרטיס רכבת לתל אביב,transport_ticket,8
740,740.0,קנה כרטיס רכבת לבאר שבע עבור השבוע הבא,transport_ticket,8
741,741.0,קנה כרטיס רכבת לאשדוד עבור ה-15 באפריל,transport_ticket,8
742,742.0,תזמיני כרטיס רכבת לחיפה מחר,transport_ticket,8
743,743.0,הזמן לי כרטיס רכבת לראשון לציון,transport_ticket,8
744,744.0,קנה לי כרטיס רכבת לתל אביב עבור היום,transport_ticket,8
745,745.0,תזמיני כרטיס רכבת לרומא,transport_ticket,8
746,746.0,קבע לי כרטיס בודד לרכבת שיוצא מירושלים אחרי תשע בבוקר,transport_ticket,8
747,747.0,אני רוצה לקנות כרטיס רכבת לרחובות,transport_ticket,8
748,748.0,קנה לי כרטיס רכבת לתל אביב,transport_ticket,8
749,749.0,אני צריך כרטיס רכבת לירושלים,transport_ticket,8
750,750.0,חפש כרטיסי רכבת לתל אביב מחר,transport_ticket,8
751,751.0,קבע לי כרטיס בודד לרכבת שיוצא מתל אביב,transport_ticket,8
752,752.0,חפש כרטיסי רכבת לבאר שבע,transport_ticket,8
753,753.0,תזמיני כרטיס רכבת ללוס אנגלס,transport_ticket,8
754,754.0,תזמיני כרטיס רכבת לאילת,transport_ticket,8
755,755.0,קנה כרטיס רכבת לאילת,transport_ticket,8
756,756.0,אני צריך להזמין כרטיס רכבת לברלין,transport_ticket,8
757,757.0,תזמיני כרטיס רכבת לפריז,transport_ticket,8
758,758.0,תזמיני כרטיס רכבת לניו יורק ב-20 באפריל,transport_ticket,8
759,759.0,קבע לי כרטיס בודד לרכבת שיוצא מירושלים,transport_ticket,8
760,760.0,הזמן לי כרטיס רכבת לחדרה,transport_ticket,8
761,761.0,הזמן לי כרטיס רכבת לגבעתיים,transport_ticket,8
762,762.0,קנה לי כרטיס רכבת לתל אביב ב-15 במרץ,transport_ticket,8
763,763.0,הזמן לי כרטיס רכבת לראש העין,transport_ticket,8
764,764.0,קנה כרטיס רכבת לאילת עבור השבוע הבא,transport_ticket,8
765,765.0,אני צריך להזמין כרטיס רכבת לפריז,transport_ticket,8
766,766.0,מה תנאי האקלים בנתניה החודש,weather_query,9
767,767.0,האם יורד גשם בתל אביב היום,weather_query,9
768,768.0,איך הולך להיות המזג האוויר בחודש הבא,weather_query,9
769,769.0,האם יורד גשם בירושלים היום,weather_query,9
770,770.0,מה תנאי האקלים באילת השבוע,weather_query,9
771,771.0,האם יש חום יוצא דופן בקיץ,weather_query,9
772,772.0,איך הולך להיות המזג האוויר בחודש מרץ,weather_query,9
773,773.0,הולך לרדת שלג בהר הנגב היום,weather_query,9
774,774.0,מה הלחוץ בתל אביב היום,weather_query,9
775,775.0,מה התחזית לשבוע הקרוב,weather_query,9
776,776.0,מה מזג האוויר בתאריך ה-20 למרץ,weather_query,9
777,777.0,מה מזג האוויר בחוף הים היום,weather_query,9
778,778.0,איך הולך להיות המזג האוויר השבוע,weather_query,9
779,779.0,הולך לרדת שלג בגליל,weather_query,9
780,780.0,האם יש סופות חול במדבר יהודה,weather_query,9
781,781.0,מה התחזית לשבוע הבא,weather_query,9
782,782.0,מה התנאים האקלימיים בצפון הארץ,weather_query,9
783,783.0,הולך לרדת גשם בירושלים היום,weather_query,9
784,784.0,מה מזג האוויר באשדוד היום,weather_query,9
785,785.0,תני לי את התחזית של השבוע הבא,weather_query,9
786,786.0,הולך לרדת גשם בישראל היום,weather_query,9
787,787.0,מה מזג האוויר באילת היום,weather_query,9
788,788.0,איך הולך להיות המזג האוויר בשבוע הבא,weather_query,9
789,789.0,איך הולך להיות המזג האוויר בחוף הים,weather_query,9
790,790.0,האם יהיה קר הלילה,weather_query,9
791,791.0,האם יש סופה בדרך,weather_query,9
792,792.0,האם יהיה חם היום,weather_query,9
793,793.0,איך הולך להיות המזג האוויר בחודש הזה,weather_query,9
794,794.0,מה הטמפרטורה בחיפה היום,weather_query,9
795,795.0,האם יש סופה בישראל היום,weather_query,9
796,796.0,האם יורד גשם בירושלים השבוע,weather_query,9
797,797.0,הולך להיות יום שמשי היום,weather_query,9
798,798.0,האם יורד שלג בגליל היום,weather_query,9
799,799.0,הולך לרדת גשם בראש העין,weather_query,9
800,800.0,הולך לרדת שלג בגולן השבוע,weather_query,9
801,801.0,האם יש חום גבוה היום,weather_query,9
802,802.0,מה התחזית לחודש הבא,weather_query,9
803,803.0,הולך לרדת שלג בהר הנגב,weather_query,9
804,804.0,האם יש סופות חול בדרום הארץ,weather_query,9
805,805.0,הולך להיות יום סוער היום,weather_query,9
806,806.0,האם יש שלג בהרי יהודה היום,weather_query,9
807,807.0,הולך לרדת גשם בנתניה היום,weather_query,9
808,808.0,האם יש סופה בדרום הארץ היום,weather_query,9
809,809.0,הולך להיות חם היום,weather_query,9
810,810.0,מה הטמפרטורה באילת היום,weather_query,9
811,811.0,איזה מזג אוויר יהיה מחר,weather_query,9
812,812.0,מה מזג האוויר בחולון היום,weather_query,9
813,813.0,מה מזג האוויר בחיפה היום,weather_query,9
814,814.0,האם יורד שלג בצפון הארץ היום,weather_query,9
815,815.0,האם יורד שלג בהרי יהודה השנה,weather_query,9
816,816.0,איך הולך להיות המזג האוויר בקיץ,weather_query,9
817,817.0,מה תנאי האקלים בחוף הים התיכון,weather_query,9
818,818.0,מה הטמפרטורה בבאר שבע היום,weather_query,9
819,819.0,הולך להיות קר היום,weather_query,9
820,820.0,האם יורד גשם בנתניה היום,weather_query,9
821,821.0,איזה מזג אוויר יהיה היום,weather_query,9
822,822.0,האם יש חום גבוה בבאר שבע היום,weather_query,9
823,823.0,האם יש חום יוצא דופן היום,weather_query,9
824,824.0,מה תנאי האקלים באילת היום,weather_query,9
825,825.0,תני לי את התחזית של היומיים הבאים,weather_query,9
826,826.0,מה המזג האוויר בחיפה היום,weather_query,9
827,827.0,מה מזג האוויר בנתניה היום,weather_query,9
828,828.0,מה התנאים המטאורולוגיים למחר,weather_query,9
829,829.0,איך הולך להיות המזג האוויר מחר,weather_query,9
830,830.0,תני לי את התחזית של החודש,weather_query,9
831,831.0,איך הולך להיות המזג האוויר היום,weather_query,9
832,832.0,האם יורד גשם בחיפה היום,weather_query,9
833,833.0,מה תנאי האקלים באילת החודש,weather_query,9
834,834.0,הולך לרדת גשם במרכז הארץ היום,weather_query,9
835,835.0,מה מזג האוויר היום?,weather_query,9
836,836.0,הולך לרדת שלג בחרמון השבוע,weather_query,9
837,837.0,האם יש שלג בהרי הגליל היום,weather_query,9
0,,זה חזק מידי תנמיכי את הווליום בבקשה,audio_volume_down,1
1,,מתי זה שתיים בבוקר בניו יורק מה השעה בלוס אנג'לס,datetime_convert,4
2,,אם זה עשר בערב פה בלונדון מה השעה בניו יורק,datetime_convert,4
3,,אתה יכול להמליץ על סרט דרמה חדשה?,recommendation_movies,7
4,,המשיכי לנגן את האודיו שלי בבקשה,play_audiobook,6
5,,מה שיהיה מזג האוויר בחוף הים היום?,weather_query,9
6,,נגני הספר הזה מחדש,play_audiobook,6
7,,תשלחי בבקשה אימייל לחבר שלי שישלח לי את הקבצים הדרושים,email_sendemail,5
8,,אם זה שלוש בלילה כאן מה השעה בלוס אנג'לס,datetime_convert,4
9,,המר שעה אחת וחצי מזמן גריניץ' פלוס שתיים וחצי לשעון גריניץ',datetime_convert,4
10,,נגן לי את הפרק הבא בספר האודיו,play_audiobook,6
11,,מתי שכאן עשר בבוקר מה השעה בברלין,datetime_convert,4
12,,בבקשה הסר את כל הרשומות בלוח השנה הנוכחי,calendar_remove,2
13,,הזמן לי כרטיס רכבת לאילת לשבוע הבא,transport_ticket,8
14,,אני צריך להזמין כרטיס רכבת לנתניה לשבוע הבא,transport_ticket,8
15,,אנא הסר את התור לרופא שיניים הבא,calendar_remove,2
16,,מה הסרט הכי פופולרי שמוקרן בבתי קולנוע ברחבי הארץ?,recommendation_movies,7
17,,בבקשה הסר את כל הרשומות הזמניות ביומן שלי,calendar_remove,2
18,,תזמיני כרטיס רכבת לתל אביב בשבוע הבא,transport_ticket,8
19,,שלחי אימייל למנהל החדש ותזהירי אותו על השינויים בלוח הזמנים,email_sendemail,5
20,,תמשיך לנגן את הספר האודיו בבקשה,play_audiobook,6
21,,האם התראה לשעה 7:00 מוגדרת ומוכנה,alarm_query,0
22,,הווליום גבוה מדי תנמיכי אותו,audio_volume_down,1
23,,בטלו את כל האירועים הקרובים בלוח השנה,calendar_remove,2
24,,תפתח אודיו ותחל לנגן את הספר,play_audiobook,6
25,,שלחי אימייל למשפחה שלי כדי לבדוק מה שלום אצלם,email_sendemail,5
26,,האם ההתראה לדלת הקדמית מוגדרת ומוכנה,alarm_query,0
27,,האם ההתראה לשעה 10:00 פועלת,alarm_query,0
28,,שנה את איזור הזמן לתל אביב כאשר השעה היא שש בבוקר בלונדון,datetime_convert,4
29,,הזמן לי כרטיס רכבת לבאר שבע למחר,transport_ticket,8
30,,תשלחי אימייל לאחות שלי על המסיבה הקרובה,email_sendemail,5
31,,שלחי אימייל למשפחה שלי לשאול מה שלומם,email_sendemail,5
32,,מה ההתראות שהגדרתי למחר,alarm_query,0
33,,תשלחי אימייל לכתובת הדואר האלקטרונית של החברה החדשה שלי,email_sendemail,5
34,,אילו ההתראה לשעה 7:00 בבוקר מוגדרת,alarm_query,0
35,,תפעל את האודיו ונגן את הספר המועדף עליי,play_audiobook,6
36,,אנא בטל את היומן הנוכחי,calendar_remove,2
37,,תגיד לי איך האקלים היום בירושלים,weather_query,9
38,,תמחקו את התור לרופא שיניים השבוע הבא,calendar_remove,2
39,,איך אני עושה את הפיצה הזו שאני אוהב,cooking_recipe,3
40,,אני רוצה לדעת איך להזמין כרטיס רכבת לחולון,transport_ticket,8
41,,המוסיקה חזקה מדי הנמך את הווליום,audio_volume_down,1
42,,שלחי אימייל למשפחה שלי לשאול מה נשמע אצלם ואיך הם מתעסקים,email_sendemail,5
43,,מהו הסרט הכי טוב שראית אתה אחרונה,recommendation_movies,7
44,,מה הדרך הטובה ביותר לבשל עוף צלוי,cooking_recipe,3
45,,תשלחי אימייל לאחות שלי כדי להתחיל את השיחה,email_sendemail,5
46,,אם זה שמונה בבוקר בפריז מה השעה בברלין,datetime_convert,4
47,,שנה את איזור הזמן מזמן ישראל לזמן גריניץ',datetime_convert,4
48,,הראה לי כרטיסי רכבת לנתניה והזמן אחד עבורי,transport_ticket,8
49,,הזמן כרטיס רכבת לנתניה עם מקום שינה,transport_ticket,8
50,,המר זמן נוכחי מזמן לונדון לזמן פריז פלוס שתיים,datetime_convert,4
51,,אילו התראות מוגדרות ליום המחרת,alarm_query,0
52,,המשך לנגן את הספר שהקשבתי לו,play_audiobook,6
53,,מחק את היומן הנוכחי ואת כל הרשומות,calendar_remove,2
54,,מה המתכון לפיצה עם רסק וזיתים,cooking_recipe,3
55,,כמה התראות מוגדרות ליום היובל,alarm_query,0
56,,האם אתה יכול להמליץ על סרט קומדיה רומנטית טוב,recommendation_movies,7
57,,שלחי אימייל למנהל החדש כדי להתחיל את הפרויקט החדש,email_sendemail,5
58,,שנה את איזור הזמן מזמן ישראל לזמן לונדון,datetime_convert,4
59,,בבקשה הסר את כל הרשומות מהלוח השנה שלי,calendar_remove,2
60,,תמחק את האירוע הבא ביומן שלי,calendar_remove,2
61,,הראה לי את כל ההתראות שלי שמוגדרות לשבוע הזה,alarm_query,0
62,,המלצה לסרט רומנטי שיש בכרטיס הזה,recommendation_movies,7
63,,איך אני מבשל את האורז הבאסמטי הזה שקניתי,cooking_recipe,3
64,,בטל את האירוע הבא בלוח השנה שלי,calendar_remove,2
65,,הראה לי את כל ההתראות שהגדרתי לשבוע הבא,alarm_query,0
66,,"תשלחי אימייל לקרין ותזכירו אותה להגיש את הדו""ח השבועי",email_sendemail,5
67,,אם אני בניו יורק וזה שלוש בבוקר מה השעה בלוס אנג'לס,datetime_convert,4
68,,תשלחי אימייל למנהל החדש עם הפרטים האחרונים,email_sendemail,5
69,,אנא הסר את התור שלי להיום,calendar_remove,2
70,,מתי זה עשר בבוקר בברלין מה השעה כעת במוסקבה,datetime_convert,4
71,,הפחית את עוצמת הקול בבקשה,audio_volume_down,1
72,,מחק את התור לרופא שיניים הקרוב ביומן שלי,calendar_remove,2
73,,האם התראת הטיסה שלי למחר מוגדרת,alarm_query,0
74,,תן לי להנמיך את עוצמת הקול בבקשה,audio_volume_down,1
75,,תחילה בספר האודיו,play_audiobook,6
76,,אנא בטל את הרשומות של היום,calendar_remove,2
77,,הווליום גבוה מדי תנמיכו,audio_volume_down,1
78,,אני מחפש סרט טוב לצפות בו הלילה,recommendation_movies,7
79,,בבקשה הסר את כל הרשומות בלוח השנה,calendar_remove,2
80,,תחזית מזג האוויר בתל אביב השבוע,weather_query,9
81,,שלחי אימייל למזכירה ותבקש אותה לשלוח לי את התוכנית לשבוע הבא,email_sendemail,5
82,,מה התחליף הטוב ביותר לחמאה באפייה,cooking_recipe,3
83,,האם ההתראה לשעה 7:00 מוגדרת,alarm_query,0
84,,מה המצב האקלימי היום,weather_query,9
85,,אנא מחק את התור שלי להיום,calendar_remove,2
86,,תמחק את התור הבא שלי,calendar_remove,2
87,,מתי שכאן חמש וחצי בערב מה השעה במוסקבה,datetime_convert,4
88,,מה הסרט הטוב ביותר שיצא בשנה האחרונה?,recommendation_movies,7
89,,תמחק את כל האירועים שנקבעו להיום,calendar_remove,2
90,,אנא הסר את התור לרופא שיניים השבוע,calendar_remove,2
91,,מה המתכון הכי טוב לעוגיות שוקולט,cooking_recipe,3
92,,האם התראה לשעה 8:30 מוכנה ופועלת,alarm_query,0
93,,איך אני מכין רוטב טרי לפיצה,cooking_recipe,3
94,,תמשיך לנגן את הספר שהתחלתי להקשיב לו,play_audiobook,6
95,,שלחי אימייל למשפחה שלי לשאול מה נשמע אצלם ומתי הם יכולים לבוא לביקור,email_sendemail,5
96,,מתי ההתראה הבאה שלי תתרחש,alarm_query,0
97,,אני צריכה כרטיס רכבת לבאר שבע ביום חמישי,transport_ticket,8
98,,אני מחפש סרט פעולה טוב לצפות הערב ואתה יכול להמליץ עליו?,recommendation_movies,7
99,,נגן את הספר האודיו הבא,play_audiobook,6
100,,אילו התראה לשעה 8:00 פועלת,alarm_query,0
101,,איך אני מבשל קציצות דגים בבישול קלאסי,cooking_recipe,3
102,,האם תוכל להמליץ על סרט טוב לצפות בו הערב,recommendation_movies,7
103,,תרצה להמליץ לי על סרט פעולה טוב בשבילי לצפות בו,recommendation_movies,7
104,,מה ההתראות הפעילות שלי כרגע,alarm_query,0
105,,אם אני נמצא באיזור הזמן של רומא מה השעה בתאריך הנוכחי בפריז,datetime_convert,4
106,,האם יהיה חם מדי היום באילת,weather_query,9
107,,נגן את הפרק הבא בספר האודיו,play_audiobook,6
108,,הפחית את הווליום למחצית,audio_volume_down,1
109,,תשלחי אימייל לחברה שלי ותבקש אותה לשלוח לי את התמונות מהחופשה,email_sendemail,5
110,,אני צריך להזמין כרטיס רכבת לירושלים לשבוע הבא,transport_ticket,8
111,,תחזית מזג האוויר למחר,weather_query,9
112,,מה הטמפרטורה הממוצעת בחיפה השבוע,weather_query,9
113,,מתי זה חמש ורבע אחר הצהריים בפריז מה השעה בירושלים,datetime_convert,4
114,,האם ההתראה לעבודה שלי מוגדרת למחר,alarm_query,0
115,,האם יש לך המלצה לסרט קומדיה רומנטית?,recommendation_movies,7
116,,תורידי את הווליום לחמישה אחוז,audio_volume_down,1
117,,איך אני מבשל דג ומה התוספות הטובות בשבילו,cooking_recipe,3
118,,שנה את איזור הזמן מזמן תל אביב לזמן לוס אנג'לס,datetime_convert,4
119,,רמת הקול גבוהה מדי הנמך אותה,audio_volume_down,1
120,,תשלחי אימייל לאחות שלי לשאול איך היא מרגישה,email_sendemail,5
121,,מה הדרך הכי טובה לבשל דג סלמון בתנור,cooking_recipe,3
122,,באיזה אזור זמן אנחנו נמצאים ומה השעה בסיאול בבקשה תשנה לנוכחי,datetime_convert,4
123,,תשלחי אימייל לחבר שלי על מנת לתאם פגישה,email_sendemail,5
124,,תנמיכי את עוצמת הקול הזה כי זה חזק מידי,audio_volume_down,1
125,,אתה יכול להמליץ על סרט פעולה טוב,recommendation_movies,7
126,,המשיכי לנגן את הספר שהקשבתי לו,play_audiobook,6
127,,הזמן לי כרטיס רכבת לבאר שבע לאחר הצהריים הזה,transport_ticket,8
128,,תשלחי אימייל לאמא שלי לשאול איך היא מרגישה,email_sendemail,5
129,,מה הטמפרטורה היום באילת,weather_query,9
130,,מה הדרך הטובה ביותר לבשל אורז במיקרו,cooking_recipe,3
131,,תמחק את כל האירועים הקרובים מהיומן שלי,calendar_remove,2
132,,איך אני מכין את הרוטב לפיצה,cooking_recipe,3
133,,תשלחי אימייל למורי עם השאלות על המבחן הקרוב,email_sendemail,5
134,,האם יש לך המלצה על סרט חדש ומעניין,recommendation_movies,7
135,,מחק את כל הרשומות מהיומן שלי להיום,calendar_remove,2
136,,הראה לי את כרטיסי הרכבת לירושלים,transport_ticket,8
137,,אני רוצה לדעת מה הסרטים הטובים ביותר לצפות בהם בימים האחרונים,recommendation_movies,7
138,,תזמיני כרטיס רכבת לחיפה,transport_ticket,8
139,,אני נמצא בניו יורק ואני רוצה לדעת מה השעה בלוס אנג'לס,datetime_convert,4
140,,אם זה שש בערב בסידני מה השעה כעת בלוס אנג'לס,datetime_convert,4
141,,בבקשה תנמיכי עוצמת השמע הזאת,audio_volume_down,1
142,,האם זה חם מדי היום ללבוש טי שורץ,weather_query,9
143,,אפשר לדעת מה יהיה מזג האוויר באילת החודש,weather_query,9
144,,מה המתכון לסלט טונה,cooking_recipe,3
145,,תפתח אודיו ונגן את הפרק הבא,play_audiobook,6
146,,איזו קומדיה רומנטית יש להמליץ?,recommendation_movies,7
147,,שנה את איזור הזמן מזמן פריז לזמן לונדון,datetime_convert,4
148,,איך אני יכול להכין את העוגיות האלה שראיתי באינסטגרם,cooking_recipe,3
149,,אנא הסר את כל התורים שלי להיום,calendar_remove,2
150,,אם זה שלוש בערב כאן מה השעה בפריז,datetime_convert,4
151,,תנמיכי עוצמת השמע קצת,audio_volume_down,1
152,,"איך האקלים היום בת""א",weather_query,9
153,,מה הסיכויים לשמש היום באילת,weather_query,9
154,,תמחק את התור הקרוב ביומן שלי,calendar_remove,2
155,,איזו התראה הגדולה ביותר שהגדרתי,alarm_query,0
156,,אנא הסר את כל הרשומות מהלוח השנה,calendar_remove,2
157,,"המוסיקה חזקה מידי, הנמך את הווליום",audio_volume_down,1
158,,איך אני מכין את הרוטב המתוק הזה לעוגיות,cooking_recipe,3
159,,האם יש סרטים חדשים שכדאי לצפות בהם?,recommendation_movies,7
160,,האם ירד גשם היום בחיפה,weather_query,9
161,,מה יהיה האקלים מחר,weather_query,9
162,,אם זה עשר בבוקר פה בתל אביב מה השעה בלוס אנג'לס,datetime_convert,4
163,,איך להכין את הריזוטו האיטלקי,cooking_recipe,3
164,,מהו הסרט הכי פופולרי שיצא לאחרונה,recommendation_movies,7
165,,תריד את הווליום כדי שאוכל לשמוע,audio_volume_down,1
166,,תשלחי אימייל למשפחה שלי ותזהירי אותם על השינויים החדשים,email_sendemail,5
167,,מתי זה שלוש בערב בירושלים מה השעה בניו יורק,datetime_convert,4
168,,המשך לנגן את הספר שקראתי לאחרונה,play_audiobook,6
169,,אני צריך להזמין כרטיס רכבת לניו יורק למחר,transport_ticket,8
170,,בטל את התור לרופא שיניים השבוע הבא,calendar_remove,2
171,,האם ההתראה לחמש וחצי בבוקר מוגדרת?,alarm_query,0
172,,בטל את כל האירועים שלי להיום הבא,calendar_remove,2
173,,האם התראת העבודה שלי להיום פועלת,alarm_query,0
174,,האם יש לך המלצה לסרט חדש שיש באולמות הקולנוע?,recommendation_movies,7
175,,אני צריך להזמין כרטיס רכבת לבאר שבע למחר,transport_ticket,8
176,,המשך לנגן את האודיו הזה בבקשה,play_audiobook,6
177,,המשך לנגן את ספר האודיו הנוכחי,play_audiobook,6
178,,איך להכין סלט פירות עם יוגורט וסוכר,cooking_recipe,3
179,,אולי ירד גשם היום בחיפה,weather_query,9
180,,אני מחפש סרט פעולה טוב לצפות בו הלילה,recommendation_movies,7
181,,תשלחי בבקשה אימייל לחבר שלי שישלח לי את המידע על האירוע הקרוב,email_sendemail,5
182,,איך לבשל דג סלמון בתנור,cooking_recipe,3
183,,מהי ההתראה הבאה שלי,alarm_query,0
184,,אנא הסר את הרשומות הזמניות שלי,calendar_remove,2
185,,"המלצה לסרט פעולה טוב שיש בבתי קולנוע ברחבי ת""א",recommendation_movies,7
186,,אם אני נמצא באיזור הזמן של ישראל מה השעה בלוס אנג'לס,datetime_convert,4
187,,רציתי לדעת מה הזמנים של הרכבת לבאר שבע ולקנות כרטיס,transport_ticket,8
188,,בקשה הנמך את עוצמת הקול הזה,audio_volume_down,1
189,,מתי עכשיו זה שש בערב בסידני מה השעה במלבורן,datetime_convert,4
190,,מה המתכון הכי טוב לחומוס עם לימון וכוסברה,cooking_recipe,3
191,,הפסק את המוזיקה והנמך את הווליום,audio_volume_down,1
192,,מחקי את האירוע הזה מהיומן שלי,calendar_remove,2
193,,מה השעה באילת כשזה שתיים וחצי במוסקבה,datetime_convert,4
194,,הראה לי את הכרטיסים הזמינים לרכבת לבאר שבע,transport_ticket,8
195,,תזמיני כרטיס רכבת לתל אביב במחיר מיוחד,transport_ticket,8
196,,האם יש לך המלצה לסרט דרמה חדשה,recommendation_movies,7
197,,מה הדרך הכי טובה לבשל אפונה בתנור,cooking_recipe,3
198,,הראה לי את כל ההתראות שלי שמוגדרות ליום היום,alarm_query,0
199,,תחל את האודיו בוק,play_audiobook,6
200,,תפתח שוב את הספר האודיו האחרון,play_audiobook,6
201,,תפתח אודיו ישן והמשך לנגן,play_audiobook,6
202,,האם אתה יכול להזמין כרטיס רכבת לחוף השנה החדשה?,transport_ticket,8
203,,הפחית את עוצמת הקול קצת,audio_volume_down,1
204,,תמחקי את התור לרופא שיניים השבוע הבא,calendar_remove,2
205,,הפחית את עוצמת השמע,audio_volume_down,1
206,,הזמן לי כרטיס רכבת לנתניה למחר,transport_ticket,8
207,,מחק את התור לרופא שיניים השבוע הבא,calendar_remove,2
208,,האם ההתראה לסוף השבוע מוגדרת ומוכנה,alarm_query,0
209,,מה המתכון הכי טוב לקציצות הדגים,cooking_recipe,3
210,,מה המצב האקלימי בחיפה הבירה היום,weather_query,9
211,,האם יש לך מלצה לסרט רומנטי טוב,recommendation_movies,7
212,,האם ההתראה לשעה 10:00 בבוקר פועלת,alarm_query,0
213,,אם זה שש בערב כאן מה השעה בסיאול,datetime_convert,4
214,,אני רוצה לדעת מה השעה בלוס אנג'לס כאשר השעה היא שלוש בבוקר בניו יורק,datetime_convert,4
215,,אני צריח להזמין כרטיס רכבת לירושלים,transport_ticket,8
216,,תפתח את האודיו האהוב עליי,play_audiobook,6
217,,תחל את הספר האודיו הבא,play_audiobook,6
218,,תפעל את האודיו עכשיו,play_audiobook,6
219,,בבקשה מחק את כל הרשומות בלוח השנה הנוכחי,calendar_remove,2
220,,איזה סרט יש ברשת שמומלץ לצפות?,recommendation_movies,7
221,,אני רוצה לראות את כרטיסי הרכבת לבאר שבע,transport_ticket,8
222,,שנה את איזור הזמן לזמן קיץ בברלין,datetime_convert,4
223,,שלחי אימייל לדורון ותזכירי לו להתקשר אליי היום,email_sendemail,5
224,,נגן את הספר המועדף עליי באודיו,play_audiobook,6
225,,מתי עכשיו זה שמונה בערב בהונג קונג מה השעה בניו יורק,datetime_convert,4
226,,אני מחפש סרט פעולה טוב לצפות בו הערב,recommendation_movies,7
227,,בקשה מאד הנמיך את עוצמת הקול,audio_volume_down,1
228,,בטל את התור שלי להיום,calendar_remove,2
229,,תאמר לי איך להזמין כרטיס רכבת לניו יורק,transport_ticket,8
230,,הנמיך את הווליום אני לא שומע טוב,audio_volume_down,1
231,,תשלחי בבקשה אימייל לחברה שלי שיהיה מוכן לפגישה הקרובה,email_sendemail,5
232,,תמחק את התור הבא ביומן שלי,calendar_remove,2
233,,בטל את התור הקרוב ביומן שלי,calendar_remove,2
234,,אני רוצה לראות את כרטיסי הרכבת לאילת לשבוע הבא,transport_ticket,8
235,,אני מעוניין לצפות בסרט דרמה טוב ביס,recommendation_movies,7
236,,הנמך את הווליום הזה כבר חזק מדי,audio_volume_down,1
237,,מה הטמפרטורה הממוצעת היום באילת,weather_query,9
238,,מה הדרך הכי טובה לבשל את הבשר הזה שקניתי היום,cooking_recipe,3
239,,שלחי אימייל למשפחה שלי ותספרי להם על החגים הקרובים,email_sendemail,5
240,,אנא הסר את כל הרשומות בלוח השנה שלי,calendar_remove,2
241,,תנמיכי עוצמת השמע הזאת בבקשה,audio_volume_down,1
242,,באיזה אזור זמן אנחנו נמצאים בבקשה תשנה לנוכחי בסיאול,datetime_convert,4
243,,אני רוצה לדעת מה יהיה מזג האוויר מחר,weather_query,9
244,,שנה את איזור הזמן מזמן פריז לזמן תל אביב,datetime_convert,4
245,,ספר לי את כל ההתראות שלי למחר,alarm_query,0
246,,אני רוצה להזמין כרטיס רכבת לתל אביב בשבוע הבא,transport_ticket,8
247,,איך אני יכול להחליף את החמאה במתכון שלי,cooking_recipe,3
248,,האם ירד גשם היום בחיפה?,weather_query,9
249,,אני רוצה לדעת מה יהיה מזג האוויר בחיפה הבוקר,weather_query,9
250,,תמחקי את כל הרשומות בלוח השנה,calendar_remove,2
251,,איזו התראה מוגדרת לבוקר יומיים הבאים,alarm_query,0
252,,אם אני בשעה שתיים בבוקר בחיפה מה השעה בלוס אנג'לס,datetime_convert,4
253,,הזמן כרטיס רכבת לאילת לסוף השבוע,transport_ticket,8
254,,אני צריכה כרטיס רכבת לנתניה,transport_ticket,8
255,,כמה זמן אני צריך לאפות עוגה,cooking_recipe,3
256,,תנמיכי עוצמת השמע קצת יותר,audio_volume_down,1
257,,מה השעה בחיפה כאשר זה שש בערב בברלין,datetime_convert,4
258,,אני מחפש סרטי קומדיה רומנטית ואני רוצה שתהיה המלצה על סרט טוב,recommendation_movies,7
259,,אני רוצה לדעת מה הסרטים הטובים ביותר שיצאו לאחרונה,recommendation_movies,7
260,,תזמיני כרטיס רכבת לירושלים לשבוע הבא,transport_ticket,8
261,,שנה את איזור הזמן לשעון גריניץ' מינוס שבע שעות לשעון ישראל,datetime_convert,4
262,,האם תוכל להמליץ על סרט מותח שאני לא ראיתי?,recommendation_movies,7
263,,מה יהיה מזג האוויר בנתניה השבוע,weather_query,9
264,,תחילה את הספר האודיו האהוב עליי,play_audiobook,6
265,,אני צריכה כרטיס רכבת לנמל התעופה בן גוריון,transport_ticket,8
266,,תגיד לי מה יהיה מזג האוויר בחיפה השבוע,weather_query,9
267,,הזמן לי כרטיס רכבת לבאר שבע השבוע,transport_ticket,8
268,,תשלחי אימייל ללקוח החדש על מנת לשלוח לו את החשבון,email_sendemail,5
269,,הזמן לי כרטיס רכבת לאילת השבוע הבא,transport_ticket,8
270,,תפתח אודיו חדש ונגן אותו,play_audiobook,6
271,,האם יש לך המלצה על סרט טוב?,recommendation_movies,7
272,,המשך לנגן את הספר הזה,play_audiobook,6
273,,מה יהיה מזג האוויר מחר,weather_query,9
274,,הקול גבוה מידי הנמך אותו,audio_volume_down,1
275,,שלחי אימייל למנהל המחלקה ותבקשו את האישור על הפרויקט החדש,email_sendemail,5
276,,תשלחי אימייל לאחות שלי עם התמונות מהחופשה,email_sendemail,5
277,,אני צריך כרטיס רכבת לירושלים לשבוע הבא,transport_ticket,8
278,,תשלחי אימייל לאחות שלי ותזהיר אותה על האירוע הקרוב,email_sendemail,5
279,,כמה זמן אני צריך לבשל את הבשר הזה לפני שאני מטגנו,cooking_recipe,3
280,,אם זה שש וחצי בבוקר כאן מה השעה בסיאול,datetime_convert,4
281,,האם ההתראה לסוף העבודה מוגדרת ומוכנה,alarm_query,0
282,,מהו המצב האקלימי היום,weather_query,9
283,,אני צריכה כרטיס רכבת לבאר שבע,transport_ticket,8
284,,תאמר לי לאן אני צריכה ללכת לפעמים ואיך אני יכולה להזמין כרטיס רכבת,transport_ticket,8
285,,תנמיכי עוצמת השמע אנא,audio_volume_down,1
286,,מהו המזג המומלץ ללבוש היום,weather_query,9
287,,האם יורד גשם היום בחיפה,weather_query,9
288,,שלחי אימייל למנהל האחראי על הפרויקט החדש כדי להודיע לו על התקדים החדשים,email_sendemail,5
289,,תחל לנגן את ספר האודיו,play_audiobook,6
290,,תנמיכי עוצמת השמע הזה,audio_volume_down,1
291,,המשך לנגן את ספר האודיו של ימי הביניים,play_audiobook,6
292,,הנמך את עוצמת הקול סתם קצת,audio_volume_down,1
293,,מתי יש לבשל את האורז כדי שיהיה אוורירי,cooking_recipe,3
294,,שלחי אימייל למשפחה שלי על מנת לשתף אותם בחדשות,email_sendemail,5
295,,תשלחי אימייל לידיד שלי ותשאלי אותו מה שלומו,email_sendemail,5
296,,תחיל לנגן את הספר החדש שלי,play_audiobook,6
297,,האם תוכל להמליץ על סרט דרמה טוב?,recommendation_movies,7
298,,כמה זמן אני צריך לבשל את האורז לפני שאני מוסיף את הירקות,cooking_recipe,3
299,,מחק את הרשומות בלוח השנה הנוכחי,calendar_remove,2
300,,תמחקו את כל הרשומות ביומן הנוכחי שלי,calendar_remove,2
301,,שנה את איזור הזמן מזמן רומא לזמן לונדון,datetime_convert,4
302,,מה השעה בחיפה כאשר זה שש וחצי בברלין,datetime_convert,4
303,,תאמר לי איך אני יכולה להזמין כרטיס רכבת לאילת,transport_ticket,8
304,,הווליום גבוה מדי הנמיכהו,audio_volume_down,1
305,,"הנמיח את הווליום, אני לא שומע טוב",audio_volume_down,1
306,,שנה את איזור הזמן מזמן ישראל לזמן פקין,datetime_convert,4
307,,הראה לי את כל האופציות לכרטיס רכבת לאילת,transport_ticket,8
308,,באיזה אזור זמן אנחנו נמצאים בבקשה תשנה לנוכחי בקליפורניה,datetime_convert,4
309,,האם יש סרטים חדשים שיצאו לאחרונה,recommendation_movies,7
310,,אני רוצה לדעת מה הסרטים הכי פופולריים כרגע,recommendation_movies,7
311,,תורידי את עוצמת הקול לחצי,audio_volume_down,1
312,,אני צריך כרטיס רכבת לנתניה לשבוע הבא,transport_ticket,8
313,,הראה לי את הכרטיסים הזמינים לרכבת לחולון,transport_ticket,8
314,,הראה לי כרטיסי רכבת לירושלים,transport_ticket,8
315,,מתי זה עשר בבוקר בחוף השנהב מה השעה כאן בישראל,datetime_convert,4
316,,המשך לנגן את הספר האודיו המועדף עליי,play_audiobook,6
317,,אני רוצה לדעת מהו הסרט הכי פופולרי שיש כרגע,recommendation_movies,7
318,,איך אני מכין את העוגיות האלה שאוהבים בכל העולם,cooking_recipe,3
319,,שלחי אימייל למשפחה שלי ותזכירו אותם על המפגש הקרוב,email_sendemail,5
320,,בקשה מסתגל לעוצמה נמוכה יותר,audio_volume_down,1
321,,הזמן לי כרטיס רכבת לאילת במחיר הטוב ביותר,transport_ticket,8
322,,תמחקי את האירוע ביום רביעי הבא מהיומן שלי,calendar_remove,2
323,,תמחקי את האירוע הנוכחי מהיומן שלי,calendar_remove,2
324,,באיזה אזור זמן אנחנו נמצאים ומה השעה במוסקבה,datetime_convert,4
325,,מהו המזג האוויר בחיפה היום,weather_query,9
326,,האם אתה יכול להמליץ על סרט דרמה טוב,recommendation_movies,7
327,,מה התחזית למזג האוויר בימים הקרובים,weather_query,9
328,,אני מחפש סרט רומנטי וקומדיה יחד,recommendation_movies,7
329,,תנמיכי עוצמת הקול בבקשה היא חזקה מידי,audio_volume_down,1
330,,האם הגדרתי התראה לשעה מסוימת,alarm_query,0
331,,שלחי בבקשה אימייל למשפחה שלי ותבקשו את העדכון על החגים,email_sendemail,5
332,,מה הסרט הטוב ביותר שיצא לאחרונה,recommendation_movies,7
333,,הווליום גבוה מדי הנמיח אותו,audio_volume_down,1
334,,אנא בטל את הרשומות שלי להיום,calendar_remove,2
335,,מה המתכון לבשל עוף צלוי בתנור,cooking_recipe,3
336,,אילו התראה לסוף השבוע מוגדרת,alarm_query,0
337,,איך אני מכין רוטב פסטה איטלקית,cooking_recipe,3
338,,מה המתכון לעוגות תמרים עם שוקולט וקרמל,cooking_recipe,3
339,,האם ההתראה לשיעור המחר מוגדרת,alarm_query,0
340,,מתי יהיה חם בירושלים,weather_query,9
341,,איזו התראה הבאה שלי תופעל?,alarm_query,0
342,,מה השעה בברלין כשזה שלוש וחצי אחר הצהריים פה בתל אביב,datetime_convert,4
343,,הזמן לי כרטיס רכבת לבאר שבע במחיר הטוב ביותר,transport_ticket,8
344,,האם ירד גשם השבוע בירושלים,weather_query,9
345,,תגיד לי האם ירד גשם היום,weather_query,9
346,,כמה זמן אני צריך לבשל את האורז למתכון ההודי,cooking_recipe,3
347,,תשלחי אימייל למנהל החדש כדי לתאם את הפגישה הראשונה,email_sendemail,5
348,,תזמיני כרטיס רכבת לתל אביב ביום שלישי,transport_ticket,8
349,,אתה יכול לדבר בשקט יותר בבקשה הנמך את הווליום,audio_volume_down,1
350,,האם אתה יכול להמליץ על סרט רומנטי טוב,recommendation_movies,7
351,,תמחק את כל האירועים שלי לשבוע הבא,calendar_remove,2
352,,מחק את האירוע הבא ביומן שלי,calendar_remove,2
353,,את יכולה לספר לי על מזג האוויר בראש השנה,weather_query,9
354,,"מהו הדו""ח האחרון על מזג האוויר",weather_query,9
355,,הזמן לי כרטיס רכבת לחיפה בבוקר,transport_ticket,8
356,,אני מחפש סרט טוב לצפייה הערב.,recommendation_movies,7
357,,מה הדרך הטובה לבשל דג סלמון בתנור,cooking_recipe,3
358,,תשלחי בבקשה אימייל לחבר שלי עם התוצאות האחרונות,email_sendemail,5
359,,מחק את הרשומות בלוח השנה למחר,calendar_remove,2
360,,אני מחפש סרט רומנטי טוב לצפות בו הערב,recommendation_movies,7
361,,תמחק את כל התורים הקרובים בלוח השנה שלי,calendar_remove,2
362,,איפה אני יכולה לקנות כרטיס רכבת,transport_ticket,8
363,,נגן את הספר האודיו של היום,play_audiobook,6
364,,המשיכי לנגן את ספר האודיו של חיי החיות,play_audiobook,6
365,,מהי ההתראה הבאה שלי למחר,alarm_query,0
366,,מתי יש לבשל את הקישואים האלה לפני שהם יתקלקלו,cooking_recipe,3
367,,אני מחפש סרט טוב לצפות הלילה.,recommendation_movies,7
368,,מה התחליף הטוב ביותר לחמאה במתכון שלי,cooking_recipe,3
369,,איפה אני יכולה למצוא את כרטיס הרכבת שלי לאילת,transport_ticket,8
370,,אם זה עשר בערב בחיפה מה השעה בלוס אנג'לס,datetime_convert,4
371,,הנמיח את הווליום הזה קצת יותר בשקט,audio_volume_down,1
372,,אנא הסר את כל האירועים שלי להיום הזה,calendar_remove,2
373,,המשך לנגן את הספר שלי,play_audiobook,6
374,,תפעל את האודיו ותנגן את הספר,play_audiobook,6
375,,תנמיכי עוצמת השמע בבקשה,audio_volume_down,1
376,,אם זה שתיים בצהריים כאן מה השעה במוסקבה,datetime_convert,4
377,,תשלחי אימייל לחבר שלי ותבקש ממנו לשלוח לי את הקבצים הדרושים,email_sendemail,5
378,,תזמיני כרטיס רכבת לניו יורק ביום שישי,transport_ticket,8
379,,האם התראת העבודה שלי מוגדרת לבוקר,alarm_query,0
380,,תזמיני לי כרטיס רכבת לתל אביב ביום שלישי,transport_ticket,8
381,,המשך לנגן את האודיו,play_audiobook,6
382,,כמה זמן אני צריך לבשל את האורז למתכון ההוא,cooking_recipe,3
383,,תמחק את כל התורים בלוח השנה שלי,calendar_remove,2
384,,נגן את האודיו שלי,play_audiobook,6
385,,מה השעה בסיאול כשזה עשר בערב בירושלים,datetime_convert,4
386,,אני צריך להזמין כרטיס רכבת לבאר שבע השבוע,transport_ticket,8
387,,אנא בטל את המסיבה ב-15.7 מהיומן שלי,calendar_remove,2
388,,האם תהיה שמש היום בירושלים,weather_query,9
389,,תנמיכי עוצמת הקול קצת יותר בבקשה,audio_volume_down,1
390,,תשלחי אימייל לקרין ותזכיר לה על הדדליין של הפרויקט,email_sendemail,5
391,,מתי שכאן שש בערב מה השעה בברלין,datetime_convert,4
392,,שנה את איזור הזמן מזמן תל אביב לזמן לונדון,datetime_convert,4
393,,שלחי אימייל לדורון כדי לתאם את הפגישה הקרובה,email_sendemail,5
394,,תמחקי את המסיבה ב-15.7 מהיומן שלי,calendar_remove,2
395,,תזמיני כרטיס רכבת לירושלים עם מקום שינה,transport_ticket,8
396,,האם התראה לשעה 7:00 בבוקר מוגדרת,alarm_query,0
397,,האם תוכל להמליץ על סרט דרמה טוב שאני יכול לצפות בו בסוף השבוע,recommendation_movies,7
398,,אתה יכול להמליץ על סרט מותח שיש בבתי קולנוע?,recommendation_movies,7
399,,האם יש לך המלצה לסרט חדש שיצא לאחרונה,recommendation_movies,7
400,,תנמיכי את עוצמת הקול הזה,audio_volume_down,1
401,,שלחי אימייל למנהל החדש ותודיע אותו על הפגישה הקרובה,email_sendemail,5
402,,מחק את כל הרשומות בלוח השנה הנוכחי,calendar_remove,2
403,,"הווליום גבוה מדי, תנמיכו",audio_volume_down,1
404,,מה הדרך הטובה לבשל עוף במיקרוגל,cooking_recipe,3
405,,המשך לנגן את הספר שהתחלתי להקשיב אליו,play_audiobook,6
406,,תזמיני כרטיס רכבת לירושלים במחיר הטוב ביותר,transport_ticket,8
407,,תחל את הספר האודיו הזה,play_audiobook,6
408,,האם תוכלו להמליץ על סרט דרמה טוב,recommendation_movies,7
409,,בבקשה אתחל והסר את כל האירועים ביומן שלי,calendar_remove,2
410,,"אני רוצה לדעת מה יהיה מזג האוויר בת""א השבוע",weather_query,9
411,,בבקשה הנמך את הווליום קצת יותר,audio_volume_down,1
412,,מהי ההתראה הבאה שתתרחש,alarm_query,0
413,,בבקשה הנמך את עוצמת הקול הזה כי זה חזק מדי,audio_volume_down,1
414,,תזמיני לי כרטיס רכבת לנתניה למחר,transport_ticket,8
415,,תנמיכי את הווליום של המוזיקה בבקשה,audio_volume_down,1
416,,מה המחיר של כרטיס רכבת לירושלים?,transport_ticket,8
417,,הנמך את השמע הזה יותר מדי,audio_volume_down,1
418,,תמחקי את האירוע הקרוב ביומן שלי,calendar_remove,2
419,,תן לי פחות רעש נא,audio_volume_down,1
420,,תשלחי בבקשה אימייל לחבר שלי ותשאלו אותו מה שלומו,email_sendemail,5
421,,בטלו את האירוע הזה מהיומן שלי,calendar_remove,2
422,,הווליום גבוה מידי הנמך אותו,audio_volume_down,1
423,,מחק את הרשומה הבאה ביומן שלי,calendar_remove,2
424,,אילו הגדרתי התראה לשעה מסוימת,alarm_query,0
425,,המשיכי לנגן את הסיפור הזה,play_audiobook,6
426,,"הפחית את עוצמת הקול, בבקשה",audio_volume_down,1
427,,תמשיך לנגן את ספר האודיו הנוכחי,play_audiobook,6
428,,מה הסרט הטוב ביותר שיש כרגע?,recommendation_movies,7
429,,תשלחי בבקשה אימייל למנהל שלי שיש לו פרויקט חדש,email_sendemail,5
430,,אני רוצה לדעת אילו התראות מוגדרות להיום,alarm_query,0
431,,מתי עכשיו זה שבע בבוקר בפריז מה השעה בירושלים,datetime_convert,4
432,,איזה התראות יש לי ליום המחרת,alarm_query,0
433,,הראה לי את כל ההתראות שלי,alarm_query,0
434,,מה המתכון הכי טוב לעשות פיצה בבית,cooking_recipe,3
435,,כמה זמן אני צריך לאפות את הלחם,cooking_recipe,3
436,,תשלחי אימייל למשפחה שלי ותבקש מהם לבוא לביקור,email_sendemail,5
437,,אם זה שתיים וחצי בבוקר פה בפריז מה השעה במוסקבה,datetime_convert,4
438,,תורידי את הווליום ל-5 אחוז,audio_volume_down,1
439,,תשלחי אימייל למנהל החדש ותזהירי אותו על הפגישה הקרובה,email_sendemail,5
440,,מה התחזית למזג האוויר השבוע,weather_query,9
441,,תנגן את הספר האודיו האהוב עליי,play_audiobook,6
442,,אנא הסר את כל התורים מהיומן שלי,calendar_remove,2
443,,מה הדרך הטובה ביותר לבשל אספרגוס,cooking_recipe,3
444,,שלחי אימייל למשפחה שלי לשאול מה נשמע אצלם,email_sendemail,5
445,,מהו הזמן של ההתראה הבאה שלי,alarm_query,0
446,,תשלחי אימייל לאחות שלי עם התמונות מהחופש,email_sendemail,5
447,,הנמך את הווליום קצת,audio_volume_down,1
448,,תנגן את האודיו הבא,play_audiobook,6
449,,תאמר לי לאן אני צריכה ללכת לפעמים לקנות כרטיס רכבת,transport_ticket,8
450,,אם ארבע אחר הצהריים בחיפה מה תיהיה השעה בברלין,datetime_convert,4
451,,מה המתכון הכי פשוט למרק עוף שיכול להתאים לכל המשפחה,cooking_recipe,3
452,,מחק את התור הבא ביומן שלי,calendar_remove,2
453,,מה יהיה מזג האוויר בחיפה בשבוע הקרוב,weather_query,9
454,,זה יותר מדי חזק הנמך את הווליום,audio_volume_down,1
455,,תמשיך לנגן את הספר שלי,play_audiobook,6
456,,מה יהיה מזג האוויר בחיפה בתאריך מחר?,weather_query,9
457,,תשלחי בבקשה אימייל לחבר שלי עם התוכנית להפגיש,email_sendemail,5
458,,איזו התראה הבאה שלי,alarm_query,0
459,,האם יהיה חם מדי היום,weather_query,9
460,,מחק את היומן הנוכחי והחליף אותו ביומן חדש,calendar_remove,2
461,,תחזית מזג האוויר לשבוע הקרוב בתל אביב,weather_query,9
462,,שנה את איזור הזמן לתל אביב,datetime_convert,4
463,,אני רוצה לדעת מה השעה במוסקבה כאשר זה שתיים בצהריים פה בירושלים,datetime_convert,4
464,,תשלחי אימייל לאחות שלי כדי לשאול מה שלומה ומה היא עושה אחרי החופשה,email_sendemail,5
465,,תשלחי בבקשה אימייל לרב המשפחה שלי על החג הקרוב,email_sendemail,5
466,,אני לא שומע טוב מדי הנמך את הווליום,audio_volume_down,1
467,,תפתח ספר האודיו של עולם הפנטזיה,play_audiobook,6
468,,שלחי אימייל לחבר שלי ותשאל מה נשמע אצלו,email_sendemail,5
469,,תשלחי אימייל לאחות שלי ותשאלי אותה מה שלומה,email_sendemail,5
470,,מה התחזית למזג האוויר בחוף הים המחר ?,weather_query,9
471,,מה התחזית למזג האוויר בשבוע הקרוב,weather_query,9
472,,"שנה את איזור הזמן מזמן ארה""ב לזמן ברלין",datetime_convert,4
473,,האם יש לך המלצה לסרט חדש שיצא לאחרונה?,recommendation_movies,7
474,,תמשיך לנגן את הספר האודיו שלי,play_audiobook,6
475,,שלחי אימייל למשפחה שלי לבקש עצה על הפרויקט החדש,email_sendemail,5
476,,המשך לנגן את הספר האודיו,play_audiobook,6
477,,שנה את איזור הזמן מזמן ירושלים לזמן פריז,datetime_convert,4
478,,אני יכול לדעת בבקשה איזה שעה יהיה בשלוש בלילה פה בלונדון,datetime_convert,4
479,,תמשיך לנגן את הספר המועדף עליי,play_audiobook,6
480,,האם הגדרת התראה לשעה 8:00 פועלת,alarm_query,0
481,,איזה סרטים יש באופנים אלה,recommendation_movies,7
482,,הקול חזק מידי הנמך אותו בבקשה,audio_volume_down,1
483,,"שלחי אימייל לקרין ותזכיר לה את המועד האחרון להגשת הדו""ח",email_sendemail,5
484,,תנגן את הספר האודיו שקראתי אתמול,play_audiobook,6
485,,מה התחזית למזג האוויר באילת השנה,weather_query,9
486,,תחיל לנגן את הספר שלי,play_audiobook,6
487,,בטל את המסיבה בשבוע הבא מהיומן שלי,calendar_remove,2
488,,שלחי אימייל לעובד החדש על מנת לברך אותו על התחלה החדשה,email_sendemail,5
489,,איך אני מכין סלט פירורי עץ שקדים,cooking_recipe,3
490,,מה המתכון הכי טוב לקישואים ולפטריות,cooking_recipe,3
491,,הולי איזה סרטים יש ביס ומומלצים לצפות בהם,recommendation_movies,7
492,,תפתח אודיו ותמשיך לנגן את הספר שהתחלתי,play_audiobook,6
493,,כמה זמן אני צריך לאפות עוגיות שוקולט,cooking_recipe,3
494,,איפה הגדרתי התראה לשעה 10:00,alarm_query,0
495,,תזמיני כרטיס רכבת לניו יורק ביום שלישי,transport_ticket,8
496,,אילו התראות מוגדרות לשבוע הבא,alarm_query,0
497,,מחק את כל התורים בלוח השנה שלי להיום,calendar_remove,2
498,,תאמר לי לאן אני צריך ללכת לפעמים להזמין כרטיס רכבת,transport_ticket,8
499,,תמשיך לנגן את הספר שקראתי לאחרונה,play_audiobook,6
500,,מה הסרט הכי טוב שיצא לאחרונה?,recommendation_movies,7
501,,תחזית מזג האוויר בחוף הכרמל,weather_query,9
502,,שנה את איזור הזמן מזמן פריז לזמן ירושלים,datetime_convert,4
503,,האם ירד גשם היום בירושלים,weather_query,9
504,,איזה התראות פעילות היום,alarm_query,0
505,,מתי ההתראה האחרונה שלי מוגדרת,alarm_query,0
506,,מה השעה בסיאול כשזה חמש בבוקר כאן,datetime_convert,4
507,,מה המתכון לעוגיות שוקולט,cooking_recipe,3
508,,מה הסרט הטוב ביותר שיש כרגע,recommendation_movies,7
509,,תמחקו את כל התורים שלי להיום,calendar_remove,2
510,,זה חזק מדי הנמך את הווליום קצת,audio_volume_down,1
511,,מחק את האירוע המתוזמן להיום,calendar_remove,2
512,,תנמיכי עוצמת הקול הזה כי זה חזק מדי,audio_volume_down,1
513,,תאמר לי איך אני יכולה להזמין כרטיס רכבת לחולון,transport_ticket,8
514,,מהו הסרט הכי טוב שיצא לאחרונה?,recommendation_movies,7
515,,"הווליום גבוה מדי, תנמיח אותו",audio_volume_down,1
516,,נגן אודיו זה שקראתי אותו,play_audiobook,6
517,,מה הסרט הכי טוב שיצא בשנה האחרונה?,recommendation_movies,7
518,,תשלחי אימייל למנהל החדש על מנת לדווח על התקדים,email_sendemail,5
519,,אולי אני צריך לקחת מטריה היום,weather_query,9
520,,מחק את היומן הנוכחי שלי,calendar_remove,2
521,,שנה את איזור הזמן מזמן לונדון לזמן פריז,datetime_convert,4
522,,האם יש לך המלצה לסרט קומדיה חדשה שיצא לאחרונה?,recommendation_movies,7
523,,מחקו את היומן הנוכחי שלי,calendar_remove,2
524,,נגן את הספר האודיו שלי,play_audiobook,6
525,,כמה זמן אני צריך לאפות את העוגיות האלו,cooking_recipe,3
526,,מה התראות שהגדרתי להיום,alarm_query,0
527,,איך האקלים היום בבאר שבע,weather_query,9
528,,אני מחפש סרט טוב לצפייה הערב,recommendation_movies,7
529,,תמחקו את כל האירועים של השבוע הבא,calendar_remove,2
530,,תמשיך לנגן את הספר האודיו,play_audiobook,6
531,,אני מחפש סרט רומנטי טוב לצפות בו,recommendation_movies,7
532,,מה הסרטים הפופולריים ביותר בימים אלה,recommendation_movies,7
533,,בטל את הרשומות הקרובות בלוח השנה,calendar_remove,2
534,,בבקשה אתחל והסר את האירועים שלי להיום,calendar_remove,2
535,,שנה את איזור הזמן מזמן ישראל לזמן פריז,datetime_convert,4
536,,המשך לנגן את הספר שהתחלתי,play_audiobook,6
537,,האם התראה לשעה 8:00 מוכנה ומוגדרת,alarm_query,0
538,,בבקשה תורידי את עוצמת הקול,audio_volume_down,1
539,,מה יהיה מזג האוויר מחר בבאר שבע,weather_query,9
540,,מתי שכאן שבע בבוקר מה השעה בברלין,datetime_convert,4
541,,תפתח את הספר האודיו ותמשיך לנגן,play_audiobook,6
542,,כמה זמן אני צריך לאפות את העוגיות האלה,cooking_recipe,3
543,,נגן אודיו עם המשך הסיפור,play_audiobook,6
544,,תמחק את כל הרשומות בלוח השנה שלי,calendar_remove,2
545,,מה יהיה הטמפרטורה בחוף הכנרת היום,weather_query,9
546,,מה יהיה מזג האוויר בבאר שבע בשבוע הבא,weather_query,9
547,,תשלחי אימייל למנהל שלי על הפרויקט החדש,email_sendemail,5
548,,תזמיני כרטיס רכבת לתל אביב ביום שני,transport_ticket,8
549,,אני צריכה להזמין כרטיס רכבת לירושלים למחרתיים,transport_ticket,8
550,,המר זמן נוכחי מזמן לוס אנג'לס לזמן מוסקבה,datetime_convert,4
551,,איפה אני יכולה לקנות כרטיס רכבת לתל אביב?,transport_ticket,8
552,,האם ההתראה לשעה 7:00 בבוקר מוגדרת,alarm_query,0
553,,מה הסרט הטוב ביותר שראוי לצפות בו השבוע?,recommendation_movies,7
554,,תשלחי בבקשה אימייל לאחות שלי שתשלח לי עדכון על המצב הנוכחי,email_sendemail,5
555,,הראה לי את ההתראות שלי לשבוע הבא,alarm_query,0
556,,אם זה חמש בערב בתל אביב מה השעה בברלין,datetime_convert,4
557,,איך אני מכין את הסלט הזה שראיתי במסעדה,cooking_recipe,3
558,,אני צריך להגדיר התראה ליום המחרת,alarm_query,0
559,,תשלחי בבקשה אימייל לחברה שלי עם התוצאות האחרונות,email_sendemail,5
560,,תורידי את הווליום ל-50% בבקשה,audio_volume_down,1
561,,תגיד לי על סרט דרמה טוב שאני לא ראיתי,recommendation_movies,7
562,,תשלחי אימייל למנהל החדש ותזכירו על הפגישה הקרובה,email_sendemail,5
563,,אני רוצה לדעת מהו הסרט הכי טוב שיצא לאחרונה,recommendation_movies,7
564,,מה הדרך הטובה לבשל עוף בתנור,cooking_recipe,3
565,,האם תוכל להמליץ על סרט דרמה טוב בשבילי?,recommendation_movies,7
566,,מה השעה בישראל כשזה שלוש בבוקר בלונדון,datetime_convert,4
567,,תגיד לי מה יהיה מזג האוויר בחיפה הבירה היום,weather_query,9
568,,בבקשה הסר את כל הרשומות מהלוח השנה,calendar_remove,2
569,,תשלחי אימייל לחברי לשאול מה שלומם,email_sendemail,5
570,,תפתח שוב את ספר האודיו שהקשבתי לו,play_audiobook,6
571,,מה התראות שקבעתי לשבוע הבא,alarm_query,0
572,,מה הטמפרטורה היום בבאר שבע,weather_query,9
573,,הווליום גבוה מדי הנמך אותו בבקשה,audio_volume_down,1
574,,הזמן לי כרטיס רכבת לבאר שבע לאחר הצהריים,transport_ticket,8
575,,אני לא שומע היטב תנמיכי את הווליום,audio_volume_down,1
576,,הזמן לי כרטיס רכבת לנתניה לשבוע הבא,transport_ticket,8
577,,תמשיך לנגן את הספר שעצרתי,play_audiobook,6
578,,תשלחי אימייל למנהל החדש של החברה,email_sendemail,5
579,,מחק את היומן הנוכחי והחל מחדש,calendar_remove,2
580,,איך להכין רוטב לסלט עם אבוקדו,cooking_recipe,3
581,,אני צריחה כרטיס רכבת לחיפה לאחר הצהריים הזה,transport_ticket,8
582,,המשיך לנגן את הספר האודיו הזה,play_audiobook,6
583,,מהו הטמפרטורה הממוצעת בחודש הזה,weather_query,9
584,,תפתח את הספר האודיו האחרון שלי,play_audiobook,6
585,,הזמן לי כרטיס רכבת לירושלים לאחר הצהריים הזה,transport_ticket,8
586,,אני רוצה להזמין כרטיס רכבת לבאר שבע,transport_ticket,8
587,,אם זה עשר בערב כאן מה השעה בשיקגו,datetime_convert,4
588,,שלחי אימייל ללשכה ותבקשו אותם לשלוח לי את המידע הדרוש,email_sendemail,5
589,,מתי ההתראה האחרונה שהגדרתי תתבצע,alarm_query,0
590,,תפתח אודיו על סיפור הבריאה,play_audiobook,6
591,,הזמן לי כרטיס רכבת לחולון למחר,transport_ticket,8
592,,שלחי אימייל לחבר שלי לדווח על המצב הנוכחי,email_sendemail,5
593,,אני רוצה לבדוק את ההתראות שלי ליום המחר,alarm_query,0
594,,אני רוצה לדעת על סרטים חדשים שיצאו לאחרונה,recommendation_movies,7
595,,מה הדרך הכי טובה לבשל אפונה ולתת לה טעם טוב,cooking_recipe,3
596,,בבקשה הנמך את עוצמת הקול הזה גבוה מדי,audio_volume_down,1
597,,האם יש סיכוי לגשם השבוע,weather_query,9
598,,תחל מההתחלה את ספר האודיו,play_audiobook,6
599,,תמשיך לנגן את הספר הזה,play_audiobook,6
600,,אני רוצה לראות את ההתראות שלי,alarm_query,0
601,,מה הסיכויים לשמש היום?,weather_query,9
602,,מה יהיה מזג האוויר באילת בשבוע הבא?,weather_query,9
603,,האם ירד גשם היום,weather_query,9
604,,האם התראה לשעה 7:00 מוגדרת,alarm_query,0
605,,הזמן לי כרטיס רכבת לנתניה לאחר הצהריים הזה,transport_ticket,8
606,,בבקשה תרחיק את הווליום קצת,audio_volume_down,1
607,,המר זמן נוכחי מזמן ישראל לזמן פקין,datetime_convert,4
608,,תנמיכי עוצמת הקול הזה חזק מידי,audio_volume_down,1
609,,הזמן לי כרטיס רכבת לירושלים היום,transport_ticket,8
610,,איך אני מכין את הרוטב האדום לפיצה,cooking_recipe,3
611,,תשלחי אימייל למנהל החדש על הפרויקט החדש,email_sendemail,5
612,,איך אני מכין את הריזוטו הזה ששמעתי שהוא טעים,cooking_recipe,3
613,,תחזית מזג האוויר לשבוע הקרוב בירושלים?,weather_query,9
614,,אני צריך כרטיס טיסה לתל אביב ביום שלישי,transport_ticket,8
615,,אם זה שלוש וחצי בערב בתל אביב מה השעה בשיקגו,datetime_convert,4
616,,תשלחי אימייל למשפחה שלי לשאול מה נשמע אצלם,email_sendemail,5
617,,מה המתכון הכי טוב לצלי ירקות,cooking_recipe,3
618,,תגיד לי מהו הטמפרטורה הממוצעת בירושלים הבירה,weather_query,9
619,,אני רוצה לדעת אם ירד גשם היום,weather_query,9
620,,מחק את האירוע הזה מהיומן שלי,calendar_remove,2
621,,את יכולה לבדוק את מזג האוויר בחיפה,weather_query,9
622,,תשלחי אימייל לאדל,email_sendemail,5
623,,הנמך את הווליום כי זה חזק מידי,audio_volume_down,1
624,,הנמך את הווליום של הרמקול נא אפשר,audio_volume_down,1
625,,תחל את הפסקה הבאה בספר האודיו,play_audiobook,6
626,,תשלחי בבקשה אימייל לחברה שלי ותשאל אותה מה שלומה,email_sendemail,5
627,,מתי יש לי התראה הבאה,alarm_query,0
628,,איך אני עושה את הריבה הזו שקראתי עליה בספר,cooking_recipe,3
629,,מה הסרט הכי פופולרי שמוקרן בבתי קולנוע ברחבי העיר,recommendation_movies,7
630,,תשלחי בבקשה אימייל לחבר שלי שישלח לי עדכון על הפרויקט החדש,email_sendemail,5
631,,הראה לי כרטיסי רכבת לאילת,transport_ticket,8
632,,תנמיכי את הווליום קצת יותר בבקשה,audio_volume_down,1
633,,אם אני נמצא באזור זמן פריז מה השעה כעת בתוניס,datetime_convert,4
634,,האם יש לך המלצה לסרט דרמה טוב,recommendation_movies,7
635,,האם ההתראה לשעה 8:00 מוגדרת ומוכנה,alarm_query,0
636,,מהו הדרך הכי טובה לבשל בשר הודו במיקרו,cooking_recipe,3
637,,הראה לי את כל ההתראות שלי ליום היום.,alarm_query,0
638,,תנגן לי את הפרק הבא באודיו,play_audiobook,6
639,,מה יהיה מזג האוויר בחיפה הבאת,weather_query,9
640,,איך אני מבשל קדרת עדשים,cooking_recipe,3
641,,"מה יהיה מזג האוויר בת""א הבוקר?",weather_query,9
642,,מחק את האירוע הבא ביומן שלי ב-20.8,calendar_remove,2
643,,איך אני מבשל כבד עוף בתנור,cooking_recipe,3
644,,מהו הסרט הטוב ביותר שיצא לאחרונה,recommendation_movies,7
645,,תגיד לי מה יהיה מזג האוויר באילת השבוע הקרוב,weather_query,9
646,,מה הסרט הטוב ביותר שיש לצפות בו השבוע ?,recommendation_movies,7
647,,בבקשה הנמיח את עוצמת הקול של הרמקול,audio_volume_down,1
648,,נגן את העמוד הבא בספר האודיו הזה,play_audiobook,6
649,,מה המרכיבים למתכון של קציצות דגים,cooking_recipe,3
650,,תגיד לי אם יהיה חם היום,weather_query,9
651,,אתה יכול להמליץ על סרט פעולה טוב?,recommendation_movies,7
652,,תשלחי אימייל למורה שלי לבקש שיעור נוסף,email_sendemail,5
653,,אני מחפש סרט חדש לצפות בו הלילה,recommendation_movies,7
654,,בבקשה הסר את כל האירועים המתוזמנים שלי,calendar_remove,2
655,,תחיל מחדש את ספר האודיו,play_audiobook,6
656,,סך ההתראות שהגדרתי להיוֹ,alarm_query,0
657,,המשך לנגן את הספר הזה באודיו,play_audiobook,6
658,,שנה את איזור הזמן מזמן לוס אנג'לס לזמן ישראל,datetime_convert,4
659,,"אם זה שלוש בערב פה בת""א מה השעה בברלין",datetime_convert,4
660,,תוריד את הווליום לחצי,audio_volume_down,1
661,,תנמיכי את המוסיקה הזו היא חזקה מידי,audio_volume_down,1
662,,אני צריחה כרטיס רכבת לנתניה לשבוע הבא,transport_ticket,8
663,,מה ההתראות שמוגדרות לי למחר ?,alarm_query,0
664,,כמה מעלות יש היום בחיפה,weather_query,9
665,,אני יכול לדעת בבקשה מה השעה בסיאול כשזה שתיים אחר הצהריים כאן,datetime_convert,4
666,,איך אני מכין את הרוטב הזה לסלט ורדונה,cooking_recipe,3
667,,כמה התראות יש לי היום,alarm_query,0
668,,הראה לי את כרטיסי הרכבת לבאר שבע,transport_ticket,8
669,,נגן את הספר האודיו האהוב עליי,play_audiobook,6
670,,תנמיכי עוצמת הקול של הרמקול,audio_volume_down,1
671,,הווליום גבוה מידי הנמיך אותו,audio_volume_down,1
672,,תשלחי אימייל למנהל המחלקה ותזכירו אותו על הישיבה הקרובה,email_sendemail,5
673,,איפה אני יכול לקנות כרטיס רכבת לחיפה,transport_ticket,8
674,,תאמר לי כמה עולה כרטיס רכבת לחדרה ליום אתמול,transport_ticket,8
675,,אנא הסר את המסיבה של השבוע הבא מהיומן שלי,calendar_remove,2
676,,האם התראה לשעה 9:00 מוכנה ופועלת,alarm_query,0
677,,מחק את המסיבה בראשון ביוני מהיומן שלי,calendar_remove,2
678,,עדכני אותי בזמן ההתראה הבאה.,alarm_query,0
679,,מה הסרט הטוב ביותר שיש לצפות היום?,recommendation_movies,7
680,,תשלחי אימייל לאחות שלי ותשאל אותה מה שלומה,email_sendemail,5
681,,אנא בטל את הרשומות הבאות בלוח השנה,calendar_remove,2
682,,האם יש לך המלצה לסרט טוב?,recommendation_movies,7
683,,אני צריכה כרטיס רכבת לאילת בשבוע הבא,transport_ticket,8
684,,אם זה עשר בבוקר בברלין מה השעה בתל אביב,datetime_convert,4
685,,תפעיל את האודיו והמשך לנגן את הספר,play_audiobook,6
686,,תנמיכי עוצמת הקול בבקשה,audio_volume_down,1
687,,אני צריך להזמין כרטיס רכבת לבאר שבע,transport_ticket,8
688,,האם התראת האימון שלי למחר פועלת?,alarm_query,0
689,,מה הדרך הטובה ביותר לבשל עוף ברוטב סויה,cooking_recipe,3
690,,שלחי אימייל למשפחה שלי לבקש עצה על הנסיעה הקרובה,email_sendemail,5
691,,המר זמן נוכחי מזמן לונדון לזמן רומאי סטנדרטי,datetime_convert,4
692,,רמת הקול גבוהה מדי הנמיכה,audio_volume_down,1
693,,איך אני עושה את הקציצות האלה שראיתי במסעדה,cooking_recipe,3
694,,"מומלץ לי לצפות בסרט ""המועדון של גולד""",recommendation_movies,7
695,,תתחילי בבקשה אימייל לאחות שלי ותשאלי אותה מה שלומה,email_sendemail,5
696,,תמשיך לנגן את הספר האחרון,play_audiobook,6
697,,שלחי אימייל למנהל החדש בנושא הפרויקט האחרון,email_sendemail,5
698,,הראה לי את כל ההתראות שהגדרתי,alarm_query,0
699,,המר זמן נוכחי מזמן פריז לזמן ירושלים,datetime_convert,4
700,,מה הסרט הכי פופולרי שמוקרן בבתי קולנוע ברחבי ישראל,recommendation_movies,7
701,,כמה זמן לבשל קלי במיקרו,cooking_recipe,3
702,,תגיד לי מה יהיה מזג האוויר בחיפה הבאת,weather_query,9
703,,מה המתכון הכי טוב לקינוח של תפוחי אדמה,cooking_recipe,3
704,,תמחקו את התור לרופא שיניים הקרוב,calendar_remove,2
705,,כמה זמן אני צריך לאפות את הלחם הביתי שלי,cooking_recipe,3
706,,אם זה חמש בבוקר בסיאול מה השעה כאן בירושלים,datetime_convert,4
707,,תגיד לי אם יורד גשם השבוע,weather_query,9
708,,מה הטמפרטורה הממוצעת היום בבאר שבע?,weather_query,9
709,,מחק את המסיבה הבאה מהיומן שלי,calendar_remove,2
710,,מה הסרט הכי טוב שיצא לאחרונה,recommendation_movies,7
711,,בבקשה אתחל והסר את כל הרשומות בלוח השנה שלי,calendar_remove,2
712,,"תשלחי אימייל למנהל המחלקה עם הדו""ח השבועי",email_sendemail,5
713,,אני לא שומע טוב הנמיך את הווליום,audio_volume_down,1
714,,איך מזג האוויר היום בבאר שבע,weather_query,9
715,,תשלחי בבקשה אימייל לחבר שלי שישלח לי את המידע הדרוש,email_sendemail,5
716,,איפה אני יכול למצוא מתכון לעוגיות שוקולט,cooking_recipe,3
717,,האם תוכל להמליץ על סרט קומדיה רומנטית טובה שאני לא ראיתי,recommendation_movies,7
718,,מה המתכון הכי פופולרי לעוגות יום הולדת,cooking_recipe,3
719,,המר זמן נוכחי מזמן ישראל לזמן סיאול,datetime_convert,4
720,,אם זה עשר בבוקר כאן מה השעה בניו יורק,datetime_convert,4
721,,הראה לי כרטיסי רכבת לכל היעדים,transport_ticket,8
722,,"תנמיכי את הווליום, זה חזק מידי",audio_volume_down,1
723,,שלחי אימייל למשפחה שלי ותזכירו אותם להגיע לאירוע הקרוב,email_sendemail,5
724,,מה המזג השלי בימים הבאים,weather_query,9
725,,"מה יהיה מזג האוויר בת""א הבוקר",weather_query,9
726,,מה הסרט הטוב ביותר שיצא לאחרונה?,recommendation_movies,7
727,,בטלו את התורים שלי להיום,calendar_remove,2
728,,בבקשה מחק את כל האירועים הקרובים,calendar_remove,2
729,,אנא בטל את הפגישה ביום שלישי הבא,calendar_remove,2
730,,הנמיך את הווליום של המוסיקה בבקשה,audio_volume_down,1
731,,האם התראה לשעה 10:00 בבוקר מוכנה,alarm_query,0
732,,תאמר לי לאן אני צריכה ללכת לפעמים וכמה עולה כרטיס רכבת,transport_ticket,8
733,,אני צריך להזמין כרטיס רכבת לירושלים,transport_ticket,8
734,,מתי עכשיו זה שמונה בערב בברלין מה השעה בתל אביב,datetime_convert,4
735,,תפתח שוב את האודיו שהקשבתי לו,play_audiobook,6
736,,מה הדרכים לבישול אורז במיקרו,cooking_recipe,3
737,,אני מחפש סרט קומדיה רומנטית טובה לצפות הלילה,recommendation_movies,7
738,,אם אני נמצא באשדוד וזה שלוש בערב מה השעה בלוס אנג'לס,datetime_convert,4
739,,תשלחי אימייל לחבר שלי כדי להתחיל את השיחה החדשה,email_sendemail,5
740,,תאמר לי מה המחיר של כרטיס רכבת לבאר שבע,transport_ticket,8
741,,מהו מזג האוויר בתל אביב היום,weather_query,9
742,,בטלו את המסיבה הקרובה מהלוח השנה שלי,calendar_remove,2
743,,המר זמן נוכחי מזמן גריניץ' פלוס שש שעות לשעון טוקיו,datetime_convert,4
744,,איך האקלים היום באר שבע?,weather_query,9
745,,תמשיך לנגן את ספר האודיו הזה,play_audiobook,6
746,,תנמיכי את השמע הזה,audio_volume_down,1
747,,הזמן לי כרטיס רכבת לבאר שבע בשבוע הבא,transport_ticket,8
748,,"מה יהיה מזג האוויר מחר בת""א",weather_query,9
749,,תורידי את הווליום ל-50 אחוז,audio_volume_down,1
750,,איזו כמות מים צריך להוסיף למתכון של עוגיות,cooking_recipe,3
751,,שנה את איזור הזמן לזמן סיאול מזמן טוקיו,datetime_convert,4
752,,אני מחפש סרט רומנטי טוב לצפייה עם חברים.,recommendation_movies,7
753,,המשך לנגן את האלבום הזה,play_audiobook,6
754,,האם יש לי התראות מוגדרות להיום,alarm_query,0
755,,האם יש סרט חדש שיצא בשבוע האחרון,recommendation_movies,7
756,,שלחי אימייל למנהל המחלקה לבקש פגישה עם הצוות,email_sendemail,5
757,,האם הגדרת התראה לחמש וחצי בבוקר מוכנה,alarm_query,0
758,,מה המתכון הכי טוב לבשל דג סלמון,cooking_recipe,3
759,,איפה אפשר למצוא מתכון לפיצה וגנית שאני רוצה להכין השבוע,cooking_recipe,3
760,,"רמת הקול גבוהה מדי, הנמך אותה",audio_volume_down,1
761,,תפתח ספר האודיו האהוב עליי,play_audiobook,6
762,,אם זה שש בערב במוסקבה מה השעה בברלין,datetime_convert,4
763,,מחק את כל הרשומות בלוח השנה שלי,calendar_remove,2
764,,מה הדרך הכי טובה לבשל עוף ברוטב סויה,cooking_recipe,3
765,,איזה סרטים טובים יש ברחבי העיר השבוע,recommendation_movies,7
766,,מה השעה בסידני כאשר זה שתיים וחצי בתוך היום בניו יורק,datetime_convert,4
767,,תאמר לי לאן אני צריכה ללכת לפעמים וכמה עולה הכרטיס,transport_ticket,8
768,,האם כבר הגדרתי התראה לחמש בערב,alarm_query,0
769,,אני צריך להגדיר התראה לחמש בערב,alarm_query,0
770,,שלחי אימייל למשפחה שלי לשאול מה שלום אצלם,email_sendemail,5
771,,תשלחי אימייל לאחות שלי לשאול איך מצבה,email_sendemail,5
772,,תזמיני לי כרטיס רכבת לירושלים לשבוע הבא,transport_ticket,8
773,,מה הטמפרטורה היום בחיפה?,weather_query,9
774,,האם הגדרת התראה לשבוע הבא מוכנה,alarm_query,0
775,,"מה יהיה מזג האוויר בת""א השבוע",weather_query,9
776,,אני רוצה להזמין כרטיס רכבת לירושלים לשבוע הבא,transport_ticket,8
777,,תנמיכי את הווליום למחצית,audio_volume_down,1
778,,אני מחפש סרט טוב לצפות הערב ואתה יכול להמליץ עליו?,recommendation_movies,7
779,,האם יורד גשם היום בתל אביב,weather_query,9
780,,מחק את התור לרופא שיניים הקרוב,calendar_remove,2
781,,שלחי אימייל לאחות שלי ותבקש ממנה לשלוח לי את התמונות מהחופשה,email_sendemail,5
782,,המשך לנגן את העולם החדש,play_audiobook,6
783,,מה יהיה מזג האוויר בחיפה בתאריך מחר,weather_query,9
784,,הפחית את עוצמת הווליום,audio_volume_down,1
785,,איך אני מבשל את הדג הזה שקניתי היום,cooking_recipe,3
786,,שלחי אימייל ללקוח החדש ותברך אותו על העסקה החדשה,email_sendemail,5
787,,בקשה מספיק עוצמה ותנמיכי אותה,audio_volume_down,1
788,,תמשיך לנגן את האודיו הזה,play_audiobook,6
789,,כמה התראות מוגדרות למחר,alarm_query,0
790,,מה הדרך הכי טובה להכין סלט קיץי עם אבוקדו,cooking_recipe,3
791,,תשלחי אימייל למשפחה שלי לשאול מה שלומם ומה חדש אצלם,email_sendemail,5
792,,תנמיכי עוצמת השמע אני לא שומע טוב,audio_volume_down,1
793,,שלחי אימייל לאחות שלי עם התמונות החדשות,email_sendemail,5
794,,בבקשה הנמך את עוצמת השמע הזה,audio_volume_down,1
795,,האם התראת העבודה שלי להיום מופעלת,alarm_query,0
796,,הווליום גבוה מדי תנמיכו אותו,audio_volume_down,1
797,,התחל את ספר האודיו החדש שלי,play_audiobook,6
798,,תמחקי את הפגישה עם המנהל ביום ראשון הבא,calendar_remove,2
799,,מה המתכון לחומוס הזה שאני שמעתי עליו,cooking_recipe,3
800,,הזמן לי כרטיס רכבת לבאר שבע לשני אנשים ליום המחר,transport_ticket,8
801,,תמחקו את כל הרשומות בלוח השנה שלי,calendar_remove,2
802,,האם ההתראה לשעה 8:00 פועלת,alarm_query,0
803,,כמה זמן אני צריך לאפות את העוף בתנור,cooking_recipe,3
804,,האם יש לי התראה לשעה 8:00 הבוקר,alarm_query,0
805,,"מה יהיה מזג האוויר בת""א הבירה היום",weather_query,9
806,,תחל את הספר הזה באודיו,play_audiobook,6
807,,האם ירד גשם היום באילת,weather_query,9
808,,האם יש לי התראות מוגדרות לסוף השבוע?,alarm_query,0
809,,אם אני נמצא באזור זמן מזרח אירופי מה השעה בלונדון,datetime_convert,4
810,,אנא בטל את התור לרופא שיניים הבא,calendar_remove,2
811,,תשלחי אימייל לדורון עם הפרטים החדשים,email_sendemail,5
812,,שלחי אימייל לאחות שלי ותשאל אותה מה שלומה ומה היא עושה היום,email_sendemail,5
813,,מה הדרך הטובה לבשל אפונה בלי שתתבשל,cooking_recipe,3
814,,אני רוצה להזמין כרטיס רכבת לירושלים לשני אנשים,transport_ticket,8
815,,נגן את הפרק הבא באודיו,play_audiobook,6
816,,תנגן את הפרק הבא בספר האודיו,play_audiobook,6
817,,האם התראת הבוקר שלי מוגדרת,alarm_query,0
818,,מחקו את כל הרשומות בלוח השנה,calendar_remove,2
819,,אני רוצה להזמין כרטיס רכבת לאילת לשני אנשים,transport_ticket,8
820,,מה השעה בחיפה כאשר זה עשר בלילה בברלין,datetime_convert,4
821,,הזמן כרטיס רכבת לאילת לשבוע הבא,transport_ticket,8
822,,מה ההתראות שהגדרתי להיום,alarm_query,0
823,,הזמן לי כרטיס רכבת לירושלים לשבוע הבא,transport_ticket,8
824,,אם זה חמש בערב בברלין מה השעה בתל אביב,datetime_convert,4
825,,"בבקשה, תנמיכי עוצמת השמע הזו",audio_volume_down,1
826,,הזמן כרטיס רכבת לנתניה עם מקום שינה לשלושה ימים,transport_ticket,8
827,,אני רוצה לדעת אילו התראות מוגדרות ליום המחרת,alarm_query,0
828,,נגן את האודיו שעצרתי לפני זמן מה,play_audiobook,6
829,,תגיד לי מה יהיה מזג האוויר מחר בבאר שבע,weather_query,9
830,,מתי ההתראה האחרונה שלי מופעלת,alarm_query,0
831,,תחזית מזג האוויר באזורי,weather_query,9
832,,אני רוצה לדעת מה הסרטים הטובים בימים אלו,recommendation_movies,7
833,,תנמיכי את עוצמת הקול בבקשה,audio_volume_down,1
834,,תאמר לי לאן אני צריכה ללכת לפעמים וכמה עולה כרטיס הרכבת,transport_ticket,8
835,,אני צריך להזמין כרטיס רכבת לירושלים למחר,transport_ticket,8
836,,מה הסרטים הכי טובים שיצאו לאחרונה שכדאי לצפות בהם,recommendation_movies,7
837,,המר זמן נוכחי מזמן לונדון לזמן ירושלים,datetime_convert,4
838,,תשלחי אימייל לחבר שלי ותשאל אותו מה שלומו,email_sendemail,5
839,,מהו הטמפרטורה היום בירושלים,weather_query,9
840,,אני צריכה כרטיס רכבת במחיר נמוך,transport_ticket,8
841,,בקשה מעכשיו הנמך את הווליום,audio_volume_down,1
842,,אנא הסר את כל התורים הקרובים,calendar_remove,2
843,,תנמיכי את עוצמת השמע בבקשה,audio_volume_down,1
844,,שנה את איזור הזמן מזמן פריז לזמן ניו יורק,datetime_convert,4
845,,הזמן לי כרטיס רכבת לבאר שבע ביום ראשון,transport_ticket,8
846,,בטל את כל התורים לרופא שיניים השבוע,calendar_remove,2
847,,האם התראה לישיבה היומית מוגדרת ומוכנה,alarm_query,0
848,,כמה התראות יש לי להיום?,alarm_query,0
849,,כמה זמן אני צריך לבשל את האספרגוס,cooking_recipe,3
850,,תחל את הפסקה בספר האודיו הנוכחי,play_audiobook,6
851,,איזה התראות יש לי היוֹ�,alarm_query,0
852,,מה הטמפרטורה בבאר שבע היום,weather_query,9
853,,תשלחי אימייל לעורך הדין ותזכירו על התיק החדש שצריך להתחיל בו,email_sendemail,5
854,,מתי שכאן חמש ורבע אחר הצהריים מה השעה בפריז,datetime_convert,4
855,,איזו קומדיה רומנטית טובה שמוקרנת בבתי קולנוע בירושלים?,recommendation_movies,7
856,,מה השעה בבאר שבע כשזה שש בערב במוסקבה,datetime_convert,4
857,,תזמיני כרטיס רכבת לתל אביב במחיר טוב,transport_ticket,8
858,,תחל לנגן את הספר האודיו האהוב שלי,play_audiobook,6
859,,תפתח את הספר המועדף שלי באודיו,play_audiobook,6
860,,האם ההתראה לשעה 8:00 בבוקר מוגדרת ומוכנה,alarm_query,0
861,,תמשיך לנגן את הפרק הבא בספר האודיו,play_audiobook,6
862,,מה ההתראות שלי למחר,alarm_query,0
863,,מה הסרט הכי טוב שראוי לצפות בו השבוע,recommendation_movies,7
864,,מחק את האירוע הקרוב ביומן שלי,calendar_remove,2
865,,מה הסיכויים לשמש היום בירושלים,weather_query,9
866,,אם אני בשעה שתים בבוקר בלוס אנג'לס מה השעה בשיקגו,datetime_convert,4
867,,איך אני מבשל כבד עם עגבניות ובצל,cooking_recipe,3
868,,תפתח את האודיו והמשך לנגן את הספר,play_audiobook,6
869,,האם התראת הבוקר שלי מוגדרת ומוכנה,alarm_query,0
870,,תמחקו את התור לרופא המשפחתי השבוע,calendar_remove,2
871,,"אני רוצה לדעת מה יהיה מזג האוויר בת""א הבוקר",weather_query,9
872,,איזו התראה הגדרתי להיום,alarm_query,0
873,,איזה התראות מוגדרות למחר,alarm_query,0
874,,בבקשה הסר את כל האירועים שלי להיום,calendar_remove,2
875,,תשלחי אימייל למנהל החדש כדי להודיע לו על השינויים בלוח הזמנים,email_sendemail,5
876,,האם התראה לשעה 10:00 בערב מוגדרת,alarm_query,0
877,,תמשיך לנגן את הספר שהקשבתי לו,play_audiobook,6
878,,האם ירד גשם היום בתל אביב,weather_query,9
879,,המשך לנגן את האודיו הזה,play_audiobook,6
880,,"האם ירד גשם היום בת""א",weather_query,9
881,,אני מחפש סרט רומנטי טוב לצפות הערב,recommendation_movies,7
882,,איך אני מכין סלט קיץ עם יוגורט ופיסטוק,cooking_recipe,3
883,,מה ההתראות שמוגדרות ליום המחרת,alarm_query,0
884,,איך אני מכין את התבשיל ההוא לחג המולד,cooking_recipe,3
885,,מה הדרך הטובה ביותר להכין את הקציצות האלו,cooking_recipe,3
886,,תורידי את עוצמת השמע לחצי,audio_volume_down,1
887,,נגן את הספר המועדף עליי,play_audiobook,6
888,,אנא תנמיכי עוצמת הקול,audio_volume_down,1
889,,הנמיכה את עוצמת השמע זה חזק מידי,audio_volume_down,1
890,,הווליום גבוה מדי הנמך אותו,audio_volume_down,1
891,,תורידי את הווליום לחצי,audio_volume_down,1
892,,מומלץ לי לצפות בסרט הזה,recommendation_movies,7
893,,כרטיסי רכבת לשלושה אנשים מתל אביב לחיפה,transport_ticket,8
894,,אם זה חמש בערב כאן מה השעה בלוס אנג'לס,datetime_convert,4
895,,שנה את איזור הזמן לזמן סיאול,datetime_convert,4
896,,איך אני מכין עוגיות שוקולט עם אגוזים,cooking_recipe,3
897,,תשלחי אימייל למנהל החדש בנושא הפרויקט החדש,email_sendemail,5
898,,מה התחזית למזג האוויר במחר,weather_query,9
899,,עדכני אותי בהתראות שלי,alarm_query,0
900,,מה התחזית למזג האוויר בחוף הים התיכון היום,weather_query,9
901,,תנמיכי עוצמת השמע הזה חזק מידי,audio_volume_down,1
902,,תזמיני כרטיס רכבת לנתניה לשני אנשים,transport_ticket,8
903,,אני רוצה לדעת אילו התראה מוגדרת למחר,alarm_query,0
904,,אני צריך לדעת את ההתראות שלי למחר,alarm_query,0
905,,איזה סרטים יש באותו הז'אנר של הסרט האהוב עליי,recommendation_movies,7
906,,נגן אודיו של הספר האהוב עליי,play_audiobook,6
907,,מה הסרט הכי פופולרי בימים אלו?,recommendation_movies,7
908,,מה הסרט הטוב ביותר שיצא השנה?,recommendation_movies,7
909,,"מה התחזית למזג האוויר בת""א היום",weather_query,9
910,,זה חזק מידי הנמך את הווליום,audio_volume_down,1
911,,שלחי אימייל למנהל החדש כדי להודיעו על השינויים בלוח הזמנים,email_sendemail,5
912,,מה התחזית המטאורולוגית למחר,weather_query,9
913,,איפה אני יכול לקנות כרטיס רכבת,transport_ticket,8
914,,כמה זמן צריך לבשל את האורז לפני שמתחיל להתבשל,cooking_recipe,3
915,,מה השעה בירושלים כשזה עשר בבוקר בברלין,datetime_convert,4
916,,מה הסרט הפופולרי ביותר בישראל השבוע?,recommendation_movies,7
917,,תחזית מזג האוויר לשבוע הקרוב,weather_query,9
918,,האם התראה לשעה 7:00 בבוקר מוגדרת?,alarm_query,0
919,,האם תוכל להמליץ על סרט דרמה או קומדיה,recommendation_movies,7
920,,איך אני מכין סלט פירות עם יוגורט וסוכר,cooking_recipe,3
921,,אני יכול לדעת איזה שעה יהיה בשש בערב פה בלוס אנג'לס,datetime_convert,4
922,,תשלחי אימייל לאחות שלי על מנת לשאול מה שלומה ולבקש עצה,email_sendemail,5
923,,תגיד לי מהו המזג האוויר באילת השבוע הקרוב,weather_query,9
924,,הראה לי כרטיסי רכבת לתל אביב,transport_ticket,8
925,,מחק את המסיבה הקרובה מהיומן שלי,calendar_remove,2
926,,אם זה שלוש בערב בניו יורק מה השעה בלוס אנג'לס,datetime_convert,4
927,,אני רוצה לדעת אילו התראות קיימות,alarm_query,0
928,,איך אני מכין את הקציצות האלו שאני אוהב כל כך,cooking_recipe,3
929,,מה הדרך הכי טובה להכין קציצות בשר טחון,cooking_recipe,3
930,,מה הסרט הכי פופולרי שמוקרן בבתי קולנוע ברחבי העיר?,recommendation_movies,7
931,,תנמיכי עוצמת השמע הזה חזק מדי,audio_volume_down,1
932,,תשלחי בבקשה אימייל לחבר שלי כדי לשאול מה הוא עושה השבוע,email_sendemail,5
933,,המשך לנגן את ספר האודיו האהוב עליי,play_audiobook,6
934,,אני מחפש סרט טוב לצפות בו הערב,recommendation_movies,7
935,,המשיכי לנגן את העלילה באודיו,play_audiobook,6
936,,שלחי אימייל לכתובת הדואר האלקטרונית של המשפחה שלי,email_sendemail,5
937,,תגיד לי מה יהיה מזג האוויר באילת הבוקר,weather_query,9
938,,מה המתכון הכי פשוט לבשל את האורז הבאסמטי,cooking_recipe,3
939,,תשלחי אימייל לאחות שלי לשאול איך היא מרגישה אחרי הניתוח,email_sendemail,5
940,,תנגן לי את האודיו שקראתי לאחרונה,play_audiobook,6
941,,מה המצב האקלימי בחוף הכרמל,weather_query,9
942,,המשך לנגן את האודיו של היום,play_audiobook,6
943,,שנה את איזור הזמן מזמן ניו יורק לזמן לוס אנג'לס,datetime_convert,4
944,,אני רוצה לצפות בסרט רומנטי ואתה יכול להמליץ על אחד?,recommendation_movies,7
945,,תשלחי אימייל למנהל החברה ותבקשי ממנו לשלוח לי את הדוחות החדשות,email_sendemail,5
946,,אנא הסר את הרשומות בלוח השנה,calendar_remove,2
947,,מה הסרט הכי טוב שיצא השנה,recommendation_movies,7
948,,אני לא שומע טוב תנמיכי את הווליום,audio_volume_down,1
949,,הקול חזק מידי הנמך את הווליום,audio_volume_down,1
950,,המשך לנגן את הספר האודיו הנוכחי,play_audiobook,6
951,,עדכני אותי בזמן ההתראה למחר,alarm_query,0
952,,תשלחי אימייל לאחות שלי כדי לשאול מה היא עושה היום,email_sendemail,5
953,,תפתח אודיו ותמשיך לנגן,play_audiobook,6
954,,"תחזית מזג האוויר בת""א היום",weather_query,9
955,,איך אני מבשל את האורז המשובח הזה שראיתי במסעדה,cooking_recipe,3
956,,איפה אני יכולה לקנות כרטיס רכבת לחיפה,transport_ticket,8
957,,איך אני מבשל את האורז המוקפא הזה,cooking_recipe,3
958,,מהו המזג הצפוי למחר,weather_query,9
959,,תפעל את ספר האודיו הזה בבקשה,play_audiobook,6
960,,בטלו את האירועים הקרובים ביומן שלי,calendar_remove,2
961,,אני לא שומע טוב תנמיכי עוצמת הקול,audio_volume_down,1
962,,בבקשה בטל את כל האירועים להיום,calendar_remove,2
963,,אתה יכול להמליץ על סרט פעולה טוב בשבילי,recommendation_movies,7
964,,איפה אני יכולה לקנות כרטיס רכבת לירושלים,transport_ticket,8
965,,תמשיך לנגן את הספר שהתחלתי להקשיב,play_audiobook,6
966,,הראה לי כרטיסי רכבת לנתניה ותזמין את זה עבורי,transport_ticket,8
967,,שנה את איזור הזמן מזמן פריז לזמן רומא,datetime_convert,4
968,,האם יש לך המלצה לסרט טוב שיצא לאחרונה,recommendation_movies,7
969,,אני מחפש סרט טוב לצפות בו הערב ואתה יכול להמליץ עליו,recommendation_movies,7
970,,שלחי אימייל לאחות שלי ותזהירי אותה על המפגש הקרוב,email_sendemail,5
971,,מה ההתראות שלי להיום,alarm_query,0
972,,באיזה אזור זמן אנחנו נמצאים בבקשה תשנה לנוכחי בזמן גריניץ',datetime_convert,4
973,,מה הדרכים להכין את התבשיל שלי לחג המולד,cooking_recipe,3
974,,"אני רוצה לדעת מה השעה עכשיו בסיאול כשזה שתיים וחצי בת""א",datetime_convert,4
975,,תשלחי בבקשה אימייל ללקוח שלי ותזכירו אותו על הפגישה הקרובה,email_sendemail,5
976,,האם התראה לשעה 10:00 מוגדרת ופעילה,alarm_query,0
977,,האם התראת האימון שלי להיום מוגדרת,alarm_query,0
978,,תמחקי את התור הבא ביומן שלי,calendar_remove,2
979,,תמחק את האירוע הזה מהיומן שלי,calendar_remove,2
980,,זה חזק מידי תנמיכי את הווליום,audio_volume_down,1
981,,מתי ההתראה הבאה שהגדרתי,alarm_query,0
982,,בבקשה אתחל והסר את כל האירועים מהיומן שלי,calendar_remove,2
983,,בקשה משהו פחות ווליום,audio_volume_down,1
984,,בבקשה הסר את כל האירועים שלי להיום הבא,calendar_remove,2
985,,תשלחי אימייל לדוד שלי כדי לדווח לו על השינויים בפרויקט,email_sendemail,5
986,,מה הסרט המומלץ ביותר כרגע בבתי הקולנוע,recommendation_movies,7
987,,האם יורד גשם היום בבאר שבע,weather_query,9
988,,אתה יכול להמליץ על סרט קומדיה שיש בבתי קולנוע ברחבי העיר?,recommendation_movies,7
