,Unnamed: 0,text,intent,label
0,0.0,ฉัน สามารถ ลบ นาฬิกาปลุก ได้อย่างไร,alarm_query,0
1,1.0,ฉันสามารถยกเลิกนาฬิกาปลุกที่ตั้งไว้ได้,alarm_query,0
2,2.0,นาฬิกาปลุก ที่ฉัน ตั้ง ไว้สำหรับวันเกิด,alarm_query,0
3,3.0,ฉันสามารถดูนาฬิกาปลุกที่ฉันตั้งไว้ได้ที่ไหน,alarm_query,0
4,4.0,ฉันจะตั้งนาฬิกาปลุกเวลาใดในวันพุธ,alarm_query,0
5,5.0,ฉัน สามารถ ย้าย นาฬิกาปลุก ไปในวันอื่นได้,alarm_query,0
6,6.0,ฉันจะตั้งนาฬิกาปลุกเวลาใดในวันเสาร์,alarm_query,0
7,7.0,ฉันจะต้องทำอะไรกับนาฬิกาปลุกในวันนี้,alarm_query,0
8,8.0,ฉัน ตั้ง นาฬิกาปลุก ไว้สำหรับงานสำคัญในวันพรุ่งนี้,alarm_query,0
9,9.0,ฉันควรตั้งนาฬิกาปลุกเวลาไหนเพื่อรับผลลัพธ์ที่ดี,alarm_query,0
10,10.0,นาฬิกาปลุก ของฉัน กำลังตั้งอยู่ที่เวลาไหน,alarm_query,0
11,11.0,ฉัน ต้องการดู นาฬิกาปลุก ที่จะดังในวันพรุ่งนี้,alarm_query,0
12,12.0,ฉันสามารถยกเลิกนาฬิกาปลุกได้อย่างไร,alarm_query,0
13,13.0,ฉัน ตั้ง นาฬิกาปลุก เวลาไหน บ้าง,alarm_query,0
14,14.0,ฉันจำไม่ได้ว่าวันนี้ฉันตั้ง นาฬิกาปลุก ไว้ที่เวลาไหน,alarm_query,0
15,15.0,นาฬิกาปลุก ของฉัน จะดังในเวลาเช้าวันพรุ่งนี้,alarm_query,0
16,16.0,ฉัน ตั้ง นาฬิกาปลุก เวลาไหน ในวันนี้,alarm_query,0
17,17.0,นาฬิกาปลุก ของฉัน จะดังในเวลาใดของวันพรุ่งนี้,alarm_query,0
18,18.0,นาฬيكاปลุก ของฉัน กำลังทำงานอยู่หรือไม่,alarm_query,0
19,19.0,ฉันจะได้รับนาฬิกาปลุกอะไรบ้างในวันศุกร์,alarm_query,0
20,20.0,ฉันจะรู้ได้อย่างไรว่ามีนาฬิกาปลุก ในสัปดาห์นี้,alarm_query,0
21,21.0,นาฬิกาปลุก ฉัน ตั้งไว้เมื่อไหร่,alarm_query,0
22,22.0,ฉัน ต้องการดู นาฬิกาปลุก ที่ฉันตั้งไว้ในสัปดาห์นี้,alarm_query,0
23,23.0,ฉัน ต้องการ ดูนาฬิกาปลุก ที่ตั้งไว้ในสัปดาห์ที่แล้ว,alarm_query,0
24,24.0,ฉันจะมีนาฬิกาปลุกที่ตั้งไว้ในสัปดาห์นี้,alarm_query,0
25,25.0,ฉันจะรู้เวลาใดที่ฉันต้องตื่นในวันพรุ่งนี้,alarm_query,0
26,26.0,ฉัน จำไม่ได้ว่าตั้ง นาฬิกาปลุก เวลาไหน,alarm_query,0
27,27.0,ฉัน ตั้ง นาฬิกาปลูก ไว้สำหรับวันหยุดสุดสัปดาห์,alarm_query,0
28,28.0,ฉันจะรู้ว่ามีนาฬิกาปลุกที่ตั้งไว้,alarm_query,0
29,29.0,ฉัน ตั้ง นาฬิกาปลุก ไปแล้ว หรือไม่,alarm_query,0
30,30.0,ฉันจะตั้งนาฬิกาปลุกเวลาใดในอาทิตย์นี้,alarm_query,0
31,31.0,นาฬิกาปลุก ของฉัน ตั้งไว้ที่เวลาเท่าไหร่,alarm_query,0
32,32.0,ฉัน ตั้ง นาฬικαปลุก สำหรับวันที่อะไร,alarm_query,0
33,33.0,ฉันมีนาฬิกาปลุกอะไรบ้างที่ฉันต้องตื่นวันนี้,alarm_query,0
34,34.0,แสดง นาฬิกาปลุก ที่ฉันตั้งไว้ในวันนี้,alarm_query,0
35,35.0,ฉันจำไม่ได้ว่าตั้ง นาฬิกาปลุก ไว้ที่เวลาไหนแล้ว,alarm_query,0
36,36.0,ฉัน จำไม่ได้ว่าตั้ง นาฬิกาปลุก ไว้ที่เมื่อไร,alarm_query,0
37,37.0,ฉันจะมีนาฬิกาปลุก ในวันเสาร์อีกไหม,alarm_query,0
38,38.0,ฉัน ต้องการ รู้เวลา นาฬิกาปลุก ที่ตั้งไว้,alarm_query,0
39,39.0,ฉันสามารถดูนาฬิกาปลุกที่ตั้งไว้บนคอมพิวเตอร์,alarm_query,0
40,40.0,แสดง รายการทั้งหมด ของ นาฬิกาปลุก ที่ฉันตั้งไว้,alarm_query,0
41,41.0,ฉัน ตั้ง นาฬิกาปลุก ไว้ที่เวลาไหน,alarm_query,0
42,42.0,ฉันจะมีนาฬικαปลุกที่ตั้งไว้ในอนาคต,alarm_query,0
43,43.0,ฉันจะได้รับนาฬิกาปลุกอะไรบ้างในวันนี้,alarm_query,0
44,44.0,ฉันจะต้องแก้ไขนาฬิกาปลุกที่ตั้งไว้,alarm_query,0
45,45.0,ฉัน setzen นาฬิกาปลุก เวลาไหน,alarm_query,0
46,46.0,ฉัน สามารถดูนาฬิกาปลุก ที่ผ่านไปได้อย่างไร,alarm_query,0
47,47.0,ฉันมีนาฬิกาปลุกที่ตั้งไว้จำนวนเท่าใด,alarm_query,0
48,48.0,ฉันจำเป็นต้องนาฬิกาปลุกตอนเช้าวันพรุ่งนี้,alarm_query,0
49,49.0,ฉันมีนาฬิกาปลุกอะไรบ้างที่ฉันต้องตื่นวันอาทิตย์,alarm_query,0
50,50.0,ฉันมีนาฬικαปลุกอะไรบ้างที่ฉันต้องตื่นวันที่แล้ว,alarm_query,0
51,51.0,ฉันจำไม่ได้ว่าจะตื่นเวลาไหนในวันพรุ่งนี้,alarm_query,0
52,52.0,นาฬิกาปลุก ของฉัน กำลังจะดังเมื่อไหร่,alarm_query,0
53,53.0,ฉัน สามารถ แก้ไข นาฬิกาปลุก ได้อย่างไร,alarm_query,0
54,54.0,นาฬิกาปลูก ที่ฉันตั้งไว้ สำหรับวันที่ 15,alarm_query,0
55,55.0,ฉัน ต้องการดู นาฬิกาปลูก ที่ฉันตั้งไว้ในเดือนนี้,alarm_query,0
56,56.0,ฉันสามารถดูนาฬิกาปลุกที่ฉันตั้งไว้ได้ที่เว็บไซต์,alarm_query,0
57,57.0,ฉัน สามารถดูนาฬิกาปลูก ที่ผ่านมาแล้วได้อย่างไร,alarm_query,0
58,58.0,ฉันสามารถแก้ไขนาฬิกาปลุก ได้ที่ไหน,alarm_query,0
59,59.0,ฉันจะตั้งนาฬิกาปลุกเวลาใดในเดือนมกราคม,alarm_query,0
60,60.0,ฉันจะมีนาฬิกาปลุกรายงานอะไรบ้างในวันนี้,alarm_query,0
61,61.0,ฉันจะมีนาฬิกาปลุกรายงานอะไรบ้างในสัปดาห์นี้,alarm_query,0
62,62.0,ฉันจะตั้งนาฬิกาปลุกเวลาใดในวันจันทร์,alarm_query,0
63,63.0,ฉันควรตั้ง นาฬิกาปลุก ไว้ที่เวลาไหน,alarm_query,0
64,64.0,ฉัน สามารถ ดูนาฬิกาปลุก ได้ที่ไหน,alarm_query,0
65,65.0,ฉันสามารถดูนาฬิกาปลุกได้ที่ไหน,alarm_query,0
66,66.0,นาฬิกาปลุก ที่ฉัน ตั้ง ไว้สำหรับวันหยุด,alarm_query,0
67,67.0,ฉันจะต้องทำอย่างไรเพื่อระลึกถึงนาฬิกาปลุก,alarm_query,0
68,68.0,ฉันจะมีนาฬิกาปลุกที่ตั้งไว้ในวันที่กำหนด,alarm_query,0
69,69.0,นาฬิกาปลุก ที่ฉัน ตั้ง ไว้ในสัปดาห์นี้,alarm_query,0
70,70.0,นาฬิกาปลุก ที่ฉัน ตั้ง ไว้สำหรับงานสำคัญ,alarm_query,0
71,71.0,ฉันจะตั้งนาฬิกาปลุกเวลาใดในเดือนหน้า,alarm_query,0
72,72.0,นาฬิกาปลุก ของฉัน จะดังตอน mấy โมง,alarm_query,0
73,73.0,ฉัน จำไม่ได้ว่าตั้ง นาฬิกาปลูก ไว้ที่เมื่อไร,alarm_query,0
74,74.0,ฉัน ต้องการดูนาฬิกาปลุก สำหรับวันที่พรุ่งนี้,alarm_query,0
75,75.0,ฉัน จำไม่ได้ว่าตั้ง นาฬิกาปลุก เมื่อไหร่,alarm_query,0
76,76.0,ฉัน ตั้ง นาฬิกาปลук ไว้สำหรับการประชุมในวันพรุ่งนี้,alarm_query,0
77,77.0,นาฬิกาปลุก ของฉัน กำลังจะดังในเวลาใด,alarm_query,0
78,78.0,ฉัน จำไม่ได้ว่าตั้ง นาฬิกาปลุก ไว้ที่เวลาใด,alarm_query,0
79,79.0,ฉัน จำไม่ได้ว่าตั้ง นาฬิกาปลุก ไว้ที่เวลาไหน,alarm_query,0
80,80.0,ฉัน สามารถดูนาฬิกาปลุก ที่จะดังในวันหน้าได้อย่างไร,alarm_query,0
81,81.0,ฉันจะได้รับนาฬิกาปลุกอะไรบ้างในวันพฤหัส,alarm_query,0
82,82.0,นาฬิกาปลุก ของฉัน คืออะไร,alarm_query,0
83,83.0,ฉัน ตั้ง นาฬิกาปลุก เวลาไหนบ้าง,alarm_query,0
84,84.0,นาฬิกาปลุก ที่ฉันตั้งไว้ สำหรับวันศุกร์,alarm_query,0
85,85.0,ฉัน ต้องการ ดูนาฬิกาปลุก ที่ตั้งไว้,alarm_query,0
86,86.0,โปรดแสดง นาฬิกาปลุก ทั้งหมด ที่ฉันตั้งไว้,alarm_query,0
87,87.0,โปรดบอกฉันว่านาฬิกาปลุก ของฉัน คืออะไร,alarm_query,0
88,88.0,แสดง นาฬيكاปลุก ที่ฉันตั้งไว้,alarm_query,0
89,89.0,ฉัน จำไม่ได้ว่านาฬิกาปลุก ถูกตั้งไว้เมื่อไหร่,alarm_query,0
90,90.0,ฉันจะมีนาฬิกาปลุก ในเดือนหน้าอีกไหม,alarm_query,0
91,91.0,นาฬิกาปลุก ของฉัน จะดังในเวลาใด,alarm_query,0
92,92.0,นาฬิกาปลุก ที่ฉันตั้งไว้ สำหรับวันเสาร์,alarm_query,0
93,93.0,ฉันสามารถดูนาฬิกาปลุกที่ตั้งไว้บนโทรศัพท์ได้,alarm_query,0
94,94.0,นาฬิกาปลุก ที่ฉันตั้งไว้สำหรับวันนี้,alarm_query,0
95,95.0,ฉันสามารถดูนาฬิกาปลุกที่ฉันตั้งไว้ได้อย่างไร,alarm_query,0
96,96.0,ฉัน ต้องการ รู้เวลาที่ตั้ง นาฬิกาปลุก,alarm_query,0
97,97.0,ฉันสามารถดูนาฬิกาปลุก ได้ที่ไหน,alarm_query,0
98,98.0,ฉันสามารถตรวจสอบนาฬิกาปลุกที่ตั้งไว้,alarm_query,0
99,99.0,ฉัน ต้องการ ดูนาฬิกาปลุก ที่ตั้งไว้ในเดือนนี้,alarm_query,0
100,100.0,ฉันต้องการลดเสียงลำโพงลงเหลือแค่ครึ่ง,audio_volume_down,1
101,101.0,ฉันอยากลดน้ำเสียงลง,audio_volume_down,1
102,102.0,ลดเสียงลงเพราะฉันไม่ชอบเสียงดัง,audio_volume_down,1
103,103.0,ฉันอยากลดเสียงลงเพราะหูฟังไม่ดี,audio_volume_down,1
104,104.0,ลดเสียงลงหน่อยครับ,audio_volume_down,1
105,105.0,เสียงดังมีมาก ลดลงหน่อย,audio_volume_down,1
106,106.0,เสียงดังมานะ ลดลงหน่อย,audio_volume_down,1
107,107.0,เสียงดังนี้ ฉันต้องการลดลง,audio_volume_down,1
108,108.0,ลดเสียงลงเพราะฉันอยู่ในชุมชน,audio_volume_down,1
109,109.0,ลดเสียงลงนะครับ จะทำให้หูฟังดีขึ้น,audio_volume_down,1
110,110.0,ลดระดับเสียงลงสิครับ,audio_volume_down,1
111,111.0,คุณช่วยลดเสียงลงให้ฉันหน่อย,audio_volume_down,1
112,112.0,เสียงดังมานะ ลดลงให้หมด,audio_volume_down,1
113,113.0,ฉันต้องการฟังเพลงแบบเงียบ ๆ,audio_volume_down,1
114,114.0,คุณสามารถลดเสียงลงได้อย่างไร,audio_volume_down,1
115,115.0,คุณลดน้ำเสียงลงหน่อยได้ไหม,audio_volume_down,1
116,116.0,ฉันร้องขอลดเสียงลงให้หมด,audio_volume_down,1
117,117.0,ลดระดับเสียงลง 30 เปอร์เซ็นต์,audio_volume_down,1
118,118.0,คุณช่วยลดเสียงลงให้พอใช้,audio_volume_down,1
119,119.0,คุณช่วยลดเสียงลงเพราะมีคนกำลังทำอาหาร,audio_volume_down,1
120,120.0,คุณช่วยลดเสียงลงให้ฉันเพราะฉันไม่สบาย,audio_volume_down,1
121,121.0,ช่วยลดเสียงลงให้ฉันด้วย,audio_volume_down,1
122,122.0,ฉันต้องการให้เสียงลำโพงเบาลง,audio_volume_down,1
123,123.0,ฉันต้องการลดเสียงสื่อลง,audio_volume_down,1
124,124.0,คุณช่วยลดเสียงลงเพราะมีคนกำลังมีความผิดปกติ,audio_volume_down,1
125,125.0,ลดเสียงลงเพราะฉันอยู่ในการประชุม,audio_volume_down,1
126,126.0,พูดเบาๆหน่อยได้ไหม,audio_volume_down,1
127,127.0,ฉันไม่ชอบเสียงดัง เกินไป,audio_volume_down,1
128,128.0,ฉันอยากฟังเพลงด้วยเสียงที่ต่ำกว่านี้,audio_volume_down,1
129,129.0,คุณช่วยลดเสียงลงหน่อยนะ,audio_volume_down,1
130,130.0,ฉันอยากลดน้ำเสียงลงเพราะมันloud,audio_volume_down,1
131,131.0,เบาลำโพงลงหน่อย,audio_volume_down,1
132,132.0,ลดเสียงลงหน่อยเพราะมีคนกำลังอ่านหนังสือ,audio_volume_down,1
133,133.0,เสียงดังมาก ลดลงหน่อย,audio_volume_down,1
134,134.0,ลดเสียงลงนะครับ จะทำให้หูฟังไม่ดี,audio_volume_down,1
135,135.0,ฉันร้องขอลดเสียงลำโพงลง,audio_volume_down,1
136,136.0,ฉันขอลดเสียงลงหน่อยนะ,audio_volume_down,1
137,137.0,ลดเสียงลงเพราะฉันอยู่ในห้องเรียน,audio_volume_down,1
138,138.0,ฉันต้องการลดเสียงลำโพง,audio_volume_down,1
139,139.0,ลดเสียงลงเพราะรบกวนผู้อื่น,audio_volume_down,1
140,140.0,คุณสามารถลดเสียงลงโดยใช้ระบบอะไร,audio_volume_down,1
141,141.0,ฉันอยากฟังเพลง แต่เสียงดังเกินไป,audio_volume_down,1
142,142.0,ลดระดับเสียงลง 50 เปอร์เซ็นต์,audio_volume_down,1
143,143.0,พูดเบาลงนะครับ เสียงดังมาก,audio_volume_down,1
144,144.0,ลดเสียงลงนะครับ ดังเกินไปแล้ว,audio_volume_down,1
145,145.0,คุณช่วยลดเสียงลงหน่อยได้ไหม,audio_volume_down,1
146,146.0,ฉันอยากลดเสียงลำโพงลงหน่อย,audio_volume_down,1
147,147.0,ลดเสียงลงเพราะฉันอยู่ในที่เงียบ,audio_volume_down,1
148,148.0,ฉันร้องขอลดเสียงลงให้เพื่อน,audio_volume_down,1
149,149.0,ฉันต้องการลดเสียงลงเพราะมีคนกำลังดูทีวี,audio_volume_down,1
150,150.0,ลดระดับเสียงลงจนถึงศูนย์,audio_volume_down,1
151,151.0,เสียงดังนี้ลดลงหน่อย,audio_volume_down,1
152,152.0,ลดเสียงลงเพราะรบกวนคนอื่น,audio_volume_down,1
153,153.0,คุณช่วยลดเสียงลงเพราะมีคน.sleeping,audio_volume_down,1
154,154.0,เบาเสียงลงหน่อย เดี๋ยวจะไม่ได้ยิน,audio_volume_down,1
155,155.0,คุณช่วยลดเสียงลงให้ฉันด้วย,audio_volume_down,1
156,156.0,ฉันไม่สามารถทนเสียงดังนี้ได้,audio_volume_down,1
157,157.0,เสียงดังเกินไป ลดลงหน่อยนะ,audio_volume_down,1
158,158.0,ลดเสียงลงหน่อยเพราะมีคนกำลังเรียน,audio_volume_down,1
159,159.0,ฉันต้องการฟังสิ่งนี้ด้วยเสียงที่เบาขึ้น,audio_volume_down,1
160,160.0,ลดระดับเสียงลงครึ่ง,audio_volume_down,1
161,161.0,พูดนุ่มๆ หน่อยนะ,audio_volume_down,1
162,162.0,คุณช่วยลดเสียงลงให้ฉันได้ไหม,audio_volume_down,1
163,163.0,เบาลงเสียงสื่อนะ,audio_volume_down,1
164,164.0,ฉันต้องการลดระดับเสียงลำโพงของฉัน,audio_volume_down,1
165,165.0,ลดเสียงลงเพื่อให้เหมาะสมกับหูของฉัน,audio_volume_down,1
166,166.0,คุณช่วยลดเสียงลงให้ฉันเพราะหูฟังไม่ดี,audio_volume_down,1
167,167.0,ลดเสียงลงเพราะฉันอยู่ใกล้,audio_volume_down,1
168,168.0,ฉันต้องการลดเสียงสื่อออกจากลำโพง,audio_volume_down,1
169,169.0,ช่วยลดเสียงลงหน่อย,audio_volume_down,1
170,170.0,ฉันต้องการลดเสียงเพื่อมีความสุข,audio_volume_down,1
171,171.0,ฉันต้องการลดเสียงเพื่อรักษาความสงบ,audio_volume_down,1
172,172.0,ฉันต้องการฟังสื่อที่เสียงต่ำ,audio_volume_down,1
173,173.0,ฉันต้องการลดเสียงเพื่อฟังเพลง,audio_volume_down,1
174,174.0,คุณสามารถลดเสียงลงได้หรือไม่,audio_volume_down,1
175,175.0,ลดเสียงลงสองระดับหน่อย,audio_volume_down,1
176,176.0,ลดเสียงลงเพราะรบกวนคนข้างเคียง,audio_volume_down,1
177,177.0,ฉันอยากฟังรายการด้วยเสียงที่เบาขึ้น,audio_volume_down,1
178,178.0,คุณสามารถลดเสียงลงได้หรือเปล่า,audio_volume_down,1
179,179.0,ฉันต้องการลดเสียงลงเพราะมีคนกำลังกีฬา,audio_volume_down,1
180,180.0,ลดเสียงลงเพราะต้องทำงาน,audio_volume_down,1
181,181.0,ลดระดับเสียงลงสองสามเดซิเบล,audio_volume_down,1
182,182.0,ลดเสียงลงเพราะรบกวนสุขภาพ,audio_volume_down,1
183,183.0,พูดนุ่มๆ หน่อยได้ไหม,audio_volume_down,1
184,184.0,ฉันต้องการฟังเพลงโดยไม่มีเสียงดัง,audio_volume_down,1
185,185.0,ลดระดับเสียงลงจนถึงระดับต่ำที่สุด,audio_volume_down,1
186,186.0,ลดระดับเสียงลงให้เหมาะสมกับความจำเป็น,audio_volume_down,1
187,187.0,เบาเสียงลงเพื่อให้เหมาะสม,audio_volume_down,1
188,188.0,ลดระดับเสียงลงให้น้อยที่สุด,audio_volume_down,1
189,189.0,ฉันต้องการลดเสียงลงเพราะมีคนกำลังทำงาน,audio_volume_down,1
190,190.0,ลดเสียงลงหน่อยเพราะมีคนกำลังเล่นเกม,audio_volume_down,1
191,191.0,ลดระดับเสียงลง 10 เปอร์เซ็นต์,audio_volume_down,1
192,192.0,ฉันอยากให้เสียงลำโพงเบาลง,audio_volume_down,1
193,193.0,ลดเสียงลงเพราะฉันกำลังนอนหลับ,audio_volume_down,1
194,194.0,ฉันต้องการลดเสียงเพื่อพักผ่อน,audio_volume_down,1
195,195.0,ลดเสียงลงเพราะเป็นการแสดงความสุภาพ,audio_volume_down,1
196,196.0,ลบ ปฏิทิน งานประจำวัน,calendar_remove,2
197,197.0,ถอนรายชื่อจากปฏิทินของฉัน,calendar_remove,2
198,198.0,ลบ ปฏิทิน เหตุการณ์วันพรุ่งนี้,calendar_remove,2
199,199.0,ยกเลิก การเดินทางในช่วงเทศกาล,calendar_remove,2
200,200.0,หยุด งานในวันอาทิตย์,calendar_remove,2
201,201.0,ปลดปล่อย ปฏิทิน วันเสาร์,calendar_remove,2
202,202.0,ลบ การนัดหมายที่ไม่สำคัญ,calendar_remove,2
203,203.0,ถอนการติดต่อ จากปฏิทินออนไลน์,calendar_remove,2
204,204.0,ไม่เอา ปฏิทิน สำหรับงาน cũ,calendar_remove,2
205,205.0,ยกเลิก การประชุมออนไลน์,calendar_remove,2
206,206.0,ล้าง ปฏิทิน ส่วนรวม,calendar_remove,2
207,207.0,ยกเลิก การเดินทางในวันพรุ่งนี้,calendar_remove,2
208,208.0,ถอนการติดต่อ จากปฏิทินส่วนตัว,calendar_remove,2
209,209.0,ลบ ปฏิทิน เหตุการณ์ที่แล้วไป,calendar_remove,2
210,210.0,ลบ ปฏิทิน สำหรับคนวัยกลาง,calendar_remove,2
211,211.0,ยกเลิก การนัดหมาย ที่ไม่มีความสำคัญ,calendar_remove,2
212,212.0,ลบ การประชุม ออกจากรายการ,calendar_remove,2
213,213.0,ลบ ปฏิทิน สำหรับคนโสด,calendar_remove,2
214,214.0,ปลดปล่อย ปฏิทิน สำหรับงานที่กำลังดำเนินการ,calendar_remove,2
215,215.0,ยกเลิก กิจกรรมการเรียนการสอน,calendar_remove,2
216,216.0,ลบ การประชุม ในสัปดาห์นี้,calendar_remove,2
217,217.0,ปลดปล่อย ปฏิทิน วันจันทร์,calendar_remove,2
218,218.0,ลบ เหตุการณ์ที่สำคัญ,calendar_remove,2
219,219.0,หยุด งานในวันเสาร์,calendar_remove,2
220,220.0,ลบ เหตุการณ์ที่กำหนดไว้,calendar_remove,2
221,221.0,ลบ เหตุการณ์ที่ใกล้จะมาถึง,calendar_remove,2
222,222.0,ล้าง ปฏิทิน สำหรับวันหยุด,calendar_remove,2
223,223.0,แก้ไข ปฏิทิน โดยการลบนัดหมาย,calendar_remove,2
224,224.0,หยุด การแจ้งเตือน สำหรับเหตุการณ์,calendar_remove,2
225,225.0,ลบ กิจกรรม ในเดือนหน้า,calendar_remove,2
226,226.0,ล้าง ปฏิทิน สำหรับงานประจำเดือน,calendar_remove,2
227,227.0,ล้าง ปฏิทิน สำหรับงานใหม่,calendar_remove,2
228,228.0,ยกเลิก การนัดหมาย ที่ไม่สำคัญ,calendar_remove,2
229,229.0,ลบ คิวรองที่มีอยู่แล้ว,calendar_remove,2
230,230.0,ล้าง ปฏิทิน สำหรับงานประจำวัน,calendar_remove,2
231,231.0,ลบ นัดหมาย ที่ไม่จำเป็น,calendar_remove,2
232,232.0,ปลดปล่อย ปฏิทิน สำหรับงานที่ผ่านมา,calendar_remove,2
233,233.0,แก้ไข ปฏิทิน โดยลบนัดหมาย,calendar_remove,2
234,234.0,หยุด กิจกรรมการเรียน,calendar_remove,2
235,235.0,ปลดปล่อย งานจากปฏิทิน,calendar_remove,2
236,236.0,ไม่เอา ปฏิทิน สำหรับงานประจำสัปดาห์,calendar_remove,2
237,237.0,ลบ นัดหมาย ทุกอย่าง ในปฏิทิน,calendar_remove,2
238,238.0,ลบ วันหยุดสัปดาห์นี้,calendar_remove,2
239,239.0,ลบ คิวงาน ออกจากปฏิทิน,calendar_remove,2
240,240.0,ยกเลิก กิจกรรม ในเดือนหน้า,calendar_remove,2
241,241.0,ลบ เหตุการณ์ที่ผ่านไป ออกจากปฏิทิน,calendar_remove,2
242,242.0,ยกเลิก งานในวันพุธ,calendar_remove,2
243,243.0,ยกเลิก ปฏิทิน ส่วนตัว ของเพื่อน,calendar_remove,2
244,244.0,หยุด งานในวันจันทร์,calendar_remove,2
245,245.0,ลบ เหตุการณ์ที่จะมาถึง ออกจากปฏิทิน,calendar_remove,2
246,246.0,ลบ ปฏิทิน สำหรับผู้สูงอายุ,calendar_remove,2
247,247.0,ลบ วันหยุดที่กำหนดไว้,calendar_remove,2
248,248.0,ถอนรายชื่อจากปฏิทินส่วนตัว,calendar_remove,2
249,249.0,ถอนการติดต่อ ปฏิทิน ส่วนตัว,calendar_remove,2
250,250.0,ลบ เหตุการณ์ที่ใกล้จะมาจริงจากปฏิทิน,calendar_remove,2
251,251.0,ไม่เอา ปฏิทิน สำหรับงานประจำปี,calendar_remove,2
252,252.0,ล้าง ปฏิทิน สำหรับเหตุการณ์ที่ใกล้จะหมดอายุ,calendar_remove,2
253,253.0,ลบ ปฏิทิน เหตุการณ์ในอนาคต,calendar_remove,2
254,254.0,ลบ รายการท่องเที่ยวออกจากปฏิทิน,calendar_remove,2
255,255.0,ลบรายชื่อผู้เข้าร่วมจากปฏิทิน,calendar_remove,2
256,256.0,ยกเลิก งานในสัปดาห์หน้า,calendar_remove,2
257,257.0,ถอนการติดต่อ จากปฏิทินของฉัน,calendar_remove,2
258,258.0,ถอนการติดต่อจากปฏิทินของฉัน,calendar_remove,2
259,259.0,ลบ กิจกรรม ในเดือนมกราคม,calendar_remove,2
260,260.0,ยกเลิก การประชุม ในสัปดาห์นี้,calendar_remove,2
261,261.0,ลบ กิจกรรม ในวันพฤหัสบดี,calendar_remove,2
262,262.0,ล้าง ปฏิทิน ส่วนเฉพาะ,calendar_remove,2
263,263.0,ลบ ปฏิทิน ส่วนตัว ของฉัน,calendar_remove,2
264,264.0,ถอนการติดต่อ จากปฏิทินกลุ่ม,calendar_remove,2
265,265.0,ลบ ปฏิทิน ส่วนกลาง ขององค์กร,calendar_remove,2
266,266.0,ยกเลิก การประชุมทางโทรศัพท์,calendar_remove,2
267,267.0,ลบ เหตุการณ์ทั้งหมด ในปฏิทิน,calendar_remove,2
268,268.0,ยกเลิก งานในสัปดาห์นี้,calendar_remove,2
269,269.0,ลบ ปฏิทิน ส่วนตัว ของเรา,calendar_remove,2
270,270.0,ลบ งานที่กำลังจะมาถึง,calendar_remove,2
271,271.0,ลบ ปฏิทิน ที่ไม่จำเป็น,calendar_remove,2
272,272.0,ยกเลิก การเดินทางระยะยาว,calendar_remove,2
273,273.0,ยกเลิก กิจกรรมส่วนตัว,calendar_remove,2
274,274.0,ยกเลิก กิจกรรม ที่กำหนดไว้,calendar_remove,2
275,275.0,ปลดปล่อย ปฏิทิน วันศุกร์,calendar_remove,2
276,276.0,ลบ เหตุการณ์ที่กำลังจะเสร็จสิ้น,calendar_remove,2
277,277.0,ลบ เหตุการณ์ที่อยู่ระหว่างดำเนินการ,calendar_remove,2
278,278.0,ลบ ปฏิทิน ส่วนตัว ของคุณ,calendar_remove,2
279,279.0,ถอนรายชื่อผู้เข้าร่วมจากปฏิทิน,calendar_remove,2
280,280.0,ลบ เหตุการณ์ที่ผ่านมา จากปฏิทิน,calendar_remove,2
281,281.0,ถอนการติดต่อจากปฏิทินเฉพาะกลุ่ม,calendar_remove,2
282,282.0,ลบ วันหยุดสุดสัปดาห์,calendar_remove,2
283,283.0,ลบ ปฏิทิน เหตุการณ์ที่กำลังจะมาถึง,calendar_remove,2
284,284.0,ยกเลิก ปฏิทิน ส่วนตัว ของครอบครัว,calendar_remove,2
285,285.0,ไม่เอา ปฏิทิน วันนี้,calendar_remove,2
286,286.0,ลบ ปฏิทิน สาธารณะ ของฉัน,calendar_remove,2
287,287.0,ล้าง ปฏิทิน ส่วนตัว ของฉัน,calendar_remove,2
288,288.0,ยกเลิก งานประจำวัน,calendar_remove,2
289,289.0,หยุด การแจ้งเตือน ในปฏิทิน,calendar_remove,2
290,290.0,ลบ การนัดหมายที่ขาดตอน,calendar_remove,2
291,291.0,ยกเลิก งานในวันอาทิตย์,calendar_remove,2
292,292.0,ล้าง ปฏิทิน สำหรับงานใหม่ที่จะเริ่มต้น,calendar_remove,2
293,293.0,ลบ ปฏิทิน งานประจำปี,calendar_remove,2
294,294.0,ลบ เหตุการณ์ที่จะหมดอายุ ออกจากปฏิทิน,calendar_remove,2
295,295.0,ลบ เหตุการณ์ที่กำลังจะมาถึง จากปฏิทิน,calendar_remove,2
296,296.0,วิธีการทําไก่ผัดพริกเผ็ด,cooking_recipe,3
297,297.0,ฉันอยากทราบสูตรทำน้ำพริกเผา,cooking_recipe,3
298,298.0,ฉันอยากรู้วิธีทำเค้กช็อกโกแล็ตฟUDGE,cooking_recipe,3
299,299.0,สูตรทําผลไม้ทอดให้คrispy,cooking_recipe,3
300,300.0,สูตรทำขนมโมกะ,cooking_recipe,3
301,301.0,ฉันต้องการทราบเคล็ดลับทําไข่ทอดให้กรอบ,cooking_recipe,3
302,302.0,ฉันจะทีมะม่วงกวนกับข้าว,cooking_recipe,3
303,303.0,สูตรเด็ดในการทําไก่ย่าง,cooking_recipe,3
304,304.0,ทำอย่างไรให้ขนมปังฟู,cooking_recipe,3
305,305.0,วิธีทําเส้นเล็กให้เหนียว,cooking_recipe,3
306,306.0,สูตรทำขนมไทยยอดนิยม,cooking_recipe,3
307,307.0,วิธีทําแกงเขียวหวานให้อร่อย,cooking_recipe,3
308,308.0,สูตรเด็ดในการทําเนื้อย่าง,cooking_recipe,3
309,309.0,วิธีทำปลาช่อนทอด,cooking_recipe,3
310,310.0,สูตรทําแกงส้มให้เผ็ดน้อย,cooking_recipe,3
311,311.0,ฉันจะต้องใส่เกลือเท่าไรในการทำปลาราด,cooking_recipe,3
312,312.0,ทำเค้กช็อกโกแล็ตCHIPอย่างไร,cooking_recipe,3
313,313.0,ฉันจะทำแกงส้มมะระอย่างไร,cooking_recipe,3
314,314.0,สูตรทำ แกงคั่วกะทิ,cooking_recipe,3
315,315.0,ทำอย่างไรให้ไข่ดาวไม่เสีย,cooking_recipe,3
316,316.0,ฉันต้องการรู้เรื่องการปรุงรสสำหรับมะม่วง,cooking_recipe,3
317,317.0,วิธีทำปลาทอดครีมเช즈,cooking_recipe,3
318,318.0,วิธีทํา ซุปครีมบรอกโคลี,cooking_recipe,3
319,319.0,การทำขนมครกจะต้องใช้ส่วนประกอบอะไรบ้าง,cooking_recipe,3
320,320.0,วิธีทำ กะหล่ำปลี,cooking_recipe,3
321,321.0,ฉันจะทำสลัดมะเขือเทศอย่างไร,cooking_recipe,3
322,322.0,สูตรทำน้ำจิ้มสะテิร์กคืออะไร,cooking_recipe,3
323,323.0,ฉันอยากทราบสูตรทำน้ำจิ้มซีฟู๊ด,cooking_recipe,3
324,324.0,ฉันจะทำ ส้มตำให้รสชาติดี,cooking_recipe,3
325,325.0,วิธีทำ หมึกกระเทียมนึ่ง,cooking_recipe,3
326,326.0,สูตรทำขนมเปียกปูน,cooking_recipe,3
327,327.0,ฉันจะต้องใช้น้ำมันเท่าไรในการทำปลาทอด,cooking_recipe,3
328,328.0,ฉันจะต้องใส่นมข้นเท่าไรในการทำเครื่องดื่ม,cooking_recipe,3
329,329.0,ฉันจะทีมะละกอทอดให้กรอบ,cooking_recipe,3
330,330.0,การทำแกงเขียวหวานต้องใช้วัตถุดิบอะไรบ้าง,cooking_recipe,3
331,331.0,วิธีทำขนมไทยโบราณ,cooking_recipe,3
332,332.0,ฉันต้องการทำ ปลาเผา แต่ไม่รู้เรื่องรสชาติ,cooking_recipe,3
333,333.0,ฉันจะทําไก่คลุกให้ฟู,cooking_recipe,3
334,334.0,วิธีทำ ก๋วยเตี๋ยวเรือ,cooking_recipe,3
335,335.0,วิธีทำ สเต็กเนื้อนำเข้า,cooking_recipe,3
336,336.0,ฉันต้องการรู้วิธีทำสลัดทะเล,cooking_recipe,3
337,337.0,สูตรทำน้ำจิ้มแจ่วคืออะไร,cooking_recipe,3
338,338.0,สูตรทำขนมไทยคลาสสิก,cooking_recipe,3
339,339.0,ฉันต้องการเรียนทําเมนูกับข้าว,cooking_recipe,3
340,340.0,ฉันต้องการทำ ปลาดุกย่าง,cooking_recipe,3
341,341.0,ฉันต้องการเรียนทําเส้นใหญ่จากscratch,cooking_recipe,3
342,342.0,ทำอย่างไรให้ไก่ย่างไม่แห้ง,cooking_recipe,3
343,343.0,นำเข้าวัตถุดิบในการทำแกงกะหรี่,cooking_recipe,3
344,344.0,คุณสามารถแนะนำวิธีทำแกงส้มได้ไหม,cooking_recipe,3
345,345.0,ทำปลาทอดกรอบโดยไม่ต้องใช้น้ำมัน,cooking_recipe,3
346,346.0,สูตรทําแกงจืดให้เผ็ดน้อย,cooking_recipe,3
347,347.0,ส่วนประกอบของซอสฮollandaiseคืออะไร,cooking_recipe,3
348,348.0,วิธีทำ สลัดผักบุ้ง,cooking_recipe,3
349,349.0,ฉันจะทำ ผลไม้กวน,cooking_recipe,3
350,350.0,จะทําส้มตำให้รสมืออย่างไร,cooking_recipe,3
351,351.0,กะเพราใส่กุ้งทำอย่างไร,cooking_recipe,3
352,352.0,วิธีทําคุกกี้ชิพให้กรุบกริบ,cooking_recipe,3
353,353.0,ฉันต้องการรู้วิธีทำสลัดผลไม้,cooking_recipe,3
354,354.0,ทำขนมเปียกปูนให้เหนียว,cooking_recipe,3
355,355.0,ฉันต้องการทราบวิธีทำ ตabbouleh,cooking_recipe,3
356,356.0,ทำขนมปังให้ฟู,cooking_recipe,3
357,357.0,ทำสลัดผลไม้ให้สวย,cooking_recipe,3
358,358.0,วิธีทำปลาคั่ว,cooking_recipe,3
359,359.0,สูตรเด็ดในการทําแหนมข้าว,cooking_recipe,3
360,360.0,รสมะพร้าวหวานใช้วัตถุดิบอะไรบ้าง,cooking_recipe,3
361,361.0,ทำอย่างไรให้ขนมปังมีขนาดใหญ่,cooking_recipe,3
362,362.0,ฉันอยากทราบสูตรทำน้ำพริกตาแด้,cooking_recipe,3
363,363.0,สูตรทำน้ำพริกเผาคืออะไร,cooking_recipe,3
364,364.0,ฉันจะทำแกงมัสมั่นอย่างไร,cooking_recipe,3
365,365.0,ฉันต้องการรู้วิธีทำลาซานญ่า,cooking_recipe,3
366,366.0,เรียนทำ ขนมครกให้สวย,cooking_recipe,3
367,367.0,สูตรทำ แกงกะหรี่,cooking_recipe,3
368,368.0,คุณสามารถบอกวิธีทำแกงกะหล่ำพลี,cooking_recipe,3
369,369.0,การทำขนมเปียกปูนจะต้องใช้ส่วนประกอบอะไรบ้าง,cooking_recipe,3
370,370.0,ฉันจะทําโจ๊กให้ใสสะอาด,cooking_recipe,3
371,371.0,ฉันต้องการรู้วิธีทำ ปลากระพงเผา,cooking_recipe,3
372,372.0,วิธีการทำปลาทอดกระเทย,cooking_recipe,3
373,373.0,ฉันต้องการทำ เมนูลดความอ้วน,cooking_recipe,3
374,374.0,สูตรทำไข่ทอดแบบกรอบๆ,cooking_recipe,3
375,375.0,ฉันต้องการเรียนทําเต้าฮวย,cooking_recipe,3
376,376.0,ฉันอยากรู้วิธีทำข้าวเหนียวมะม่วง,cooking_recipe,3
377,377.0,สูตรทําเค้กช็อกโกแลตนั้นดี,cooking_recipe,3
378,378.0,ฉันจะทำ ผัดไทยให้อร่อย,cooking_recipe,3
379,379.0,สูตรทำ แกงส้ม,cooking_recipe,3
380,380.0,ฉันต้องการทราบเคล็ดลับทําไก่พะโล้,cooking_recipe,3
381,381.0,ฉันต้องการทำ ขนมครกหวาน,cooking_recipe,3
382,382.0,สูตรทำเค้กช็อกโกแลตสองชั้น,cooking_recipe,3
383,383.0,สูตรทำ แกงพะแนง,cooking_recipe,3
384,384.0,ส่วนผสมของรสต้มยำ,cooking_recipe,3
385,385.0,ฉันจะทำลาบหมูอย่างไร,cooking_recipe,3
386,386.0,วิธีการทําเครื่องดื่มเย็นๆสำหรับร้อน,cooking_recipe,3
387,387.0,ฉันอยากรู้วิธีทำขนมปังเอ็ม,cooking_recipe,3
388,388.0,วิธีการทําไอติมให้ฟิน,cooking_recipe,3
389,389.0,ฉันจะต้องใช้เวลากี่ชั่วโมงในการต้มข้าว,cooking_recipe,3
390,390.0,การทำขนมฝอยจะต้องใช้ส่วนประกอบอะไรบ้าง,cooking_recipe,3
391,391.0,วิธีทำ มั๊ลเลอร์,cooking_recipe,3
392,392.0,ทำไข่ทอดแบบไม่มีน้ำมันใช้ยังไง,cooking_recipe,3
393,393.0,สูตรทำ เครื่องแกงจืด,cooking_recipe,3
394,394.0,ฉันจะทำ พิสมัยให้ฟู,cooking_recipe,3
395,395.0,ฉันต้องการทราบเคล็ดลับทําปลาร้าทอด,cooking_recipe,3
396,396.0,คุณสามารถเปลี่ยนเวลาจาก เวลามาตรฐานสากล สู่ เวลามาตรฐานในทวีปอเมริกาได้ไหม,datetime_convert,4
397,397.0,เวลาในกรุงเทพจะเป็นเวลาใดในทокиyo,datetime_convert,4
398,398.0,เวลาในประเทศมาเลเซียจะมีความแตกต่างจากเวลาในประเทศไทยอย่างไร,datetime_convert,4
399,399.0,เวลาในประเทศสวีเดนต่างกับเวลาประเทศไทยกี่ชั่วโมง,datetime_convert,4
400,400.0,ฉันต้องการทราบเวลาท้องถิ่นในปารีสขณะนี้,datetime_convert,4
401,401.0,ฉันต้องการทราบเวลาในปารีสเมื่อมีเวลา 10.00 น. ในกรุงเทพฯ,datetime_convert,4
402,402.0,เวลาในประเทศญี่ปุ่นต่างกับประเทศไทยกี่ชั่วโมง,datetime_convert,4
403,403.0,ตำแหน่งของฉันกับริโอ เด จาเนโรต่างกันเวลาเท่าไร,datetime_convert,4
404,404.0,เวลาในประเทศญี่ปุ่นต่างกับเวลาประเทศไทยกี่ชั่วโมง,datetime_convert,4
405,405.0,การแปลงเวลาจากโซนเวลากลางไปยังโซนตะวันออกเฉียงเหนือทำอย่างไร,datetime_convert,4
406,406.0,ฉันต้องการเปลี่ยนเวลาจากโซนเวลากลางไปยังโซนเวลาตะวันออก,datetime_convert,4
407,407.0,ฉันต้องการทราบเวลาปัจจุบันที่มุมไบขณะนี้,datetime_convert,4
408,408.0,ฉันต้องการทราบเวลาในการเดินทางจาก กรุงเทพฯ ไป โตเกียว,datetime_convert,4
409,409.0,ฉันต้องการรู้เวลาในปารีสเมื่อมีเวลา 10.00 น. ในกรุงเทพฯ,datetime_convert,4
410,410.0,ถ้ามีเวลา 20:00 น. ในเบอร์ลิน จะมีกี่โมงในสตอกโฮล์ม,datetime_convert,4
411,411.0,เวลาในการประชุมออนไลน์จะเป็นเวลากี่โมงในประเทศอังกฤษ,datetime_convert,4
412,412.0,ฉันอยู่ในโซนเวลายุโรป แต่ต้องการทราบเวลาในปักกิ่ง,datetime_convert,4
413,413.0,ห้านโมงเย็นเวลามาตรฐานเอเชียจะต่างกับเวลามาตรฐานยุโรปกี่ชั่วโมง,datetime_convert,4
414,414.0,ความแตกต่างระหว่างเวลาในที่นี่และเวลาที่ลอนดอนคืออะไร,datetime_convert,4
415,415.0,การคำนวณเวลาระหว่างโซนเวลาออสเตรเลียกับโซนเวลาญี่ปุ่นก็คืออะไร,datetime_convert,4
416,416.0,ตั้งเขตเวลาเป็นเวลามาตรฐานเอเชียตะวันออกเฉียงใต้,datetime_convert,4
417,417.0,คุณสามารถเปลี่ยนเวลาจาก เวลามาตรฐานสากล สู่ เวลามาตรฐานในทวีปเอเชียได้ไหม,datetime_convert,4
418,418.0,ความแตกต่างระหว่างเวลาท้องถิ่นกับเวลามาตรฐานในทวีปยุโรปคืออะไร,datetime_convert,4
419,419.0,แปลงเวลาปัจจุบันจากเวลามาตรฐานยุโรปเป็นเวลามาตรฐานอเมริกาเหนือ,datetime_convert,4
420,420.0,ถ้ามีเวลา 14.00 น. ในกรุงเทพฯ จะเป็นเวลา mấyโมงในโตเกียว,datetime_convert,4
421,421.0,ถ้าเป็นเวลา 15.30 น. ในมอสโก จะเป็นเวลา mấyโมงในสตอกโฮล์ม,datetime_convert,4
422,422.0,เวลาในกรุงปารีสจะเท่ากับเวลาในกรุงเทพฯกี่โมง,datetime_convert,4
423,423.0,ถ้ามีเวลา 09.00 น. ในโตเกียว จะเป็นเวลาใดในกรุงเทพฯ,datetime_convert,4
424,424.0,ถ้าเป็นเวลา 22.00 น. ในมาดริดจะเป็นเวลากี่โมงในเบอร์ลิน,datetime_convert,4
425,425.0,บอกเวลาเป็น GMT นำหนึ่งชั่วโมง,datetime_convert,4
426,426.0,เวลาในประเทศสิงคโปร์จะขึ้นกับเวลาในประเทศไทยอย่างไร,datetime_convert,4
427,427.0,จากเวลามาตรฐานอเมริกาไปยังเวลามาตรฐานจีนจะต้องลดเวลาหงชั่วโมง,datetime_convert,4
428,428.0,เวลาในกรุงเทพจะเป็นเวลากี่โมงที่โตเกียว,datetime_convert,4
429,429.0,ฉันต้องการทราบเวลาในปารีสเมื่อมีเวลา 16:00 น. ในกรุงเทพฯ,datetime_convert,4
430,430.0,ถ้ามีเวลา 14.00 น. ในมอสโก จะเป็นเวลากี่โมงในบังกาลอร์,datetime_convert,4
431,431.0,หากมีเวลา 08.00 น. ในฮ่องกง จะเป็นเวลา mấyโมงในกรุงเทพฯ,datetime_convert,4
432,432.0,จากเวลามาตรฐานบราซิลไปยังเวลามาตรฐานอาร์เจนติน่าต้องลดเวลาสองชั่วโมง,datetime_convert,4
433,433.0,ฉันต้องการทราบเวลาในการประชุมออนไลน์ที่กำหนดไว้ในโซนเวลาอเมริกาเหนือ,datetime_convert,4
434,434.0,ถ้าเป็นเวลา 21.00 น. ที่ปารีสจะเป็นเวลากี่โมงที่ริโอเดจาเนโร,datetime_convert,4
435,435.0,เวลา 08.00 น. ตามเวลามาตรฐานตะวันตกจะเป็นเวลา mấyโมงในประเทศไทย,datetime_convert,4
436,436.0,คุณสามารถเปลี่ยนเวลาไปตามเขตเวลาของรัสเซียได้ไหม,datetime_convert,4
437,437.0,ความแตกต่างของเวลาระหว่างสิงคโปร์กับดูไบคืออะไร,datetime_convert,4
438,438.0,การแปลงเวลาจาก เวลามาตรฐานเอเชียไปยัง เวลามาตรฐานยุโรปกี่ชั่วโมง,datetime_convert,4
439,439.0,ฉันอยู่ที่ภูเก็ตและต้องการทราบเวลาปัจจุบันที่ลอนดอน,datetime_convert,4
440,440.0,ถ้าเป็นเวลา 08.00 น. ในสตอกโฮล์มจะเป็นเวลากี่โมงในเอเธนส์,datetime_convert,4
441,441.0,ถ้าเป็นเวลา 22.00 น. ในลอนดอน จะเป็นเวลาใดในกรุงเทพฯ,datetime_convert,4
442,442.0,หากมีเวลา 09.45 น. ในกรุงเทพฯ จะเป็นเวลา mấyโมงในปักกิ่ง,datetime_convert,4
443,443.0,ความแตกต่างของเวลาระหว่างกรุงเทพฯและโตเกียวคืออะไร,datetime_convert,4
444,444.0,แปลงเวลาปัจจุบันจาก เวลาสากลสู่ เวลามาตรฐานในทวีปเอเชีย,datetime_convert,4
445,445.0,ถ้าเป็นเวลา 08:00 น. ในโตเกียว จะเป็นเวลากี่โมงในฮ่องกง,datetime_convert,4
446,446.0,หากมีเวลา 20.00 น. ในนครราชสีมา จะเป็นเวลา mấyโมงในโตเกียว,datetime_convert,4
447,447.0,ฉันอยู่ที่เชียงใหม่และต้องการทราบเวลาปัจจุบันที่ซานฟรานซิสโก,datetime_convert,4
448,448.0,ตำแหน่งของฉันกับรีโอเดจาเนโรต่างกันเวลาเท่าไร,datetime_convert,4
449,449.0,เวลาในการแสดงละครบนโทรทัศน์จะเป็นเวลากี่โมงในประเทศจีน,datetime_convert,4
450,450.0,การแปลงเวลาจากโซนเอเซียตะวันออกไปยังโซนอเมริกาเหนือทำอย่างไร,datetime_convert,4
451,451.0,แปลงเวลาปัจจุบันจากเวลาสหราชอาณาจักรเป็นเวลาอเมริกา,datetime_convert,4
452,452.0,ถ้ามีเวลา 14:00 น. ในนิวยอร์ก จะมีกี่โมงในบังกาลอร์,datetime_convert,4
453,453.0,ฉันต้องการทราบเวลาในปารีสเมื่อมีเวลา 10.00 น. ในบангคลอง,datetime_convert,4
454,454.0,แปลงเวลาปัจจุบันจากเวลาออมสินเป็นเวลามาตรฐานสหรัฐ,datetime_convert,4
455,455.0,ถ้าเป็นเวลา 20.00 น. ในเบอร์ลิน จะเป็นเวลา mấyโมงในปรague,datetime_convert,4
456,456.0,ฉันอยู่ในโซนเวลาเอเชียตะวันออกเฉียงเหนือ และต้องการทราบเวลาในที่นี้,datetime_convert,4
457,457.0,ถ้าเป็นเวลา 01.00 น. ที่ดูไบจะเป็นเวลากี่โมงที่สต็อกโฮล์ม,datetime_convert,4
458,458.0,แปลงเวลาปัจจุบันจาก เวลาสิงคโปร์ ไปยัง เวลาอังกฤษ,datetime_convert,4
459,459.0,ฉันต้องการทราบเวลาในปักกิ่งเมื่อมีเวลา 10:00 น. ในประเทศไทย,datetime_convert,4
460,460.0,ถ้าเป็นเวลา 09.00 น. ที่เซี่ยงไฮ้จะเป็นเวลากี่โมงที่แฟรงก์เฟิร์ต,datetime_convert,4
461,461.0,ถ้ามีเวลา 22:00 น. ในดูไบ จะมีกี่โมงในริโอเดจาเนโร,datetime_convert,4
462,462.0,บอกเวลาเป็น UTC плюсเจ็ด,datetime_convert,4
463,463.0,ฉันต้องการเปลี่ยนเวลาจากโซนเวลาแอฟริกาใต้เป็นโซนเวลายุโรป,datetime_convert,4
464,464.0,จากเวลากลางไปเวลาตะวันออกจะต้องเพิ่มห้าชั่วโมงใช่ไหม,datetime_convert,4
465,465.0,ถ้าเป็นเวลา 10.00 น. ในนครราชสีมาจะเป็นเวลากี่โมงในฮ่องกง,datetime_convert,4
466,466.0,คุณสามารถเปลี่ยนเวลาจากเวลามาตรฐานญี่ปุ่นเป็นเวลามาตรฐานไทยได้,datetime_convert,4
467,467.0,คุณสามารถเปลี่ยนเวลาจากโซนตะวันออกไปยังโซนตะวันตกเฉียงเหนือได้ไหม,datetime_convert,4
468,468.0,ฉันต้องการทราบเวลาในการเดินทางจากกรุงเทพฯไปยังมiami,datetime_convert,4
469,469.0,ถ้ามีเวลา 14.00 น. ในกรุงโซล จะเป็นเวลา mấyโมงในกรุงเทพฯ,datetime_convert,4
470,470.0,เวลาในประเทศฝรั่งเศสแตกต่างกับเวลาประเทศไทยกี่ชั่วโมง,datetime_convert,4
471,471.0,ถ้าเป็นเวลา 15.00 น. ที่มอสโกจะเป็นเวลากี่โมงที่บангาลอร์,datetime_convert,4
472,472.0,ความแตกต่างระหว่างเวลากลางและเวลามาตรฐานภูมิภาคคืออะไร,datetime_convert,4
473,473.0,ถ้ามีเวลา 18.00 น. ในนครราชสีมาจะเป็นเวลา mấyโมงในดูไบ,datetime_convert,4
474,474.0,เวลาในประเทศบราซิลต่างกับประเทศไทยกี่ชั่วโมง,datetime_convert,4
475,475.0,ถ้าเป็นเวลา 18.00 น. ในเซี่ย-men จะเป็นเวลากี่โมงใน深圳,datetime_convert,4
476,476.0,คุณช่วยเปลี่ยนเวลาปัจจุบันเป็นตามเวลาของประเทศสวีเดนได้ไหม,datetime_convert,4
477,477.0,การคำนวณเวลาระหว่างโซนเวลาอเมริกากับโซนเวลายุโรปก็คืออะไร,datetime_convert,4
478,478.0,ฉันอยู่ในโซนเวลาที่ไม่มีการปรับเวลาด้วยแสงสว่าง จะเป็นเวลาใดในโซนเวลาที่มีการปรับเวลาด้วยแสงสว่าง,datetime_convert,4
479,479.0,แปลงเวลาจากประเทศญี่ปุ่นไปสหราชอาณาจักรได้อย่างไร,datetime_convert,4
480,480.0,เวลา 21.00 น. ตามเวลามาตรฐานตะวันออกจะเป็นเวลา mấyโมงในประเทศไทย,datetime_convert,4
481,481.0,ตำแหน่งของฉันกับฮ่องกงต่างกันเวลาเท่าไร,datetime_convert,4
482,482.0,ความแตกต่างของเวลาระหว่างประเทศจีนและประเทศไทยคืออะไร,datetime_convert,4
483,483.0,ความแตกต่างระหว่างเวลาท้องถิ่นกับเวลามาตรฐานโลกคืออะไร,datetime_convert,4
484,484.0,เวลาในประเทศจีนแตกต่างกับเวลาประเทศไทยกี่ชั่วโมง,datetime_convert,4
485,485.0,ถ้ามีเวลา 16.30 น. ในมอสโก จะเป็นเวลา mấyโมงในกรุงเทพฯ,datetime_convert,4
486,486.0,ถ้ามีเวลา 22.00 น. ในแคนเบอร์รา จะเป็นเวลา mấyโมงในกรุงเทพฯ,datetime_convert,4
487,487.0,ตำแหน่งของฉันกับ ลอนดอน แตกต่างกันเวลาเท่าไร,datetime_convert,4
488,488.0,เวลาท้องถิ่นในบราซิลต่างกับเวลามาตรฐานอเมริกาใต้กี่ชั่วโมง,datetime_convert,4
489,489.0,ฉันต้องการทราบเวลาในที่นั่อเมื่อมีเวลา 12.00 น. ในกรุงเทพฯ,datetime_convert,4
490,490.0,คุณสามารถเปลี่ยนเวลาจากโซนตะวันออกเฉียงใต้เป็นโซนตะวันตกได้ไหม,datetime_convert,4
491,491.0,คุณสามารถเปลี่ยนเวลาไปตามเขตเวลาของสหราชอาณาจักรได้ไหม,datetime_convert,4
492,492.0,ถ้าเป็นเวลา 18:00 น. ในมอสโก จะเป็นเวลากี่โมงในสิงคโปร์,datetime_convert,4
493,493.0,ตั้งเขตเวลาเป็นเวลามาตรฐานแอฟริกาใต้,datetime_convert,4
494,494.0,ฉันอยู่ในโซนเวลาเอเซียตะวันออก และต้องการทราบเวลาในที่นี้,datetime_convert,4
495,495.0,ถ้ามีเวลา 16.30 น. ในดูไบ จะเป็นเวลาใดในกรุงเทพฯ,datetime_convert,4
496,496.0,ส่งอีเมลถึงนายสมชายเรื่องการจัดส่งสินค้า,email_sendemail,5
497,497.0,เขียนจดหมายอิเล็กทรอนิกส์ถึงนายสมชายเรื่องงานประจำวัน,email_sendemail,5
498,498.0,กรุณาส่งอีเมลถึงบริษัทไทยแอร์เวย์สเรื่องการจองตั๋วโดยสาร,email_sendemail,5
499,499.0,ส่งอีเมลถึงคุณกฤษฎิ์เรื่องรายงานประจำเดือน,email_sendemail,5
500,500.0,กรุณาส่งอีเมลถึงคุณศักดิ์ดาเกี่ยวกับผลการทดสอบ,email_sendemail,5
501,501.0,ส่งอีเมลถึงคุณวราภรณ์เพื่อแจ้งผลการทดสอบ,email_sendemail,5
502,502.0,ฉันต้องการส่งอีเมลไปยังคุณกิตติเรื่องการพัฒนาธุรกิจ,email_sendemail,5
503,503.0,ฉันต้องการส่งอีเมลถึงบริษัทขนส่งเพื่อร้องขอตรวจสอบสถานะ,email_sendemail,5
504,504.0,ฉันมีอีเมลสำคัญต้องส่งไปหานายแพทย์,email_sendemail,5
505,505.0,ส่งอีเมลไปยังผู้อำนวยการโรงเรียนเกี่ยวกับการสมัครงาน,email_sendemail,5
506,506.0,กรุณาส่งอีเมลไปยังผู้ประสานงานโครงการวิจัย,email_sendemail,5
507,507.0,เขียนอีเมลถึงพี่สาวของผมเรื่องการจัดสวัสดิการ,email_sendemail,5
508,508.0,เขียนอีเมลถึงคุณกฤตยาเพื่อแจ้งความจำนงค์,email_sendemail,5
509,509.0,กรุณาส่งอีเมลไปยังคุณณัฐเกี่ยวกับโครงการใหม่,email_sendemail,5
510,510.0,ส่งอีเมลไปยังคุณสุธีรัตน์เรื่องการจัดซื้อสินค้า,email_sendemail,5
511,511.0,ฉันต้องการส่งอีเมลให้กับคุณสมชายเพื่อหารือประเด็นสำคัญ,email_sendemail,5
512,512.0,กรุณาส่งอีเมลถึงคุณวารินทร์ว่าขอความร่วมมือกิจกรรมของชมรม,email_sendemail,5
513,513.0,กรุณาส่งอีเมลไปยังผู้จัดการเกี่ยวกับการประชุมครั้งหน้า,email_sendemail,5
514,514.0,กรุณาส่งอีเมลถึงผู้จัดการเกี่ยวกับการประชุม,email_sendemail,5
515,515.0,ฉันต้องการส่งอีเมลไปยังคุณศักดิ์เพื่อขอความช่วยเหลือในการทำโปรเจ็คต์,email_sendemail,5
516,516.0,มีอีเมลจากธนาคารไปยังกับคุณ,email_sendemail,5
517,517.0,ส่งอีเมลถึงคุณประเสริฐเรื่องการจัดทำรายงาน,email_sendemail,5
518,518.0,ส่งอีเมลถึงคุณปิติเกี่ยวกับราคาของโรงแรม,email_sendemail,5
519,519.0,ฉันต้องการส่งอีเมลให้ผู้อำนวยการฝ่ายขาย,email_sendemail,5
520,520.0,ฉันต้องการส่งอีเมลให้กับคุณพีรยาเพื่อหารือเรื่องการศึกษา,email_sendemail,5
521,521.0,กรุณาส่งอีเมลถึงพี่สาวของผมว่าขอโทษในการไม่สามารถพบกันได้,email_sendemail,5
522,522.0,เขียนอีเมลถึงคุณวราภรณ์เพื่อแจ้งความจำนงค์,email_sendemail,5
523,523.0,กรุณาส่งอีเมลถึงคุณธนาเกี่ยวกับกำหนดการสัมมนา,email_sendemail,5
524,524.0,ฉันต้องการส่งอีเมลถึงบริษัทโทรคมนาคมเพื่อร้องขอแก้ไขปัญหา,email_sendemail,5
525,525.0,ส่งอีเมลถึงเพื่อนที่ทำงานใหม่,email_sendemail,5
526,526.0,ส่งอีเมลถึงคุณภัทราวุธเรื่องการติดตั้งระบบเครือข่าย,email_sendemail,5
527,527.0,ฉันต้องการส่งอีเมลไปยังบริษัทประกันภัย,email_sendemail,5
528,528.0,ส่งอีเมลถึงแม่ของผมว่าบอกกล่าวถึงกำหนดการส่งข้อความ,email_sendemail,5
529,529.0,ส่งอีเมลถึงคุณวราภรณ์เพื่อแจ้งกำหนดการจัดส่งสินค้า,email_sendemail,5
530,530.0,ส่งอีเมลไปยังผู้อำนวยการโรงเรียนเกี่ยวกับการประชุมครั้งหน้า,email_sendemail,5
531,531.0,มีอีเมลสำคัญต้องส่งให้คุณสมศักดิ์ในวันนี้,email_sendemail,5
532,532.0,กรุณาส่งอีเมลถึงคุณปิติเกี่ยวกับราคาของโรงแรม,email_sendemail,5
533,533.0,กรุณาส่งอีเมลถึงคุณพรสวัสดิ์เกี่ยวกับโปรแกรมการแข่งขัน,email_sendemail,5
534,534.0,ส่งอีเมลไปยังคุณณัฐพงศ์เรื่องการจัดส่งสินค้า,email_sendemail,5
535,535.0,ส่งอีเมลถึงลูกค้าว่าขอแสดงความขอบคุณสำหรับการซื้อสินค้าของเรา,email_sendemail,5
536,536.0,ส่งอีเมลถึงลูกค้าว่าขอแจ้งเตือนการใช้บริการของเรา,email_sendemail,5
537,537.0,เขียนจดหมายอิเล็กทรอนิกส์ถึงนางสาวศจิกาเรื่องการลงทะเบียน,email_sendemail,5
538,538.0,เขียนจดหมายอิเล็กทรอนิกส์ถึงคุณวิไลเรื่องการลงทะเบียน,email_sendemail,5
539,539.0,ฉันจำเป็นต้องส่งอีเมลไปยังคุณณัฐพลเพื่อแก้ไขปัญหาระบบคอมพิวเตอร์,email_sendemail,5
540,540.0,เขียนจดหมายอิเล็กทรอนikส์ถึงคุณวีรวรรณเกี่ยวกับผลการศึกษา,email_sendemail,5
541,541.0,ส่งอีเมลไปยังคุณปรีชาเกี่ยวกับข้อสงสัยในการใช้งานระบบ,email_sendemail,5
542,542.0,ฉันต้องการส่งอีเมลให้กับคุณอรัญญาเพื่อหารือเรื่องงาน,email_sendemail,5
543,543.0,ฉันต้องการส่งอีเมลถึงคุณปาริชาติเกี่ยวกับข้อเสนอทางธุรกิจ,email_sendemail,5
544,544.0,ส่งอีเมลถึงพี่สาวของผมเพื่อแจ้งข่าวสารครอบครัว,email_sendemail,5
545,545.0,เขียนอีเมลถึงคุณธนาเรื่องการติดต่อสื่อสารภายในองค์กร,email_sendemail,5
546,546.0,เขียนจดหมายอิเล็กทรอนิกส์ถึงคุณธนาเรื่องโครงการใหม่,email_sendemail,5
547,547.0,ฉันจำเป็นต้องส่งอีเมลไปยังคุณวีรศักดิ์เพื่อแจ้งผลการแข่งขัน,email_sendemail,5
548,548.0,ส่งอีเมลไปยังคุณธนพลเกี่ยวกับใบเสนอราคา,email_sendemail,5
549,549.0,มีอีเมลจาก บริษัท ไปยังกับคุณ,email_sendemail,5
550,550.0,ส่งอีเมลถึงคุณกิตติพัฒน์เพื่อแจ้งผลการทดสอบ,email_sendemail,5
551,551.0,กรุณาส่งอีเมลถึงคุณปิยะเรื่องการซื้อขายหุ้น,email_sendemail,5
552,552.0,เขียนจดหมายอิเล็กทรอนikส์ถึงคุณสุนทรเรื่องโครงการความร่วมมือ,email_sendemail,5
553,553.0,เขียนอีเมลถึงคุณธนากรว่าขอความช่วยเหลือในการแก้ไขคอมพิวเตอร์,email_sendemail,5
554,554.0,ฉันต้องการส่งอีเมลถึงคุณวราภรณ์เพื่อแจ้งข่าวสาร,email_sendemail,5
555,555.0,เขียนจดหมายอิเล็กทรอนิกส์ถึงคุณณัฐวัฒน์,email_sendemail,5
556,556.0,เขียนจดหมายอิเล็กทรอนิกส์ถึงนายประเสริฐเรื่องการติดต่อสื่อสาร,email_sendemail,5
557,557.0,ส่งอีเมลถึงคุณศักดิ์ดาเพื่อแจ้งกำหนดการจัดส่งเอกสาร,email_sendemail,5
558,558.0,ฉันจำเป็นต้องส่งอีเมลไปยังคุณวิชาญเพื่อแจ้งเตือนการประชุมครั้งหน้า,email_sendemail,5
559,559.0,เขียนจดหมายอิเล็กทรอนิกส์ถึงณัฐวัฒน์,email_sendemail,5
560,560.0,ฉันจำเป็นต้องส่งอีเมลไปยังคุณวราภรณ์เพื่อรายงานผลการทดสอบ,email_sendemail,5
561,561.0,เขียนอีเมลถึงคุณปกรณ์เรื่องรายงานประจำไตรมาส,email_sendemail,5
562,562.0,ส่งอีเมลถึงคุณพรเทพเรื่องรายงานทางการเงิน,email_sendemail,5
563,563.0,กรุณาส่งอีเมลไปยังคุณพร้อมเรื่องการติดตามความคืบหน้า,email_sendemail,5
564,564.0,ฉันต้องการส่งอีเมลถึงคุณสุริยาเกี่ยวกับแผนการจัดงาน,email_sendemail,5
565,565.0,ส่งอีเมลถึงคุณวราภรณ์เรื่องการรายงานผล,email_sendemail,5
566,566.0,เขียนอีเมลถึงลูกค้าว่าด้วยการสั่งสินค้าออนไลน์,email_sendemail,5
567,567.0,กรุณาส่งอีเมลถึงคุณธนะเรื่องการสั่งสินค้าออนไลน์,email_sendemail,5
568,568.0,เขียนอีเมลถึงคุณวรวิทย์เกี่ยวกับข้อมูลสินค้าใหม่,email_sendemail,5
569,569.0,ฉันมีอีเมลสำคัญต้องส่งไปหาพระเอก,email_sendemail,5
570,570.0,ส่งอีเมลไปยังคุณปิยะชาติเพื่อแจ้งกำหนดการสัมมนา,email_sendemail,5
571,571.0,เขียนอีเมลถึงคุณศุภโชคเกี่ยวกับผลการทดสอบ,email_sendemail,5
572,572.0,กรุณาส่งอีเมลไปยังคุณสุวรรณีเรื่องการจัดซื้อจัดจ้าง,email_sendemail,5
573,573.0,กรุณาส่งอีเมลถึงบริษัทเอไอเอ็มเรื่องการสั่งซื้อสินค้า,email_sendemail,5
574,574.0,เริ่มอีเมลถึงลูกค้าที่ใหม่ที่สุด,email_sendemail,5
575,575.0,เขียนจดหมายอิเล็กทรอนิกส์ถึงคุณสราวุธเกี่ยวกับรายละเอียดโครงการ,email_sendemail,5
576,576.0,เขียนอีเมลถึงคุณศักดิ์ว่าขอความช่วยเหลือในการทำรายงาน,email_sendemail,5
577,577.0,เขียนอีเมลถึงคุณธนพลเรื่องการรายงานผลประกอบการ,email_sendemail,5
578,578.0,เขียนอีเมลถึงคุณวิชญะเรื่องการประชุมคณะกรรมการ,email_sendemail,5
579,579.0,ฉันต้องการส่งอีเมลถึงคุณวัฒนาเกี่ยวกับโอกาสในการลงทุน,email_sendemail,5
580,580.0,ฉันต้องการส่งอีเมลไปยังกองกำลังตำรวจเพื่อรายงานเหตุการณ์อาชญากรรม,email_sendemail,5
581,581.0,ส่งอีเมลไปยังคุณอุษามะเนาะเกี่ยวกับรายงานประจำไตรมาส,email_sendemail,5
582,582.0,ฉันต้องการส่งอีเมลไปยังผู้อำนวยการเพื่อขอรับการสนับสนุน,email_sendemail,5
583,583.0,ส่งอีเมลไปยังคุณธนากรเพื่อแจ้งกำหนดการสัมมนา,email_sendemail,5
584,584.0,ส่งอีเมลถึงพี่ชายของผมว่าขอคำแนะนำในการลงทุน,email_sendemail,5
585,585.0,ฉันต้องการส่งอีเมลให้ทางบริษัทประกันภัย,email_sendemail,5
586,586.0,ฉันต้องการส่งอีเมลไปยังคุณยายเกี่ยวกับงานแต่งงาน,email_sendemail,5
587,587.0,ฉันต้องการส่งอีเมลไปยังกองทัพบกเพื่อรายงานผลการทดสอบทางทหาร,email_sendemail,5
588,588.0,ส่งอีเมลถึงแม่บอกเธอว่าคุณจะกลับมาทานอาหารเย็น,email_sendemail,5
589,589.0,ฉันต้องการส่งอีเมลถึงคุณกานต์เกี่ยวกับความจำเป็นในการประชุม,email_sendemail,5
590,590.0,กรุณาส่งอีเมลถึงคุณประภาวรรณว่าขอความร่วมมือกิจกรรมการตลาด,email_sendemail,5
591,591.0,มีอีเมลสำคัญต้องส่งให้คุณณัฐ ngay,email_sendemail,5
592,592.0,ฉันต้องการส่งอีเมลถึงบริษัทประกันภัยเพื่อร้องขอคืนเงิน,email_sendemail,5
593,593.0,เขียนจดหมายอิเล็กทรอนิกส์ถึงคุณอรัญญาเรื่องการท่องเที่ยว,email_sendemail,5
594,594.0,ฉันต้องการส่งอีเมลไปยังคุณอมรรัตน์เพื่อขอคำปรึกษา,email_sendemail,5
595,595.0,เริ่มอีเมลถึงลูกค้าที่ได้รับรางวัล,email_sendemail,5
596,596.0,คุณสามารถเล่นหนังสือเสียงได้ทุกเวลา,play_audiobook,6
597,597.0,เล่นหนังสือเสียงตลอดทั้งวัน,play_audiobook,6
598,598.0,เริ่มต้นเล่นหนังสือเสียงใหม่เลย,play_audiobook,6
599,599.0,ใช้แอปพลิเคชันเพื่อเล่นหนังสือเสียง,play_audiobook,6
600,600.0,เล่นหนังสือเสียงเรื่องความรัก,play_audiobook,6
601,601.0,อยากเล่นหนังสือเสียงของคณาจารย์,play_audiobook,6
602,602.0,เล่นหนังสือเสียงประเภทโรแมนติก,play_audiobook,6
603,603.0,เริ่มต้นฟังหนังสือเสียงตอนที่สาม,play_audiobook,6
604,604.0,เล่นหนังสือเสียงตอนท้ายสุด,play_audiobook,6
605,605.0,เริ่มเล่นหนังสือเสียงตอนที่สอง,play_audiobook,6
606,606.0,คุณช่วยเล่นหนังสือเสียงให้ฟังตลอดทั้งวัน,play_audiobook,6
607,607.0,เล่นหนังสือเสียงเรื่องอาชญกรรม,play_audiobook,6
608,608.0,อยากฟังหนังสือเสียงเรื่องราวของเขา,play_audiobook,6
609,609.0,เล่นหนังสือเสียงตอนนี้,play_audiobook,6
610,610.0,ใช้รีโมทเพื่อเล่นหนังสือเสียง,play_audiobook,6
611,611.0,เล่นหนังสือเสียงเรื่องประวัติศาสตร์,play_audiobook,6
612,612.0,เล่นหนังสือเสียงโดยนักเขียนชาย,play_audiobook,6
613,613.0,เล่นหนังสือเสียงสำหรับคนวัยรุ่น,play_audiobook,6
614,614.0,เริ่มเล่นออดิโอบุ๊กใหม่เลย,play_audiobook,6
615,615.0,เริ่มเล่นหนังสือเสียงเรื่องวิทยาศาสตร์,play_audiobook,6
616,616.0,เล่นหนังสือเสียงเรื่องผี,play_audiobook,6
617,617.0,เล่นหนังสือเสียงเรื่องศาสนา,play_audiobook,6
618,618.0,เล่นหนังสือเสียงสักเรื่องหนึ่ง,play_audiobook,6
619,619.0,เล่นอัลบั้มนิทรรศน์ของศิลปินไทย,play_audiobook,6
620,620.0,เล่นหนังสือเสียงแนวแฟนตาซี,play_audiobook,6
621,621.0,เล่นหนังสือเสียงสำหรับผู้ใหญ่,play_audiobook,6
622,622.0,เล่นหนังสือเสียงตอนบ่าย,play_audiobook,6
623,623.0,คุณช่วยเล่นหนังสือเสียงภาษาอังกฤษให้ฟังได้ไหม,play_audiobook,6
624,624.0,อยากเล่นหนังสือเสียงเกี่ยวกับอาหาร,play_audiobook,6
625,625.0,คุณช่วยเล่นหนังสือเสียงภาษาไทยให้ฟังได้ไหม,play_audiobook,6
626,626.0,เล่นหนังสือเสียงในรถ,play_audiobook,6
627,627.0,เริ่มต้นฟังหนังสือเสียงแล้ว,play_audiobook,6
628,628.0,เล่นหนังสือเสียงจากสำนักพิมพ์ใหญ่,play_audiobook,6
629,629.0,เริ่มเล่นหนังสือเสียงตอนเช้า,play_audiobook,6
630,630.0,เริ่มเล่นหนังสือเสียงใหม่ทุกสัปดาห์,play_audiobook,6
631,631.0,เริ่มเล่นหนังสือเสียงเรื่องประวัติศาสตร์,play_audiobook,6
632,632.0,เล่นหนังสือเสียงระหว่างเดินทาง,play_audiobook,6
633,633.0,คุณช่วยเล่นหนังสือเสียงภาษาอังกฤษได้ไหม,play_audiobook,6
634,634.0,เริ่มต้นฟังหนังสือเสียงตอนที่สอง,play_audiobook,6
635,635.0,คุณช่วยเล่นหนังสือเสียงภาษาไทยได้ไหม,play_audiobook,6
636,636.0,เล่นหนังสือเสียงตอนเช้า,play_audiobook,6
637,637.0,คุณสามารถเล่นหนังสือเสียงบนโทรศัพท์มือถือ,play_audiobook,6
638,638.0,เล่นหนังสือเสียงประเภทแฟนตาซี,play_audiobook,6
639,639.0,เล่นหนังสueเสียงโดยผู้ประกาศข่าว,play_audiobook,6
640,640.0,เล่นหนังสือเสียงสอนภาษาอังกฤษ,play_audiobook,6
641,641.0,คุณช่วยเล่นหนังสือเสียงให้ฟังตลอดเวลาได้ไหม,play_audiobook,6
642,642.0,คุณสามารถเล่นหนังสือเสียงฟรี,play_audiobook,6
643,643.0,ฟังหนังสือเสียงระหว่างทำงาน,play_audiobook,6
644,644.0,เริ่มเล่นหนังสือเสียงใหม่ในวันนี้,play_audiobook,6
645,645.0,เริ่มเล่นหนังสือเสียงตอนแรกเลย,play_audiobook,6
646,646.0,เล่นหนังสือเสียงโดยนักแสดงหญิง,play_audiobook,6
647,647.0,เล่นหนังสือเสียงสำหรับเด็กๆ,play_audiobook,6
648,648.0,เล่นหนังสue เสียงเรื่องท่องเที่ยว,play_audiobook,6
649,649.0,ฟังหนังสือเสียงขณะเดินทาง,play_audiobook,6
650,650.0,ใช้หูฟังมเพื่อเล่นหนังสือเสียง,play_audiobook,6
651,651.0,คุณช่วยเล่นหนังสือเสียงให้ฟังตลอดทางได้ไหม,play_audiobook,6
652,652.0,เล่นหนังสือเสียงเรื่องแฟนตาซี,play_audiobook,6
653,653.0,ฟังหนังสือเสียงก่อนนอนได้ไหม,play_audiobook,6
654,654.0,ฟังหนังสือเสียงตอนกลางคืน,play_audiobook,6
655,655.0,ฟังหนังสือเสียงขณะท่องเที่ยวได้ไหม,play_audiobook,6
656,656.0,เริ่มเล่นหนังสือเสียงตอนบ่าย,play_audiobook,6
657,657.0,เล่นหนังสือเสียงเก่าๆ,play_audiobook,6
658,658.0,คุณช่วยเล่นบทความให้ฟังได้ไหม,play_audiobook,6
659,659.0,เล่นหนังสือเสียงแบบออนไลน์,play_audiobook,6
660,660.0,เล่นหนังสือเสียงจากผู้แต่งคนโปรด,play_audiobook,6
661,661.0,คุณช่วยเล่นหนังสือเสียงภาษาจีนได้ไหม,play_audiobook,6
662,662.0,ฟังหนังสือเสียงก่อนนอน,play_audiobook,6
663,663.0,เล่นหนังสือเสียงแนวโรแมนติก,play_audiobook,6
664,664.0,อยากเล่นหนังสือเสียงภาษาอังกฤษ,play_audiobook,6
665,665.0,เล่นหนังสือเสียงแนวคอมเมดี้,play_audiobook,6
666,666.0,กลับมาฟังหนังสือเสียงตอนที่แล้ว,play_audiobook,6
667,667.0,คุณสามารถเล่นหนังสือเสียงได้ที่ไหน,play_audiobook,6
668,668.0,เล่นหนังสือเสียงของนักเขียนคนโปรด,play_audiobook,6
669,669.0,เล่นหนังสือเสียงขณะที่ทำงาน,play_audiobook,6
670,670.0,เล่นหนังสือเสียงสอนโยคะ,play_audiobook,6
671,671.0,เล่นหนังสue เสียงแนวคอมเมดี้,play_audiobook,6
672,672.0,เล่นหนังสือเสียงเกี่ยวกับธุรกิจ,play_audiobook,6
673,673.0,เล่นหนังสือเสียงโดยไม่มีโฆษณา,play_audiobook,6
674,674.0,คุณช่วยเล่นบทความทางประวัติศาสตร์ได้ไหม,play_audiobook,6
675,675.0,เล่นหนังสือเสียงสอนภาษาจีน,play_audiobook,6
676,676.0,เล่นหนังสือเสียงขณะทำงานที่สำนักงาน,play_audiobook,6
677,677.0,เล่นหนังสือเสียงสำหรับคนวัยกลาง,play_audiobook,6
678,678.0,เล่นหนังสือเสียงโดยไม่ต้องดาวน์โหลด,play_audiobook,6
679,679.0,เล่นหนังสือเสียงเกี่ยวกับประวัติศาสตร์,play_audiobook,6
680,680.0,เล่นหนังสือเสียงตอนดึกดึก,play_audiobook,6
681,681.0,คุณช่วยเล่นหนังสือเสียงให้ฟังได้ไหม,play_audiobook,6
682,682.0,ใช้รีโมทเล่นหนังสือเสียง,play_audiobook,6
683,683.0,เริ่มเล่นหนังสือเสียงตอนกลางวัน,play_audiobook,6
684,684.0,เล่นหนังสือเสียงเกี่ยวกับการศึกษา,play_audiobook,6
685,685.0,อยากฟังหนังสือเสียงตอนเย็น,play_audiobook,6
686,686.0,เล่นหนังสือเสียงประเภทไซไฟ,play_audiobook,6
687,687.0,อยากฟังหนังสือเสียงเกี่ยวกับเทคโนโลยี,play_audiobook,6
688,688.0,เริ่มต้นฟังหนังสือเสียงแล้วนะ,play_audiobook,6
689,689.0,ฟังหนังสือเสียงขณะออกกำลังกาย,play_audiobook,6
690,690.0,ฟังหนังสือเสียงก่อนอาหารเที่ยง,play_audiobook,6
691,691.0,ฟังหนังสือเสียงขณะทานอาหาร,play_audiobook,6
692,692.0,ฟังหนังสือเสียงขณะทำงานได้ไหม,play_audiobook,6
693,693.0,ใช้รีมอทรองเล่นหนังสือเสียง,play_audiobook,6
694,694.0,ฉันจะได้รู้ว่ามีหนังอะไรที่กำลังฉายอยู่,recommendation_movies,7
695,695.0,มีหนังอะไรที่กำลังฉายอยู่ในเมืองนี้,recommendation_movies,7
696,696.0,หนังอะไรที่กำลังฮิตที่สุดขณะนี้,recommendation_movies,7
697,697.0,ฉันอยากดูหนังกับเพื่อน แต่ไม่รู้จะเลือกเรื่องใด,recommendation_movies,7
698,698.0,ฉันต้องการดูหนังรักโรแมนติกเรื่องไหน,recommendation_movies,7
699,699.0,ฉันจะต้องดูหนangเรื่องอะไรคืนนี้,recommendation_movies,7
700,700.0,ฉันควรดูหนังอะไรในวันนี้,recommendation_movies,7
701,701.0,มีหนังดราม่าเรื่องใดที่กำลังฉายอยู่,recommendation_movies,7
702,702.0,มีหนังอะไรที่กำลังฉายในเมืองไทย,recommendation_movies,7
703,703.0,หนังที่ดีที่สุดในการฉายในปีนี้,recommendation_movies,7
704,704.0,ฉันอยากดูหนังกับแฟน แต่ไม่รู้จะเลือกเรื่องใด,recommendation_movies,7
705,705.0,ฉันควรดูหนังตลกเรื่องไหน,recommendation_movies,7
706,706.0,คุณสามารถแนะนำภาพยนตร์ที่กำลังเล่นอยู่ในพื้นที่ของฉันได้ไหม,recommendation_movies,7
707,707.0,ฉันควรดูหนังรักโรแมนติกเรื่องไหน,recommendation_movies,7
708,708.0,ฉันต้องการดูหนัง แต่ไม่รู้ว่าจะเลือกเรื่องใด,recommendation_movies,7
709,709.0,แนะนำหนังใหม่ที่กำลังฉายในโรงภาพยนตร์,recommendation_movies,7
710,710.0,หนังอะไรที่เหมาะสำหรับคืนนี้,recommendation_movies,7
711,711.0,ฉันต้องการดูหนังมิวสิคัลเรื่องไหน,recommendation_movies,7
712,712.0,ฉันจะได้รู้ว่ามีหนังอะไรที่กำลังฉายอยู่ในเมืองนี้,recommendation_movies,7
713,713.0,หนังเรื่องไหนที่ได้รับรางวัลมากมาย,recommendation_movies,7
714,714.0,ภาพยนตร์ที่กำลังเล่นอยู่ในโรงภาพยนต์,recommendation_movies,7
715,715.0,โปรดแนะนำหนังที่กำลังฉายในโรงภาพยนต์,recommendation_movies,7
716,716.0,แนะนำหนังที่ดีที่สุดที่กำลังเล่นอยู่,recommendation_movies,7
717,717.0,โปรดแนะนำหนังที่เหมาะสำหรับคนวัยรุ่น,recommendation_movies,7
718,718.0,คุณแนะนำภาพยนตร์ที่กำลังเล่นอยู่ในเขตของฉันไหม,recommendation_movies,7
719,719.0,ภาพยนตร์ที่คนชอบมากที่สุดในปีนี้,recommendation_movies,7
720,720.0,ฉันควรดูหนังเรื่องอะไรในวันนี้,recommendation_movies,7
721,721.0,มีหนังแนวแฟนตาซีที่ดีที่สุดในปัจจุบัน,recommendation_movies,7
722,722.0,หนังที่คนชอบมากที่สุดในปัจจุบัน,recommendation_movies,7
723,723.0,มีหนังแนวระทึกขวัญที่ดีที่สุดในปัจจุบัน,recommendation_movies,7
724,724.0,ฉันสนใจดูหนังประเภทไซไฟ,recommendation_movies,7
725,725.0,คุณสามารถแนะนำภาพยนตร์ที่กำลังฉายในโรงภาพยนตร์ได้ไหม,recommendation_movies,7
726,726.0,มีหนังอะไรที่กำลังฉายอยู่ในโรงภาพยนตร์ gầnฉัน,recommendation_movies,7
727,727.0,ฉันควรดูหนังตลกหรือไม่,recommendation_movies,7
728,728.0,ฉันควรดูหนังประวัติศาสตร์เรื่องไหน,recommendation_movies,7
729,729.0,หนังใหม่ที่ควรดูก่อนใคร,recommendation_movies,7
730,730.0,หนังที่ได้รับรางวัลมากมายในปีนี้,recommendation_movies,7
731,731.0,ฉันจะดูหนังอะไรในวันนี้,recommendation_movies,7
732,732.0,ฉันควรดูหนังเรื่องอะไรในสัปดาห์นี้,recommendation_movies,7
733,733.0,ฉันควรดูหนังอะไรคืนนี้,recommendation_movies,7
734,734.0,ฉันจะได้ดูหนังฟรีได้ที่ไหน,recommendation_movies,7
735,735.0,ฉันควรดูหนังดราม่าหรือเปล่า,recommendation_movies,7
736,736.0,หนังคุณภาพดีที่สุดในการฉายขณะนี้,recommendation_movies,7
737,737.0,ฉันควรดูหนังรักโรแมนติกหรือเปล่า,recommendation_movies,7
738,738.0,ฉันจะดูหนังเรื่องอะไรคืนนี้,recommendation_movies,7
739,739.0,ฉันควรดูหนังจากผู้กำกับใคร,recommendation_movies,7
740,740.0,ฉันจะต้องดูหนังประเภท액ชั่นวันนี้,recommendation_movies,7
741,741.0,ฉันจะตัดสินใจดูหนังเรื่องไหน,recommendation_movies,7
742,742.0,ฉันสนใจดูหนังประเภทประวัติศาสตร์,recommendation_movies,7
743,743.0,มีหนังใหม่ที่กำลังออกฉายอยู่,recommendation_movies,7
744,744.0,ฉันควรดูหนังสยองขวัญหรือเปล่า,recommendation_movies,7
745,745.0,ฉันต้องดูหนังเรื่องไหนให้ได้,recommendation_movies,7
746,746.0,หนังที่เหมาะสำหรับวัยรุ่นในปัจจุบัน,recommendation_movies,7
747,747.0,ฉันควรดูหนังแนวคอมเมดี้หรือเปล่า,recommendation_movies,7
748,748.0,ฉันควรดูหนังเรื่องใด,recommendation_movies,7
749,749.0,คุณแนะแนวภาพยนตร์ที่กำลังฉายในโรงภาพยนตร์ใกล้ฉัน,recommendation_movies,7
750,750.0,ฉันควรดูหนังประเภทไหนในวันนี้,recommendation_movies,7
751,751.0,ฉันควรดูหนังประเภทคอมเมดี้ในวันนี้,recommendation_movies,7
752,752.0,ฉันต้องการดูหนังตลก แต่ไม่รู้ว่าจะเลือกเรื่องใด,recommendation_movies,7
753,753.0,มีหนังที่กำลังฉายในโรงภาพยนต์ท้องถิ่น,recommendation_movies,7
754,754.0,ฉันอยากดูหนังกับครอบครัว แต่ไม่รู้จะเลือกเรื่องใด,recommendation_movies,7
755,755.0,ฉันควรดูหนังผจญภัยเรื่องไหน,recommendation_movies,7
756,756.0,โปรดแนะนำหนังที่เหมาะสำหรับผู้ใหญ่,recommendation_movies,7
757,757.0,ฉันควรดูหนังกีฬาเรื่องไหน,recommendation_movies,7
758,758.0,ฉันจะต้องดูหนังเรื่องอะไรในสัปดาห์นี้,recommendation_movies,7
759,759.0,มีหนังอะไรที่กำลังฉายอยู่ในเมืองไทย,recommendation_movies,7
760,760.0,มีภาพยนตร์เรื่องใดที่กำลังฉายอยู่ในโรงภาพยนตร์,recommendation_movies,7
761,761.0,ฉันจะไปดูหนังกับเพื่อนได้ที่ไหน,recommendation_movies,7
762,762.0,ฉันต้องการดูหนังประเภทไหน,recommendation_movies,7
763,763.0,ฉันต้องการดูหนังระทึกขวัญเรื่องไหน,recommendation_movies,7
764,764.0,ฉันต้องการดูหนังดราม่า แต่ไม่รู้ว่าจะเลือกเรื่องใด,recommendation_movies,7
765,765.0,มีหนังคอมเมดี้เรื่องใดที่กำลังฉายอยู่,recommendation_movies,7
766,766.0,ฉันควรดูหนังมาร์เวลหรือไม่,recommendation_movies,7
767,767.0,หนังอะไรที่คนชมมากที่สุดตลอดเวลา,recommendation_movies,7
768,768.0,หนังที่คนชมมากที่สุดในปัจจุบัน,recommendation_movies,7
769,769.0,ฉันควรดูหนังเรื่องใดในวันที่อากาศหนาว,recommendation_movies,7
770,770.0,ฉันต้องการดูหนังใหม่ที่กำลังฉายอยู่,recommendation_movies,7
771,771.0,มีหนังใหม่ที่กำลังออกฉายอยู่ในสัปดาห์นี้,recommendation_movies,7
772,772.0,ฉันจะต้องดูหนังเรื่องอะไรในวันนี้,recommendation_movies,7
773,773.0,ฉันจะต้องดูหนังเรื่องอะไรคืนนี้,recommendation_movies,7
774,774.0,มีหนังอะไรบ้างที่กำลังฉายในรอบนี้,recommendation_movies,7
775,775.0,แนะนำหนังคอมเมดี้เรื่องไหนให้ฉันดู,recommendation_movies,7
776,776.0,มีหนังแฟนตาซีเรื่องใดที่กำลังฉายอยู่,recommendation_movies,7
777,777.0,ฉันต้องการดูหนังนิยายวิทยาศาสตร์เรื่องไหน,recommendation_movies,7
778,778.0,ฉันจะดูหนังก่อนนอนทุกคืน,recommendation_movies,7
779,779.0,มีหนังอะไรที่กำลังฉายในรอบนี้,recommendation_movies,7
780,780.0,มีหนังแอคชั่นเรื่องใดที่กำลังฉายอยู่,recommendation_movies,7
781,781.0,ฉันควรดูหนังเรื่องใดในสัปดาห์นี้,recommendation_movies,7
782,782.0,มีหนังไทยเรื่องใดที่ได้รับรางวัลมากมาย,recommendation_movies,7
783,783.0,ฉันต้องการดูหนังเรื่องอะไรในสัปดาห์นี้,recommendation_movies,7
784,784.0,มีหนังอะไรที่กำลังฉายในโรงภาพยนต์ที่ใกล้ที่สุด,recommendation_movies,7
785,785.0,มีหนังไทยที่ดีที่สุดในการฉายขณะนี้,recommendation_movies,7
786,786.0,มีหนังใหม่ที่ดีที่สุดที่ฉันควรดู,recommendation_movies,7
787,787.0,คุณแนะแนวภาพยนตร์ที่เหมาะสำหรับครอบครัว,recommendation_movies,7
788,788.0,หนังเรื่องไหนที่คนชอบมากที่สุด,recommendation_movies,7
789,789.0,ฉันสนใจดูหนังประเภทไหนบ้าง,recommendation_movies,7
790,790.0,ฉันต้องการดูหนังสยองขวัญเรื่องไหน,recommendation_movies,7
791,791.0,มีหนังแนวโรแมนติคที่ดีที่สุดในปัจจุบัน,recommendation_movies,7
792,792.0,มีหนังอะไรที่กำลังฉายอยู่ในโรงภาพยนต์,recommendation_movies,7
793,793.0,หาตั๋วรถไฟไปขอนแก่นวันนี้,transport_ticket,8
794,794.0,เตือนฉันให้ซื้อตั๋วรถไฟไปเลยตอนสามโมงเย็น,transport_ticket,8
795,795.0,ซื้อตั๋วรถทัวร์ไปอยุธยาในวันพรุ่งนี้,transport_ticket,8
796,796.0,เปิดบริการจองตั๋วรถไฟล่วงหน้า,transport_ticket,8
797,797.0,จองตั๋วรถไฟไปยังสุราษฎร์ธานี,transport_ticket,8
798,798.0,หาตั๋วรถไฟไปยังระนองพรุ่งนี้,transport_ticket,8
799,799.0,เปิดตัวระบบจองตั๋วรถไฟฟ้าใหม่,transport_ticket,8
800,800.0,ฉันต้องการซื้อตั๋วรถไฟไปยังลำปาง,transport_ticket,8
801,801.0,ซื้อตั๋วรถโดยสารประจำทางไปอุบลราชธานี,transport_ticket,8
802,802.0,จองตั๋วรถไฟเที่ยวคู่ไปพิษณุโลก,transport_ticket,8
803,803.0,ฉันต้องการตั๋วชั้นหนึ่งบนรถไฟหมายเลขแปด,transport_ticket,8
804,804.0,จองตั๋วรถไฟไปยังศรีสะเกษตอนสามโมง,transport_ticket,8
805,805.0,เตือนฉันให้ซื้อตั๋วรถไฟไปตราดตอนสี่โมงเย็น,transport_ticket,8
806,806.0,ซื้อตั๋วรถทัวร์ไปกาญจนบุรีวันนี้,transport_ticket,8
807,807.0,เปิดแอพพลิเคชั่นจองตั๋วรถไฟฟ้า,transport_ticket,8
808,808.0,ซื้อตั๋วรถทัวร์ไปภูเก็ตในวันนี้,transport_ticket,8
809,809.0,เปิดระบบจองตั๋วรถไฟออนไลน์,transport_ticket,8
810,810.0,ซื้อตั๋วรถไฟไปยังหนองคายในวันเสาร์,transport_ticket,8
811,811.0,เตือนฉันให้ซื้อตั๋วรถไฟไปยังเลยเวลาเจ็ดโมงเช้า,transport_ticket,8
812,812.0,จองตั๋วรถไฟไปยังศรีสะเกษ,transport_ticket,8
813,813.0,เปิดตัวแอพจองตั๋วรถไฟฟ้าใต้ดิน,transport_ticket,8
814,814.0,ฉันต้องการรับราคาตั๋วรถไฟไปยังราชบุรี,transport_ticket,8
815,815.0,ฉันต้องการตั๋วโดยสารรถไฟไปยังมีนบุรี,transport_ticket,8
816,816.0,ซื้อตั๋วรถทัวร์ไปอยุธยาในวันศุกร์,transport_ticket,8
817,817.0,หาตั๋วรถไฟไปยังมหาสารคาม,transport_ticket,8
818,818.0,เปิดระบบจองตั๋วรถไฟออนไลน์รอบสอง,transport_ticket,8
819,819.0,หาตั๋วรถไฟไปยังมุกดาหาร,transport_ticket,8
820,820.0,ซื้อตั๋วรถทัวร์ไปศรีสะเกษในวันนี้,transport_ticket,8
821,821.0,ฉันต้องการจองตั๋วรถไฟไปยังสงขลา,transport_ticket,8
822,822.0,ซื้อตั๋วรถทัวร์ไปพัทยาในวันเสาร์,transport_ticket,8
823,823.0,ซื้อตั๋วรถไฟฟ้าลงสถานีบางกะปิ,transport_ticket,8
824,824.0,ฉันต้องการซื้อตั๋วโดยสารรถไฟไปยังสุวรรณภูมิ,transport_ticket,8
825,825.0,เตือนฉันให้จองตั๋วรถไฟไปยังนครพนม,transport_ticket,8
826,826.0,เตือนฉันให้ซื้อตั๋วรถไฟไปยังนครราชสีมาเวลาแปดโมงเช้า,transport_ticket,8
827,827.0,หาตั๋วรถไฟไปหนองคายวันนี้,transport_ticket,8
828,828.0,เปิดแอพจองตั๋วรถไฟฟ้า,transport_ticket,8
829,829.0,หาตั๋วรถไฟไปยังศรีสะเกษพรุ่งนี้,transport_ticket,8
830,830.0,ฉันต้องการจองตั๋วรถทัวร์ไปยังแม่ฮ่องสอน,transport_ticket,8
831,831.0,เปิดระบบจองตั๋วรถไฟผ่านทางมือถือ,transport_ticket,8
832,832.0,เปิดจำหน่ายตั๋วรถไฟไปยังตราด,transport_ticket,8
833,833.0,เปิดตัวระบบจองตั๋วรถไฟล่วงหน้า,transport_ticket,8
834,834.0,จองตั๋วรถไฟไปยังอุบลราชธานีอウト้นสองโมงเช้า,transport_ticket,8
835,835.0,ซื้อตั๋วรถทัวร์ไประยองในวันนี้,transport_ticket,8
836,836.0,จองตั๋วรถไฟไปยังสุราษฎร์ธานีในวันนี้,transport_ticket,8
837,837.0,จองตั๋วรถไฟไปยังแพร่วันนี้เลย,transport_ticket,8
838,838.0,ซื้อตั๋วรถไฟไปยังลพบุรี,transport_ticket,8
839,839.0,ฉันต้องการจองตั๋วรถไฟไปยังสุราษฎร์ธานี,transport_ticket,8
840,840.0,จองตั๋วรถไฟไปยังยโสธรในวันนี้,transport_ticket,8
841,841.0,จองตั๋วรถไฟไปยังบุรีรัมย์,transport_ticket,8
842,842.0,ฉันต้องการทราบราคาตั๋วรถไฟไปยังพระนครศรีอยุธยา,transport_ticket,8
843,843.0,ซื้อตั๋วรถประจำทางไปร้อยเอ็ดในวันพรุ่งนี้,transport_ticket,8
844,844.0,หาตั๋วรถไฟไปยังคอนแก่น,transport_ticket,8
845,845.0,ฉันต้องการทราบกำหนดการรถไฟไปยังกระบี่,transport_ticket,8
846,846.0,จองตั๋วรถไฟเที่ยวคืนจากกรุงเทพฯไป_udon Thani_,transport_ticket,8
847,847.0,สอบถามราคาตั๋วรถไฟไปยังมุกดาหาร,transport_ticket,8
848,848.0,เปิดตัวแอพจองตั๋วรถไฟฟ้า,transport_ticket,8
849,849.0,เตือนฉันให้จองตั๋วรถไฟไปนครสวรรค์ตอนสองโมง,transport_ticket,8
850,850.0,ฉันต้องการทราบราคาตั๋วรถไฟไปยังสงขลา,transport_ticket,8
851,851.0,ซื้อตั๋วรถประจำทางไปยังระยอง,transport_ticket,8
852,852.0,เปิดตัวแอพจองตั๋วรถทัวร์,transport_ticket,8
853,853.0,เปิดแอพพลิเคชั่นจองตั๋วรถไฟฟ้าสายสีเขียว,transport_ticket,8
854,854.0,เตือนฉันให้ซื้อตั๋วรถไฟไปตราดเวลาแปดโมงเช้า,transport_ticket,8
855,855.0,จองตั๋วรถไฟไปยังสมุทรปราการตอนหนึ่งโมง,transport_ticket,8
856,856.0,ฉันต้องการจองตั๋วรถไฟไปยังอำนาจเจริญ,transport_ticket,8
857,857.0,ฉันต้องการตั๋วโดยสารรถไฟไปยังลำปาง,transport_ticket,8
858,858.0,หาตั๋วรถไฟไปยังอยุธยาในวันศุกร์,transport_ticket,8
859,859.0,สอบถามเวลารถไฟออกจากสถานีรถไฟบางกอกน้อย,transport_ticket,8
860,860.0,จองตั๋วรถไฟเที่ยวคืนจากกรุงเทพฯ,transport_ticket,8
861,861.0,ซื้อตั๋วรถทัวร์ไปพิษณุโลกในวันนี้,transport_ticket,8
862,862.0,จองตั๋วรถไฟไปยังกาฬสินธุ์,transport_ticket,8
863,863.0,ซื้อตั๋วรถโดยสารประจำทางไปนครราชสีมา,transport_ticket,8
864,864.0,ฉันต้องการจองตั๋วรถไฟไปยังร้อยเอ็ด,transport_ticket,8
865,865.0,ฉันต้องการซื้อตั๋วรถไฟไปยังร้อยเอ็ด,transport_ticket,8
866,866.0,ฉันต้องการจองตั๋วรถไฟไปยังสุวรรณภูมิ,transport_ticket,8
867,867.0,เตือนฉันให้ซื้อตั๋วรถไฟไปสงขลาเวลาเจ็ดโมงเช้า,transport_ticket,8
868,868.0,จองตั๋วรถไฟเที่ยวคืนจากกรุงเทพฯไปเชียงใหม่,transport_ticket,8
869,869.0,ฉันต้องการจองตั๋วรถไฟไปยางพ�นทร์,transport_ticket,8
870,870.0,เปิดตัวบริการจองตั๋วรถไฟออนไลน์,transport_ticket,8
871,871.0,จองตั๋วรถไฟไปยังร้อยเอ็ดในวันศุกร์,transport_ticket,8
872,872.0,จองตั๋วรถไฟไปยังเพชรบูรณ์อูต้นหนึ่งโมงเช้า,transport_ticket,8
873,873.0,ซื้อตั๋วรถทัวร์ไปแพร่วันนี้,transport_ticket,8
874,874.0,เตือนฉันให้จองตั๋วรถไฟไปยังเชียงราย,transport_ticket,8
875,875.0,เตือนฉันให้ซื้อตั๋วรถไฟไปสงขลา เวลาแปดนาที,transport_ticket,8
876,876.0,เปิดตัวระบบจองตั๋วออนไลน์,transport_ticket,8
877,877.0,เตือนฉันให้ซื้อตั๋วรถไฟไปนครสวรรค์ตอนสามโมงเย็น,transport_ticket,8
878,878.0,จองตั๋วรถไฟไปยังตราดในวันพุธ,transport_ticket,8
879,879.0,จองตั๋วรถไฟไปยังลำปางออกตอนสองโมงเย็น,transport_ticket,8
880,880.0,ฉันต้องการตรวจสอบเวลารถไฟออกจากกรุงเทพฯ,transport_ticket,8
881,881.0,หาตั๋วรถไฟไปยังกาฬสินธุ์,transport_ticket,8
882,882.0,ฉันต้องการจองตั๋วรถทัวร์ไปยังนครสวรรค์,transport_ticket,8
883,883.0,หาตั๋วรถไฟไปยังศรีสะเกษ,transport_ticket,8
884,884.0,ซื้อตั๋วรถไฟไปย(angkhwanในวันจันทร์,transport_ticket,8
885,885.0,จองตั๋วรถไฟไปยังลำปางในวันเสาร์,transport_ticket,8
886,886.0,ฉันต้องการตั๋วชั้นสองบนรถไฟหมายเลขสี่,transport_ticket,8
887,887.0,ฉันต้องการจองตั๋วรถไฟไปยังกาฬสินธุ์,transport_ticket,8
888,888.0,หาตั๋วรถทัวร์ไปยังเชียงรายพรุ่งนี้,transport_ticket,8
889,889.0,หาตั๋วรถไฟไปยังนครราชสีมา,transport_ticket,8
890,890.0,ฉันต้องการจองตั๋วรถไฟไปยังน่าน,transport_ticket,8
891,891.0,ฉันต้องการจองตั๋วรถไฟไปยังนครสวรรค์,transport_ticket,8
892,892.0,ฉันต้องการตั๋วโดยสารรถไฟไปยังเพชรบูรณ์,transport_ticket,8
893,893.0,วันนี้ จะมีอุณหภูมิต่ำไหม,weather_query,9
894,894.0,จะมีฝนตกในวันพฤหัสบดี,weather_query,9
895,895.0,สภาพอากาศในวันจันทร์จะเป็นอย่างไร,weather_query,9
896,896.0,สภาพอากาศ ในเดือนเมษายน จะร้อนใช่ไหม,weather_query,9
897,897.0,สภาพอากาศในวันศุกร์ จะร้อนหรือเย็น,weather_query,9
898,898.0,วันนี้ จะมี แสงแดด หรือไม่,weather_query,9
899,899.0,จะมี พายุทอร์นาโด ในประเทศไทย หรือไม่,weather_query,9
900,900.0,จะมีฟ้าผ่าตกในวันพุธ,weather_query,9
901,901.0,เช้าวันนี้จะร้อนหรือเย็น,weather_query,9
902,902.0,วันที่ 20 มิถุนายน จะมีฝนตกไหม,weather_query,9
903,903.0,จะมีลมแรงในวันจันทร์,weather_query,9
904,904.0,สภาพอากาศ ในภูเก็ต วันนี้ ดีอยู่หรือไม่,weather_query,9
905,905.0,วันนี้ จะมีอากาศอบอุ่นไหม,weather_query,9
906,906.0,สภาพอากาศ ในกรุงเทพฯ สัปดาห์นี้ เป็นอย่างไร,weather_query,9
907,907.0,จะมี ฝนใหญ่ ในกรุงเทพฯ วันนี้,weather_query,9
908,908.0,จะมี ลมแรง ในวันนี้,weather_query,9
909,909.0,ในเขตบางเขน ฝนจะตกมั๊ย,weather_query,9
910,910.0,จะมีหิมะตกในวันเสาร์,weather_query,9
911,911.0,จะมี หิมะตก ในเขาใหญ่ไหม,weather_query,9
912,912.0,วันนี้จะมีอากาศหนาวจัดหรือไม่,weather_query,9
913,913.0,ฝนจะตก ที่สนามบินสุวรรณภูมิ ใช่ไหม,weather_query,9
914,914.0,สภาพอากาศ ในเดือน พฤษภาคม จะร้อนมากใช่ไหม,weather_query,9
915,915.0,จะมีฟ้าผ่าตกในวันจันทร์,weather_query,9
916,916.0,สภาพอากาศ ในภาคตะวันออกเฉียงเหนือ วันนี้ เป็นอย่างไร,weather_query,9
917,917.0,จะมีลมพัดแรงในวันพรุ่งนี้,weather_query,9
918,918.0,วันนี้จะมีอากาศร้อนจัดหรือไม่,weather_query,9
919,919.0,สภาพอากาศในช่วงเทศกาลสงกรานต์จะเป็นอย่างไร,weather_query,9
920,920.0,สภาพอากาศในวันศุกร์จะเป็นอย่างไร,weather_query,9
921,921.0,เช้านี้ จะมี หมอกหรือไม่,weather_query,9
922,922.0,สภาพอากาศ ในกรุงเทพฯ วันนี้ เป็นอย่างไร,weather_query,9
923,923.0,วันที่ 10 พฤษภาคม จะมีฝนฟ้าคะนองไหม,weather_query,9
924,924.0,จะมีฝนตกในวันพุธ,weather_query,9
925,925.0,สภาพอากาศ ในจังหวัดเชียงใหม่ วันนี้ เป็นอย่างไร,weather_query,9
926,926.0,จะมี หิมะตก ในไทย หรือไม่,weather_query,9
927,927.0,จะมี หิมะตก ในภูเขาล้อมไหม,weather_query,9
928,928.0,จะมี ฝนฟ้าคะนอง ในเดือน มิถุนายน,weather_query,9
929,929.0,สภาพอากาศ ในกรุงเทพฯ เดือน ธันวาคม จะหนาวมากใช่ไหม,weather_query,9
930,930.0,สภาพอากาศ ในภูเก็ต สัปดาห์นี้ เป็นอย่างไร,weather_query,9
931,931.0,วันที่ 20 จะมี ฝนหลวงหรือไม่,weather_query,9
932,932.0,สภาพอากาศในช่วงปิดเทอมจะเป็นอย่างไร,weather_query,9
933,933.0,สภาพอากาศในวันพฤหัสบดีจะเป็นอย่างไร,weather_query,9
934,934.0,จะมีหิมะตกในวันศุกร์,weather_query,9
935,935.0,วันที่ 15 เดือนธันวาคม จะมีหิมะตก หรือไม่,weather_query,9
936,936.0,สภาพอากาศในวันเสาร์ จะร้อนหรือเย็น,weather_query,9
937,937.0,สภาพอากาศในช่วงฤดูหนาวจะเป็นอย่างไร,weather_query,9
938,938.0,เช้าวันนี้ สภาพอากาศจะเป็นอย่างไร,weather_query,9
939,939.0,วันนี้ จะมี แสงแดดร้อน ใช่ไหม,weather_query,9
940,940.0,ฝนจะตก ที่机场ดอนเมือง ใช่ไหม,weather_query,9
941,941.0,วันที่ 30 เมษายน จะมีฝนตกไหม,weather_query,9
942,942.0,ในเดือนมิถุนายน จะมีฝนตกมากไหม,weather_query,9
943,943.0,วันที่ 15 ธันวาคม จะมีหิมะตกไหม,weather_query,9
944,944.0,เช้าวันนี้ สภาพอากาศ ร้อนสุดๆ ใช่ไหม,weather_query,9
945,945.0,จะมีฝนฟ้าคะนองในวันจันทร์,weather_query,9
946,946.0,วันนี้ จะมี หมอกลง หรือไม่,weather_query,9
947,947.0,จะมีหิมะตกในวันคริสต์มาส,weather_query,9
948,948.0,ในเขตปทุมธานี ฝนจะตกมั๊ย,weather_query,9
949,949.0,ตอนเย็น จะมี ฝนฟ้าหรือไม่,weather_query,9
950,950.0,จะมีพายุฤดูร้อนในปีนี้,weather_query,9
951,951.0,สภาพอากาศ ในเดือนมกราคม จะหนาวใช่ไหม,weather_query,9
952,952.0,จะมี พายุทอร์надโด ในไทยไหม,weather_query,9
953,953.0,วันนี้จะมีลมแรงหรือไม่,weather_query,9
954,954.0,วันที่ 25 ธันวาคม จะมีหิมะตกใช่ไหม,weather_query,9
955,955.0,ตอนนี้ สภาพอากาศเป็นอย่างไร,weather_query,9
956,956.0,สภาพอากาศ ในจังหวัดขอนแก่น วันนี้ เป็นอย่างไร,weather_query,9
957,957.0,สภาพอากาศในวันพรุ่งนี้จะร้อนหรือเย็น,weather_query,9
958,958.0,สภาพอากาศในวันอาทิตย์จะเป็นอย่างไร,weather_query,9
959,959.0,สภาพอากาศในวันนี้ ดีไหม,weather_query,9
960,960.0,เช้าวันนี้ สภาพอากาศ เป็นอย่างไร บ้าง,weather_query,9
961,961.0,อุณหภูมิในวันนี้เท่าไร,weather_query,9
962,962.0,ในเดือนพฤษภาคม จะมีแดดร้อนไหม,weather_query,9
963,963.0,ในเดือนเมษายน จะมีฝนตกมากไหม,weather_query,9
964,964.0,วันนี้ จะมีอุณหภูมิสูงไหม,weather_query,9
965,965.0,สภาพอากาศ ในจังหวัดลำปาง วันนี้ ดีอยู่หรือไม่,weather_query,9
966,966.0,ฝนจะหยุดตก เมื่อใด,weather_query,9
967,967.0,วันนี้ จะมี ฝนลมแรง ใช่ไหม,weather_query,9
968,968.0,จะมีฝนตกในวันพรุ่งนี้,weather_query,9
969,969.0,ในเขตพระนครศรีอยุธยา ฝนจะตกมั๊ย,weather_query,9
970,970.0,วันนี้จะมีอากาศอบอุ่นหรือไม่,weather_query,9
971,971.0,จะมี พายุฝนใหญ่ ในเดือน กันยายน หรือไม่,weather_query,9
972,972.0,สภาพอากาศในวันนี้ จะมีคลื่นลมไหม,weather_query,9
973,973.0,วันที่ 30 จะมี ฝนฟ้าหรือไม่,weather_query,9
974,974.0,จะมีลมแรงในวันศุกร์,weather_query,9
975,975.0,สภาพอากาศในสัปดาห์นี้ จะเป็นอย่างไร,weather_query,9
976,976.0,จะมีฝนฟ้าคะนองในวันเสาร์,weather_query,9
977,977.0,วันนี้ จะมี ฝนตก หรือไม่,weather_query,9
978,978.0,สภาพอากาศ ในจังหวัดกระบี่ วันนี้ ดีอยู่หรือไม่,weather_query,9
979,979.0,สภาพอากาศ ในเดือนธันวาคม จะหนาวใช่ไหม,weather_query,9
980,980.0,คืนนี้ ฝนตก มั๊ย,weather_query,9
981,981.0,วันที่ 15 จะมี พายุหรือไม่,weather_query,9
982,982.0,จะมี พายุไซโคลน ในไทยไหม,weather_query,9
983,983.0,วันนี้ จะมี แสงแดดร้อนใช่ไหม,weather_query,9
984,984.0,วันที่ 25 จะมี ฟ้าที่สวยหรือไม่,weather_query,9
985,985.0,สภาพอากาศ ในภาคเหนือ วันนี้ เป็นอย่างไร,weather_query,9
986,986.0,วันนี้ จะมี ฝนแล้ง หรือไม่,weather_query,9
987,987.0,จะมี ฟ้าทุกข์ในวันนี้,weather_query,9
988,988.0,วันนี้ จะมี ฟ้าผ่าตก หรือไม่,weather_query,9
989,989.0,วันที่ 15 เดือนธันวาคม จะมีหิมะตกรึเปล่า,weather_query,9
990,990.0,วันนี้ จะมี หมอกลง ใช่ไหม,weather_query,9
991,991.0,สภาพอากาศ ในจังหวัดเชียงใหม่ ปัจจุบันเป็นอย่างไร,weather_query,9
992,992.0,สภาพอากาศในสัปดาห์นี้จะเป็นอย่างไร,weather_query,9
0,,เมื่อเวลา สี่โมงเย็น ที่ ชิคาโก จะเป็นเวลากี่โมงที่ บราซิล,datetime_convert,4
1,,"สอบถามสภาพอากาศสำหรับวันอาทิตย์นี้
โปรดบอกสภาพอากาศในปัตตา亚 ในสัปดาห์นี้
มีฝนตกตอนไหนในสัปดาห์นี้
สภาพอากาศในวันศุกร์จะมีฟ้า乌คะ%i",weather_query,9
2,,ฉันจะดูเวลาทำงานของระบบเตือนภัยได้อย่างไร,alarm_query,0
3,,ฉันต้องสอบถามเวลาที่ตั้งค่าการแจ้งเตือน,alarm_query,0
4,,"_sorry I'll make sure to follow your request_
สูตรสำหรับทำปลาดูก้อนคืออะไร",cooking_recipe,3
5,,_ หากเป็นเวลา เที่ยงคืน ใน มาดริด จะเป็นเวลา几โมง ใน กรุงเทพมหานคร _,datetime_convert,4
6,,ลบปฏิทินทั้งหมด และเริ่มต้นใหม่,calendar_remove,2
7,,กรุณาส่งอีเมลบอกข่าวดีไปยังครอบครัวของฉัน,email_sendemail,5
8,,ฉันจะต้องใช้ส่วนผสมใดๆ สำหรับทำซุปครีมบรอกโคลี,cooking_recipe,3
9,,กรุณาส่ง อีเมล ถึง ร้านอาหาร Favorit ของฉัน เรื่องการจองที่นั่ง,email_sendemail,5
10,,ที่จีน กำหนดเวลา ๑๘ โมง แต่ที่ไทยจะกำหนดเวลาเท่าไร,datetime_convert,4
11,,คุณสามารถบอกได้ว่าวันนี้จะมีฝนตกมั้ย,weather_query,9
12,,จองตั๋วรถไฟชั้นที่สองไปยังสุโขทัยสำหรับพรุ่งนี้,transport_ticket,8
13,,วันนี้ มีฝนตก หรือไม่ โปรดบอกฉัน,weather_query,9
14,,ฉันต้องการเล่นหนังสือเสียงต่อจากช่วงก่อน,play_audiobook,6
15,,เล่นหนังสือเสียงเพิ่มเติมอีกสักเรื่องนะ,play_audiobook,6
16,,ฉันต้องการรู้เวลาที่ต้องปลุกในวันนี้,alarm_query,0
17,,เวลาประมาณ เท่าไร ที่ ปารีส ถึงจะเท่ากับเวลาใน กรุงเทพ,datetime_convert,4
18,,ส่งอีเมลรายงานสถานการณ์ปัจจุบัน ถึง คุณธนากร,email_sendemail,5
19,,ส่งอีเมลถึงคุณป้าที่สหรัฐอเมริกาแสดงความคิดเห็นต่อประธานาธิบดี,email_sendemail,5
20,,สภาพอากาศในวันจันทร์หน้ามีผลกระทบที่รุนแรงใช่หรือไม่,weather_query,9
21,,ลำโพงดังเกินไป ลดเสียงที,audio_volume_down,1
22,,ฉันต้องการซื้อตั๋วรถไฟฟ้าไปยังสุวรรณภูมิ,transport_ticket,8
23,,ฉันห้ามพลาดหนางรักโรแมนติกเรื่องไหนที่ดีที่สุด,recommendation_movies,7
24,,ลบ เหตุการณ์ที่กำหนดไว้แล้วออกจากปฏิทินของฉัน,calendar_remove,2
25,,ใครเคยดูหนังใหม่ที่ออกมาก่อนหน้านี้บ้าง แนะนำหนังมาด้วย,recommendation_movies,7
26,,转換เวลาจาก timezone ของญี่ปุ่นไปยัง timezone ของสหราชอาณาจักรคืออะไร,datetime_convert,4
27,,ฉันต้องการสูตรทำปลาทอด,cooking_recipe,3
28,,ฟังหนังสือเสียงต่อจากที่ค้างไว้,play_audiobook,6
29,,ฉันต้องการรู้ว่าการเตือนใดจะติดในขณะนี้,alarm_query,0
30,,"ตรวจสอบพยากรณ์อากาศในวันศุกร์นี้
มีฝนตกที่จังหวัดภูเก็ตในวันนี้ใช้มั๊ย",weather_query,9
31,,ฉันหาหนังน่ารักๆมาวัดด้วยค่ะ,recommendation_movies,7
32,,ใครสามารถบอกผมได้บ้าง ว่าที่ประเทศจีนใช้เวลาเท่าไรเมื่อเทียบกับไทย,datetime_convert,4
33,,olliewant หนัง ตลกที่คนชอบมากที่สุด,recommendation_movies,7
34,,เล่นหนังสือเสียงจากตอนแรก,play_audiobook,6
35,,ฉันกำลังมองห้าหนังสยองขวัญที่ดีที่สุด ฉันควรดูตัวไหนดี,recommendation_movies,7
36,,เล่นหนังสือเสียงชุดที่สองต่อ,play_audiobook,6
37,,วิธีทำแกงกะหรี่แบบใต้,cooking_recipe,3
38,,ขอดูตารางเวลาการปลุกของฉันทั้งหมด,alarm_query,0
39,,แปลงเวลาปัจจุบันเป็นเวลาในโตเกียว,datetime_convert,4
40,,ช่วยลดเสียงลงหน่อยนะครับ,audio_volume_down,1
41,,ฉันอยากเล่นหนังสือเสียงเรื่องใหม่,play_audiobook,6
42,,显示เวลาปลุกของฉันวันนี้,alarm_query,0
43,,ฉันจะทำสลัดในฤดูร้อนได้อย่างไร,cooking_recipe,3
44,,ลบงานของฉันออกจากปฏิทินในวันนี้,calendar_remove,2
45,,ยกเลิกการนัดหมายทุกอย่างในปฏิทิน,calendar_remove,2
46,,ฉันต้องการสูตรของแกงมัสมั่น,cooking_recipe,3
47,,ผมอยากดูหนังจากประเทศจีน มีอะไรที่น่าติดตามไหม,recommendation_movies,7
48,,สอบถามพยากรณ์อากาศในช่วงสองสามวัน,weather_query,9
49,,สามารถจองตั๋วรถไฟชั้นสองไปหาดใหญ่ได้ที่ไหน,transport_ticket,8
50,,ระบุเวลาในปารีสขณะนี้จะเป็นเวลาไหนในที่นี่,datetime_convert,4
51,,สูตรสำหรับทอดแมนจะเป็นอย่างไร,cooking_recipe,3
52,,ตั้งนาฬิกาปลุกรายงานผลการทํางานของฉันวันพรุ่งนี้,alarm_query,0
53,,ลบงานของฉันออกจากปฏิทินสิ้นเดือน,calendar_remove,2
54,,(Pyayakon) อากาศสำหรับวันที่ 15 กุมภาพันธ์ ค.ศ.2023 ที่ภูเก็ต,weather_query,9
55,,ลบนัดทุกอย่างออกจากปฏิทินของฉัน,calendar_remove,2
56,,เล่นหนังสือเสียงเรื่องรักของคุณTickCount,play_audiobook,6
57,,ฉันมีตั๋วรถไฟสองชั้นทางเดียวจากกระบี่ไปภูเก็ต,transport_ticket,8
58,,"สอบถามสภาพอากาศในวันพรุ่งนี้
ตรวจสอบสภาพอากาศสำหรับเดือนมีนาคม",weather_query,9
59,,จองตั๋วรถไฟสองชั้นจากกรุงเทพฯไปยังสุราษฎร์ธานีสำหรับสัปดาห์หน้า,transport_ticket,8
60,,เวลา Hiện tạiที่กรุงเทพฯจะเป็นเวลากี่โมงที่ปารีส,datetime_convert,4
61,,เราสามารถเปลี่ยนเวลาจากเวลาอเมริก้าสู่เวลาญี่ปุ่นได้ไหม,datetime_convert,4
62,,เวลาตอนไหนที่ฉันต้องตั้งนาฬิกาปลuk,alarm_query,0
63,,กรุณาส่งอีเมลบอกพี่ชายของฉันว่าคุณกำลังมาทำงานในวันพรุ่งนี้,email_sendemail,5
64,,ลดระดับเสียงลงให้เหลือสิบเปอร์เซ็นต์,audio_volume_down,1
65,,ขอรับตั๋วรถไฟไปยังพิษณุโลกสำหรับสามคนทำให้ราคาพิเศษ,transport_ticket,8
66,,สภาพอากาศที่นครราชสีมาจะร้อนใช่ไหม,weather_query,9
67,,ส่งอีเมลถึงลูกค้าเพื่อยืนยันการสั่งซื้อสินค้า,email_sendemail,5
68,,ฉันอยากได้ตั๋วรถไฟล่องแรกไปยังนครสวรรค์,transport_ticket,8
69,,ฉันมีการปลุกอะไรที่ตั้งคิวเอาไว้,alarm_query,0
70,,กลับมาเล่นหนังสือเสียงที่ฉันฟังไม่จบ,play_audiobook,6
71,,เล่นหนังสือเสียงเลย,play_audiobook,6
72,,ลบรายการที่เคยจองไว้ในปฏิทินของฉันออก,calendar_remove,2
73,,สูตรเมนูทอดมาน９０％สำเร็จ,cooking_recipe,3
74,,มีนาฬิกาปลุกอะไรที่ฉันตั้งไว้,alarm_query,0
75,,มีการเตือนอะไรบ้างที่ฉันตั้งไว้ในโปรแกรม,alarm_query,0
76,,ฟังหนังสือเสียงต่อนี้เลย,play_audiobook,6
77,,ถ้าเป็นเวลาห้าทุ่มที่จาการ์ต้ากี่โมงจะมีที่ย่างกุ้ง,datetime_convert,4
78,,ส่งเมล 至 ผู้จัดการเพื่อขอรับการอนุมัติโครงการ,email_sendemail,5
79,,ตรวจสอบสภาพอากาศในปัจจุบันในจังหวัดเชียงใหม่,weather_query,9
80,,เสียงดังมานะ คุณช่วยลดเสียงให้หน่อย,audio_volume_down,1
81,,กรุณาส่งอีเมลบอกเวลานัดหมายถึงเพื่อนของฉัน,email_sendemail,5
82,,จะสามารถดูประวัติการตั้งนาฬิกาปลุกของฉันได้อย่างไร,alarm_query,0
83,,อยากรู้สูตรของมัสมั่นroti,cooking_recipe,3
84,,สภาพอากาศ ใน จังหวัดภูเก็ต ตอนนี้ อย่างไร,weather_query,9
85,,ลบทุกนัดในวันนี้ออกจากปฏิทิน,calendar_remove,2
86,,ถามหน่อยนะ หนังตลกตัวใหม่เข้าฉายที่ไหน,recommendation_movies,7
87,,ลบجميعนัดหมายในทุกวันออกจากปฏิทินของฉัน,calendar_remove,2
88,,ลบนัดประชุมทั้งหมดในวันนี้,calendar_remove,2
89,,จองตั๋วรถไฟไปกระบี่ในวันพรุ่งนี้สำหรับสองคน,transport_ticket,8
90,,ฉันถามว่ามีนาฬิกาปลุกอะไรบ้างที่จะต้องทำในวันนี้,alarm_query,0
91,,จองตั๋วรถไฟล่วงหน้าหนึ่งสัปดาห์ให้ฉัน,transport_ticket,8
92,,ตอบกลับอีเมลไปยังฝ่ายบริหาร ถึง คุณณัฐพงษ์,email_sendemail,5
93,,ลบรายการจองของฉันออกจากปฏิทินวันนี้,calendar_remove,2
94,,ฉันจะต้มไข่ให้สุกได้อย่างไร,cooking_recipe,3
95,,ถ้าเวลาห้าทุ่มที่จีนจะเป็นเวลากี่โมงที่ญี่ปุ่น,datetime_convert,4
96,,พยากรณ์อากาศสำหรับเขตเมือง आजจะมีฝนตกมั้ย,weather_query,9
97,,ฉันต้องการจองตั๋วรถไฟสองชั้นตั้งแต่วันนี้จนถึงสิ้นสุดเดือน,transport_ticket,8
98,,ส่งอีเมลถามความคิดเห็นจากฝ่ายการตลาด ถึง คุณสมหมาย,email_sendemail,5
99,,ฉันต้องการทราบวิธีทำไอศครีมโดยใช้นมขวด,cooking_recipe,3
100,,สูตรสำหรับทำไข่ตุ๋นทรงไว้อย่างไร,cooking_recipe,3
101,,เล่นหนังสือเสียงชุดที่สองต่อจากบทแรก,play_audiobook,6
102,,กรุณาส่งอีเมลไปหาครอบครัวของผมเพื่อแจ้งเตือนการประชุม,email_sendemail,5
103,,ลบทุกนัดหมายออกจากปฏิทินของฉัน,calendar_remove,2
104,,มีนาฬิกาปลุกอะไรที่ฉันตั้งไว้สำหรับช่วงเวลาหนึ่ง,alarm_query,0
105,,ลดระดับเสียงทั้งหมดเลย,audio_volume_down,1
106,,จองตั๋วรถไฟสองเที่ยวจากกรุงเทพไปยังสุราษฎร์ธานี,transport_ticket,8
107,,ฉันต้องการสูตรของคุ๊กกี้โฮม メイド คืออะไร,cooking_recipe,3
108,,ส่งอีเมลไปยังบริษัทเก่าต่อนัดหมายในการประชุมใหม่,email_sendemail,5
109,,พอดีฉันขอลดเสียงนิดหนึ่ง,audio_volume_down,1
110,,ฉันสามารถหาสูตรของคัพเค้กได้ที่ไหน,cooking_recipe,3
111,,สอบถามสภาพอากาศในวันนี้,weather_query,9
112,,ผมต้องการ แปลง เวลา จาก เวลาสากล ไป ยัง เวลายุโรป เป็น เวลาไหน,datetime_convert,4
113,,.recommended หนังตลก เลยครับ,recommendation_movies,7
114,,ฉันต้องการดูตารางเวลารถไฟฟอร์จองตั๋ว,transport_ticket,8
115,,ฟังหนังสือเสียงได้แล้วเล่นต่อด้วย,play_audiobook,6
116,,อยากได้รับสูตรของชาอิตาเลียน,cooking_recipe,3
117,,ส่งอีเมลถึงฝ่ายบริการลูกค้าที่โรงแรมเพื่อสอบถามข้อมูลการจองห้องพัก,email_sendemail,5
118,,ฉันไม่ได้ยินอะไรเลยเพราะเสียงดัง กรุณาลดเสียงลง,audio_volume_down,1
119,,ขอโทษคุณสามารถช่วยเหลือฉันในการจองตั๋วรถไฟได้ไหม,transport_ticket,8
120,,หนังใหม่ๆ ที่ฉันควรดูมีอะไรบ้าง,recommendation_movies,7
121,,ส่งอีเมลถึงบริษัทเอจีน_SPI.asking_about_the_new_product,email_sendemail,5
122,,ฉันควรไปดูละครหรือหนังสักเรื่องที่ดีที่สุด,recommendation_movies,7
123,,ห้าโมงเย็น ที่ ปารีส จะกี่โมงที่ กรุงเทพฯ,datetime_convert,4
124,,ลบทุกอย่างออกจากปฏิทินของผมแล้วเริ่มต้นใหม่,calendar_remove,2
125,,ฉันอยากเล่นหนังสือเสียงเรื่องเดิมต่อจากที่ค้างไว้,play_audiobook,6
126,,ขอจองตั๋วรถไฟสำหรับเดินทางกลับไปยังกรุงเทพในวันอาทิตย์,transport_ticket,8
127,,มีสัญญาณเตือนใดๆ ที่ฉันต้องดำเนินการในวันพรุ่งนี้,alarm_query,0
128,,ขอรายการตั๋วโดยสารสำหรับเดินทางจากอยุธยาไปยังหาดใหญ่,transport_ticket,8
129,,ฉันควรดูหนังกับการผจญภัยหรือไม่,recommendation_movies,7
130,,เปลี่ยนเวลาจากไทยเป็นเวลาอังกฤษจะกี่โมง,datetime_convert,4
131,,ลบกำหนดเวลาทั้งหมดออกจากปฏิทินของฉัน,calendar_remove,2
132,,จะเปิดหนังสือเสียงอีกครั้งเพื่อฟังมาต่อ,play_audiobook,6
133,,เล่นหนังสือเสียงต่อให้จบก่อนจะไปทำอะไรelse,play_audiobook,6
134,,ลบทุกอย่างในปฏิทินวันนี้,calendar_remove,2
135,,อยากได้รับสูตรทำแกงกะหรี่ให้นำไปด้วย,cooking_recipe,3
136,,มีสัญ號เตือนใดๆ ที่ฉันต้องตรวจสอบวันนี้,alarm_query,0
137,,ฉันต้องการสูตรทำแกงคั่วหวาน,cooking_recipe,3
138,,ส่งอีเมลไปที่บริษัทขอแคทร่วมทำธุรกิจด้วย,email_sendemail,5
139,,เปลี่ยนเวลา จาก เวลาไทย ไปยัง เวลาอเมริกา,datetime_convert,4
140,,ฉันจะทำปีกไก่ทอดกรอบได้อย่างไร,cooking_recipe,3
141,,ถ้าวันนี้เวลา ๑๕:００ น. ที่ซิดนีย์ จะเวลา幾โมง ที่กรุงเทพฯ,datetime_convert,4
142,,ลบงานทุกอย่างในวันนี้ออกจากปฏิทิน,calendar_remove,2
143,,สอบถามว الوقتปัจจุบันในบราซิลจะเป็นเวลาไหนในที่นี่,datetime_convert,4
144,,เสียงดังนี้ ด้วยแล้ว กรุณาลดลง,audio_volume_down,1
145,,ลบงานทั้งหมดออกจากปฏิทิน,calendar_remove,2
146,,ห้าวันที่ผ่านมา เวลาหนึ่งทุ่ม ที่ญี่ปุ่น เทียบกับเวลาบ้านเราจะกี่โมง,datetime_convert,4
147,,ฉันสนใจดูหนังเรื่องอะไรที่คนชมมากที่สุด,recommendation_movies,7
148,,ใครเคยดูหนังใหม่จาก넷ฟลิกซ์บ้าง Recommends ให้ฉันที,recommendation_movies,7
149,,เล่นหนังสือเสียงให้ต่อไปด้วย,play_audiobook,6
150,,ต้องการจองตั๋วรถไฟชั้นธุรกิจไปภูเก็ตในวันนี้,transport_ticket,8
151,,สูตรสำหรับทอดแมนฟายคืออะไร,cooking_recipe,3
152,,เคลียร์รายการปฏิทินทั้งหมดให้โล่ง,calendar_remove,2
153,,คนกำลังฟังไม่เห็นด้วยกัน กรุณาลดเสียงลง给views,audio_volume_down,1
154,,ลบนัดทุกอย่างในวันนี้,calendar_remove,2
155,,ฉันต้องการตรวจสอบ시간ปลุกของฉันว่าเป็นอย่างไร,alarm_query,0
156,,ผู้เข้าชมขอความอนุเคราะห์ลดเสียงลง,audio_volume_down,1
157,,สภาพอากาศ ตอนนี้ เป็นอย่างไร บอกได้ไหม,weather_query,9
158,,.ollirecommend หนังรักDRAMmatic ที่ฉันจะหลงรัก,recommendation_movies,7
159,,มีหนังตลกอะไรที่กำลังฮิตมากที่สุดในกรุงเทพตอนนี้,recommendation_movies,7
160,,ฉันอยากเล่นหนังสือเสียงชื่ออะไร,play_audiobook,6
161,,ฉันต้องการดูหนังสักเรื่องที่ผู้คนพูดถึงมากที่สุดในตอนนี้,recommendation_movies,7
162,,ฉันต้องการสูตรของคอปเปอร์ไก่,cooking_recipe,3
163,,ควรเปลี่ยนเวลาจาก time zone ของประเทศญี่ปุ่นไป time zone ของประเทศไทยตอนไหน,datetime_convert,4
164,,มีนาฬิกาปลุกอะไรที่ฉันตั้งไว้สำหรับช่วงเย็น,alarm_query,0
165,,เราทำเสียงรุนแรงเกินไป ลดลงเลย,audio_volume_down,1
166,,ลดเสียงลงเยอะๆ นะ,audio_volume_down,1
167,,ลบรายการทั้งหมดออกจากปฏิทินของฉัน,calendar_remove,2
168,,_ เราอยู่ในเขตเวลาไทย แต่เราต้องการทราบว่าเป็นเวลา几โมง 在 สิงคโปร์ _,datetime_convert,4
169,,ฉันจะทำสูตรของสลัดแตงกวาอย่างไร,cooking_recipe,3
170,,มีหนังใหม่ที่ฉายทางเน็ตฟลิกซ์บ้าง แนะนำหนังมาด้วย,recommendation_movies,7
171,,เล่นหนังสือเสียงให้จบก่อนนอน,play_audiobook,6
172,,เล่นหนังสือเสียงตอนหลังของฉัน,play_audiobook,6
173,,สูตรสำหรับทำน้ำพริกเผาไก่,cooking_recipe,3
174,,เวลาไหนที่ฉันต้องตั้งสัญญาณเตือนสำหรับงานของฉัน,alarm_query,0
175,,อยากได้รับสูตรของวาฟเฟิลฟรุ๊ตตี้,cooking_recipe,3
176,,ผม อยู่ ที่ จีน และ ต้องการ รู้ ว่า เวลาปัจจุบัน ในไทย เท่าไร,datetime_convert,4
177,,ลบนัดประชุมวันพรุ่งนี้ออกจากปฏิทิน,calendar_remove,2
178,,เสียงดังนี้ ลดลงมาอีกนิด,audio_volume_down,1
179,,ลดน้อยเสียงลงหน่อย,audio_volume_down,1
180,,มีภาพยนตร์แนว科幻งที่สนุกที่สุดที่ฉันควรดู,recommendation_movies,7
181,,ลบรายการทั้งหมดในปฏิทินวันนี้,calendar_remove,2
182,,ลบประวัติการนัดหมายทั้งหมดในปฏิทินของฉัน,calendar_remove,2
183,,คุณลดน้ำเสียงให้ฉันหน่อยได้ไหม,audio_volume_down,1
184,,แปลงเวลาปัจจุบันจากgmt+7 ไปยัง gmt-5 เท่าไร,datetime_convert,4
185,,เราต้องการทราบว่าที่ไหนใช้เวลามาตรฐานของจีน เราสามารถเปลี่ยนเป็นเวลาปัจจุบันได้อย่างไร,datetime_convert,4
186,,ใครเคยดูหนังสยองขวัญเรื่องไหนที่ดีที่สุด,recommendation_movies,7
187,,ฉันต้องการฟังหนังสือเสียงต่อจากที่ค้างไว้,play_audiobook,6
188,,มีนาฬิกาปลุกรองรับการเตือนอะไรบ้าง,alarm_query,0
189,,เล่นตอนหน้าสุดท้ายของหนังสือเสียงก่อนนอน,play_audiobook,6
190,,เล่นหนังสือเสียงเพื่อผ่อนคลาย,play_audiobook,6
191,,หากว่าเป็นเวลาห้าทุ่ม ใน นิวยอร์ก จะเป็นเวลากี่โมง ใน กรุงเทพฯ,datetime_convert,4
192,,ส่งอีเมลถึงบริษัทแสดงความสนใจในการเข้าร่วมโครงการใหม่,email_sendemail,5
193,,ขอ추천หนังนδραมากำลังมาดูเลย,recommendation_movies,7
194,,เวลาห้านモงเย็นที่ โตเกียว จะตรงกับเวลา 何โมง ใน มะนิลา,datetime_convert,4
195,,เล่นหนังสือเสียงให้จบก่อนจะไปทำงาน,play_audiobook,6
196,,เสียงดังมาตั้งนานแล้ว ลดเสียงที,audio_volume_down,1
197,,ฉันอยากได้ตั๋วรถไฟราคาประหยัดจากกรุงเทพฯไปยังสุราษฎร์ธานี,transport_ticket,8
198,,เสียงดังนิดนึง ลดลงหน่อยสิ,audio_volume_down,1
199,,Recommend me a good drama movie to watch tonight. ฉันอยากดูหนังดราม่าที่ดีเย็นนี้,recommendation_movies,7
200,,ขอทราบว่ามีตั๋วรถไฟวันนี้ไหม,transport_ticket,8
201,,วันนี้สภาพอากาศเป็นอย่างไร,weather_query,9
202,,ถ้าเป็นเวลา สามโมงเช้าที่ปารีส จะเป็นเวลากี่โมงที่บังกอก,datetime_convert,4
203,,กรุณาส่งอีเมลถึงคุณป้าของคุณแจ้งเตือนการท่องเที่ยวในวันที่十五,email_sendemail,5
204,,พยากรณ์อากาศสำหรับกรุงเทพมหานครในวันเสาร์นี้,weather_query,9
205,,ยกเลิกงานในวันศุกร์ที่จะถึงนี้ในปฏิทินของฉัน,calendar_remove,2
206,,เปลี่ยน เวลาจากเวลา standard ของสหรัฐ ไปยัง เวลาของไทย,datetime_convert,4
207,,กรุณาตอบกลับอีเมลจากสมัครเล่นแจ้ง他們ว่าคุณได้รับมันก่อนหน้านี้,email_sendemail,5
208,,กรุณาส่งอีเมลบอกข่าวด่วนไปรษณีย์ที่อยู่ใหม่ของผม,email_sendemail,5
209,,ใครเคยดูหนังใหม่ที่ออกฉายไปไม่กี่วันก่อนบ้าง,recommendation_movies,7
210,,ฟังไม้หนังสือเสียงแล้วเล่นตอนแรกด้วย,play_audiobook,6
211,,เปิดหนังสือเสียงแล้วเล่นต่อ,play_audiobook,6
212,,ใครเคยดูหนังเรื่องอะไรสนุกมากที่สุด,recommendation_movies,7
213,,ยกเลิกการจองปฏิทินทั้งหมด,calendar_remove,2
214,,ฉันจะทำขนมปังช็อกโกแล็ตCHIPได้อย่างไร,cooking_recipe,3
215,,หนังคอมเมดีที่ดีที่สุดที่ฉันควรดูมีอะไรบ้าง,recommendation_movies,7
216,,ส่งอีเมลถึงอาจารย์สั่งการตรวจสอบรายงานหนึ่งของฉัน,email_sendemail,5
217,,ส่งอีเมลถึงสมาชิกในครอบครัวแจ้งเตือนการประชุมสำคัญในวันศุกร์นี้,email_sendemail,5
218,,เล่นหนังสือเสียงตอนที่แล้วต่อให้เสร็จ,play_audiobook,6
219,,ฉันอยากจะถามว่ามีการเตือนอะไรในวันนี้,alarm_query,0
220,,ตรวจสอบสภาพอากาศสำหรับวันอาทิตย์นี้,weather_query,9
221,,ลดระดับเสียงลงให้ไว,audio_volume_down,1
222,,กรุณาส่งอีเมลรายงานสถานการณ์การทำงานไปยังคุณกรรมการบริษัท,email_sendemail,5
223,,เปลี่ยนเวลาจากgmtบวกเจ็ดชั่วโมงเป็นเวลาสากล,datetime_convert,4
224,,ทำไมเราถึงจำเป็นต้องเปลี่ยนเวลาจาก เวลายุโรป ไปเป็น เวลาท้องถิ่น,datetime_convert,4
225,,ใครเคยดูหนังนิยายวิทยาศาสตร์มาบ้าง แนะนำหนังด้วย,recommendation_movies,7
226,,ตอนนี้เสียงดังเกินไป ควรลดระดับเสียงลง,audio_volume_down,1
227,,โปรดบอกสภาพอากาศ ใน ประเทศไทย สำหรับ วันที่ 15 กรกฎาคม,weather_query,9
228,,ฉันจะทำพะแนงกุ้งสดน้ำได้อย่างไร,cooking_recipe,3
229,,ช่วยลดเสียงลงหน่อย ดังเกินไปนะ,audio_volume_down,1
230,,ลบส่วนใหญ่ของรายการต่างๆออกจากปฏิทิน,calendar_remove,2
231,,สูตรของหวานแบบไทยๆ,cooking_recipe,3
232,,ฉันสามารถหาสูตรของเค้กช็อคโกแล็ตได้ที่ไหน,cooking_recipe,3
233,,ฉันกำลังมีสมาธิเล่นหนังสือเสียง,play_audiobook,6
234,,เวลาปัจจุบันมีการเตือนอะไรบ้าง,alarm_query,0
235,,เล่นหนังสือเสียงชุดที่สองต่อจากชุดที่แล้ว,play_audiobook,6
236,,ลบทุกนัดหมายในวันนี้,calendar_remove,2
237,,กรุณาแสดงเวลา ๒๐:๔๕ น. ตามเวลาในที่นั่น ถึงเวลาในญี่ปุ่น,datetime_convert,4
238,,เลื่อนหนังสือเสียงไปที่ฉันฟังไม่เสร็จ,play_audiobook,6
239,,เสียงรบกวนมาก ลดเสียงลงหน่อย,audio_volume_down,1
240,,มีหนังตลกตัวอะไรที่คนไทยชอบดูมากที่สุด,recommendation_movies,7
241,,เวลาเดียวกันที่ นิวยอร์ก คือ เวลา几โมงที่ กรุงเทพ,datetime_convert,4
242,,กรุณาส่งอีเมลถึงครอบครัวของคุณแจ้งเตือนเรื่องท่องเที่ยวในวันหยุด,email_sendemail,5
243,,เล่นหนังสือเสียงชำระ,play_audiobook,6
244,,ฉันจะจองตั๋วรถไฟสองคนไปสงขลาธรรมดา,transport_ticket,8
245,,ลบ นัด ทั้งหมด ออกจาก ปฏิทินของฉัน,calendar_remove,2
246,,คุณสามารถแนะนำหนังใหม่ที่ออกมาได้หรือเปล่า,recommendation_movies,7
247,,ฟังหนังสือเสียงช่วงเวลาไปเล่นต่อด้วยนะ,play_audiobook,6
248,,สอบถามสภาพอากาศในวันนี้และมีผลกระทบต่อการไปเล่นกีฬาไหม,weather_query,9
249,,ฉันสนใจหนังนatorie ฉันควรดูตัวไหนดีที่สุด,recommendation_movies,7
250,,ส่งอีเมลถามความคิดเห็นต่อคุณณัฐ ก่อนประชุมใหญ่,email_sendemail,5
251,,มีหนังใหม่ที่ฉันสนใจจะไปดูที่ร้าน映画เลย,recommendation_movies,7
252,,ฟังมาอีกครั้ง เล่นหนังสือเสียงต่อนี้,play_audiobook,6
253,,กรุณาหยุดเสียงดังกล่าวลงหน่อย,audio_volume_down,1
254,,เล่นหนังสือเสียงชุดที่สองต่อไป,play_audiobook,6
255,,ฟังหนังสือเสียงของฉันต่อเลย,play_audiobook,6
256,,จองตั๋วรถไฟล่วงหน้าไปยังหัวหินในวันเสาร์นี้,transport_ticket,8
257,,เสียงดังมานะ ลดระดับเสียงหน่อย,audio_volume_down,1
258,,จะมีเวลาปลุกอะไรในวันนี้,alarm_query,0
259,,มีนาฬิกาปลุกใดๆ ที่ฉันต้องตรวจสอบในวันนี้,alarm_query,0
260,,จองตั๋วรถไฟสองเที่ยวจากกรุงเทพไปพิษณุโลก,transport_ticket,8
261,,ให้ฉันทราบว่าตั๋วรถไฟมีจำหน่ายหรือไม่,transport_ticket,8
262,,จองตั๋วรถไฟประเภทดีลักซ์จากบางกอกไปยังนครราชสีมา,transport_ticket,8
263,,แปลงเวลา ๑๑:๐๐ น. จาก เวลามาตรฐานแปซิฟิก ไปยัง เวลามาตรฐานจีนค่ะ,datetime_convert,4
264,,ส่งอีเมลถึงคุณแม่ของผมแจ้งเตือนเรื่องการตรวจสอบผลการทดลอง,email_sendemail,5
265,,ผู้ชายคนนั้นลดน้ำเสียงลงให้ได้เลย,audio_volume_down,1
266,,ส่งอีเมลถึงเพื่อนสนิทถามข่าวคราว,email_sendemail,5
267,,เราสามารถแปลงเวลาปัจจุบันจาก เวลาออมฤดูของสหราชอาณาจักร ไปเป็น เวลามาตรฐานในสหรัฐได้หรือไม่,datetime_convert,4
268,,เราสามารถดูเวลาในปัจจุบันได้ที่ไหน และสามารถแปลงเวลาไปตามเขตเวลาได้,datetime_convert,4
269,,清除所有นัด ใน ปฏิทินของฉัน,calendar_remove,2
270,,ส่งอีเมลไปยังฝ่ายบุคคลเพื่อส่งใบสมัครงาน,email_sendemail,5
271,,"询ถามสภาพอากาศสำหรับวันที่ 15 นี้
สภาพอากาศในช่วงบ่ายของวันนี้จะมีฝนตกไหม",weather_query,9
272,,ลบ การนัดหมายทั้งหมดในวันนี้ออกจากปฏิทิน,calendar_remove,2
273,,ผมรบกวนเสียงดังมาก ลดเสียงลงหน่อยได้ไหม,audio_volume_down,1
274,,พูดไม่ค่อยได้ยิน กรุณาลดเสียง,audio_volume_down,1
275,,ใครเคยดูละครเรื่องอะไรบ้างที่สนุกมาก,recommendation_movies,7
276,,"อยากได้สูตรเค้กช็อคโกแลตโปรดี้
สูตรทำปลาดูก้วยีสุดยอด",cooking_recipe,3
277,,ถามสภาพอากาศในวันนี้ที่เชียงใหม่,weather_query,9
278,,เวลาปัจจุบันฉันมีสัญญาณเตือนอะไรที่จะบอกฉัน,alarm_query,0
279,,_Check the weather condition at Khon Kaen province today_,weather_query,9
280,,ลบการจองวันนี้ออกจากปฏิทิน,calendar_remove,2
281,,ฉันอยากดูหนังตลกในช่วงเทศกาลปีใหม่แนะนำหนังให้ฉันที,recommendation_movies,7
282,,เสียงรบกวนมาก ลดเสียงที,audio_volume_down,1
283,,กรุณาส่งอีเมลถึงผู้อำนวยการด้วยเรื่องที่จะต้องรายงาน,email_sendemail,5
284,,ส่งอีเมลถึงเพื่อนสนิทของผมแสดงความคิดเห็นเกี่ยวกับรูปภาพบนเฟซบุ๊ก,email_sendemail,5
285,,สูตรสำหรับทาโก้คืออะไร,cooking_recipe,3
286,,เปิดตัวเล่นหนังสือเสียงเลย,play_audiobook,6
287,,ขอโทษนะครับ ลดเสียงลง,audio_volume_down,1
288,,สอบถามสภาพอากาศในวันที่ 10 เมษายน 2565 ที่ภูเก็ต,weather_query,9
289,,เล่นกำลังคิดจากหนังสือเสียง,play_audiobook,6
290,,ฉันสอบถามราคาตั๋วรถไฟล่องเรือน้ำจากบางกอกไปยังสุโขทัย,transport_ticket,8
291,,สอบถามสภาพอากาศในวันพรุ่งนี้สำหรับกรุงเทพมหานคร,weather_query,9
292,,ลบทุกอย่างในปฏิทินของฉันออกไป,calendar_remove,2
293,,สภาพอากาศ ใน ฤดูร้อน นี้ เป็นอย่างไร,weather_query,9
294,,ลบรายการทั้งหมดในปฏิทินของฉันออกไป,calendar_remove,2
295,,จองตั๋วชั้นที่สองของรถไฟจากนครสวรรค์ไปหาดใหญ่,transport_ticket,8
296,,ฉันต้องการทราบถึงเวลาปลุกที่ฉันตั้งไว้สำหรับงานของฉัน,alarm_query,0
297,,กรุณาห้ามเสียงดังมากๆ,audio_volume_down,1
298,,เล่นหนังสือเสียงเรื่องราวใหม่ต่อให้ได้,play_audiobook,6
299,,ลดเสียงลงไปอีกนิดนะ,audio_volume_down,1
300,,ตอนนี้ สามโมงครึ่ง ใน ญี่ปุ่น แล้วเวลาใน บราซิล จะกี่โมง,datetime_convert,4
301,,ลบทุกอย่างในปฏิทินออกไปเลย,calendar_remove,2
302,,ลบรายการทั้งหมดในวันนี้,calendar_remove,2
303,,ฟังหนังสือเสียงของฉันต่อด้วยนะ,play_audiobook,6
304,,การตั้งนาฬิกาของฉันยังไม่ได้ตั้ง,alarm_query,0
305,,ลำโพงเป็นเพลง ดังนี้ ลดเสียงลง,audio_volume_down,1
306,,"ฉันควรดูหนังเรื่องอะไรดีที่สุดในตอนนี้
คุณพอจะแนะนำหนางที่ทำให้คนเห็นถึงความเป็นจริงได้ไหม",recommendation_movies,7
307,,ลบคิวทั้งหมดออกจากปฏิทินของฉัน,calendar_remove,2
308,,เมื่อไรจะมีการเตือนฉันให้ตื่นนอน,alarm_query,0
309,,อยากทราบว่าการเตือนใดที่ฉันตั้งไว้สำหรับวันที่หนึ่ง,alarm_query,0
310,,ลบนัดหมายในปฏิทินของฉันทุกครั้ง,calendar_remove,2
311,,ลบนัดหมายที่มีวันที่กำหนดไว้ในปฏิทินของฉัน,calendar_remove,2
312,,โปรดบอกสภาพอากาศที่ หัวหิน สำหรับวันพรุ่งนี้,weather_query,9
313,,ฉันสามารถหาสูตรสำหรับทำฟักแม้ว์ได้ที่ไหน,cooking_recipe,3
314,,显示เวลาปลุกร่วมกับการเตือนของฉัน,alarm_query,0
315,,ฉันอยากจะส่ง อีเมล ถึง คุณยาย ของฉัน ว่าฉันกำลังมาทานอาหารเย็นด้วยคุณหนูต่อจากนี้,email_sendemail,5
316,,เราสามารถเปลี่ยนเวลาจาก เวลาออมสิน ไปเป็น เวลากรุงเทพ ได้อย่างไร,datetime_convert,4
317,,พูดเบาๆ หน่อยได้ไหม คือเสียงดังเกินไป,audio_volume_down,1
318,,ฉันจะหาสูตรทำตabbouleh ได้ที่ไหน,cooking_recipe,3
319,,ส่งอีเมลไปที่ฝ่ายทรัพยากรบุคคลเพื่อสอบถามเกี่ยวกับการเปลี่ยนแปลงตำแหน่งงาน,email_sendemail,5
320,,สูตรสำหรับราดน้ำพริกเผาคืออะไร,cooking_recipe,3
321,,มีการปลุกอะไรที่ตั้งไว้ในระบบของฉัน,alarm_query,0
322,,กรุณาส่ง อีเมล ถึง เฟซบุ๊ก ของเพื่อนฉัน วันนี้จะมีรถไปรับที่สนามบิน,email_sendemail,5
323,,ขอแนะนำหนังใหม่ที่ฉลาดดีที่สุดที่ฉันไม่เคยดูมาทั้งหมดเลย,recommendation_movies,7
324,,ลำโพงดังน้อยลงนะ,audio_volume_down,1
325,,ฉันอยากได้รับสูตรของเค้กช็อกโกแลต,cooking_recipe,3
326,,เล่นช่วงเวลาหนึ่งของหนังสือเสียง,play_audiobook,6
327,,ฉันต้องการดูหนังจาก Netflix มีเรื่องใดน่าอ่านดู,recommendation_movies,7
328,,เลื่อนกลับไปยังหนังสือเสียง,play_audiobook,6
329,,เสียงดังมาชัดเลย ลดลงหน่อย,audio_volume_down,1
330,,จองตั๋วเครื่องบินไทยไปภูเก็ตสำหรับสัปดาห์หน้า,transport_ticket,8
331,,ฉันจะจองตั๋วรถไฟชั้นที่สองไปยังหาดใหญ่ในวันพรุ่งนี้,transport_ticket,8
332,,ฉันควรใช้ปริมาณเท่าไรในการทำสลัด,cooking_recipe,3
333,,ขอตรวจสอบราคาและเวลารถไฟไปยังสุราษฎร์ธานี,transport_ticket,8
334,,ขณะนี้มีสัญาณเตือนอะไรที่ฉันต้องทำ,alarm_query,0
335,,พูดนี้ดังมาก กรุณาลดเสียงลง,audio_volume_down,1
336,,ฉันอยากดูหนังสยองๆเร็วๆนี้โปรดแนะนะ,recommendation_movies,7
337,,อยากทำสลัดแต่งหน้าสุดยอด แต่ไม่มีสูตรแชร์ด้วย,cooking_recipe,3
338,,ระบบของเราต้องเปลี่ยนเวลาจาก-zoneเอเชียตะวันออกเฉียงใต้เป็น-zon欧美 เท่าไร,datetime_convert,4
339,,เล่นหนังสือเสียงตอนเดิมต่อเลย,play_audiobook,6
340,,มีใครแนะนำหนังรักโรแมนติคดีดีให้ฉันได้ไหม,recommendation_movies,7
341,,ส่งอีเมลถึงนายแพทย์เพื่อรับรองการเข้ารักษาพยาบาลในสัปดาห์นี้,email_sendemail,5
342,,ลบทุกอย่างในปฏิทินออกให้หมด,calendar_remove,2
343,,"สอบถามสภาพอากาศในช่วงฤดูร้อนในปีนี้
สภาพอากาศในที่ภูเก็ตจะมีฝนตกใช้มั้ย",weather_query,9
344,,ฉันสงสัยว่ามีการเตือนอะไรที่จะติดตามกำหนดการณ์ของฉัน,alarm_query,0
345,,_if it's two am here how many hours behind is los angeles_,datetime_convert,4
346,,เราสามารถทำได้สูตรของช็อกโกแลต_chip_cookieได้อย่างไร,cooking_recipe,3
347,,_it's nine thirty pm here what time is it in singapore_,datetime_convert,4
348,,มีฝนจะตกในวันอาทิตย์นี้ หรือเปล่า,weather_query,9
349,,ลบ सभี งานในวันนี้ออกจากปฏิทิน,calendar_remove,2
350,,ลบทุกงานในวันนี้ออกจากปฏิทินของฉัน,calendar_remove,2
351,,ฉันจะสอบถามเวลาตั้งของการแจ้งเตือนได้อย่างไร,alarm_query,0
352,,ฉันต้องการจองที่นั่งบนรถไฟไปยังภูเก็ต,transport_ticket,8
353,,ลำโพงเปิดดังมาก ลดเสียงหน่อยได้ไหม,audio_volume_down,1
354,,تبدیلเวลาจากกรุงเทพมหานคร ไปยัง นิวยอร์ก เท่าไร,datetime_convert,4
355,,ฉัน หา หนัง ที่ฉันชอบ ให้ดูในวันนี้,recommendation_movies,7
356,,ตรวจสอบสภาพอากาศในวันอาทิตย์นี้ที่กรุงเทพมหานคร,weather_query,9
357,,เสียงดังนี้ คุณลดนิดหน่อยได้หรือเปล่า,audio_volume_down,1
358,,จองที่นั่งตั๋วรถไฟชั้นสองไปยังเชียงใหม่,transport_ticket,8
359,,สูตรสำหรับทอดมันกุ้งก็คืออะไร,cooking_recipe,3
360,,ส่งอีเมลถึงคุณนายแตงโมถามว่าท่านจะเป็นอย่างไร,email_sendemail,5
361,,เล่นหนังสือเสียงตอนนี้ด้วยนะ,play_audiobook,6
362,,เสียงดังนี้เลยลดลงสิ,audio_volume_down,1
363,,ฉันจะตรวจสอบการเตือนในการทำงานของผมเติมได้อย่างไร,alarm_query,0
364,,ลบทุกอย่างในปฏิทินของฉัน และเริ่มต้นใหม่,calendar_remove,2
365,,ฉันอยากดูนาฬิกาปลุกที่ตั้งไว้สำหรับวันนี้,alarm_query,0
366,,ตรวจสอบสภาพอากาศสำหรับวันที่ 15 กุมภาพันธ์หน้าว่าเป็นอย่างไร,weather_query,9
367,,ส่งอีเมลถึงฝ่ายทรัพยากรบุคคลเพื่อสอบถามเกี่ยวกับการประชุมในวันพรุ่งนี้,email_sendemail,5
368,,ทำปลาดูก้วย какие ส่วนผสม,cooking_recipe,3
369,,ลบทุกนัดหมายออกจากปฏิทินของคุณ,calendar_remove,2
370,,เปิดไฟล์หนังสือเสียงและเล่นต่อ,play_audiobook,6
371,,ฉันจำเป็นต้องรู้ว่าการปลุกถึงจะเกิดขึ้นตอนไหน,alarm_query,0
372,,วันนี้ พยากรณ์อากาศ มีโอกาสลมแรง ใช้มั๊ย,weather_query,9
373,,ส่งอีเมลถึงครอบครัวของคุณแม่บอกว่าคุณได้รับมานิติที่ทำงานแล้ว,email_sendemail,5
374,,ส่วนประกอบและวิธีทำไข่ทอดครับ,cooking_recipe,3
375,,กรุณาส่งอีเมลบอกเวลาพบปะพบที่โรงแรมｍาร์ริโก็ต่อครอบครัวของฉัน,email_sendemail,5
376,,ฉันต้องการจองตั๋วรถไฟชั้นที่สองไปยังกรุงเทพฯในวันนี้,transport_ticket,8
377,,ฉันควรดูหนังเรื่องอะไรดีค่ะ,recommendation_movies,7
378,,ผม 궁금 vềสภาพอากาศในสัปดาห์นี้จะมีฝนตกไหม,weather_query,9
379,,ลบปฏิทินของคุณทิ้งไปเลย,calendar_remove,2
380,,ฉันต้องการสูตรทำแกงมัสมั่น,cooking_recipe,3
381,,มีการเตือนอะไรที่จะต้องทำในวันนี้,alarm_query,0
382,,.ฉันหาน้าหนังรักDRAMADีๆ จะดูในระหว่าง_WEEKEND_หรือเปล่า,recommendation_movies,7
383,,ฉันอยากดูหนังกีฬา แต่ไม่รู้จะดูเรื่องไหน คุณช่วยแนะนำหนังให้ดูไหม,recommendation_movies,7
384,,ฉันอยากได้สูตรของคอกะเทียมค่ะ,cooking_recipe,3
385,,เราอยู่ในเขตเวลาที่ไหนกรุณาเปลี่ยนเป็นเวลาปัจจุบัน,datetime_convert,4
386,,ฉันอยากดูหนังประเภท浪漫คอมเอดี้ย้อนหลังไปปีก่อน,recommendation_movies,7
387,,ฉันอยากดูหนังใหม่ที่ออกมายังไม่ได้ดูเลย มีเรื่องอะไรน่าดูไหม,recommendation_movies,7
388,,ขอความโปรดลดเสียงลง,audio_volume_down,1
389,,พยากรณ์อากาศสำหรับวันหยุดสัปดาห์นี้,weather_query,9
390,,จะตรวจสอบเวลาปลุกที่ฉันตั้งไว้,alarm_query,0
391,,สูตรของหวานครีมบรولي คืออะไร,cooking_recipe,3
392,,มีตั๋วรถไฟราคาประหยัดสำหรับการเดินทางระหว่างเมืองไหม,transport_ticket,8
393,,เล่นหนังสือเสียงตอนนี้ได้เลย,play_audiobook,6
394,,बदलเวลาจาก เวลายุโรปกลาง ไปยัง เวลานครบางกอกค่ะ,datetime_convert,4
395,,ฉันจำเป็นต้องดูนาฬิกาปลุกในขณะนี้,alarm_query,0
396,,เราต้องการทราบว่า ถึงเวลาไหนแล้ว เราขอเปลี่ยนเป็นเวลาไทย,datetime_convert,4
397,,กรุณาส่งอีเมลไปยังคุณยายของผมถามเธอว่าสุขภาพเธอเป็นอย่างไร,email_sendemail,5
398,,ขอโทษค่ะ กรุณาลดเสียงลง,audio_volume_down,1
399,,ฉันจะจองตั๋วรถไฟไปยังอุบลราชธานีเมื่อไร,transport_ticket,8
400,,ทำปลาดุกฟางอย่างไร,cooking_recipe,3
401,,เล่นบทหนึ่งของหนังสือเสียงที่ฉันสนุกมาก,play_audiobook,6
402,,เสียงดังนี้แล้ว กรุณาลดลง,audio_volume_down,1
403,,โปรดรีบ.tell.me.สภาพอากาศในวันนี้ที่กรุงเทพฯ,weather_query,9
404,,ต้องลดเสียงลำโพงนั่นด้วย,audio_volume_down,1
405,,เสียงดังไม่เหมาะ ลดเสียงลงหนึ่งPointF,audio_volume_down,1
406,,กรุณาตอบกลับอีเมลจากผู้จัดการแผนกขาย,email_sendemail,5
407,,ฉันอยากได้รับสูตรสำหรับทำไข่ทอด,cooking_recipe,3
408,,เคลีย راستปฏิทินทั้งหมดเพื่อเริ่มต้นใหม่,calendar_remove,2
409,,ส่งอีเมลถึงพ่อแม่ของผมนัดหมายทานอาหารเย็นในวันนี้,email_sendemail,5
410,,แสดงเวลาปัจจุบันที่ไทยแล้ว告诉ว่าเป็นเวลากี่โมงในชิคาโก,datetime_convert,4
411,,ฉันจะเล่นหนังสือเสียงต่อนี้,play_audiobook,6
412,,ลบงานของฉันในปฏิทินทุกวัน,calendar_remove,2
413,,ฉันหาหนังใหม่ฉายในโรงภาพยนต์ที่ฉันสนใจจะไปดู คุณ추천หนังไหนให้ฉันได้bai,recommendation_movies,7
414,,ฉันอยากได้สูตรทำพิซซ่าแบบอิตาลี,cooking_recipe,3
415,,ส่งอีเมลถึงครอบครัวของผมรายงานผลการสอบได้ที่ไหน,email_sendemail,5
416,,เล่นหนังสือเสียงของฉันต่อจากที่ค้างไว้,play_audiobook,6
417,,บอกผมหน่อยเกี่ยวกับหนังคอมเมดี้ใหม่ๆ,recommendation_movies,7
418,,ตรวจสอบสภาพอากาศในวันนี้ที่กรุงเทพมหานครได้มีฝนฟ้ามั้ย,weather_query,9
419,,ขอทราบเวลาการปลุกครั้งต่อไปของคุณ,alarm_query,0
420,,"ตรวจสอบพยากรณ์อากาศสำหรับวันเสาร์นี้
สภาพอากาศในวันอาทิตย์ที่จะถึงจะเป็นอย่างไร",weather_query,9
421,,กรุณาหยุดเสียงดังนั้น,audio_volume_down,1
422,,ฉันต้องการสูตรของเขียวหวานให้ช่วยด้วย,cooking_recipe,3
423,,เปิดตอนใหม่ของหนังสือเสียงนี้เลย,play_audiobook,6
424,,เวลาเจ็ดโมงเย็น ที่ปารีส ฝรั่งเศส จะเท่าไรในการแสดงเวลาของไทย,datetime_convert,4
425,,ขอจองตั๋วรถไฟสองทางจากสงขลไปหาดใหญ่สำหรับคู่ของเรา,transport_ticket,8
426,,ตรวจสอบสภาพอากาศในวันที่ 20 ของเดือนนี้หน่อย,weather_query,9
427,,ฉันต้องการรู้ว่ามีนาฬิกาปลุกอะไรที่จะบอกฉันในวันนี้,alarm_query,0
428,,ถ้าวันนี้ 时间สองทุ่มที่กรุงเทพน่าจะ몇โมง ณ ลอนดอน,datetime_convert,4
429,,คุณมีเรื่องหนังสuggestedอะไรสำหรับผม,recommendation_movies,7
430,,ส่งอีเมลถึงครอบครัวเพื่อเชิญประชุมออนไลน์ในวันศุกร์นี้,email_sendemail,5
431,,กลับมาเล่นหนังสือเสียงที่ฉันพักไว้,play_audiobook,6
432,,ฉันต้องการสอบถามเกี่ยวกับการเตือนของฉันว่ามีการตั้งค่าอะไรบ้าง,alarm_query,0
433,,ต้องการดูนาฬิกาปลุกที่ฉันตั้งไว้,alarm_query,0
434,,ฉันต้องการทราบราคาตั๋วรถไฟสองทางสำหรับเดือนหน้า,transport_ticket,8
435,,"พยากรณ์อุตุนิยมสำหรับวันพรุ่งนี้
แจ้งสภาพอากาศในวันที่สามมีนาคมที่จังหวัดเชียงใหม่",weather_query,9
436,,"ฉันกำลังมองหาเวลาที่เหมาะสมในการตั้งการปลุกสำหรับวันพรุ่งนี้
สามารถบอกได้ว่ามีนาฬิกาปลุกระหว่างตีสามถึงตีสี่มั๊ย",alarm_query,0
437,,วันนี้ มีฝนตกที่จังหวัดระยองใช้มั๊ย,weather_query,9
438,,ลบนัดหมายที่ผ่านไปแล้วออกจากปฏิทิน,calendar_remove,2
439,,เปิดaudibleแล้วเล่นหนังสือที่ฉันฟังอยู่ต่อไป,play_audiobook,6
440,,ฟังหนังสือเสียงชั้นต่อไปได้เลย,play_audiobook,6
441,,ขอจองตั๋วรถไฟจากกรุงเทพไปยังระยองให้ฉันหนึ่งใบ,transport_ticket,8
442,,แปลงเวลาตอนนี้จากกรุงเทพไปยังปารีสจะเป็น mấy โมง,datetime_convert,4
443,,เล่นช่วงเวลาของหนังสือเสียงต่อ,play_audiobook,6
444,,ลบงานประชุมออกจากปฏิทินสัปดาห์นี้,calendar_remove,2
445,,ส่งอีเมลถามข่าวคราวถึงครอบครัวของพ่อ,email_sendemail,5
446,,สูตรของต้มยำกุ้งควรใส่什ิใด,cooking_recipe,3
447,,เล่นหนังสือเสียงตามรายการโปรดของฉัน,play_audiobook,6
448,,เปลี่ยนเวลาจาก.gmt ไป.your local time ให้เรารู้ด้วย,datetime_convert,4
449,,ขอโทษคุณสามารถจองตั๋วรถไฟให้ฉันได้ไหม,transport_ticket,8
450,,ฉันขอลดเสียงทีวีลงหน่อย,audio_volume_down,1
451,,เราต้องการสูตรของปลาทอดครึ่งทรงค่ะ,cooking_recipe,3
452,,"ใครมีสูตรทำสลัดผลไม้รวมไว้
สูตรเมนูทอดกระเทียม ให้ลองทำดู",cooking_recipe,3
453,,คุณช่วยลดเสียงให้นุ่มหน่อยได้ไหม,audio_volume_down,1
454,,"สอบถามสภาพอากาศในวันเสาร์นี้
มีฝนตกในวันจันทร์นี้ใช้มั้ย",weather_query,9
455,,ฟังหนังสือเสียงแล้วเล่นต่อ,play_audiobook,6
456,,เราสามารถแปลงเวลาปัจจุบันไปเป็นเวลาของ ลอนดอน ได้หรือไม่,datetime_convert,4
457,,เล่นหนังสือเสียงตอนแรกให้มารวบรวมเอาไว้ด้วย,play_audiobook,6
458,,เราต้องการทราบว่า เวลาปัจจุบันของเราคือเวลาไหน ในเวลาของสหรัฐอเมริกา,datetime_convert,4
459,,แปลงเวลาที่นี่จากเขตเวลาอังกฤษไปยังเขตเวลาเอเซียตะวันออกเฉียงใต้,datetime_convert,4
460,,ส่งอีเมลถึงคุณยายถามข่าวเธอและครอบครัวด้วย,email_sendemail,5
461,,ฉันจำเป็นต้องดูเวลาปลุกล่าสุดของคุณ,alarm_query,0
462,,วันที่สามสิงหาคม ปีนี้ ที่ภูเก็ต อากาศจะเป็นอย่างไร,weather_query,9
463,,เสียงดังนี้ ฉันต้องการให้คุณลด xuống,audio_volume_down,1
464,,อยากดูหนังสักเรื่องที่คนไทยประทับใจ,recommendation_movies,7
465,,ลบนัดวันนี้ทิ้งไปเลย,calendar_remove,2
466,,ฟังมาอีกครั้งเล่นหนังสือเสียงได้แล้ว,play_audiobook,6
467,,หนังรักโรแมนติกเรื่องใดที่ฉันควรดู,recommendation_movies,7
468,,ลบนัดหมายทุกอย่างออกจากปฏิทิน,calendar_remove,2
469,,จะเริ่มต้นการตั้งนาฬิกาปลุกได้อย่างไร,alarm_query,0
470,,เล่นหนังสือเสียงที่ฉันฟังมาตั้งแต่เช้า,play_audiobook,6
471,,ส่งอีเมลถึงคุณพ่อแม่ของผมบอกพวกเขาว่าคุณกำลังทำอะไร,email_sendemail,5
472,,ขอดูตารางรถไฟและการจองค์ตั๋วไปยะลาให้ด้วย,transport_ticket,8
473,,ส่งอีเมลถึงเพื่อนสนิทถามหาผลสอบได้อย่างไรบ้าง,email_sendemail,5
474,,ส่งอีเมลถึงประธานบริษัทเพื่อสอบถามเกี่ยวกับโครงการใหม่,email_sendemail,5
475,,ต้องการตรวจสอบการตั้งค่าการแจ้งเตือนของฉันถึงเวลาไหน,alarm_query,0
476,,ฉันต้องใช้ส่วนผสมอะไรในการทำแกงกะหรี่,cooking_recipe,3
477,,ฉันต้องการดูตารางเวลารถไฟและราคาตั๋วไปกรุงเทพฯ,transport_ticket,8
478,,ภาพยนตร์แนวแอคชั่นที่ดีที่สุดในช่วงซัมเมอร์นี้,recommendation_movies,7
479,,เล่นตอน tiếp theo ของหนังสือเสียง,play_audiobook,6
480,,ฉันขอลดเสียงลงได้ไหมครับ,audio_volume_down,1
481,,เสียงดังมีเกินไป คุณลดลงหน่อย,audio_volume_down,1
482,,เราต้องการทราบเวลาในปัจจุบันที่ มอสโก และConvert ให้เป็นเวลาไทย,datetime_convert,4
483,,เปลี่ยนเขตเวลาจากเขตเวลาเอธิโอเปียเป็นเขตเวลาสหราชอาณาจักร,datetime_convert,4
484,,เล่นหนังสือเสียงชบาไพรต่อ,play_audiobook,6
485,,ขณะ nào ฉันต้องรับการแจ้งเตือนเกี่ยวกับกำหนดการต่างๆ,alarm_query,0
486,,ฉันจำไม่ได้ว่าตั้งปลุกรถไหนไว้,alarm_query,0
487,,ฉันต้องการดูหนังนowskiที่เหมาะสมที่สุดในวันนี้,recommendation_movies,7
488,,ลบนัดหมายทุกอย่างในวันนี้ออกจากปฏิทิน,calendar_remove,2
489,,อยากทราบสูตรทำฟักแม้วิธีทอดด้วยไฟ,cooking_recipe,3
490,,เสียงมันดังเกินไป ฉันอยากลดเสียงลง,audio_volume_down,1
491,,ลบรายการต่างๆออกจากปฏิทินส่วนตัวของฉัน,calendar_remove,2
492,,ยกเลิกทุกๆ การนัดหมายในวันนี้,calendar_remove,2
493,,มีการแจ้งเตือนในระบบของฉันอย่างไร,alarm_query,0
494,,ฉันจะได้รับสูตรสำหรับทำเค้กช็อคโกแล็ตได้ที่ไหน,cooking_recipe,3
495,,ตรวจสอบสภาพอากาศสำหรับวันที่สามสิบเอ็ดเดือนมกราคม,weather_query,9
496,,พยากรณ์อากาศสำหรับวันพรุ่งนี้,weather_query,9
497,,ใครลดน้ำเสียงทีวีให้หน่อย,audio_volume_down,1
498,,จองตั๋วรถไฟโดยสารไปยังนครราชสีมาให้ฉันสามใบ,transport_ticket,8
499,,เล่นหนังสือเสียงของฉันต่อ,play_audiobook,6
500,,ฉันจะเล่นหนังสือเสียงตอนนี้,play_audiobook,6
501,,เล่นหนังสือเสียงเรื่องราวของฉันต่อ,play_audiobook,6
502,,ส่งอีเมลไปยังเพื่อนสนิทของคุณบอกพวกเขาว่าคุณกำลังมีปัญหาในการทำงาน,email_sendemail,5
503,,ปรับปรุงปฏิทินโดยลบรายการทั้งหมด,calendar_remove,2
504,,หนังคอมเมดี้เรื่องไหนสนุกที่สุด,recommendation_movies,7
505,,"ฉันอยากได้สูตรของแกงกะหรี่=====
ทำไข่ทอดให้กรอบแบบไหน",cooking_recipe,3
506,,เล่นหนังสือเสียงชบาไพร,play_audiobook,6
507,,เล่นหนังสือเสียงจาก Audible นี้,play_audiobook,6
508,,เริ่มเล่นหนังสือเสียงใหม่,play_audiobook,6
509,,ลบกำหนดการจับเวลาในวันพรุ่งนี้ออกจากปฏิทินของฉัน,calendar_remove,2
510,,ฉันต้องการดูตารางเวลาและราคาตั๋วรถไฟไปยังนครสวรรค์,transport_ticket,8
511,,กรุณาส่งอีเมลบอกเวลาการประชุมไปยังสมาชิกในทีมของคุณ,email_sendemail,5
512,,ฉันกำลังมองหาสูตรของเกี๊ยวน้ำแดงค่ะ,cooking_recipe,3
513,,มีหนังใหม่อะไรสนุกๆ ให้ดูก่อน,recommendation_movies,7
514,,ฉันมีนาฬิกาปลุกรถจะระฆังส่งเสียงตอนไหน,alarm_query,0
515,,ฉันจะทำสลัดทะเลไดีอย่างไร,cooking_recipe,3
516,,ลบกิจกรรมที่ไม่สำคัญออกจากปฏิทินของฉัน,calendar_remove,2
517,,เสียงดังเกินไป รบกวนคุณลดเสียงลง,audio_volume_down,1
518,,取消รายการทั้งหมดในปฏิทินของฉัน,calendar_remove,2
519,,หนังคมาดดีที่ฉันไม่ควรพลาดเลย,recommendation_movies,7
520,,ขอจองตั๋วรถไฟลำด่วนไปยะลาให้ฉันหนึ่งใบหน่อย,transport_ticket,8
521,,คุณมีเรื่องไหนที่ควรดูสำหรับผู้ชาย,recommendation_movies,7
522,,เคลียร์ปฏิทินทั้งหมดแล้วลบหมด,calendar_remove,2
523,,พยากรณ์อากาศสำหรับเดือนมีนาคม,weather_query,9
524,,มีฝนตกตอนไหน ของ วันนี้,weather_query,9
525,,_ ถ้ามีเวลา สามทุ่ม ที่ ซิดนีย์ จะมีเวลา幾โมงใน กรุงเทพ _,datetime_convert,4
526,,จองตั๋วรถไฟชั้นต้นไปยังเชียงใหม่,transport_ticket,8
527,,ฉันอยากทราบว่ามีการเตือนอะไรบ้างในวันนี้,alarm_query,0
528,,ฉันต้องการรู้ว่ามีการเตือนใดๆ ที่ฉันต้องทำในวันนี้,alarm_query,0
529,,.tell me the weather forecast for bangkok this week.,weather_query,9
530,,ฉันอยากจองตั๋วรถไฟไปยังสงขลาในวันพรุ่งนี้早上八โมง,transport_ticket,8
531,,ฉันสงสัยวิธีทำสลัดแตงโมคืออะไร,cooking_recipe,3
532,,สูตรสำหรับปาท่องโก๋คืออะไร,cooking_recipe,3
533,,เวลาไหนที่ฉันต้องตั้งการเตือน,alarm_query,0
534,,ขณะนี้มีเวลา ๑๕ โมง ที่ปารีส จะเทียบเท่าการแสดงเวลา ณ กรุงเทพฯ เท่าไร,datetime_convert,4
535,,ส่งอีเมลถึงฝ่ายบุคคลสอบถามเกี่ยวกับการสมัครงาน newest position,email_sendemail,5
536,,เล่นหนังสือเสียงที่ฉันสนุกมาก,play_audiobook,6
537,,ลบนัดหมายทั้งหมดในสัปดาห์นี้ออกจากปฏิทิน,calendar_remove,2
538,,ฉันต้องการเล่นหนังสือเสียงต่อจากตอนก่อน,play_audiobook,6
539,,เล่นหนังสือเสียงต่อนั้นทำให้รู้สึกสนุกมาก,play_audiobook,6
540,,สภาพอากาศที่เชียงใหม่วันนี้ร้อนแค่ไหน,weather_query,9
541,,เล่นหนังสือเสียงต่อจากที่ค้างไว้,play_audiobook,6
542,,คุณลดน้ำเสียงลงหน่อยได้ไหม,audio_volume_down,1
543,,ลดเสียงลำโพงให้เงียบหน่อย,audio_volume_down,1
544,,ลบทุกอย่างออกจากปฏิทินของฉัน,calendar_remove,2
545,,ส่งอีเมลถึงคุณณัฐพงศ์เพื่อขอรายงานความคืบหน้าของโครงการ,email_sendemail,5
546,,ใครมีสูตรน้ำพริกเผาที่อร่อยบอกด้วย,cooking_recipe,3
547,,กรุณาหยุดเสียงดังกล่าว ลดระดับเสียงลง,audio_volume_down,1
548,,ฉันต้องการดูตารางเวลาและราคาของตั๋วรถไฟจากกรุงเทพไปยังกาญจนบุรี,transport_ticket,8
549,,ส่งอีเมลถึงครอบครัวของผมถามว่ามีความสุขด้วยหรือไม่,email_sendemail,5
550,,ยกเลิกทุกนัดในปฏิทินของฉัน,calendar_remove,2
551,,_now it's three pm in indonesia what time is it in vietnam_,datetime_convert,4
552,,ลบทุกงานในวันที่หนึ่งของเดือนมกราคมออกจากปฏิทิน,calendar_remove,2
553,,ส่งอีเมลถึงเพื่อนสนิทของคุณเพื่อรับรองว่าเขาจะมาร่วมงานเลี้ยงในวันศุกร์นี้,email_sendemail,5
554,,ลบนัดหมายทุกอย่างในวันพรุ่งนี้,calendar_remove,2
555,,ได้บอกฉันเวลาห้าทุ่ม ที่นี่ เป็นเวลาเท่าไไรใน ฮ่องกง,datetime_convert,4
556,,ฉันอยากจะดูตารางเวลารถไฟและราคาของตั๋ว,transport_ticket,8
557,,ให้ฉันดูตารางเวลารถไฟและราคาตั๋วเลย,transport_ticket,8
558,,หนังใหม่ที่ออกฉายในสัปดาห์นี้มีอะไรบ้างโปรด告诉ฉัน,recommendation_movies,7
559,,เราต้องการทราบว่า เวลาเดียวกันที่ นิวยอร์ก จะเป็นเวลากี่โมงที่ โตเกียว,datetime_convert,4
560,,คนแกหลังไม่เข้าใจ กรุณาลดเสียงลง,audio_volume_down,1
561,,เราช่วยคุณแปลงเวลาปัจจุบันเป็นเวลาสิงคโปร์ได้เลย,datetime_convert,4
562,,ฉันจะทำสลัดทะเลได้อย่างไร,cooking_recipe,3
563,,จองตั๋วรถไฟฟarendue ไป หาดใหญ่ วันนี้,transport_ticket,8
564,,เอาเสียงลงมาอีกนิดนะ,audio_volume_down,1
565,,หนังตลกใหม่ที่ฉลาดที่สุดในขณะนี้คืออะไร,recommendation_movies,7
566,,คุณมีคำแนะนำหนังใหม่ๆ ให้ฉันได้ไหม,recommendation_movies,7
567,,สูตรของต้มยำกุ้งน้ำดำ,cooking_recipe,3
568,,ฉันมีนาฬิกาปลุกที่ตั้งไว้สำหรับช่วงเวลาใด,alarm_query,0
569,,ฉันหาหนางตลกๆ ดูแล้วบอกต่อว่าเป็นยังไง,recommendation_movies,7
570,,หนังมafiaหวาน.AI recommand ให้ดูก่อนจะหมดเข้าโรง,recommendation_movies,7
571,,ฉันต้องการตรวจสอบนาฬิกาปลุกที่ฉันตั้งไว้,alarm_query,0
572,,ถ้าเป็นเวลา สามโมงเย็น ที่ ปารีส จะเป็นเวลากี่โมงที่ มิลาน,datetime_convert,4
573,,เสียงดังก็ลดลงเอง,audio_volume_down,1
574,,ส่งข้อความทางอีเมลไปยังแฟนส่วนตัวถามพวกเขาว่าเวลาทำงานจะเป็นอย่างไร,email_sendemail,5
575,,เล่นหนังสือเสียงของฉันทีหล�,play_audiobook,6
576,,ขอตรวจสอบราคาตั๋วรถไฟล่วงหน้าหนึ่งสัปดาห์,transport_ticket,8
577,,กรุณาส่งอีเมลไปยังคณะกรรมการเพื่อเสนอแนวคิดสำหรับการพัฒนาธุรกิจ,email_sendemail,5
578,,ขอซื้อตั๋วรถไฟสำหรับการเดินทางจากหาดใหญ่ไปยังสงขลา,transport_ticket,8
579,,เล่นกล่องข้าวของนิยายต่อ,play_audiobook,6
580,,สอบถามสภาพอากาศในทุก ๆ แห่งของไทยในวันนี้,weather_query,9
581,,ปรับเสียงร้องลงมานิด,audio_volume_down,1
582,,ลบงานทั้งหมดในวันนี้ออกจากปฏิทินของฉัน,calendar_remove,2
583,,จองตั๋วรถไฟไปยังสกลนครสำหรับคืนนี้,transport_ticket,8
584,,ส่งอีเมลถึงเพื่อนสนิทของผมต้องการสอบถามเกี่ยวกับงานของเขาที่baru,email_sendemail,5
585,,ส่งอีเมลถึงคุณปิยะเกี่ยวกับรายงานประจำเดือนที่แล้ว,email_sendemail,5
586,,เล่นช่วง tiếp theo ของหนังสือเสียง,play_audiobook,6
587,,อยากได้สูตรของหวาน,cooking_recipe,3
588,,ตรวจสอบสภาพอากาศในวันนี้ที่กรุงเทพมหานครให้ได้ผลลัพธ์ทางสถิติ,weather_query,9
589,,ส่งอีเมลถามข้อมูลผลิตภัณฑ์ใหม่ถึงฝ่ายขายของบริษัท,email_sendemail,5
590,,สูตรสำหรับทำไข่เจียวคืออะไร,cooking_recipe,3
591,,_change timezone from irish to thailand_,datetime_convert,4
592,,สูตรของคิวปidineคือกี่โมง,cooking_recipe,3
593,,กรุณาส่งอีเมลบอกเวลาทำงานของคุณไปยังพี่เลี้ยงด้วย,email_sendemail,5
594,,ตรวจสอบสภาพอากาศในวันเสาร์นี้ที่หัวหินหน่อย,weather_query,9
595,,เล่นหนังสือเสียงนี้ให้หมดเลย,play_audiobook,6
596,,ลดระดับเสียงลงไปอีกนิดนะ,audio_volume_down,1
597,,ฉันทำแกงกะหรี่ได้อย่างไร,cooking_recipe,3
598,,หาก現在時間ห้าทุ่มในที่นี่จะ몇โมง ณ ประเทศจีน,datetime_convert,4
599,,_ ฉันต้องการทราบเวลา ปัจจุบัน ใน กรุงเวียงจันทร์ โปรดบอกฉันว่ามันเป็นเวลา几โมง _,datetime_convert,4
600,,เสียงลำโพงค่อนข้างดัง คุณลดย xuống,audio_volume_down,1
601,,ฉันต้องการถามเกี่ยวกับราคาตั๋วรถไฟในเดือนหน้า,transport_ticket,8
602,,ฉันจะต้มไข่ได้อย่างไรโดยไม่ให้ไข่แตก,cooking_recipe,3
603,,ฉันจะตั้งนาฬิกาปลुकในเวลาใดเพื่อให้ทันด้วยงานของฉัน,alarm_query,0
604,,ลดเสียงลงให้ด้วย กรุณา,audio_volume_down,1
605,,ส่งอีเมลถึงเพื่อนสนิทถามว่าอุบัติเหตุไฟไหม้ที่บ้านเขาได้รับความเสียหายมากเท่าใด,email_sendemail,5
606,,如果現在時間是 ๒๐ โมง ที่กรุงเทพฯ จะเท่ากับเวลาไหนในทокиyo,datetime_convert,4
607,,ลบปฏิทินที่มีนัดหมายซ้ำซ้อน,calendar_remove,2
608,,วันที่หนึ่งเมษายนปีนี้ที่ภูเก็ต อากาศจะเป็นอย่างไร,weather_query,9
609,,วันที่ 15 เมษายน ปี 2023 ที่ เชียงใหม่ อากาศจะเป็นอย่างไร,weather_query,9
610,,กรุณาส่งอีเมลบอกเวลาการประชุมถึงสมาชิกในทีมงาน,email_sendemail,5
611,,ส่งอีเมลถามรายละเอียดถึงทางโรงแรมสำหรับการประชุม sắpมา,email_sendemail,5
612,,ฉันต้องการซื้อตั๋วรถไฟสำหรับรอบสอง,transport_ticket,8
613,,หนังตลกที่ฉันไม่ควรพลาด มีอะไรที่แนะนำบ้าง,recommendation_movies,7
614,,มีพายุที่กรุงเทพมหานครในวันนี้ใช้มั๊ย,weather_query,9
615,,คุณลดน้ำเสียงให้ผมที,audio_volume_down,1
616,,มีƠาการเตือนอะไรรองรับฉันอยู่,alarm_query,0
617,,ฟังหนังสือเสียงต่อด้วย,play_audiobook,6
618,,ลบงานวันนี้ออกจากปฏิทินของฉันแล้วปรับปรุงใหม่,calendar_remove,2
619,,มีหนังตลกๆไหนที่ฉันไม่ควรพลาด,recommendation_movies,7
620,,ฟังหนังสือเสียงเรื่องใหม่ต่อด้วยนะ,play_audiobook,6
621,,ฉันต้องการสอบถามเกี่ยวกับราคาของตั๋วรถไฟชั้นหนึ่งไปกรุงเทพอาทิตย์นี้,transport_ticket,8
622,,현재 คือ สองโมงครึ่ง เราต้อง แปลง เวลา ให้เป็น เวลาที่ บราซิล,datetime_convert,4
623,,ฉันต้องการสูตรของแกงเขียวหวานมังคะ,cooking_recipe,3
624,,มีฝนตกที่ ราชบุรีวันนี้ หรือเปล่า,weather_query,9
625,,ส่งอีเมลถึงแฟนคลับแจ้งกำหนดการแสดงดนตรีต่อไปนี้,email_sendemail,5
626,,ฉันจะจองตั๋วรถไฟไปยังพิษณุโลกในวันพรุ่งนี้,transport_ticket,8
627,,ฉันจะจองตั๋วรถไฟไปยังนครราชสีมาได้อย่างไร,transport_ticket,8
628,,คุณ ช่วย แนะนำ หนังรักDRAMАดีด้วย,recommendation_movies,7
629,,ลบปฏิทินที่ไม่ต้องการแล้ว,calendar_remove,2
630,,"ใครเคยดูหนังเรื่อง ""_Matrix"" บ้าง",recommendation_movies,7
631,,ฉันอยากทราบเวลาปฏิบัติงานของระบบเตือนภัยในวันนี้,alarm_query,0
632,,สภาพอากาศที่ เชียงใหม่ จะร้อนขนาดไหน,weather_query,9
633,,ผมอยากดูหนังจากผู้กำกับที่ดีที่สุดในประเทศไทย,recommendation_movies,7
634,,สูตรของแกงกะหรี่คืออะไร,cooking_recipe,3
635,,มีหนังไทยที่ดีที่สุดที่ฉันไม่ควรพลาดเลย,recommendation_movies,7
636,,ขอโทษฉันต้องการดูตารางเวลารถไฟและราคาตั๋ว,transport_ticket,8
637,,หากเป็นเวลาสามทุ่มที่ลอนดอนจะ轉換เวลาจะเป็นเวลากี่โมงในบังกอก,datetime_convert,4
638,,เล่นหนังสือเสียงที่ฉันฟังอยู่ต่อไป,play_audiobook,6
639,,เสียงดังนี้ปลดลงมาหน่อย,audio_volume_down,1
640,,ลบรายการทั้งหมดออกจากปฏิทินของคุณ,calendar_remove,2
641,,หากฉันไม่แน่ใจว่าจะดูหนังอะไรดีในวันนี้คุณสามารถแนะนะหนังมั้ย,recommendation_movies,7
642,,เลื่อนดูรายการหนังสือเสียงแล้วเล่นต่อ,play_audiobook,6
643,,จองที่นั่งตั๋วรถไฟไปยังเชียงใหม่ในวันนี้,transport_ticket,8
644,,จะต้มปลาในเตาไฟอย่างไรดี,cooking_recipe,3
645,,ลบรายการที่ไม่จำเป็นในปฏิทิน,calendar_remove,2
646,,เล่นต่อหนังสือเสียงที่ฉันสนุกมาก,play_audiobook,6
647,,ส่งอีเมลถึงฝ่ายทรัพยากรบุคคลเพื่อร้องขอใบสมัครงาน,email_sendemail,5
648,,ฉันหาสูตรสลัดวอลดอร์ฟได้จากที่ไหน,cooking_recipe,3
649,,เล่นหนังสือเสียงชุดใหม่ที่เพิ่งดาว์นโหลดมา,play_audiobook,6
650,,โปรดแจ้งราคาตั๋วรถไฟสำหรับเที่ยวกลับจากสงขลาไปกรุงเทพ,transport_ticket,8
651,,ลบทุกอย่างออกจากปฏิทิน,calendar_remove,2
652,,มีสัญญาณเตือนใดๆ ที่ฉันต้องทำในวันนี้หรือไม่,alarm_query,0
653,,จะดังเลย ลดเสียงหนึ่ง.step,audio_volume_down,1
654,,ผมอยากดูหนังก67475 รางวัลОскар ฉันควรดูมั้ย,recommendation_movies,7
655,,ส่ง อีเมล ถึง เจ้าหน้าที่ การตลาด ถามเกี่ยวกับราคาของสินค้าในเว็บไซต์,email_sendemail,5
656,,ฉันต้องการตั๋วรถไฟชั้นธุรกิจไปยังเชียงใหม่,transport_ticket,8
657,,ลบ นัดประชุมในวันนี้ออกไปเลย,calendar_remove,2
658,,ห้าวันต่อมาจะเป็นวันอะไร และจะมีเวลาอีกเท่าไรในที่แห่งนี้,datetime_convert,4
659,,เล่นหนังสือเสียงตอนนี้นะ,play_audiobook,6
660,,จองที่นั่งตั๋วเครื่องบินจากเชียงใหม่ไปยังภูเก็ต,transport_ticket,8
661,,สภาพอากาศในสัปดาห์นี้จะเป็นอย่างไร,weather_query,9
662,,โปรดบอกสภาพอากาศ ในเชียงใหม่ สำหรับเดือนหน้า,weather_query,9
663,,โปรดบอกสภาพอากาศในช่วงเย็นวันนี้สำหรับอำเภอเมือง,weather_query,9
664,,เสียงดังเกินไป ลดลงหน่อย,audio_volume_down,1
665,,สอบถามราคาของตั๋วรถไฟชั้นธุรกิจไปกรุงเทพฯ,transport_ticket,8
666,,ใครเคยทำสลิดดอกคำใต้บ้าง,cooking_recipe,3
667,,สูตรเมนูที่ใช้ปลาทูน่า คืออะไร,cooking_recipe,3
668,,ฉันควรตั้งเวลาปลุกในตอนเช้าวันนี้嗎,alarm_query,0
669,,ฉันควรใช้วัตถุดิบอะไรในการทำสปาเกตตี,cooking_recipe,3
670,,ส่วนผสมของแกงกะหรี่คืออะไร,cooking_recipe,3
671,,เวลาตอนเช้าที่ฉันต้องทำอะไรบ้าง มีนาฬิกาปลุกหรือไม่,alarm_query,0
672,,.ol ly หนังใหม่เรื่องที่ใครต้องดูมั้ง,recommendation_movies,7
673,,ขอทราบว่ามีนาฬิกาปลุกใดๆที่ฉันตั้งไว้,alarm_query,0
674,,หาสูตรแกงกะหรี่เผ็ดๆให้ด่วน,cooking_recipe,3
675,,โปรดบอกสภาพอากาศในสระบุรีสำหรับสองสามวันที่จะผ่านมา,weather_query,9
676,,วันที่สิบหกเดือนธันวาคม ปีนี้ ที่ภูเก็ต สภาพอากาศจะเป็นอย่างไร,weather_query,9
677,,ลบรายการที่ไม่จำเป็นออกจากปฏิทินของฉัน,calendar_remove,2
678,,หากเป็นเวลาห้าทุ่ม ที่ ซิดนีย์ เราจะได้กี่โมงที่ บราซิล,datetime_convert,4
679,,ฉันอยากได้สูตรแกงกะหรี่ที่ดีที่สุด,cooking_recipe,3
680,,ฉันต้องการจองตั๋วรถไฟสองเที่ยวจากนครสวรรค์ไปยังกาญจนบุรี,transport_ticket,8
681,,ลบนัดหมายในวันนี้ของฉันออกไปเลย,calendar_remove,2
682,,ฉันต้องการดูตารางเวลารถไฟและราคาตั๋วไประยอง,transport_ticket,8
683,,เราต้องแปลงเวลาจากเขตเวลาญี่ปุ่นไปเป็นเขตเวลาอเมริกา,datetime_convert,4
684,,สูตรสำหรับทอดแมนกี๋คืออะไร,cooking_recipe,3
685,,จองตั๋วรถไฟชั้นที่สองไปหาดใหญ่สำหรับคู่ของเรา,transport_ticket,8
686,,ลบรายการที่ไม่จำเป็นในปฏิทินของฉัน,calendar_remove,2
687,,กรุณาส่งอีเมลบอกเวลาทำงานของสัปดาห์นี้ไปยังเพื่อนร่วมงานของฉัน,email_sendemail,5
688,,ผมอยากรู้ว่ามีหนังไหนสนุกที่สุดที่ฉายนOW SHOWING,recommendation_movies,7
689,,ฉันอยากได้ตั๋วรถไฟราคาประหยัดไปยังสุราษฎร์ธานี,transport_ticket,8
690,,ตอนบ่ายสองโมง ที่กรุงเทพ จะกี่โมง 在ญี่ปุ่น,datetime_convert,4
691,,การตั้งนาฬิกาปลุกของฉันยังไม่ได้ตั้งใช่มั๊ย,alarm_query,0
692,,อยากดูหนังดราม่าที่ไม่มีวายcargoบอกหน่อย,recommendation_movies,7
693,,กรุณาพูดเบาด้วยนะ,audio_volume_down,1
694,,เริ่มต้นอีเมลถึงผู้จัดการโครงการโดยแจ้งผลงานประจำสัปดาห์,email_sendemail,5
695,,จองตั๋วร ถไฟชั้นสองคืนกรุงเทพในวันนี้,transport_ticket,8
696,,बदल समयจากเวลาบราซิเลียไปยัง เวลาไทย,datetime_convert,4
697,,สูตรสำหรับปอเปี๊ยะคืออะไร,cooking_recipe,3
698,,ฉันต้องการดูนาฬิกาปลุกของฉันที่ตั้งไว้,alarm_query,0
699,,ถ้าวันนี้ เวลาแปดโมงเย็น ที่นิวเดลี จะกี่โมงที่ bangkok,datetime_convert,4
700,,มีนาฬิกาปลุกอะไรที่ฉันต้องทำในวันนี้,alarm_query,0
701,,ขอโทษดังมาก กรุณาลดเสียงนิด,audio_volume_down,1
702,,ลดระดับเสียงลงไปอีกนิด,audio_volume_down,1
703,,ส่งอีเมลเชิญคุณธนา ไปงานเลี้ยงประจำปีของคอมพานี,email_sendemail,5
704,,ฟังหนังสือเสียงช่วงนี้ได้ยินอะไรบ้าง,play_audiobook,6
705,,เล่นหนังสือเสียงของนิยายรักเลย,play_audiobook,6
706,,เริ่มเล่นหนังสือเสียงใหม่เลย,play_audiobook,6
707,,เปลี่ยนเวลาปัจจุบันเป็นเวลาของประเทศสวีเดนให้ฉันด้วย,datetime_convert,4
708,,มีการเตือนใดๆที่ฉันต้องรีบดำเนินการในวันนี้,alarm_query,0
709,,เวลาตอนไหนจะมีการเตือนถึงฉัน,alarm_query,0
710,,จะ問อะไรคุณ เวลาเดียวกันที่นี่และเวลาที่สหราชอาณาจักร,datetime_convert,4
711,,ส่งอีเมลถึงคุณปิยะ เรื่องทัวร์ในประเทศญี่ปุ่น,email_sendemail,5
712,,ตอนบ่ายสองโมง ใน กรุงเทพฯ จะกี่โมง ใน มอสโก,datetime_convert,4
713,,กรุณาส่งอีเมลบอกเวลาการประชุม 至 พี่ชายของฉัน,email_sendemail,5
714,,ส่งอีเมลถึงคุณปeter เรื่องที่ประชุมในสัปดาหหน้า,email_sendemail,5
715,,แสดงเวลาที่ฉันต้องปลุกรายละเอียดเลย,alarm_query,0
716,,ฉันต้องการรู้ว่ามีการปลุกที่ตั้งไว้สำหรับฉันหรือไม่,alarm_query,0
717,,วันที่สองของเดือนมิถุนายน ปีนี้ ที่ตำบลแม่ริม อำเภอสันทราย จังหวัดเชียงใหม่ สภาพอากาศจะเป็นอย่างไร,weather_query,9
718,,ลบรายการทั้งหมดในปฏิทินของฉัน,calendar_remove,2
719,,ลบทุกๆรายการจากรายการปฏิทินของฉัน,calendar_remove,2
720,,ลบปฏิทินทั้งหมด และเริ่มใหม่,calendar_remove,2
721,,ส่งอีเมลไปยังคุณป้าของคุณขอโทษด้วยเหตุที่ไม่สามารถไปเยี่ยมได้ในเทศกาลสงกรานต์,email_sendemail,5
722,,ส่งอีเมลไปยังผู้จัดการเพื่อรายงานความคืบหน้าของโครงการ,email_sendemail,5
723,,ลบกิจกรรมทั้งหมดในวันนี้ออกจากปฏิทินของฉัน,calendar_remove,2
724,,बदलเวลาจากtimezoneอเมริกาไปtimezoneยุโรปคือเวลา几โมง,datetime_convert,4
725,,สูตรของตabboulehคืออะไร,cooking_recipe,3
726,,ฉันอยากได้ตั๋วรถไฟล่องหนึ่งจากอุบลราชธานีไปกรุงเทพฯ,transport_ticket,8
727,,โปรดแนะนำภาพยนตร์ดราม่าที่ดีที่สุดให้ผมดู,recommendation_movies,7
728,,ลบนัดหมายทั้งหมดในปฏิทินของผม,calendar_remove,2
729,,วันนี้จะมีฝนตกที่เชียงใหม่ใช่มั๊ย,weather_query,9
730,,ฉันมีนาฬิกาปลุกอะไรบ้างที่จะต้องรีบ,alarm_query,0
731,,เปลี่ยน เวลาจาก เขตเวลาเอธิโอเปีย ไปยัง เขตเวลาสิงคโปร์,datetime_convert,4
732,,โปรดบอกสภาพอากาศในปัตตานี สำหรับอาทิตย์นี้,weather_query,9
733,,กรุณาส่งอีเมลถึงครอบครัวของผมบอกพวกเขาว่ามารู้จักผมอีกคนหนึ่ง,email_sendemail,5
734,,สภาพอากาศในปัจจุบันของนครราชสีม่าเป็นอย่างไร,weather_query,9
735,,ลบการนัดหมายทั้งหมดในสัปดาห์นี้,calendar_remove,2
736,,เล็กน้อยดังนั้นคุณลดนั่น,audio_volume_down,1
737,,ลบ นัด วันนี้ ออกจากปฏิทินของฉัน,calendar_remove,2
738,,ส่งอีเมลถึงคุณณัฐพงษ์เพื่อร้องขอความช่วยเหลือในการแก้ไขปัญหาของระบบ,email_sendemail,5
739,,ส่ง อีเมล ถึง กลุ่มเพื่อน ไปเที่ยวทะเลในวันเสาร์นี้,email_sendemail,5
740,,กรุณาหยุดเสียงดังนะ ลดเสียงลงเลย,audio_volume_down,1
741,,"ฉันตรวจสอบเวลาในการปลุกระหว่างวันและสัปดาห์
ฉันอยากรู้ว่าการเตือนของฉันได้ตั้งไว้สำหรับวันที่ nào",alarm_query,0
742,,ปรังเสียงนิดหน่อยครับ,audio_volume_down,1
743,,ทำให้ไม่ดังจังเลย,audio_volume_down,1
744,,จองตั๋วรถเมล์สาย 17 ไปยังสุวรรณภูมิ,transport_ticket,8
745,,สูตรสำหรับทาโก้แบบโฮมเมดคืออะไร,cooking_recipe,3
746,,ฉันอยากทราบว่ามีนาฬิกาปลุกลogsที่ฉันตั้งไว้เมื่อใด,alarm_query,0
747,,เสียงดังมานิด ลดที,audio_volume_down,1
748,,ยกเลิกงานในวันที่สองมีนาคมออกจากปฏิทินของฉัน,calendar_remove,2
749,,สูตรของคิก凯瑞 咖喱,cooking_recipe,3
750,,"ฉันจำเป็นต้องตรวจสอบเวลาในการปลุกของฉันวันนี้
มีการแจ้งเตือนอะไรที่ฉันต้องทำในวันนี้",alarm_query,0
751,,ลดเสียงลงให้เขารับรองได้ยิน,audio_volume_down,1
752,,ขอโทษฉันต้องการดูตารางเวลารถไฟและราคาตั๋วไปพิษณุโลก,transport_ticket,8
753,,บอกผมด้วยว่าสี่โมงเย็นที่นี่ที่กรุงเทพจะเป็นเวลากี่โมงในการเขตร้อน,datetime_convert,4
754,,ฉันต้องการทำสูตรไข่ดาวให้น่ารับประทาน,cooking_recipe,3
755,,กรุณาห้ามเสียงดังสุดๆ,audio_volume_down,1
756,,เคลียรวัตรปฏิทินทั้งหมดออกจากคิวของฉัน,calendar_remove,2
757,,ฉันต้องการดูตารางเวลารถไฟจากเชียงใหม่ไปกรุงเทพ,transport_ticket,8
758,,วันที่สิบห้าของเดือนเมษาปีนี้ ที่กรุงเทพมหานคร อากาศจะมีความร้อนขนาดไหน,weather_query,9
759,,สามารถบอกได้มั้ยว่าวันนี้มีปริมาณความชื้นสูงไหม,weather_query,9
760,,เล่นต่อนิตยสารเสียงที่ฉันฟังมาตั้งนาน,play_audiobook,6
761,,ฉันต้องการทราบเวลารถไฟออกจากสถานีกลางไปยัง机场,transport_ticket,8
762,,ลบงานที่มีการจองไว้ในปฏิทินของฉันออกไป,calendar_remove,2
763,,เล่นหนังสือเสียงชุดที่สอง,play_audiobook,6
764,,เสียงร้องดังเกินไป ลดเสียงให้นุ่มๆ หน่อย,audio_volume_down,1
765,,ฉันอยากดูตารางเวลารถไฟจากกรุงเทพฯไปยังภูเก็ต,transport_ticket,8
766,,ฉันต้องการทราบวิธีการจองตั๋วรถไฟออนไลน์ได้อย่างไร,transport_ticket,8
767,,ฉันอยากดูตารางเวลารถไฟไปยังกาญจนบุรี,transport_ticket,8
768,,คุณช่วยลดเสียงลงหน่อยได้ไหม,audio_volume_down,1
769,,จองตั๋วรถไฟสองชั้นไปยังสุราษฎร์ธานีในวันอาทิตย์นี้,transport_ticket,8
770,,อยากดูหนังรักในปัจจุบัน มีอะไรที่โรมานติคสุด,recommendation_movies,7
771,,คุณสามารถลดระดับเสียงให้น้อยกว่านี้ได้หรือไม่,audio_volume_down,1
772,,ฉันต้องการตรวจสอบเวลาปลุกรายวัน,alarm_query,0
773,,取消นัดหมายทั้งหมดในวันนี้,calendar_remove,2
774,,ฉันต้องการดูตารางเวลารถไฟและราคาตั๋วไปยะลา,transport_ticket,8
775,,เล่นหนังสือเสียงตอนที่สองต่อไป,play_audiobook,6
776,,สภาพอากาศในช่วงเย็นวันนี้เป็นอย่างไร,weather_query,9
777,,ฉันต้องการดูตารางเวลาและราคาของตั๋วรถไฟไปพิษณุโลก,transport_ticket,8
778,,ส่ง อีเมล ถึง ทนายความ เพื่อขอดูเอกสารสำคัญในการประชุมพรุ่งนี้,email_sendemail,5
779,,เล่นเพลงด้วยเสียงต่ำๆ นะ,audio_volume_down,1
780,,เสียงดังก็ลดลงหน่อยได้ไหม,audio_volume_down,1
781,,ลบ การนัดหมายทุกอย่างในวันนี้,calendar_remove,2
782,,เราหิวจะทราบว่าเวลาปัจจุบันที่ไทยแล้วเวลาที่สหราชอาณาจักรจะ幾โมง,datetime_convert,4
783,,เสียงร้องดังเกินไป ลดลงเลย,audio_volume_down,1
784,,_ تبدیل เวลาปัจจุบัน จาก เขตเวลา เอธิโอเปีย ไปยัง เขตเวลา ญี่ปุ่น _,datetime_convert,4
785,,เสียงดังมานะ ลดลงหน่อย,audio_volume_down,1
786,,ฉันขอลดเสียงลำโพงนะ,audio_volume_down,1
787,,ส่งメールถึงคุณพรเพื่อปรึกษาเรื่องงานประจำวัน,email_sendemail,5
788,,ฉันอยากดูหนังรักในช่วงฤดูร้อน nênฉันจะดูอะไรดี,recommendation_movies,7
789,,สภาพอากาศในวันเสาร์นี้จะมีฝนตกไหม,weather_query,9
790,,เวลาปัจจุบันมีการปลุกอะไรที่ตั้งไว้,alarm_query,0
791,,อยากถามว่ามีหนังเรื่องไหนที่เหมาะกับเด็กมากที่สุด,recommendation_movies,7
792,,ทำไก่ย่างแบบไทยต้องมีอะไรบ้าง,cooking_recipe,3
793,,ฉันต้องการทราบมูลค่าตั๋วรถไฟจากหาดใหญ่ไปยังสงขลา,transport_ticket,8
794,,ฉันมีนาฬิกาปลุกระบบอะไรบ้าง,alarm_query,0
795,,ห้าโมงครึ่ง ที่จีนแล้วจะเป็นเวลากี่โมงที่ญี่ปุ่น,datetime_convert,4
796,,สูตรสำหรับคนทำเมนูลวงพริกเผาคืออะไร,cooking_recipe,3
797,,มีการแจ้งเตือนอะไรที่ฉันต้องทำในวันนี้,alarm_query,0
798,,สภาพอากาศในวันนี้และวันพรุ่งจะเป็นอย่างไร ถ้ามีฝนก็ให้แจ้งนะ,weather_query,9
799,,ฉันต้องการสูตรของต้มยำกุ้งค่ะ,cooking_recipe,3
800,,คุณมีเรื่องหนังใหม่ที่น่าสนใจจะได้ดูไหม,recommendation_movies,7
801,,ฉันจำเป็นต้องตรวจสอบการเตือนของฉันทุกๆวัน,alarm_query,0
802,,ต้องการสูตรแกงกะหรี่ให้ด่วนเลย,cooking_recipe,3
803,,หากเป็นเวลา สองโมงเย็น ที่ โตเกียว จะเป็นเวลากี่โมงที่ ซิดนีย์,datetime_convert,4
804,,ฉันอยากดูหนังเรื่องอะไรดีสุดในตอนนี้,recommendation_movies,7
805,,กรุณาปรับเสียงลงมานิดนึง,audio_volume_down,1
806,,ยกเลิก การนัดหมายทั้งหมดในวันนี้,calendar_remove,2
807,,ตอนบ่าย สองโมง ที่สหรัฐอเมริกา จะกี่โมงในชิคагโก,datetime_convert,4
808,,จองตั๋วรถไฟล่วงหน้าหนึ่งสัปดาห์สำหรับการเดินทางไปหาดใหญ่,transport_ticket,8
809,,ลบ การประชุมวันนี้ออกจากปฏิทิน,calendar_remove,2
810,,ขณะนี้มีการเตือนอะไรที่ฉันต้องตรวจสอบ,alarm_query,0
811,,ฉันต้องการเล่นหนังสือเสียงที่ฉันหยุดไป,play_audiobook,6
812,,คอยลดเสียงลงหน่อย ได้มั้ย,audio_volume_down,1
813,,ฉันสามารถหาสูตรของชามะนาวได้ที่ไหน,cooking_recipe,3
814,,จองตั๋วรถยนต์จากกรุงเทพไปยังสุโขทัย,transport_ticket,8
815,,ฉันจะต้มไข่ให้สุกภายใน 10 นาที ได้อย่างไร,cooking_recipe,3
816,,เล่นหนังสือเสียงตอนแรกอีกครั้ง,play_audiobook,6
817,,ส่งอีเมลไปยังทีมงานเพื่อแจ้งเตือนภารกิจสำคัญ,email_sendemail,5
818,,สภาพอากาศตอนนี้เป็นอย่างไรคะ,weather_query,9
819,,ใครพอมีคำแนะนำหนังใหม่ที่เพิ่งออกเมื่อวานนี้สำหรับฉัน ได้ไหม,recommendation_movies,7
820,,ตอบกลับอีเมลจากนายสมศักดิ์เกี่ยวกับความคืบหน้าของโครงการ,email_sendemail,5
821,,ฉันควรดูหนังเรื่องไหนในวันนี้,recommendation_movies,7
822,,เล่นหนังสือเสียงเรื่องราวปลายทางต่อเลย,play_audiobook,6
823,,ฉันต้องการทราบราคาของตั๋วรถไฟชั้นหนึ่งไปหาดใหญ่ในวันอาทิตย์นี้,transport_ticket,8
824,,ภาพยนตร์เรื่องใดที่ฉันควรดูมั้งเพราะมันฮิตติดชาร์ต,recommendation_movies,7
825,,ตรวจสอบสภาพอากาศในวันจันทร์หน้าที่ภูเก็ต,weather_query,9
826,,ลบปฏิทินทั้งหมดแล้วเริ่มต้นใหม่,calendar_remove,2
827,,เพื่อนเอาลดเสียงลงสิครับ,audio_volume_down,1
828,,ถึง เวลา สี่โมงเย็น ที่ มะนิลา ฉันต้องการ รู้ ว่า เวลาปัจจุบัน ใน싱가포เร เท่าไร,datetime_convert,4
829,,ฉันอยากดูหนังสักเรื่องที่ดีที่สุดในบทละคร,recommendation_movies,7
830,,ฉันต้องการทราบถึงเวลาการปลุกของฉันในวันนี้,alarm_query,0
831,,ฉันจะทำสตาฟฟิงช็อคโกแล็ตได้อย่างไร,cooking_recipe,3
832,,ใครเคยดูหนังสยองขวัญนะ มีเรื่องที่ต้องดูมากไหม,recommendation_movies,7
833,,ตอนนี้ สามโมงครึ่ง ใน ลอนดอน จะกี่โมง ở bangkok,datetime_convert,4
834,,ฉันอยากทราบว่ามีการเตือนอะไรบ้างในเวลาหนึ่ง,alarm_query,0
835,,"พยากรณ์อากาศสำหรับภูเก็ตในวันเสาร์นี้
สภาพอากาศในกรุงเทพฯสำหรับเดือนมีนาคมคืออะไร",weather_query,9
836,,ฉันหาสูตรทำโจ๊กมูกะทิได้ที่ไหน,cooking_recipe,3
837,,แจ้งสภาพอากาศในวันที่ 15 ของเดือนนี้ให้ฉันด้วย,weather_query,9
838,,ลดเสียงทีวีลงหน่อย ได้ไหม,audio_volume_down,1
839,,อยากดูหนังตลก แต่ไม่รู้เรื่องอะไรดี,recommendation_movies,7
840,,ตรวจสอบพยากรณ์อากาศในสัปดาห์นี้จะมีฝนตกไหม,weather_query,9
841,,ส่งอีเมลถึงภรรยาแยกออกไปพร้อมกับเอกสารประกอบการจัดส่งสินค้า,email_sendemail,5
842,,วันนี้เวลาแปดโมง ที่นิวยอร์ก จะเท่าไรในที่กรุงเทพฯ,datetime_convert,4
843,,ตรวจสอบสภาพอากาศ ใน เชียงใหม่ ได้อย่างไร,weather_query,9
844,,ลบรายการจองของคุณออกจากปฏิทิน,calendar_remove,2
845,,ลบนัดหมายในวันพรุ่งนี้ออกจากปฏิทิน,calendar_remove,2
846,,ตอนนี้ เวลาหนึ่งโมงครึ่ง เราต้องการทราบเวลาปัจจุบันในทวีปเอเชีย,datetime_convert,4
847,,ลบ นัด ทั้งหมดในวันนี้ของฉันออกจากปฏิทิน,calendar_remove,2
848,,ฉันต้องการสูตรสำหรับทำปลาดิบ,cooking_recipe,3
849,,เล่นหนังสือเสียงอีกครั้ง,play_audiobook,6
850,,เล่นหนังสือเสียงเรื่องราวของตัวละครหลัก,play_audiobook,6
851,,ฉันจำเป็นต้องซื้อตั๋วรถไฟชั้นแรกไปพิษณุโลกในวันนี้,transport_ticket,8
852,,ถ้าฉันอยากดูหนังผจญภัย คุณจะแนะนำอะไรให้ฉัน,recommendation_movies,7
853,,ส่งอีเมลถึงผู้จัดการประจำโครงการรายงานผลการทำงานในสัปดาห์ที่แล้ว,email_sendemail,5
854,,ตอนที่ฉันต้องการจะตั้งนาฬิกาปลукคือเวลาใด,alarm_query,0
855,,ถ้าเป็นเวลา หนึ่งโมงเย็น ที่ โตเกียว จะเป็นเวลากี่โมงที่ ซีแอล,datetime_convert,4
856,,ตอนนี้ สองโมงครึ่ง ใน ลอนดอน แล้วเวลาใน กรุงเทพ จะกี่โมง,datetime_convert,4
857,,.คุณมีคำแนะนำภาพยนตร์ดราม่าที่ควรดูในช่วง_Time_nี้ไหม,recommendation_movies,7
858,,ส่งอีเมลถึงพ่อแม่ของคุณถามhealth ว่าพวกเขายังมีสุขภาพดีอยู่หรือไม่,email_sendemail,5
859,,โปรดรายงานสภาพอากาศในปัจจุบันในที่ทำงานของฉัน,weather_query,9
860,,ฟังหนังสือเสียงนี้ต่อด้วย,play_audiobook,6
861,,ส่งอีเมลไปยังมาร์ค เพื่อแจ้งเตือนเขาว่า_Project กำลังใกล้หมดกำหนดเส้นตาย,email_sendemail,5
862,,เล่นหนังสือเสียงตอนนี้,play_audiobook,6
863,,ฉันต้องการดูหนังใหม่เร็วๆ นี้ คุณมีคำแนะนำไหม,recommendation_movies,7
864,,ฉันต้องการเล่นหนังสือเสียงตอนนี้,play_audiobook,6
865,,ขอโทษค่ะ ฉันต้องการซื้อตั๋วรถรางไปยัง机场ตอนเช้า,transport_ticket,8
866,,จองตั๋วรถไฟชั้นสองไปยังกระบี่ในวันนี้,transport_ticket,8
867,,ลบนัดหมายที่ไม่จำเป็นออกจากปฏิทินของฉัน,calendar_remove,2
868,,วันที่หนึ่งเดือนเมษายน ปีนี้ ที่ เชียงใหม่ อากาศจะเป็นอย่างไร,weather_query,9
869,,จองตั๋วรถไฟชั้นสองคืนนี้ให้ฉันหนึ่งใบ,transport_ticket,8
870,,ลบนัดหมายหมอฟันวันนี้ออกจากปฏิทิน,calendar_remove,2
871,,ลบรายการทั้งหมดในปฎิทินของฉันให้หมดเลย,calendar_remove,2
872,,ฉัน 想 ดู หนังเรื่องอะไรดีในตอนนี้,recommendation_movies,7
873,,"ฉันอยากจะรู้ว่ามีการเตือนอะไรที่จะต้องทำในวันนี้
ฉันกำลังมองหาเวลาที่ฉันตั้งให้กับการเตือน",alarm_query,0
874,,ฉันอยากได้สูตรของชокол릿_chip_cookies,cooking_recipe,3
875,,วันนี้ เวลาไหนจะมีฝนตก บ้าง,weather_query,9
876,,พยากรณ์อากาศสำหรับวันเสาร์อาทิตย์นี้ มีโอกาสลมแรงไหม,weather_query,9
877,,ลำโพงดังมานะให้ลดเสียงหน่อย,audio_volume_down,1
878,,กรุณาส่ง อีเมล ถึง พ่อแม่ ของฉัน บอกพวกเขาว่าฉันจะกลับมาในวันที่ 15 นี้,email_sendemail,5
879,,เสียงลำโพงดังเกินไป ลดเสียงหน่อย,audio_volume_down,1
880,,ลดระดับเสียงลงให้น้อยหน่อย,audio_volume_down,1
881,,ฉันต้องการสูตรสำหรับทาสปาเก็ตตี้,cooking_recipe,3
882,,ฉันอยากทราบสูตรทำสลัดผลไม้,cooking_recipe,3
883,,โปรดบอกสภาพอากาศ ใน จังหวัดภูเก็ต สำหรับ สัปดาห์นี้,weather_query,9
884,,ฉันอยากดูหนังตลกในบริเวณนี้ คุณทราบอะไรบ้าง,recommendation_movies,7
885,,เล่นหนังสือเสียงเพื่อพักผ่อน,play_audiobook,6
886,,อยากดูหนังตลกตัวใหม่ฉายมากที่สุดในกรุงเทพ ตอนนี้อะไร(predictions),recommendation_movies,7
887,,ตรวจสอบสภาพอากาศในวันเสาร์นี้มีพายุฝนหรือเปล่า,weather_query,9
888,,เวลาปัจจุบันฉันมีสัญญาณเตือนอะไรบ้าง,alarm_query,0
889,,ส่ง อีเมล ถึง ผู้จัดการฝ่ายขาย เพื่อขอรายงานประจำสัปดาห์,email_sendemail,5
890,,บอกฉันว่าเวลาปัจจุบันที่นี่จะเป็นเวลากี่โมงในประเทศฝรั่งเศส,datetime_convert,4
891,,ลบทุกการติดต่อในวันนี้ออกจากปฏิทินของฉัน,calendar_remove,2
892,,ฉันอยากดูตารางเวลารถไฟและราคาตั๋ว,transport_ticket,8
893,,สูตรสำหรับทอดมันกุ้งคืออะไร,cooking_recipe,3
894,,คุณมีคำแนะนำหนังรักๆ ให้ฉันดูไหม,recommendation_movies,7
895,,ฉันมีนาฬิกาปลุกระบบอะไรที่ตั้งไว้,alarm_query,0
896,,ฉันจะทำพะแนγκั้นได้อย่างไร,cooking_recipe,3
897,,ใครเคยดูหนังกีฬาเร็วๆนี้プロดแนะนำหนังนั้นให้ฉันได้ไหม,recommendation_movies,7
898,,ปรับระดับเสียงลงอีกนิด,audio_volume_down,1
899,,ฉันอยากได้ตั๋วรถไฟชั้นทางเร็วจากกรุงเทพไปยังสุราษฎร์ธานี,transport_ticket,8
900,,ส่งอีเมลถึงคุณปิติแจ้งเตือนการจัดส่งสินค้าภายใน 3 วัน,email_sendemail,5
901,,ถามว่าเวลาหัว_clock_ของประเทศไทย เทียบกับเวลาของประเทศฝรั่งเศส จะเหมือนกันไหม,datetime_convert,4
902,,สูตรของขนมปังชนิดใดดีที่สุด,cooking_recipe,3
903,,เสียงดังมาก ลดลงหน่อยได้ไหม,audio_volume_down,1
904,,ฉันอยากได้ตั๋วรถไฟจากเชียงใหม่ไปยังกรุงเทพฯในวันนี้,transport_ticket,8
905,,เวลาปัจจุบันฉันต้องตั้งการปลุกใหม่หรือไม่,alarm_query,0
906,,ฉันต้องการดูหนังสยองขวัญตอนกลางคืนมีแนะนำไหม,recommendation_movies,7
907,,พนักงานร้านค้าต้องการทราบสภาพอากาศในสัปดาห์นี้,weather_query,9
908,,แจ้งให้ทราบสภาพอากาศในวันเสาร์นี้ ทางภาคเหนือ,weather_query,9
909,,พยากรณ์อากาศสำหรับภูเก็ตในช่วงเทศกาลสงกรานต์,weather_query,9
910,,ส่งอีเมลแจ้งให้คุณสมศักดิ์ทราบถึงรายละเอียดในการประชุมครั้งหน้า,email_sendemail,5
911,,พยากรณ์อากาศ ใน บ้านกรุงเทพฯ,weather_query,9
912,,ฟังหนังสือเสียงต่อนี้,play_audiobook,6
913,,เล่นหนังสือเสียงนี้ให้ฉันฟังก่อน,play_audiobook,6
914,,แล้วจะลดเสียงลงหรือไม่,audio_volume_down,1
915,,ฉันต้องการรู้ว่ามีนาฬิกาปลุกอะไรที่ฉันตั้งไว้,alarm_query,0
916,,สูตรอาหารแกงคูน้ำ才好,cooking_recipe,3
917,,เปลี่ยนเวลาจากเขตเวลา นิวยอร์ก ไปเป็น เขตเวลา โตเกียว,datetime_convert,4
918,,ขอโทษ ฉันลืมเอาตั๋วรถไฟมา,transport_ticket,8
919,,ฉันต้องการดูหนังสักเรื่องที่คนพูดถึงมากที่สุด,recommendation_movies,7
920,,ให้เรารู้ว่าเวลาปัจจุบันในที่นี่จะเท่ากับเวลาไหนในประเทศจีน,datetime_convert,4
921,,ฉันจะทำไอศครีมวานิลลาได้อย่างไร,cooking_recipe,3
922,,ถ้าเวลาเจ็ดโมงเย็น ที่ ซิดนีย์ เราจะทราบเวลา 何โมง ใน บาร์เซโลนา,datetime_convert,4
923,,เลื่อนระดับเสียงลงหนึ่งขั้น,audio_volume_down,1
924,,สภาพอากาศทุกวัน สามารถบอกได้ หรือเปล่า,weather_query,9
925,,วันเสาร์นี้ อากาศจะเป็นอย่างไร ที่จังหวัดระยอง,weather_query,9
926,,ฉันมีการแจ้งเตือนอะไรในวันนี้บ้าง,alarm_query,0
927,,วันจันทร์นี้สภาพอากาศจะเป็นอย่างไรที่กรุงเทพมหานคร,weather_query,9
928,,ฉันอยากได้ตั๋วโดยสารข้ามประเทศจากกรุงเทพฯ ไปกัวลาลัมเปอร์,transport_ticket,8
929,,สองทุ่มแล้ว ถามว่าเวลา ณ ธาค장을จะเท่าไรในกรุงเวียงจันทน์,datetime_convert,4
930,,สูตรต้มหัวไชเท่าไร,cooking_recipe,3
931,,ฉันมีนาฬิกาปลุกระหว่างค่ำและตี,alarm_query,0
932,,ถ้าวันนี้ เวลาแปดโมงเช้าที่ นิวยอร์ก เราจะทราบเวลา何โมง ใน กรุงเทพ,datetime_convert,4
933,,ฉันต้องการรู้เวลาที่จะต้องปลุก,alarm_query,0
934,,ลบเรื่องทั้งหมดในปฏิทินของฉัน,calendar_remove,2
935,,ลบนัดหมายทุกอย่างในวันนี้,calendar_remove,2
936,,ส่งอีเมลถึงอาจารย์ของผมรายงานผลการทดลองและขอให้คุณตรวจสอบผลลัพธ์ด้วย,email_sendemail,5
937,,ขอความช่วยเหลือในการจองตั๋วรถไฟไปยังกาญจนบุรี,transport_ticket,8
938,,สภาพอากาศในปีนี้ร้อนกว่าเมื่อปีก่อนใช่มั๊ย,weather_query,9
939,,ขณะนี้มีการแจ้งเตือนอะไรที่ฉันต้องตรวจสอบ,alarm_query,0
940,,_converting current time from india standard time to us standard time_,datetime_convert,4
941,,"พยากรณ์อากาศสำหรับพรุ่งนี้
ใครรู้สภาพอากาศในสัปดาห์นี้บ้าง",weather_query,9
942,,วันที่สามมีนาคม ปีหน้าวčasíจะเป็นอย่างไร,weather_query,9
943,,มีสัญญาณเตือนใดๆ ที่ฉันต้องทำในวันนี้,alarm_query,0
944,,วันนี้ จะมีฝน หรือไม่,weather_query,9
945,,ฉันจำเป็นต้องมีตั๋วรถไฟชั้นที่สองจากกรุงเทพไปชลบุรีในวันอาทิตย์นี้,transport_ticket,8
946,,ฉันไม่รู้ว่ามีนาฬิกาปลุกรถึงเวลาไหนบ้าง,alarm_query,0
947,,ลบรายการพิเศษออกจากปฏิทินของฉัน,calendar_remove,2
948,,วันนี้ เวลา几โมง ในไทย ถ้ามีคนอยู่ที่สหราชอาณาจักร จะกี่โมง,datetime_convert,4
949,,ฉันจะจองตั๋วร ถไฟจากกรุงเทพไปยังสิงคโปร์,transport_ticket,8
950,,เธอสามารถลดเสียงลำโพงลงได้หรือเปล่า,audio_volume_down,1
951,,เปิดตอน tiếp theoของหนังสือเสียงนี้เลย,play_audiobook,6
952,,ต้องการสูตรของขวัญชิปให้ช่วยที,cooking_recipe,3
953,,ฉันอยากได้ตั๋วโดยสารรถไฟจากกรุงเทพฯไปพิษณุโลก,transport_ticket,8
954,,อย่าให้ดังสุด ลดเสียงหน่อย,audio_volume_down,1
955,,กรุณาหยุดเสียงที่ดังนั้น ลดระดับเสียงลง吧,audio_volume_down,1
956,,วันที่สามมีนาคม ที่ภูเก็ต อากาศจะเป็นอย่างไร,weather_query,9
957,,จองตั๋วรถเมล์จากภูเก็ตไปยังเชียงใหม่,transport_ticket,8
958,,เราต้องการทราบเวลาท้องถิ่นของเมืองต่าง ๆ ในเอเชีย เราสามารถแปลงเวลาด้วยวิธี nào,datetime_convert,4
959,,เราจะดูหนังกันเดียวไหนไม่เบื่อนเลย,recommendation_movies,7
960,,ฉันต้องการตรวจสอบการตั้งค่านาฬิกาปลุกของฉัน,alarm_query,0
961,,มีอะไรที่จะต้องรับการแจ้งเตือนในวันนี้,alarm_query,0
962,,ส่งอีเมลไปยังบริษัทเพื่อสั่งซื้อสินค้าออนไลน์,email_sendemail,5
963,,คุณสามารถช่วยเหลือดูตัวเลขของการแจ้งเตือนให้ผมได้หรือไม่,alarm_query,0
964,,ฉันต้องการดูหนังที่สนุกมากที่สุดที่เคยออกอากาศ,recommendation_movies,7
965,,ฉันสามารถตรวจสอบเวลานาฬิกาปลุกได้อย่างไร,alarm_query,0
966,,ฉันต้องการจองตั๋วรถไฟชั้นธุรกิจไปพิษณุโลก,transport_ticket,8
967,,เล่นหนังสือเสียงตอนนี้เลย,play_audiobook,6
968,,ถามราคาตั๋วรถไฟจากกรุงเทพไปยังเชียงใหม่วันนี้,transport_ticket,8
969,,ส่งอีเมลถึงคุณปิติมั่งมีผลงานสัปดาห์นี้,email_sendemail,5
970,,มีการเตือนในระบบของฉันอยู่ไหน,alarm_query,0
971,,วันนี้มีฝนตกตอนไหน,weather_query,9
972,,พนักงาน ควร носить ชุดอะไร ไปทำงาน ถ้าสภาพอากาศ ร้อน,weather_query,9
973,,ส่งอีเมลถามจอห์นเกี่ยวกับการประชุมในวันพรุ่งนี้,email_sendemail,5
974,,ฉันควรดูหนังเรื่องอะไรที่ดีที่สุดในปีนี้,recommendation_movies,7
975,,ตรวจสอบสภาพอากาศที่จังหวัดภูเก็ตในวันนี้,weather_query,9
976,,มีหนังอะไรดีที่ฉันยังไม่ได้ดูก็พูดถึงนะ,recommendation_movies,7
977,,มี หนัง ใหม่ nào ที่ควร ดูปนๆ,recommendation_movies,7
978,,เล่นตอนใหม่ของหนังสือเสียงนี้ให้ได้ฟังไม่จบ,play_audiobook,6
979,,ฉันต้องการจองตั๋วรถไฟชั้นหนึ่งจากกรุงเทพไปพิษณุโลก,transport_ticket,8
980,,ส่งอีเมลบอกพี่ชายของผมว่าอีกสองสามวันผมจะมารับข้าวที่บ้านเขาทำไม่ได้,email_sendemail,5
981,,ส่ง อีเมล ถึง ทนายความ เพื่อสอบถามเกี่ยวกับคดีนี้,email_sendemail,5
982,,มีหนังอะไรดีที่ควรไปดูน่ะ,recommendation_movies,7
983,,ส่ง อีเมล ถึง น้องสาว ของฉัน ถามว่าคุณจะเป็นอย่างไรบ้าง,email_sendemail,5
984,,กรุณาส่งอีเมลบอกเวลาทำงานของคุณไปยังผู้จัดการ,email_sendemail,5
985,,ส่งอีเมลแจ้งเตือนไปยังคณะกรรมการ vềการตัดสินใจ,email_sendemail,5
986,,ลบทุกงานในปฏิทินของฉัน,calendar_remove,2
987,,ฉันอยากดูหนังใหม่ๆมี추천ไหม,recommendation_movies,7
988,,เสียงดังน่าจะลดลงบ้างนะ,audio_volume_down,1
989,,.หนังน่าสนใจที่ฉันต้องการดูแล้วไม่เคยดูมewireviewsจากผู้ชมมากมาย,recommendation_movies,7
990,,กรุณาส่งอีเมลบอกข่าวด่วนไปยังฝ่ายบริหาร,email_sendemail,5
991,,ส่งอีเมลถึงคุณปETER เพื่อสอบถามเกี่ยวกับข้อมูลในการจัดส่งสินค้า,email_sendemail,5
992,,รายงานสภาพอากาศสำหรับเขตเมืองในวันจันทร์เน้นี้,weather_query,9
993,,ฉันต้องการดูหนังสักเรื่องที่ทำให้ร้องไห้,recommendation_movies,7
994,,"อะไรคือสภาพอากาศของกรุงเทพฯสำหรับวันนี้
สอบถามสภาพอากาศในวันที่สามมีนาคมสองพันสิบแปดที่ภูเก็ต",weather_query,9
995,,ลดเสียงลงมากนะ ดังกว่าปกติ,audio_volume_down,1
996,,ส่งอีเมลถึงฝ่ายบริการลูกค้าถามพวกเขาว่าสามารถแก้ไขปัญหาของผมได้อย่างไร,email_sendemail,5
997,,สอบถามสภาพอากาศในสัปดาห์นี้ในเมืองไทย,weather_query,9
998,,สอบถามสภาพอากาศในวันศุกร์นี้ที่หาดใหญ่,weather_query,9
999,,ฉันอยากได้ตั๋วเครื่องบินที่ราคาประหยัด,transport_ticket,8
