,id,text,intent,label
0,0,อยากให้มี ขนมปังชีส ไอศครีมนมสด หอมทอด แซนวิชอร่อยๆ,positive,1
1,1,แกร่งจริง ต้องนาวาร่า,positive,1
2,2,สีสวยแบบนี้แวะมาลองกันที่ MK สาขาใกล้บ้านกันนะคะ ^^,positive,1
3,3,เพื่อนกูเห็นไข่สั่นแม่งบอก ขวดเบียร์ช้างหรอ ก็เหี้ยแล้ววววว 5555555,negative,0
4,4,ตอนแรกเล็ง cx3 ไว้ พอลองนั่งข้างในแล้วโอ้วมายก้อดอึดอัดพอประมาณ เลยอดใช้เลย แต่รถสวยนะ,negative,0
5,5,โลตัสพัทยาเหนือ..คุ้มค่ะ ที่ไหนให้หมูน้อย มาที่นี่เลยค่ะ อร่อย คุ้ม,positive,1
6,6,ไม่คุ้มเลยยยย,negative,0
7,7,จิบเพียๆทีล้ะนิดคงฟิน,positive,1
8,8,ไม่ติดว่าแพ้อินนีสฟรีกูซื้อแล้วอะ หรือกูควรหารกับน้องตัวเองดี,negative,0
9,9,ผมว่าคุ้มมากๆคับ ปกติคือผมไม่ชอบToyotaสักรุ่นเลย แต่chrมันโอเคกว่าzsพอสมควรในภาพรวม เพิ่ม2แสน จัดว่าคุ้มฮะ,negative,0
10,10,อยากไปไหมแม่,positive,1
11,11,สู้ๆครับพี่ๆ,positive,1
12,12,อีกันแดดทาตัว Nivea ที่ทำหลอดขาวเหมือน Biore Serum แม่งก็เหมือนแต่หลลอดอะค่ะ เนี้อก็ยังเหนอะๆ ขาวปื้นๆเกลี่ยยากเหมือนเดิม เพิ่มคือกลิ่นน้ำหอมแบบเชยๆ,negative,0
13,13,อยากกิน ป่ะๆ,positive,1
14,14,ตอนนี้อยากได้ฮาดะลาโบะสีทองอะ แต่แพ้ฮาดะตลอด อิเวน หน้าแหก แต่ก็อยากลอง อิสัส ทำขวดเล็กขายไม่เป็นไง้,negative,0
15,15,นี่บัตรเลือกตั้งนะ ไม่ใช่บัตรเครดิต จะได้มีบัตรเสริม,negative,0
16,16,ผ้าอนามัยไง เอาไว้ห้ามเลือด บล๊อกนะคะ โฆษณา,negative,0
17,17,น่าใช้ อย่างน้อยก็สวยกว่ายาริส,negative,0
18,18,มันผิดที่ไม่ยอมเสียภาษีให้รัฐบวยอ่ะครับ... เลยผิดกฏหมวย เอ้ยย กฏหมา...ย,negative,0
19,19,แพงมากนักเล่นกระบะเอื้อมไม่ถึง เทียบรถหรูเลยfortuner/accordคิดหนักถ้าจะ,negative,0
20,20,ฆ่าหั่นศพเปรี้ยวหนีตั้งหลายวัน นั่งคุยกับตำรวจ สบายใจ อันนี้บุหรี่ไฟฟ้า จับ ลากส่ะ,negative,0
21,21,อย่าไปฟังเยอะครับผมก็ใช้ เรนเจอร์ Wildtrak อยู่ ไม่กังวลเรื่องเกียร์ เท่าไหร่ Ranger Raptor เกียร์อัตโนมัติแบบใหม่ 10 Speed ใช้อยู่กับ Ford f 150 Raptor กับ Ford Mustang เครื่องยนต์ก็ทนอุณหภูมิได้สูงสุด 860 องศาเหนือกว่ากระบะใดๆในบ้านเรา,negative,0
22,22,ไปซื้อ nyx ช่วงนี้เซลล์,positive,1
23,23,😋😋😋😋😋,positive,1
24,24,กดหัวใจหน่อยครับพี่น้อง,positive,1
25,25,อด😭😭😭,negative,0
26,26,ทำบัตรเสียค่าสมัครเท่าไรค่ะ,negative,0
27,27,ใครเรียกแท็กซี่ในกรุงเทพแล้วได้ตั้งแต่คันแรก คือเป็นเทพ,negative,0
28,28,ยังกะ เหล้าตระกูลจอห์นนี่ วอคเกอร์ เลยหวะ เรด แบล๊ค กรีน โกลด์ บลู สงสัยเจ้าของไอเดีย คงชอบกินเหล้าตระกูลนี้,positive,1
29,29,ลิปมินิทูแมทช์ของอีทูดี้แพงเข้ๆ แต่เนื้อดีจริงง สีสวยแบ่บฮืออยากได้อีก,negative,0
30,30,เอาจริงๆเมื่อก่อนปีใหม่ก็กินไก่ทอดสลับกันทุกวันก่อนหยุด.... เค้บซี แมคดี เท๊กสัสส 555555555555,negative,0
31,31,สเมอนอฟก็พอละ กินง่ายๆ 555,positive,1
32,32,เคยสั่งไม่ดูเหมือนกัน เด็กเสริฟก็ไม่บอกว่ามันเป็นจานใหญ่ ไปกัน4 คน #ข้าวผัดไก่2จาน #ข้าวผัดกุ้ง1จาน #ผัดซีอิ้ว1จาน(คิดดูว่ากูจะแดรกหมดไหม) กับเบียร์ช้าง4ขวด เช็คบินมา 2พันหน่อยๆ โหดสัสๆ #ไม่โทษใครหรอกโทษตัวพวกกูแหละโง่เอง,negative,0
33,33,มาเหอะ แสงโสมกับเบียร์ช้างอย่างตีไอเหี้ย55555,negative,0
34,34,อยากลองผ้าอนามัยแบบสวมเพราะ เวลานอนเล่นโทรศัพท์ ชอบยกขามาไขว่ห้าง จะได้ไม่ซึมเปื้อนด้านหลังค่ะ,positive,1
35,35,คือต้องงงมั้ยให้ผู้ชายมาขายผ้าอนามัยเนี่ยไม่เข้าใจมากๆ 55555555555,negative,0
36,36,Civic ลอกมา CHR concept เปิดตัวก่อน Honda วางขาย civic FC FK 1ปี ลองไปหาข่าวเก่าๆอ่านดู ถ้าจะพูดให้ถูกต้องคือ คือHonda คิดเองไม่เป็นมากกว่า ซึ่งคนส่วนใหญ่ไม่รู้... 🤣,negative,0
37,37,สาขาน้อย,negative,0
38,38,ดูไปดูมาแล้ว อันตรายคืออาจทำให้ยอดขายบุหรี่ตกได้น่ะแต่ก็ไม่น่าใช่,negative,0
39,39,รู้แต่ว่าเบียร์ยูกากสัสๆเลยครับ,negative,0
40,40,มันต้องแบบนี้ครับออกมายอมรับผิดชอบแบบนนี้ ว่าแต่เมื่อไรกอนจะจัดโปรบุฟเฟ่ต์,positive,1
41,41,โอ้ยยยยยยยย ทำไมมาช้า,positive,1
42,42,เคล็ดลับเร่งผิวใส จากผิวคล้ำเสียงบประมาณไม่เกิน200บาท ในช่วงปิดเทอม #SMOOTO เซรั่มออร่าไวท์หน้าใส×10 ราคา 39 บาท…,negative,0
43,43,ผู้ชายที่เห็นว่าประจำเดือนเป็นเรื่องเล็ก อั้นได้ ผ้าอนามัยไม่จำเป็น ลองเอาขวดใส่เลือดเสียบติดกางเกงไว้ 1 วันเต็มๆ ดูมั้ยคะ ขยับก็ทะลัก นี่ยังไม่รวม option ปวดท้อง หน้ามือ อารมณ์บูดนะ,negative,0
44,44,สู้ ๆ ครับ,positive,1
45,45,อยู่ที่โค้กแล้วครับ ว่าจะใช้อะไร์ โค้ก เปปซี่!! รัมบาคาดี้ ก็โอเคอยู่ มีมาตรฐาน แต่ราคาแรงไปนิด!,negative,0
46,46,ฝาสูบโก่ง หม้อน้ำดัน เห็นมาหลายคันเเล้วน่ะครับ cx-5กับ mazda2,negative,0
47,47,ดูราคาที่ลงต่อขวด ต่อ อาหาร ที่ขาย ค่อนข้างแพงครับ โรงแรม รีสอร์ทผม ยังขายไม่ถึงเลย เบียร์ช้าง อย่างมาก ขวด ละ 70 บาท อันนี้ขวด 120 บาท แพงมาก ๆ ขนาดต่างชาติ ยังชาร์ดเซอร์วิส ขวดละ80-100 บาท เอง นี้ รีสอร์ท 5 ดาวนะครับ,negative,0
48,48,ไม่รุ้อ่ะ น่าจะ 3 กว่าๆมั้ง,positive,1
49,49,เอิ๊ป เอิ๊ปเราลดความอ้วนอยู๊,negative,0
50,50,1) ก่อนอื่นขออินโทรก่อนว่า เรื่องต่อไปนี้ที่จะพูด ไม่ใช่ความผิดของกรรมการ แต่คิดว่าผู้รับผิดชอบน่าจะเป็นออแกไนซ์มากกว่า #showdccoverdance,negative,0
51,51,เอ็มเคคคคคค เมิ๊งงงงงงง เกร๊ดดดด ละเสือกมีสาขาใกล้ออฟฟิศ ฮือ เด่วกลางวันศ.นี้เจอ,negative,0
52,52,แพ้อินนิสฟรีชาเขียวระเบิดระเบ้อ ดีนะที่ของแถมดี เท่ากับซื้อโปสลูกในราคา 850เนาะ ไสยๆ,negative,0
53,53,ไปดิๆๆ,positive,1
54,54,ฮือออเสียใจมากอะรู้งี้ซื้อแป้ง laura เหมือนเดิมดีกว่าลดเหลือ 999 เอง 😭😭😭,positive,1
55,55,ไปทานที่เมกะบางนา มา 2 ครั้ง เจอประสบการณ์ไม่ดีทุกครั้ง จนเลิกเข้าไปหลายปี ล่าสุด เมื่อปลายเดือนก.พ. อยากกินมาก เลยเดินเข้าไป เพราะคิดว่า การบริการคงดีแล้ว หลายปีแล้ว สุดท้าย ... คงบ๊ายบายถาวร ส่วนสาขาที่ยังกินสม่ำเสมอ ก็ที่เซ็นทรัลบางนา ทั้ง 2 สาขา บริการนี่แบบว่า คนละเรื่องกับ mega bang na เลยนะก้อน Bar B Q Plaza แต่คิดว่า คงเลิกกินถาวรละ,negative,0
56,56,เคร เจอกันน,positive,1
57,57,เป็นโคโลญแบบunisexอยู่แล้วอ่ะ เราก็ใช้Pomegranate Noir เป็นแค่โคโลญแต่แพง ฮือออออ,negative,0
58,58,ส่วนตัว ม่ายหย่อย,negative,0
59,59,จังหวัดตรังครับ เพราะถ้าจะกิน MK เราต้องมีตรัง,positive,1
60,60,นี่แพ็ตตี้ไง ที่ชอบกินเบียร์ช้างอ่ะ,positive,1
61,61,บัตรหมดแล้ว,negative,0
62,62,#LGBT ผมเป็นชายแท้ และสนับสนุน พรบ.คู่ชีวิตครับ เราควรเคารพซึ่งกันและกัน,positive,1
63,63,ถ้าจะกินไปห้างอื่นที่ค่าจอดรถสมเหตุสมผล ไม่เอาเปรียบลูกค้าดีกว่าค่ะ,negative,0
64,64,ผมไม่ได้ดิ้นนะ ไม่ใช่สาวกทั้งแสงโสมและแอปเปินเน่าครับขออภัย ไม่ดิ้นๆ นะครับ ผมแค่ ais lava 4g เอง ไม่มีระเบิด ไม่มีบวมเคสปริ นะคร๊าบบบบบ 5555+,negative,0
65,65,"น้องพูดดีมากๆ ""ยุคโลกาภิวัฒน์เราต่อสู้กันด้วยเศรษฐกิจ เราไม่ได้ต่อสู้กันด้วยรถถัง หรือปืน "" 👏🏻👏🏻👏🏻👏🏻👏🏻 #อนาคตใหม่",positive,1
66,66,ไม่ทันแล้วจร้าา น่ามมมมมมม,negative,0
67,67,พาไปกินหน่อยจิ น้าๆๆๆๆๆ☺️😊,positive,1
68,68,ขอบคุณจ้า,positive,1
69,69,แนะนำผ้าอนามัยหน่อยค่ะ(สอด/แผ่น) #โรคผิวหนัง,negative,0
70,70,รอแดกขวด 285 เลยอิเหี้ย,positive,1
71,71,คู่แข่งเตรียมหนาว! หลุด 'Toyota Corolla 2018' เวอร์ชั่นญี่ปุ่น มีหน้าตาเหมือน Auris ที่เปิดตัวไปก่อนหน้านี้,positive,1
72,72,แบ๊วสัส เมื่อคืนตายย้อนแดกเบียร์ช้าง,negative,0
73,73,ป๋องดำ มีเท่าไหร่ ก๊ไม่พอ,positive,1
74,74,กูอยากกินเด้อ,positive,1
75,75,ขอบคุณที่แวะมาอิ่มอร่อยมื้อเช้ากับก้อนกันนะฮ้าบบ😘,positive,1
76,76,มันไม่ถูกกดหมายบ้านเราจบ,negative,0
77,77,ขอสักครั้งเถอะพี่กราบละ #SmirnoffNonFestival #ไปให้สุดอย่าหยุดแค่เฟสติวัล,negative,0
78,78,อยากให้เสียภาษีถูกต้องและจำกัดอายุ,positive,1
79,79,อยากอันเชิญแสงโสมไปฟังเพลง สันติภาพ ของ bomb at track เป็นวงที่ทำเพลงเสียดสีสังคมได้โครตร้าวใจมาก,negative,0
80,80,honda กั๊ก ของที่เอามาขายไทย เปิดตัวเมืองของของเต็ม เอาเข้าไทยของหาย,negative,0
81,81,KFCอร่อยมั้ยครับ,negative,0
82,82,รีโว่ไม่คอยสวยเท่าไร แต่ถ้าทำน้าคลายฟอจุนเนอร์ สวยเลย,negative,0
83,83,มาสด้าสองดีเซล. แจ่มครับ แต่เห็นว่ามีปัญหาหลายคัน,negative,0
84,84,รอหวยออก ถูกหวย ล้อหมุนเลย,positive,1
85,85,หมดเกลี้ยง,positive,1
86,86,ชอบไม่ใช่หรอ,positive,1
87,87,🚙 All-new Honda Civic Hatchback คันที่อยู่ในวงสีแดง คันที่ 4 นับจากทางซ้าย และอยู่ในแถวที่ 2 นับจากแถวล่างนะคะ #แอบเสียดายคะซื้อรุ่นELไป #EnjoyHondaThailand #ilovecivic,negative,0
88,88,ก็มันคิดว่า ปปช ไม่มีสมองไงคับ มันชอบคิดแทนคนอื่น,negative,0
89,89,กินเยอะนี่ปวดหัวไหมครับตัวนี้ 285นี่ปวดหัวมาก แนะนำทีคับ,negative,0
90,90,อยากกีซ้าย,positive,1
91,91,โชคดี วันนั้นไปดู CX5 แต่ดันติดใจ CX3 ทำไปทำมา ยังไม่ตัดสินใจจอง สรุป ไม่เล่นมาสด้า ดีกว่า กลัวโดน บ.รถยนต์ฟ้อง 😣,negative,0
92,92,ลาเลย,positive,1
93,93,ทำไมเบียร์ช้างมันเปรี้ยวๆ,negative,0
94,94,กลางปี อีกหลายเดือนอ่ะ ปีที่แร้วมีกุมภาพันธ์ปีนี้คืออะไรอ่ะ กลัวเจ๋งหรอ โปรโมชั่นไม่ตรงคอนเซ็ปท์เลย บาร์บีคิว พลาซ่า,negative,0
95,95,สู้ๆคับ ขอให้ผ่านคับ,positive,1
96,96,ใครก็ได้ สั่งไปไหว้ที ฮ่าๆ,positive,1
97,97,แต่น้ำหอมของ โจมาโลน หายาก ถ้าเจอแบ่งขายก็ซื้อเหอะ เขาไม่ค่อยเอาใาขายกันเพราะแพง 55555,negative,0
98,98,ชีวิตของเราทางเลือกของเรามันมาเสือกกฏหมายมาปิดกันและเปิดทางให้ตำรวจชั่วหาแดก,negative,0
99,99,รักนะ จุบๆ คนดี ของเราพาไปหน่อย,positive,1
100,100,น้องแสงโสม น้องเบียร์สิงห์ น้องก๋วยเตี๋ยวเรือ 555555,positive,1
101,101,การได้สั่งลาวันอาทิตย์ ด้วย Jameson Ginger & Lime สักแก้วนี่มันดีจริงๆ นะ ถ้าไม่เชื่อ ก็ลองทำตามดูได้! #JamesonThailand #TwiceAsSmooth,positive,1
102,102,ไปกินmk กันน่ะ,positive,1
103,103,ไม่ค่อยได้กินอะ,negative,0
104,104,ทานเผื่อก้อนด้วยนะคร้าบ ขอบคุณครับ,positive,1
105,105,ขอบพระคุณมากๆที่ชื่นชอบการบริการของน้องๆก้อนน๊าคร้าบบ😊,positive,1
106,106,คุ้มค่า,positive,1
107,107,Webขายเยอะแยะทำไม่ไม่จับบุหรี่ไฟฟ้าตเองขยายผลว่าชื้อมาจากไหนใครเป็นคนขายต้องแก้ปัญหาที่ต้นเหตุนะครับ,negative,0
108,108,บุปเฟ่มาละ,positive,1
109,109,ลองเลยยย นุ่มลื่น,positive,1
110,110,ไม่เห็นมีเลย,negative,0
111,111,ชอบตอนลดราคา,positive,1
112,112,ค่าเช่าชุดแพงกว่าที่ลดอีก,negative,0
113,113,ดูหญิงแย้สอนใส่ผ้าอนามัยโคตรฮาแม่ง55555555555 แบบกลางคืน40เซนนี่ผ้าอนามัยหรือกล่องดินสอ,negative,0
114,114,นิสสันเรื่องการบรรทุกหายห่วงจริงๆๆราคาประหยัดต้องลอง,positive,1
115,115,แต่ถามเงินในกระเป๋าพี่ด้วยยยย,negative,0
116,116,ไปกินกันนร 😻😻,positive,1
117,117,เมาเหี้ยๆ บาคาดี้2ช็อต5555555555,negative,0
118,118,แอร์ติดไกลจากตรงที่นอนไปหน่อย ทำให้ไม่ค่อยเย็นเท่าไร,negative,0
119,119,ช่วงนี้คงเลิกแดก ผลิตภัณฑ์สิงห์ 🦁 สักระยะ 🤔,negative,0
120,120,สู้ๆ อย่ายอมแพ้ค่ะ เป็นกำลังใจให้ค่ะ #ปันรอยยิ้มเพื่อผู้ป่วยมะเร็ง #สานต่อที่พ่อให้ทำช่วยคนไทยพ้นภัยมะเร็ง #ศูนย์การแพทย์มะเร็งวิทยาจุฬาภรณ์ #โรงพยาบาลจุฬาภรณ์,positive,1
121,121,ใช้ดีค่ะ บอกต่อ คือเป็นคนเเพ้ง่ายมากกก ใช้กานิเยหรือพอนก็เเพ้ เเต่ใช้ครีมเเตงโมเเล้วคือดี สิวลด กันน้ำค่ะ นี้ใช้ไปเล่นสงกรานต์มา รอดค่ะ555 เล่อค่าาาาา,negative,0
122,122,เออสรุปไม่มีใครไป อย่ามาๆกันดีนัก,positive,1
123,123,ชอบมากครับ รถนิสสัน เป็นปิคอัพนวัตกรรมใหม่ ภายในกว้างขวางนั่งสบายๆ เครื่องแรง ราคาถูกใจมากครับ,positive,1
124,124,แถวบ้านผมร่อยกว่าเยอะครับ😆,negative,0
125,125,อยากให้มีเมนูใหม่ๆบ้างนะครับกินมานานนนนนนมากจับอันในใส่อันนี้ไม่มีความแปลกใหม่ขึ้นมาเลย(ขออภัยถ้าข้อความนี้รบกวนลบได้นะครับจากครอบครัวที่กินเอ็มเคทุกสัปดาห์มาสิบปีอยากมีอะไรใหม่ๆให้กินบ้าง),negative,0
126,126,พึ่งจะไปกินมาเองแต่ทิ้งใบเสร็จไปแล้วเสียดายจุง,negative,0
127,127,แบบเย็นมากจ้าาาส ส่วนเกงในไม่เคยมีขาดจ้าเพราะกาวผ้าอนามัยไม่ติดเกงใน555555,negative,0
128,128,โดนมาแล้ว@ เมื่อคืน.. บอก กงๆ กินได้ประมาณ 50% คนเดียว เมาหัวทิ่มเลย 555,positive,1
129,129,ราคานี้สมน้ำสมเนื้อคับยังงัยก้ฟอร์ดยุแล้วคับผมครอบครัวฟอร์ดซื้อรถก้ฟอร์ดคับชอบมาก,negative,0
130,130,เห็นกรณีเนื้อบาบีก้อนมีไข่พยาธิแล้วหันมามองตัวเอง คงไม่มีทางไปโวยร้านแน่ๆ เพราะตั้งใจย่างแดกสถานเดียวไม่เคยสังเกตอะไรเลย นี่แหละคนแบบกูตายเพราะแดกล้วนๆ,negative,0
131,131,เรียกเฉื่อยเก็บแม่งเลย,negative,0
132,132,ใครที่ไม่ชอบรบกวนไปที่อื่น,negative,0
133,133,นึกว่าโดนข้อหาฆ่าคนตายโดยเจตนา! ่กุก็ไม่ชอบหรอกนะบุหรี่ธรรมดาบุหรี่ไฟฟ้าห่าอะไรเนี่ย แต่มึงก็เกินไปป่าววะจับปรับก็พอมั้ง ทีอีเปรี้ยวแม่งสะดวกสบายทุกอย่าง,negative,0
134,134,นึกว่า mizumi ของญี่ปุ่น เป็นกันแดดที่บางเบาเว่อร์ ลงเมคอัพทับไม่เป็นคราบเลยจ้า,positive,1
135,135,"ม.44 คุ้มครองมึงแต่ทำร้ายประเทศและประชาชนนะ เนี่ยอะนะที่บอกว่าจะมาทำให้บ้านเมืองสงบคนไม่โกงของสมุนบัตรประชารัฐ และอี3000ที่จ่อจะเข้าบัตรหลังจากนี้อีกคืออะไร หลายคนที่ใส่คะแนนให้ก็กลัวเงินนี้จะไม่ได้ใช่มั้ย ต่อไปเอา3000แต่จ่าย30,000ล้าน คงโอเคกันนะ #บัตรเกิดใหม่ในหีบ #เลือกตั้ง62",negative,0
136,136,อาจารย์คับรบกวนสอบถามเรื่องแอร์น่อยคับ รถยาริส1.2 รถ3ปี70000โล อยู่ดีๆแอร์มีแต่ลม คือวันเสาแอร์ยังเย็นอยู่คับพอมาเช้าวันอาทิตสตาทรถแล้วรู้สึกว่าแอรมีแต่ลม ไปร้านแอร์เช็คดูว่าน้ำยาแอรขาดเลยเติมมา อาการแบบนี้จะเป็นที่ตู้แอร์รั่วได้ไหมคับ ถ้าเป็นที่ตู้แอร์ต้องรื้อคอนโซลเลยใช่ไหมคับมีวิธีอื่นไหมคับ,negative,0
137,137,แสงที่ show dc หลากหลายดีนะ เดี๋ยวม่วง เขียว เหลือง โอ๊ยยยยมาจะครบสีรุ้งล่ะ รูปมันแต่งยากนะ 😅 ไม่ว่าจะไปครั้งไหนๆรูปที่ได้มีทุกสีจริงๆ 😂,negative,0
138,138,ส่วนตัวเครื่องสำอางค์ใช้แบรนด์เกาหลี ญี่ปุ่นไปเลย แพงหน่อยแต่ปลอดภัย ของไทยใช้แค่ครีมพอนด์,negative,0
139,139,ฝีที่เนื้อนะ พูดแถลงมาได้อย่างไรว่าไม่เป็นอันตรายต่อการบริโภค มันมีเชื้อแบคทีเรียไม่ใช่หรอ โปรดอย่าทำให้ผู้บริโภคเข้าใจผิด ยิ่งหากพิจารณาที่ราคาอาหารที่สูงกว่าทั่วไปเพราะเป็นแบรนด์ขึ้นห้างด้วยแล้ว ปล่อยผ่านมาถึงลูกค้าแบบนี้ไม่ถูก แล้วยังแถลงการณ์ให้เกิดความเข้าใจผิดว่าไม่เป็นอันตรายทั้งๆที่ไม่ควรบริโภค เป็นการแสดงความรับผิดชอบที่ไม่โอเคเลยค่ะ,negative,0
140,140,เห็นอย่างงี้เลยไม่อยากได้แอคคอร์ดไปด้วยเลย 😩,positive,1
141,141,ไม่สายติ่มซำว่ะแต่เอ็มเคได้อยู่ อยากกินเป็ดดดดดดดด,positive,1
142,142,หัวค่ดเหม็นบาร์บีกอน ฟ้าคคคคคคค,negative,0
143,143,ไอ้ห่าไม่มีชุดไทยยยยยยย,negative,0
144,144,ก้อนรีบปรับปรุงเลยนะ นี่กินประจำ แต่ตอนนี้ไม่กล้าอะมันนึกถึงภาพ 🤦‍♀️🤦‍♀️🤦‍♀️,negative,0
145,145,กููดูล่ะ ไม่มี,negative,0
146,146,พาคุณหนูฟีณิกซ์ไปกินชุดคุณหนูกัน,positive,1
147,147,ทุกวันนี้ใชั อัลเมร่า อยุ่ค่ะ ชอบมาก คิดถูกแล้วที่ตัดสินใจซื้อ นิสสัน ค่ะ,positive,1
148,148,คงไม่ไดเลียนแบบมั้งครับ รถต้นแบบch-rเปิดโชว์ปี2014 เริ่มตำหน่ายอยู่ต่างประเทศปี2015กว่าจะถึงบ้านเราปาเข้าไป2018ครับ,negative,0
149,149,นิสสัน นาวารา สวยทนทาน มาก มาพร้อมโปรโมชั่นพิเศษน่าสนใจมาก,positive,1
150,150,กูไม่เคยแดกฟูลมูนด้วย แต่ถ้าผสมแบบนี้ เมาเหี้ยมาก พวกเหล้าผสมน้ำหวานเนี่ย เมาแล้วต้องอ้วกแล้วนอนไปเลย 5555555555,negative,0
151,151,จบลงไปอย่างน่าประทับใจกับงาน Songkranzonic ปาร์ตี้สงกรานต์น้องใหม่ที่ Chang World ได้มอบความสนุกสุดยอด และความประทับใจให้ทุกคนแบบนอนสต็อปตลอด 4 วันเต็ม ด้วยโปรดักชันสุดอลังการ พร้อมเหล่าดีเจคุณภาพมากมายทั้งไทย และต่างประเทศที่มาระเบิดความมันส์ให้คุณ และเพื่อนซี้ ได้ฟินกว่า! มันส์กว่า! ชุ่มฉ่ำกว่าเคย! 👍 #Siam2nite #Songkranzonic2018 #สงกรานต์นี้เพื่อนซี้ต้องมา #ยกทีมเพื่อนซี้ปาร์ตี้สงกรานต์ #Chang #ช้าง,positive,1
152,152,โอ้ยยย โมเดสไม่ซึมซับเด้อออ เบื่ออออ,negative,0
153,153,กันเลี้ยงเลย คิดถึง,positive,1
154,154,มะวานพี่พาไปดูรถที่ศูนย์ MG ละบอกว่า ถ้าแกสอบ NL ไม่ผ่านไม่ต้องเอา ฮ่าๆๆๆๆ ชิบหายยยยย,negative,0
155,155,โดยปกติผมไม่เคยชอบรถยุโรป แต่เพราะ MG ทำให้เปลี่ยนความคิดนั้นครับ,positive,1
156,156,ต้องจัดแล้วววว5555,positive,1
157,157,🙌🏼🙌🏼,positive,1
158,158,เมื่อวานไปกินสาขาโรบินสันกาญมา ไม่มีสันคอหมูเลยค่ะ เนื้อด้วย ของน้อยมาก ซูชิมีมีน้อย กินไม่คุ้มเลยค่ะ ไม่ต่างจากร้านสุกี้หัวละร้อยกว่าเลย,negative,0
159,159,อดสะมั้ง,positive,1
160,160,หงส์แดงรือจะหงส์ทองโอ้ยถูกจัย,positive,1
161,161,ตะกวด แม่งก้อโจรดีดีนี่ละ เยสแม่ หาแดกกับประชาชนไอ้ระยำเอ้ย,negative,0
162,162,จิบเบียร์ช้างเพิ่มความลงตัวในทุกรสชาติร่วมกับเมนูโปรดแลฟินกับรูม39ด้วย,positive,1
163,163,นี้นะ,positive,1
164,164,ป่ะะ,positive,1
165,165,เอ็มเคบุฟเฟต์ไม่คุ้มเคยกินหล่ะ อิ่มไว 5555,negative,0
166,166,ควยบุหรี่ไฟฟ้าอยู่ในรถยึดรถด้วยแล้วถ้าบุหรี่ไฟฟ้าอยู่ในบ้านจะยึดบ้านด้วยไหมว่ะ,negative,0
167,167,เอาจริงถ้าเห็นพยาธิเป็นเม็ดๆกลมๆขนาดนั้นต่อให้สุกกูก็บ่าแดกเด้อจะอ้วกกก #บาบีก้อน,negative,0
168,168,ไม่สูบดีสุด เอาเวลาไปอ่านสือและมาติวให้กุดีกว่า,negative,0
169,169,จ้ะ.,positive,1
170,170,เป็นเรื่องของภาพลักษณ์รถยี่ห้อ และรุ่นนั้นครับ แต่เดิมโตโยต้าไม่ได้มีปัญหาอะไร แต่ยี่ห้ออื่นมีเรื่องแบบนี้อยู่ (เราถึงไม่เห็นบางยี่ห้อที่เอามาทำแท็กซี่เลย) อัลติสตอนออกใหม่ รถที่จะถูกเอาไปทำแท็กซี่ยังใช้ชื่อ Limo เลย ไม่ได้แปะป้ายอัสติสที่ตัวรถ,negative,0
171,171,มาถึงวันนี้ยอดขายก็ไม่ดีอะไร แม้เซฟตี้จะดีมากคือฆ่าวีออสด้วย แต่พิษเศรษฐกิจไม่เคยปราณีใครแม้แต่เจ้าตลาดอย่างโตโยต้า,negative,0
172,172,ไปค่าาาาา,positive,1
173,173,ตอนนี้คือเบลนด์ เบลนด์คือเคยแดกแล้วแพ้นอนบนพื้นเป็นอาทิตย์เพราะร้อนและคัน ตอนนี้ร้อนอย่างเดียว และขึ้นแค่ตูดกับหลัง เดี๋ยวมาดูกันค่ะ,negative,0
174,174,คนอะไรใจร้ายเหมือนหน้าตา 😭😭😭😭,positive,1
175,175,ตอนนั้นอยากเปลี่ยนรถเพราะ wish เก่าแล้ว + กินน้ำมันเอาเรื่องนะสำหรับขับในเมือง 9-10 กม. ลิตร แหนะ.. ตัดมาภาพที่ Teana ซัดไป 8.5 กม./ ลิตร 😅,negative,0
176,176,นิสสันอัลเมร่าน่าใช้ ทั้งประหยัดน้ำมันทั้งคล่องตัวด้วยครับ,positive,1
177,177,หิวเป็ดจุง,positive,1
178,178,เค้าชอบคอสลุคฮะปิดดีกว่า,positive,1
179,179,น้ำมันเหมือนน้ำกรองอ่ะ เลยไม่ชอบดื่ม - - นี่ไม่เกี่ยว ยี่ห้อ นะ แต่ถ้า น้ำไม่มีรสปะแล่มๆ เหมือนสิงห์ไม่ดื่ม 😂😂😂😂,negative,0
180,180,ที่จริงเบียร์สิงห์ก็อร่อยนะ. ชิมก่อนได้ครับ,positive,1
181,181,ข้างเดียวก๊านนนน ลองหาอะไรกระแทกให้ม่วงแล้วไปลองกลบที่ Shop nyx ก็ได้,positive,1
182,182,กลิ่นแอลกอฮอล์แรงเหี้ยๆ ~ กินไม่เท่าไหร่ ร้อนคอร้อนท้องไปหมด อหหหห. ลาขาดกะสเมอร์นอฟฟ์กระป๋องอ่ะ T T,negative,0
183,183,พี่มีนคะ,positive,1
184,184,จัดไปๆ ^__^,positive,1
185,185,Mk อร่อยคะ นู๋คอนเฟิม ม ม อิอิ,positive,1
186,186,มันเป็นแค่งานโฆษณาผ้าอนามัยเค้าไม่ได้จะมาเป็นนักร้องนิ ไม่ติ่งใครอะดูก็ไม่ได้น่าเกลียดอะไร,negative,0
187,187,โชคดีไม่กินช้างกินลีโอ,negative,0
188,188,ไม่น่าใช้ hadalabo 🤦🏻‍♀️,negative,0
189,189,ความร้อนไม่ทำให้เดือดร้อนสักเท่าไหร่ ถ้าใจเราร่มเย็น เข้าวัดเลยค่ะ เข้าโบสถ์ #สวยกล้าท้าทุกแสง #คู่หูท้าแดด #kmacosmetics,negative,0
190,190,เอาให้ว่าวตรงกันก่อนเถอะ,positive,1
191,191,เลื่อนจนประยุทธตายพรรคมึงก็ไม่ชนะอยู่ดี อีควาย ไปตาย #เลื่อนแม่มึงสิ,negative,0
192,192,ป่ะอย่างอร่อย,positive,1
193,193,รู้งี้น่าจะกินน้ำเปล่า ไม่อร่อยเลย,negative,0
194,194,น้องใหม่เค้าแสดงร้องเพลงแล้วเต้น เป็นการแสดงโฆษณาผ้าอนามัยย่ะ สวยกว่าใบเตยเป็นร้อยเท่ายิ่งลำใยอย่าเอาเปรียบเทียบเทียบไม่ติดหรอก มันคนละสไตล์กัน,negative,0
195,195,จำได้แระทำไมเมื่อวานแฮงค์จนอ้วก โต๊ะข้างๆ ให้กินเบลน คือกุกินเบลนไม่ได้ ไอสัด,negative,0
196,196,นิสสัน navara PPV? เชย แก่ โบราณ,negative,0
197,197,แสงโสม+ โซจู เป็นอะไรที่เหี้ยมาก ไม่ควรลอง,negative,0
198,198,รีวิวผ้าอนามัยสั้นๆเลย เจ็บ,negative,0
199,199,ไปกินกันมั้ยยย,positive,1
200,200,อยากได้ค่ะรุ่นนี้ฮอนด้าซีวิคแฮทช์แบ็ก สวยงามชอบมากค่ะ,positive,1
201,201,เทคนิค คือ เลือกกินอาหารเสริมที่ช่วยป้องกันแดดและเลือกใช้ผลิตภัณฑ์กันแดดที่มี spf50ขึ้นไป ทาทุกวันแม้อยู่ที่บ้าน ถ้าออกนอกบ้านก็ใส่เสื้อคลุมและหมวกเพื่อป้องกันอีกชั้นนึงค่ะ เหตุผลที่อยากได้กันแดด Nivea Sun instant aura เพราะมี spf50+ pa+++ ซึ่งสามารถป้องกันแสงแดดได้อย่างมีประสิทธิภาพ และยังบางเบาสามารถแต่งหน้าทับได้ทันทีโดยที่ไม่ทำให้เป็นคราบ และช่วยให้ผิวผ่องขึ้นอีก 1 เฉด อีกด้วยค่ะ,positive,1
202,202,จร้าาาาาแบบนี้ง่ายเลยจุฟๆ,positive,1
203,203,ไม่สะอาด อาหารเช้าไม่สมราคา ห้องน้ำเหม็นมาก,negative,0
204,204,หืวเลย,positive,1
205,205,ช่วยๆกันแชร์,positive,1
206,206,5555 วันนี้เลยดีมะ😂😂,positive,1
207,207,กกต. คือตัวอย่างของการทำงานที่บัดซบที่สุดในปวศ.ประเทศนี้...เงินเดือนเป็นเเสน คุณภาพงานเท่าเเตดมด😡😡😡 #เก้วกาด #ยุบเถอะอายเขา,negative,0
208,208,ตั้งแต่แสนสิริ คิวเฮ้าส์ โนเบิล ยันเอพี สร้างบ้านจัดสรรแล้วมีปัญหา สงสัยคงต้องปลูกกะต๊อบอยู่เอง,negative,0
209,209,เมนูที่สั่งบ่อยๆคือ ปลาหมึกผัดเผ็ดกับหมูสามชั้น แล้วก็ไข่ตุ๋น ไข่ตุ๋นคือดี ร้อนๆกินตอนหนาวๆคือฟิน เมื่อก่อนชอบเรียกว่าร้านหมึกดุ เพราะพนักงานดุมาก แต่รอบล่าสุดไป ไม่ดุแล้ว55555 มาฮงแดก็คือต้องกินร้านนี้,positive,1
210,210,บอกให้รู้ไว้ว่าไม่มีเงิน,negative,0
211,211,เราติดตามแขมาตั้งแต่เดบิวต์แรกๆเลย ชอบทุกเพลงทุกอัลบัม แต่ที่เพลงที่ชอบเป็นพิเศษและอยากไปโยกตัวเต้นกับ Singha Music มากที่สุดคือเพลง lost ในอัลบั้ม one of the boys ซึ่งเป็นเพลงที่นางแต่งขึ้นจากเรื่องจริงของนางเองในช่วงที่เข้าวงการแรกๆนางถูกให้สร้างภาพลักษณ์คล้ายป็อปสตาร์ในยุคนั้นเพื่อการตลาด จึงทำให้นางรู้สึกไม่เป็นตัวของตัวเองเหมือนหลงทางและสูญเสียความเป็นตัวเองไป เราชอบฟังเพลงนี้เวลาที่รู้สึกท้อเพราะมันทำให้รู้สึกว่ายังมีคนที่เจอเรื่องแย่ๆมาหนักกว่าเราและสุดท้ายเค้าก็สามารถผ่านมันมาได้อย่างสวยงามและประสบความสำเร็จนั่นก็คือ Katy Perry ถึงแม้ว่าจะเป็นเพลงช้าแต่ก็โยกได้เพราะความ katycats ในตัวสูง 😂 แกไปปลดปล่อยความเป็น katycats กัน #Singhamusic,positive,1
212,212,พรุ่งนี้,positive,1
213,213,อยากกินๆๆๆๆ,positive,1
214,214,เชฟตุ๊ก คนเดิม ถึงจะเทียบเซกเมนท์เดียวกัน มาสด้าก็แคบกว่าเขาครับ มันเป็นแนวทางพัฒนาของเขา cx-3 vs hr-v ก็เช่นกัน คนที่เลือกเขาไม่แคร์จุดนี้,negative,0
215,215,555วันนี้ป่ะ,positive,1
216,216,เพิ่งกิน check list รสต้มยำ มา ทำไม น้ำซุป เค็มจัง,negative,0
217,217,เซ็ทนี้เด็กๆชอบมาก,positive,1
218,218,น้องเบียร์ น้องแสงโสม น้องโซดา น้องน้ำแข็ง,positive,1
219,219,ด้วยรักจากแสงโสม,positive,1
220,220,อั่ยยะ,positive,1
221,221,ชุดแต่งส่งตรงจากโรงงานของ Nissan Titan ที่หล่อขึ้นเป็นกอง!! แถมใส่ง่ายใช้เวลาติดตั้งไม่ถึง 4 ชั่วโมง!!,positive,1
222,222,รอตังออกก่อน,positive,1
223,223,แสนสิริ ไม่มีความจริงใจกับลูกค้าเลย เสียใจมากจริงๆค่ะ ปัญหาที่เกิดขึ้นมีช่องออกมากมาย แต่ไม่ทำให้ต้องขอโทษนะคะที่บอกกับท่านแบบนึ้,negative,0
224,224,บาบีก้อนยับอ่ะ เนื้อนำเข้าสภาพแบบนั้น แก้ปัญหาถูกทางนะ แต่สภาพเนื้อ...,negative,0
225,225,#ฟ้ารักพ่อ นักข่าว: ทำอย่างไรให้คนรวย 1% ที่อยู่เบื้องหลังการเมืองไทย สนับสนุนพรรคของคุณ พ่อ:,positive,1
226,226,ไปทานกันๆ วันไหนดี,positive,1
227,227,รอรัยละเธอ,positive,1
228,228,อยากกิน บาบีก้อน bar-b-q พลาซ่า😁,positive,1
229,229,ไม่แพงเลยขายเบียร์ช้างขวด 120 .ต้นทุน 50.ครับ,negative,0
230,230,ตามสนามบินผมเห็นฝรั่งสูบเยอะแยะไม่เห็นมันจับเลย,negative,0
231,231,ปกติไม่ค่อยแดกนํ้า. เข้า711 แดกแต่เบียร์ แต่ไม่แดกเบียร์สิงห์น่ะ. อาชาเท่านั้น 555,negative,0
232,232,ดูเหมือนแฮชแบ้ค ดูไปดูมา เอาอีกแล้วพี่โต. เอา ยาริส มาเสียบชัดๆ,negative,0
233,233,เรื่องเล่าจาก “ลอเรน วาสเซอร์” สาวที่ต้องตัดขา เพราะพิษจากผ้าอนามัยแบบสอด! |,negative,0
234,234,เจอแฮ็กบัตรเครดิตจ้า รูดไป 80k กว่าๆ แต่ไม่ผ่าน ธนาคารเลยระงับบัตรให้ไปก่อน โชคดีไป ขึ้นว่าจ่ายบริการ google irl sar-eur ซึ่งยังไม่มีเวลาไปสืบเสาะว่ามาจากไหนอะไรยังไง,negative,0
235,235,อย่างลิปสติกไคลี่ 3ce อะไรแบบเนี้ยเห็นขายในตลาดแท่งละร้อยสามแท่งสองร้อยเงี้ย ถามจริงกล้าซื้อจริงๆหรอวะ ปากเธอนะ ปา…,negative,0
236,236,น้ารักเชียววว,positive,1
237,237,ผ้าอนามัยแบบเย็นนี่เย็นจนหนาว,negative,0
238,238,พาไปหน่อย,positive,1
239,239,เราหายใจไม่ออกแล้วค่าาาาาาา 🤣,positive,1
240,240,ทำไม ysl ของเค้าติดไม่ทนเลยแฮะ,negative,0
241,241,ควยวันนั้นจะพาใปแดก ใม่ใป,negative,0
242,242,มีงบอกอันตรายเท่ากันแต่งแม่งไม่แบนบุหรี่มวล กุล้ะงงจิงๆ,negative,0
243,243,กากจริงๆ โทรไปต้องรอช่างว่างก่อน ก็จ้างช่างเป็นกะสิครับ ให้เค้าเวียนกันบริการให้ทั่วถึง 24 ชั่วโมง อย่างงี้รอชาติหน้าสิครับจะได้แก้ไข บางคนเค้าว่างเสาร์อาทิตย์เพราะวันอื่นต้องทำงาน แล้วค่าเน็ตกูก็จ่ายครบทำไมกูได้ใช้เน็ตไม่ครบอะ เอาเปรียบผู้บริโภคนะ ส่งข้อความถึงผู้บริหารสูงๆด้วยนะไม่ใช่ให้แอดมินอ่านแล้วก็เงียบ แก้ปัญหาการบริการไม่ดี เสียทีต้องรอช่างว่าง ซึ่งเน็ตเสียไม่ใช่ความผิดกู ความผิดมึงล้วนๆ,negative,0
244,244,เพื่อไทยหนองคาย และอนาคตใหม่ภาคใต้ งานนี้เผด็จการมีหนาวค่ะ,positive,1
245,245,อีพรรคประชาธิปไตย เสรีภาพห่าเหวพวกนั้นเสนอหน้าช่วยเหลืออะไรบ้างวะ,negative,0
246,246,กระป๋องม่วงออกรุ้งๆแม่งเมาชิบหาย รู้สึกตัวอีกทีเช้า,negative,0
247,247,คนที่บอกสูบแล้วเสียเงินเสียทองพวกเราก็ไม่ได้ขอเงินมันซื้อสะที่ไหน สูบแล้วก็ออกกำลังกายได้ คนที่ดูดบางคนอายุยืนกว่าพวกที่ไม่สูบอีกรุ่นปู่-ย่า ตา ยายก็เห็นท่านแข็งแรงทุกคน(มือไม่พายอย่าเอาเท้าราน้ำ),negative,0
248,248,นี้แหละที่ต้องการ,positive,1
249,249,หมูทะ บิงชู ชาบู ช้าง ลีโอ แสงโสม,positive,1
250,250,นาวาร่าสุดยอดจิงๆๆคับ,positive,1
251,251,หิวจุง😂,positive,1
252,252,รีเจนซี่ ตื่นสบายจริงเหรอ 555,negative,0
253,253,ผ้าอนามัยแบบเย็นคือเหี้ยมาก,negative,0
254,254,จัดๆ2ทุ่มบ่,positive,1
255,255,ส่งให้เรียบร้อยครับ ไม่พอใจจริงๆครับครั้งนี้ พนักงานชุดนี้แย่จริงๆ,negative,0
256,256,ผมไม่ค่อยเข้าใจตรรกะ ทำห่วงปปช. ปอดก้ของเรา อันตรายมากน้อยแค่ไหน ปปช.มีสิทธ์เลือกใช้,negative,0
257,257,ถ้าไม่ใช้คูปอง ส่งมาทางนี้ได้นะคะ,positive,1
258,258,กวนตีนป่าวล่ะ ปีใหม่เก็บเต็มราคา พ่องงงงงง,negative,0
259,259,Nissan คงใกล้จบแล้วแน่ๆ,negative,0
260,260,ดีใจอีกค่ะแอด มากินอีกแล้ว อิอิอิ,positive,1
261,261,ไปเอายาริสไม่ดีกว่าหรอว่ะ,negative,0
262,262,วิ่งเสร็จจัดเลย,positive,1
263,263,กินนี่มะ,positive,1
264,264,ไปกินเถอะะะ,positive,1
265,265,55555 ไอเลิฟไทยแลนด์. ถถถถุยยย,negative,0
266,266,หมอคนเดียวไอ่ห่าปกป่ะครับ,negative,0
267,267,ชอบ Honda Accord สปอร์ตเฟี้ยวเร้าใจ ดูดีมีความหล่อ ภายในกว้างขวาง ขับไปไหนใครก็มอง #Hondanont,positive,1
268,268,อื้ออออจริงด้วยคับผมเพิ่งสังเกตุตัวเองพอดื่มช้างทีรัยทำไมท้องเสียทุกทีงงเหมือนกันนึกว่ากลับแกล้มรึกับข้าวอย่างอื่น เพราะผมชอบดื่มช้างมากแต่ก็ไม่ได้สังเกตุตรงนี้เห็นคุณโพตส์ผมเลยคิดว่าใช่แน่เลยต้องเปลี่ยนละ,negative,0
269,269,หืออออออ Blend 285 นี้มันแบรนด์สินค้าประเภทไหนนะ,negative,0
270,270,เออการ์นิเย่แม่งเป๊ะจริงๆอะ55555555,negative,0
271,271,กินนนนนนนน,positive,1
272,272,ราคาอิงจากบริษัทโดยตรง เบียร์ช้างเฉลี่ยขวดละ 118 บาท เบียร์ลีโอเฉลี่ยขวดละ 111 บาท #แพงชิบหาย 😭😭😭😭😭 ต้มเหล้ากินเองละกาน,negative,0
273,273,จะกล้ากินบาร์บิคิวพลาซ่ามั้ย ฮือออ,negative,0
274,274,พี่ครับผมใช้สมูทอีแล้วสิวขึ้นอีกและหน้าแดง,negative,0
275,275,สวย ทดลองขับแล้ว เกาะถนนดี เร่งได้ทันใจ ที่ชอบเพราะเป็น ไฮบริด ประหยัดดี ครับ เพราะที่บ้านก็ใช้พรีอุสอยู่อีกคันนึง,positive,1
276,276,กลับไปงานจ้ะกินส้มตำรองท้องไปก่อนนะ,positive,1
277,277,เพิ่งรู้ว่าจะloser ได้ขนาดนี้ กินเบียร์หมดเป็นโปรไปเรียนได้ เจอสเมอร์นอฟขวดเดียวตายคาเตียงลุกไม่ขึ้น ไอ้สัสสสสส,negative,0
278,278,เพื่อนๆชอบพี่ขุนเรืองมากกก ขอให้ได้ทำตามฝันไปกับมิตซูบิชิแอททราจนะจ้ะ 😘,positive,1
279,279,ก้อน่าจะสรุปที่คนเอาไปมั่วไม่ได้สิจ๊ะ,negative,0
280,280,มาใหม่ๆ,positive,1
281,281,นีเวียคลีนซิ่งอย่าเรียกว่าคลีนซิ่งเลย ใช้เกือบทุกสูตรและ เช็ดจนสำลีจะหมดห่อก็ยังไม่เกลี้ยง ปกติ 5-6 แผ่นก็ได้และ อั…,negative,0
282,282,เราเป็นคนนึงที่ไม่เซียนการเมือง ไม่ฝักใฝ่ฝ่ายใด พอคณะนี้เข้ามา เศรษฐกิจฝืดๆ ขัดๆ เราก็ไม่กล่าวหา ก้มหน้าก้มตาทำหน้าที่ตัวเองไป แต่พอมาเห็นข่าวนาฬิกาเอย แจกเงินเอย เลื่อนเลือกตั้งเอย โหยอีแย่เม็ด กูไม่ทนล้าวววววว #เลื่อนเเม่มึงสิ,negative,0
283,283,เสาร์นี้มา,positive,1
284,284,เบื่อกิน285ทีไร ตัวแดง,negative,0
285,285,เน็ตแม่งกากชิปหายเสียอารมณ์จัด,negative,0
286,286,"เลือกรีโว่ขับสบาย อีซุๆคลาดแข็ง เกีย1,2 อืด",negative,0
287,287,ก็อร่อยดีนะ มันได้ 2 อารมณ์ในอันเดียว,positive,1
288,288,ง้ำๆ,positive,1
289,289,ผมคนนึงที่ชอบลองดื่มเหล้าใหม่ๆแปลกๆที่ไม่เคยดื่ม...พอได้ลองยี่ห้อนี้ไป บอกเลยว่าไม่เอาอีกแล้ว #บอกเลยว่าแรงจริงบ่ไหวบ่ไหว 😂😂😂,negative,0
290,290,😍😍😍,positive,1
291,291,กินบาบิก้อนวันนี้แถมฟรีเม็ดสาคู Taenia solium ก็มาจ้า,negative,0
292,292,พุ่งนี้ ถอนฟันละ น่าจะกินไรไม่ได้ อีกสักอาทิด สองอาทิด,negative,0
293,293,ตืดวัวที่เจอในบาบีก้อน นี่ว่ามันเป็นเรื่องบังคับกันไม่ได้100%อ่ะ แต่คือก่อนเสิร์ฟก็ไม่เอาส่วนที่ไข่ตืดออกไง พนง.ร้านก็ผิด ลูกค้าไม่ควรมาเจอค.พะอืดพะอมนี้,negative,0
294,294,เมนไหลลงตูดอีกแล้ว ยาวไปถึงกระดูกไขสันหลังเลยดีมั้ยผ้าอนามัย รำคาญ,negative,0
295,295,เมอนอฟป๋องม่วงที่สีเหมือนแอลกอฮอลล้างแผล ใช่ค่ะนอกจากสีแล้วรสชาติก็เช่นกัน ก็ไม่เคยกินแอลกอฮอลล้างแผลหรอก แต่สัมผัสรสชาติจากกลิ่นอะ ซึ่งเหมือนเดะเลยแค่เมอนอฟไม่ฉุนเท่า ยังไงเมอนอฟแบบขวดแก้วพวกรสเลม่อน เมล่อน แอปเปิ้ลงี้ก็ดีสุดสำหรับเราเชอร์รี่ผีมากไม่ขอลองอีก,negative,0
296,296,สรุปว่า ต้องนี้ผิดกฎหมาย 100% แล้วใช่ไมคับ #คนพกใช้,negative,0
297,297,น่ากลัวจริง ๆ ครับ ผมคงต้องกลับไปคิดใหม่ว่าควรจะผูกบัตรต่อไปรึเปล่า,negative,0
298,298,บาบีก้อนหมูแม่งดีมากนะ เนื้อก็ดี แต่นี่เกลียดน้ำจิ้มมันฉิบหาย,negative,0
299,299,กลัวบุหรี่ขายไม่ได้,negative,0
300,300,เห็นหน้าแล้ว จะกระทืบว่ะ,negative,0
301,301,"พรรคที่ไม่เอาคสช.คือสะดุดตาพรรคนี้สุด 'พรรคเกียน' สโลแกนพรรค ""ไม่หาเสียง แต่หาเรื่อง"" เออใจพี่แม่งได้ 555555555",positive,1
302,302,แนะนำสำหรับคนแต่งหน้าที่มือหนักแต่ต้องการลุคเบาๆ อินนิสฟรีค่ะ อย่าคิดริอาจลองเดอะแซม,negative,0
303,303,วันนี้พลาดโฆษณานีเวียเนียนใสตรงปกไปสองครั้งได้ไงกัน กาก,negative,0
304,304,จะเอาอะไรกับตัวต้นแบบของนิสสัน มาจริงแต่ละครั้งเงิบ ไม่นับจู๊กนะ,positive,1
305,305,กาวเหนียวกางเกงในไม่ขาดหรอกค่ะแต่ผ้าอนามัยจะขาดติดกางเกงใน แต่ใช้แบบเต็มที่มันไม่ติดหรอก,negative,0
306,306,ควยหมดเขตยามไหนกูไม่ชอบแบบต้ม,negative,0
307,307,สนม่ะ,positive,1
308,308,ไอ่สัสบุหรี่ไฟฟ้าอันเดียว,negative,0
309,309,ทา anti melasma ของ eucerin มาจะสองอาทิตย์ละ ยังไม่เห็นผลไรเลย,negative,0
310,310,กลิ่นแสงโสมเมื่อคืนขมคอมากอะ,negative,0
311,311,แคบครับพอๆกับนั่งบริโอ้ผมเลยความรู้สึกส่วยตัวนะครับ,negative,0
312,312,จริง ตอนที่พ่อสามีกับสามีตัดสินใจซื้อ คนอื่นก็พูดไม่ใช่รถตลาดขายยาก บรรทุกอะไรมากก็ไม่ได้งั้นงี้ ตอกกลับไปเลย ซื้อมาใช้ ไม่ได้ซื้อมาขาย ..แม่แฟนไปขายของก็ใช้วีโก้ เวลาไปเที่ยวก็เอาฟอร์ดไปกัน ..คนอื่นนี่แม่งรู้ดีไปหมด แต่ตัวเองไม่มีรถยนต์ขับหรอก 😆,negative,0
313,313,อยากไปกิน 😢😥,positive,1
314,314,กุซื้อ ysl ต่อ,positive,1
315,315,ตังค่ะ,negative,0
316,316,คันจริงมันสวยมากๆๆๆๆๆๆๆนะ เริ่มเห็นบ่อยกว่า Toyota Noah Voxy ด้วย555 มีครบ รุ่นถูก แพง มาหมด #แต่NissanThaiทำอะไรอยู่,positive,1
317,317,ป่ะแดกช้างกัน 555,positive,1
318,318,ไปๆๆๆ เก็วตังแปป,positive,1
319,319,บาบิก้อนเราคงต้องห่างกันสักพักใหญ่ๆนะจ๊ะที่รัก (;-------;),negative,0
320,320,etude dear darling tint เป็นทิ้นน้ำ กลิ่นหอมแบบผลไม้ มั้ง อธิบายไม่ถูก บางมากๆ ทาไปแทบจะไม่เห็นอะไรเลย ไม่ทนไม่อะไ…,negative,0
321,321,ขอบคุณคะ,positive,1
322,322,เค้าปิดสาขาทั่วภาคใต้แล้ว,negative,0
323,323,มาอ่านรีวิวกันค่ะ จะหน้าหมอง หรือมีปัญหาหน้ามัน หน้าสิว ก็คลายกังวลได้เลยค่ะ เมื่อได้ลองใช้ลอรีอัล เพียวเคลย์ มาส์ก เพราะเป็นมาส์กโคลนจากธรรมชาติที่ทั้งช่วยทำความสะอาดผิวและบำรุงผิวไปด้วยในขั้นตอนเดียวกัน มีให้เลือกทั้งหมด 4 สูตรเลยนะคะ สาวๆสามารถเลือกมาส์กโคลนที่เหมาะกับปัญหาผิวได้เลย แค่มาส์กครั้งละ 10 นาทีแล้วล้างออกก็ผิวสวยใสค่ะ #LOrealParisTH #PureClayMask #Illuminating #Antipores #instaDETOX #รักนะโคลนดี,positive,1
324,324,ฟินเวอร์,positive,1
325,325,ตอนเด็กๆผู้ใหญ่สอนว่า ทำธุรกิจพวกสิ่งมึนเมามันไม่เจริญหรอก แต่สิ่งที่เห็นตอนนี้ คือเบียร์ช้างกับเบียร์สิงห์แม่งรวยจนไม่รู้จะเอาเงินไปทำไรแล้ว เป็นที่เชิดหน้าชูตาในสังคมอีก,negative,0
326,326,ไม่ว่าจะเม้นท์ไหนๆ ก็เป็นเสียงเดียวกันว่า เน็ตตัดบ่อยโคตร บางวันแม่งตัด 7-8 รอบ ไอห่า กุจะสตรีม จะอัพโหลดอะไร ก็ไม่ได้ ต้องมาคอยระแวงว่าแม่งจะตัดเมื่อไหร่ ต้องมา resume ตอนไหน,negative,0
327,327,Netflix มีแต่เรื่องชวนหดหู่ เราไม่ชอบแนวนี้...,negative,0
328,328,เพื่อนนี่ก็กินสิงห์กันไม่ได้,negative,0
329,329,อ้วนเค้าอยากกกินอันนี้,positive,1
330,330,จืดกว่าไฮเนเก้นอีกหรอ,negative,0
331,331,พี่หมีหอมกลิ่นข้าวสาลี หอมละมุน ริมรสชาติเหมือน โฮกาเดน. นิ่มนุ่มละมุน. ดีไซน์เก๋. กระป๋องสวยงาม หรูๆๆ,positive,1
332,332,เป็นคนที่หลงใหลในกลิ่นดอกกุหลาบค่ะ พอรู้จัก Mamonde Rose Water Toner จึงซื้อมาลองใช้ ใช้แล้วชอบมาก หลังล้างหน้้าเช็ดด้้วยตัวนี้ทำให้ผิวที่ชุ่มชื้นขึ้นเลย ก็จะรู้สึกหน้าไม่ตึงไม่แห้ง แล้วก็พร้อมลงครีมอื่นต่อ หอมกลิ่นดอกกุหลาบ รู้สึกมีความสุขที่่หน้าชุ่มชื้นดีแถมยังได้กลิ่นหอมๆที่ชอบค่ะ และอีกตัวที่ได้ใช้คือ rose water gel cream เพราะอย่างที่บอกว่าชอบกลิ่น ใช้โทนเนอร์แล้วจึงใช้ตัวนี้ต่อ มันก็หอมผ่อนคลายสดชื่นมาก เนื้อครีมซึมไวใช้แล้วผิวสุขภาพดีค่ะ #Mamondethailand #MamondePureWhite,positive,1
333,333,ใช้ดีมากคะ เย็นสบายสดชื่น ไม่อับชื้น ห๊อม หอม ชอบมาก รักเลยsofy cooling fresh,positive,1
334,334,ไอ้คนที่บอกว่าอยากให้คนไทยเลิกสูบบุหรี่น่ะ มีอำนาจอะไรมาสั่งการเราครับ???? คนที่อยากสูบแบบเดิมก็ปล่อยให้สูบไปสิครับ คนที่อยากหันไปสูบเพราะหลีกเลี่ยงสารเสพติด คุณก็ไปห้ามเขาไม่ได้ครับ??? เอาเรื่องทุกวันนี้ก่อน ที่คุณจับพี่ฟลุ๊คแกน่ะ คุณมีอำนาจอะไร มาจับกุมเรื่องบุหรี่ไฟฟ้า??? มันเป็นพรบของศุลกากรณ์ไม่ใช่เหรอ???? แล้วคุณมาเสือกเหี้ยอะไร??? อยากดัง ได้เงิน ได้ผลงาน หรือชื่อเสียงหรืออะไร??????,negative,0
335,335,มันได้เห็น มันก็จะบอกว่า บริษัทผู้ผลิตจ้างมาพูด มุกเดิมๆ ของไอ้หมอ ปญอ. ขวางโลก,negative,0
336,336,การเมืองแม่ง สกปรกชิบหาย,negative,0
337,337,เสียตังค่าเช่าชุด กุว่าแดกราคาเต็มก้อได้นะ 5555,negative,0
338,338,ยืนหน้าร้าน แล้ว โทรสั่งเอาค่ะ จอดรถรอ อิอิ พูดจริงนะ อร่อยค่ะ ได้เร็วด้วยนะ,positive,1
339,339,ไม่ธรรมดา 5555,positive,1
340,340,สนม้ะะะ,positive,1
341,341,เบียร์ช้าง 🍺,positive,1
342,342,จะดีมั้ยยยยย,positive,1
343,343,"Lamborghini Huracan คันนี้ไม่เดิม ซ่อนกำลัง 1,000 แรงม้า แหวกอากาศที่ความเร็วทะลุ 300 กม./ชม.",positive,1
344,344,รับข้าวกระเทียมฟรี ^_^,positive,1
345,345,แท๊กกุบ้างก็ได้นะ,positive,1
346,346,มีช้างมั้ยคะ...พอดีไม่ชอบเบียร์ผลไม้!!!!! 5555,negative,0
347,347,#รีวิวจับฉ่าย ยังวอแวกับosulloc เราไปลองเมนูใหม่ของร้านมาค่ะ ชื่อ greentea o fredo with brown sugar bubble ไข่มุกลูกโตเหนียวนุ่ม กับชาเขียวปั่นรสเข้มข้นพร้อมด้วยไอติมถึงรสชาเขียวเหนียวนุ่มแบบเจลาโต้ อร่อยมากๆๆ สาวกชานมไข่มุกห้ามพลาดค่ะ #อร่อยไปแดก #รีวิวเกาหลี,positive,1
348,348,ใครไปพักโรงแรมนี้ที่ญี่ปุ่นอย่าคิดว่ามีผีนะคะ เพราะเขาใช้เทคโนโลยีการจอดรถอัตโนมัติของ Nissan มาทำให้รองเท้า เบาะรองนั่งหรือแม้แต่รีโมททีวีกลับมาเก็บยังที่เดิม โอ้โหว!! นิสสันนี่เค้าเป็นผู้นำแห่งเทคโนโลยีตัวจริง เสียงจริง เลยนะคะ #NissanIntelligentMobility,negative,0
349,349,แพงอยู่นะ,negative,0
350,350,จริงๆถ้าเขมชาติมีรถให้หนวดด้วยก็น่าจะดี หนวดไม่ชอบรถแพงๆหรอกพวกสปอร์ตอะไรแบบนี้ เอาแค่civicก็พอ,negative,0
351,351,ลองหลายทีและ ไม่โอเท่าไหร่ ราคาแพงไป ราคานี้ซื้อโฮกาเด้นอร่อยกว่ส,negative,0
352,352,"ไปที่ไรต้องสั่งตลอดคือ ""ชุดครอบครัวหมูสุขสันต์"" ค่ะ ถือเป็นชุดสุดคุ้มของเราเลยนะคะถูกใจทุกคนเลย เด็กๆก็ชอบ วันว่างเมื่อไหร่ถือเป็นวันครอบครัว และครอบครัวของเราก็ต้องไปหาพี่ก้อนตลอดเลย อิ่ม อร่อย คุ้มจริงๆค่ะ เลิฟๆพี่ก้อน 😆😆😆",positive,1
353,353,ขอแป้งคุมมันเริ่ดๆ ลองบาบาร่าเอาไม่อยู่ค่ะ...รอค่ะ,negative,0
354,354,หาดใหญไม่มีแล้ว..เสียใจจัง,negative,0
355,355,ช่วงหลังไม่ได้ไปกิน mk เลยจ้า,negative,0
356,356,เศร้าสัสแดกสปายอยู่บ้าน,negative,0
357,357,ลองดิกาก555,negative,0
358,358,เออเค กูไม่มีทรศจะติดต่อไงว่ะ เดี่ยวไลน์หา,positive,1
359,359,จะพาไปกินหยอออ? :3,positive,1
360,360,พรุ่งนี้พี่กันต์มางานToyota พิดโลกเสียดายไม่ได้ไป,negative,0
361,361,เพื่อนรอบวกละ สอบเสด14,positive,1
362,362,วันนี้จัดไปเลยค่า5555 ขอบคุณนะคะ,positive,1
363,363,อันนี้ถูกกว่า hoegarden 555,negative,0
364,364,เสือกเก่งดี,negative,0
365,365,เดือนสุดท้ายแล้วโว้ย,positive,1
366,366,เว้ยย ลค.ให้กินแสงโสมเพียวหนึ่งจอก ร้อนคอมาก และมึนง่ายมาก ตอนนี้แก้มเริ่มจะแดงร้อนๆแล้ว,negative,0
367,367,ชีสสสสมันน้อยไปไหมอ่า,negative,0
368,368,จัดแอะ,positive,1
369,369,เบื่อไก่อยากกินเอ็มเค,negative,0
370,370,ต้องลอง 😁😁,positive,1
371,371,แสงไหนก็ไม่ดีต่อใจเท่าแสงโสม🤝,negative,0
372,372,ใช่ครับ รีโว่ตัวj plus ตัวเตี้ยยังให้พับไฟฟ้ามาแล้ว กั้กมากเลยอิซุซุ,negative,0
373,373,concealer ysl ไม่ทับใจ,negative,0
374,374,แต่มันก็ต้องอยู่ในรถไงฮะ ขอละมุนตานิดนึง ผมจะมีปัญหากับรถที่Interiorไม่ไปทางใดทางนึง จริงๆNissanเค้าทำได้ดีในเรื่องนี้ไงฮะ เลยขัดๆนิดนึง,negative,0
375,375,อ่าววพี่นาว 5555555 นี่ไม่กล้าใช้พวกที่มาสก์อะไรเลยค่ะ แพ้ง่ายมากๆ ขนาด SkII ก็แพ้เลย อิจฉาพี่นาว ไม่ต้องใ…,negative,0
376,376,แต่เอมเคใส่ผงชูรสเว่อออ คอแห้ง กะหายน้ำ ฉี่บ่อยมากมะว่นนนนน,negative,0
377,377,เมื่อสงสัยว่าตัวเองแพ้แอลกอฮอล์มั้ย แล้วไปเจอคห.นี้ ก็รู้เลยว่าน่าจะแพ้อ่อนๆ คือกินSmirnoff ที่แอลกอฮอล์แค่5% แก้วเ…,negative,0
378,378,ทำไมต้องแพ้แอลกอฮอล์ด้วยนิ่ วอสก้าก็แพ้ สเมอนอฟก็แพ้ บลาๆ เห้อมม,negative,0
379,379,299นี่ต่อคนเหรอ,positive,1
380,380,เมนูก้ามปูหิมะสุดพรีเมี่ยม ส่งตรงถึงคุณแล้ว ที่ HOT POT BUFFET ทุกสาขานะคะ #HOTPOTBUFFET #DIYBUFFET #สนุกเต็มที่อร่อยเต็มอิ่ม,positive,1
381,381,ด่าชาวบ้านไม่มีศีลห้า แต่มือมึงยังกำกระป๋องไฮเนเก้นไม่ปล่อย อีเหี้ย หน้าหี,negative,0
382,382,บันทึกหน้าสุดท้ายของ 'โรงแรมดุสิตธานี' ตำนานตั้งแต่รุ่นพ่อที่เป็นที่รักของคนไทย https://readthecloud.co/dusit-thani/ ยิ่งอ่านยิ่งผูกพัน พรุ่งนี้จะได้เป็นแขกกลุ่มสุดท้ายเข้าชมโรงแรมดุสิตธานีในยุครูปโฉมเดิม ก่อนที่นี่จะปิดแล้วกลับมาเปิดให้บริการอีกครั้งอีก 4 ปีข้างหน้า ดีใจมาก ตื่นเต้นมากกกกก,positive,1
383,383,อยากกิน.!!!!,positive,1
384,384,ค่าเช่าชุดก็เกินแล้วค่าา,negative,0
385,385,ชอบดื่ม #Absolut แบบไหนกันบอกได้ จะได้จัดให้ถูก :) #AbsolutThailand,positive,1
386,386,ลงทะเบียนและได้รับรหัสมาแล้วค่ะ .... ขอบคุณ MK,positive,1
387,387,ปีใหม่เจอกัน,positive,1
388,388,ถ้าจะปิดเพราะเสนอข้อมูลด้านเดียว กสทช.ต้องไปปิดรายการของคสช.ทั้งหมด,negative,0
389,389,smirnoff หมดเพราะพี่แดกไปหมดแล้ว อิเวร เหลือแต่ลีโอ หวานสัสๆ ง่อย,negative,0
390,390,ไม่น่ากินเบียร์ช้างเลยจริงๆ,negative,0
391,391,ไปสิรอไร,positive,1
392,392,สวยกว่า..แอคคอร์ด..และแคมรี่,negative,0
393,393,สีสวยจัง,positive,1
394,394,เทรลเบลเซอร์สวยมากครับ,positive,1
395,395,ลังเลว่าอันนี้หรือ 3ce ดี,negative,0
396,396,ไม่ต้องปิดหรอกครับเราเตอร์ ทาง3bbเขาปิดให้ทุกๆชั่วโมงครับ บางวันก็ปิดไปหลายชั่วโมง,negative,0
397,397,555+จัดมาสามลิตร,positive,1
398,398,ยอดเยื่ยมmgรุ่นนื้หนักแน่นเวลาขับขื่เก๋มากน่าทดลองสไตล์ยุโรปสุดเท่ห์ถ้าได้ขับขื่,positive,1
399,399,ว้าววววววววววววววว เต็มโต๊ะเลยยย,positive,1
400,400,อยากให้น้องๆ นักเขียนรุ่นใหม่ได้อ่านหนังสือ ฟิค นิยาย และอื่นๆ อีกมากมายให้เยอะๆ แล้วจำสำนวน ภาษา และการสะกดคำมาใช้ให้มากๆ 55555 เป็นผลดีต่อภาพลักษณ์นักเขียนและมู้ดโดยรวมของนิยายทั้งสิ้น 🤦🏻‍♀️ เจอคำผิดมากๆ นิยายมันก็ดูไม่น่าอ่าน แล้วก็ดูไม่แพงเอาเสียเลย 😭,negative,0
401,401,ถ้าแดกแสงโสมจะชวนกูทำไมอ่า รู้อยู่ไม่ใช่เหรอว่าเพื่อนไม่ถูกกับแสงโสม ไม่เนียนน้าาาาา,negative,0
402,402,นั่งรถกลับบ้านเจอ แท็กซี่หลับอีก #ไม่ไหวก็กลับไปนอนมันอันตราย,negative,0
403,403,ในความคิดเรา เราว่าแบบเก่าอร่อยกว่าค่ะ ที่เป็นเกร็ดขนมปังน่ะ ไปกินทีไรจะสั่งกินตลอด แต่พอเปลี่ยนเป็นแบบนี้แล้ว เราไม่เคยสั่งอีกเลย น่าจะเอาแบบเก่ามาด้วยนะคะ 😂,negative,0
404,404,อยากกินจุงเบย,positive,1
405,405,อยากกิงงงงงง,positive,1
406,406,นี่FC คนไทยยังไม่รู้อีกรึว่า นิสสันไทย ไม่มีนะโยบาย นำรถดีๆสวยๆมาขายให้คนไทย ผมนี่รู้นานแล้ว ว่า การตลาดนิสสันไทย ล้าหลังขั้นเทพ,negative,0
407,407,สุดยอดดดดดดดดดดดดดดดดมากๆครับพี่ๆๆ,positive,1
408,408,ได้เลยยน เพื่อนน,positive,1
409,409,ละจะถามวันไดทำไม,positive,1
410,410,รองพื้นทรงเอกลักษณ์ เพื่อสีผิวที่เป็นธรรมชาติที่สุด เนียนนุ่มที่สุด #TrueMatch #TrueToMyShade #LorealParisTH #ลอรีอัลปารีสเมคอัพ,positive,1
411,411,น้องหงส์ทอง 😚,positive,1
412,412,ถูกและจัดส่งเร็วคะ,positive,1
413,413,ฟังอยู่บ้าน แล้วเปิดกระป๋องดำก็เหมือนไปนอกโลกแล้วววววววว😮😮😮😮,positive,1
414,414,มีครับที่เเบน เเต่น้อยมาก,negative,0
415,415,ที!!สัสเอาบาบีก้อนก่อนมั้ยยยยย 555555,positive,1
416,416,น้ำหนักไม่ลงไม่ต้องกิน5555,negative,0
417,417,ผู้โดยสารแน่นแต่สายการบินอ่วม ไทยแอร์เอเชียขาดทุน 656 ล้านบาท ไตรมาส 3/61,negative,0
418,418,แค่ผ้าอนามัยแบบสอดก็ยากแล้ว นี้ห่อยังไงให้ไม่เจ็อหนอ,negative,0
419,419,โดนผีสิงห์ .. ลุกมะไหวเบยยย #singha,negative,0
420,420,ผ้าอนามัยแบบเย็นนี้ก็เย็นชิบหายเลยจริงๆ ฮือ มันเย็นขึ้นหรอวะ,negative,0
421,421,ไปกินกันนนนน,positive,1
422,422,เหตุเกิดจากกรณีที่ลูกค้ามาสด้า ซีเอ็กซ์-5 และมาสด้า 2 รุ่นเครื่องยนต์ดีเซล รวมตัวกันร้องเรียนจากเหตุรถยนต์มีปัญหาน้ำดันและน้ำมันเชื้อเพลิงเข้ามาปะปนกับน้ำมันเครื่องทำให้รถได้รับความเสียหาย กรณีเราเป็นลูกค้าเลยนะ..ปัญหาแบบนี้บอกเลยเรียกร้อง 10 เนี่ยบุญแค่ไหนแล้วที่ไม่ขอรถคันใหม่,negative,0
423,423,ลองกินสเมอนอฟตัวแอล7% อีห่าร้อนคอชิบหาย แต่รสชาติโอเคให้ผ่าน,negative,0
424,424,kulovนี่หวานไปจริงดิ 😯,negative,0
425,425,ใครที่กำลังมองหาปิกอัพ อยู่นิสสันรุ่นี้สุดยอดมา รูปทรงสวย เครื่องยนต์แข็งแกร่ง แรงดีไม่มีตก ภายในสุดหรู ก้าวล้ำด้วยเทคโนโลยี ทำให้การขับขี่ของคุณง่าย สะดวกสบายมาก ปลอดภัยทุกเส้นทาง ราคาถูกมาก รีบเป็นเจ้าของกันเลย,positive,1
426,426,ไปมาเมื่อวานค่ะ,positive,1
427,427,ชอบ 1. สีน้ำตาลแดงเพราะเข้าสีปากทาได้ทุกวันเลยค่าาาและดูไม่แก่เกินไป 2. สีส้มอมพีชค่ะ ดูสนใสและแอบซนๆเปรี้ยวๆ ทาคู่กับแก้มสีส้มพีชยิ่งน่ารักเลย 3. สีแดงกำค่ะ เอาไว้ทำออมเบลอ ให้ดูระเรื่อ ดูเป็นผู้ใหญ่มากขึ้นและดูเซ็กซี่คะ 4. ชอบสีชมพูนู๊ดค่ะ เพราะสุภาพทาไปที่ไหนก็ได้ เวลาทาแล้วให้ความรู้สึกเรียบร้อยขึ้นมา30%เลย #4u2 #4u2cosmetics #4u2thailand,positive,1
428,428,นิสสัน เป็นรถที่ใครๆ ก็รู้จัก รู้จักดีในด้านประสิทธิภาพสูง ขณะนี้มีข้อเสนิพิเศษ,positive,1
429,429,กระทรวงยาสูบมันต่อต้านมันกลัวขาดทุน,negative,0
430,430,เกลียดเบียร์ช้างว่ะ แดกนิดเดียวยังปวดหัวได้,negative,0
431,431,กลืนยาก😄😄😄,negative,0
432,432,นี่คุณยังโชคดีได้กินหนมจีบหมู เราไปเปิดดูมีแต่เข่งเปล่า ไปวันอาทิตย์ จ่ายราคาเต็ม แต่อาหารที่มีในร้านคือรายย หมูหมักยังนึกว่าเอาเศษหมูที่เค้าทิ้งแล้วมากองให้กิน ไปกินร้านข้างทาง 199 ยังฟินกว่าอีกเด้อ 😂,negative,0
433,433,ฮอนด้าเพิ่งออกรถใหม่หรือเปล่า? แล้วฮอนด้าก็ทำยอดโอเคมาแบบนี้ตลอดเลยนะไม่เกี่ยวกับบีเอนเคเลย ไม่ได้หมายความเราไม่ชอบ…,negative,0
434,434,ไปๆ555 😮👀,positive,1
435,435,ใครจะจ่ายวะนี้คิดหนักเลย555,positive,1
436,436,ไม่ทีอารมจะกิน😂,negative,0
437,437,คุณอาร์โนด์ เบียเลคกิ ประธานบริหาร โซเด็กซ์โซ่ ประเทศไทย เป็นตัวแทนบริษัท มอบเช็คสินไหมกรณีเสียชีวิตของนายกฤษดา สำราญ (นักโภชนากรประจำที่สาขาโรงพยาบาลสมิติเวชศรีนครินทร์) จำนวนหนึ่งแสนบาท ให้แก่ครอบครัวตามที่ได้ระบุผู้รับผลประโยชน์ไว้ บริษัทขอแสดงความเสียใจมา ณ โอกาสนี้ด้วยค่ะ,negative,0
438,438,สวยกว่าวีออสอีกพี่,negative,0
439,439,หมอแม่งไม่ดูดเลยพูดได้,positive,1
440,440,อยากลองบ้างจัง,positive,1
441,441,พยาธิในบาบิก้อน,negative,0
442,442,ไปกินที่เซ็นทรัลเวิล์ดมา ราคาก็แพงชั้นธรรมดา แถมไม่ได้ของขวัญวันเด็กอีก แย่มาก,negative,0
443,443,ไว้มาอีก ไม่กินleo เนาะ อิอิ,negative,0
444,444,แอดมินของร้านเดอะเฟสช็อปก็มั่นหน้าเก่งร่วมไปกับฟคดีแท้ 555555 ปากนี่ไม่ต่างกับแอดมินของอีเถ้าแก่อะ,negative,0
445,445,ถ้า ไปอีกจะพักที่นี่แหละครับ,positive,1
446,446,ไมได้ลดราคาเลย😔😤,negative,0
447,447,รองพื้นที่ ติดทน ปกปิด ราคากลางๆ พอๆกับ Revlon มีตัวไหนมั้ยคะ,positive,1
448,448,อร่อยเมื่อวานไปทานที่ไอทีสแควร์..หลักสี่😀,positive,1
449,449,ไม่อร่อยเลย,negative,0
450,450,เด่วนี้แดกสปาย3ขวดก็เมาละ #rip,negative,0
451,451,อร่อยยยยย,positive,1
452,452,กลิ่นเเรงเเต่ทานได้โอเครเลย..นุ่มมากราคาสบายๆ,positive,1
453,453,สงสัยชอบกินลีโอมากกว่าสิงห์ 😢,negative,0
454,454,Loveก้อนนนนนที่สุดในสามโลกเบยยยยย😘😘😘,positive,1
455,455,ตำรวจไม่ว่างทำงานนี้ ติดภาระกิจระดับชาติ จับบุหรี่ไฟฟ้าอยู่ว่ะ,negative,0
456,456,ยังเลยค่า ช่วงเวลาไม่ได้😅,positive,1
457,457,ม่ายๆละคะ. ขนาดผ้าอนามัยแบบสอดยังใช้ไม่ได้ อันนี้ใหญ่กว่า. จะใส่ยังไง. ใช้เสร็จมีการนำมาใช้อีกไม่เอา หรอก. อีกอย่างสรีระ คนไทยกับต่างชาติไม่เหมือนกันนะ ความยืดหยุ่นเค้าอจมีเ้ยอะกว่า. จะสอดใส่ยังไงก้อได้ แต่คนไทยคงไม่เหมาะ. ใส่แบบผ้าอนามัย แบบเดิมดีอยู่ละคะ. ยังไง4-5ชม.เราก้อ. เราก้อเข้าห้องน้ำอยู่แล้ว. เราเป็นคนแพ้ผ้าอนามัย. ทุกเดือนที่เป็น. จะเป็็นผื่น. แต่พอมีแบบ นุ่มนวลต่อผิว จะเลือกใช้ถึงราคาจะสูงกว่าแต่ พอเมนหายไม่ต้องมารักษาผื่นแพ้อีก.,negative,0
458,458,อยากเด่,positive,1
459,459,อยากให้ปรับปรุง 1. พนักงานหน้าไม่ต้อนรับลูกค้าเลย (เหมือนไปขอรับบริจาคอาหารเลย) เจอหลายสาขามาก 2. แม็ค ชุดปกติ 159.- แต่เปิดมา ดูธรรมดามากเลยค่ะ ขนมปัง เนื้อ และเศษผักกาดแก้ว (อยากให้ลองไปดูของ BERKER KING ค่ะ ของเค้าทำหน้าทานมากค่ะ,negative,0
460,460,กินทุกอาทิตย์เลยค่ะ ชอบมากทีเด็ดนี้คือน้ำจิ้มนี้แหละ😀,positive,1
461,461,ต้องจัดสักวัน,positive,1
462,462,น้ำติ้มไม่หร่อย เค้าไม่กินเนื้อ ไม่ชอบบบอ่ะ,negative,0
463,463,เห็นทุกค่ายเลย ลูกค้าร้องเรียนปัญหาดีดีไม่เคยรับผิดชอบเต็มที่ ใครจะอยากจ่ายเงินแล้วได้ของห่วยมาวะ ถ้ารับผิดชอบคงไม่ต้องขนาดนี้ ไม่ใช่แค่ยี่ห้อนี้นะ ไปจบที่ทุบรถโชว์ ถือป้ายประท้วงในงานมอเตอร์โชว์ นัดรวมตัวกันประท้วง ทุกที ถึงจะรับผิดชอบ นี่เค้าถึงขั้นไปกลางงาย นอกจากไม่รับผิดชอบแล้วยังฟ้องอีก ต่อไปคงจะมีคนซื้อรถมึงหรอก,negative,0
464,464,ยอมรับผิด แต่ไม่ได้ชี้แจงว่ารับผิดชอบลูกค้าคนนั้นรึเปล่า หรือรับผิดชอบยังไง ละบอกว่าทานได้ไม่อันตราย คือเหมือนว่าฝีกินได้ โวยวายทำไม,negative,0
465,465,พอก่อน น้ำตาลเต็มตัวแล้ว!!!!,negative,0
466,466,วางสินค้าขายเมื่อไหร่,positive,1
467,467,จำกัดเวลาปะ,positive,1
468,468,เคยแพลนจะไปกินเอ็มเคคนเดียว...แต่ไม่มีตังค์,negative,0
469,469,ไปกินกันนะคะ,positive,1
470,470,ไปป่าว อิอิ,positive,1
471,471,ป่ะสู,positive,1
472,472,แม่ตามเซฟไว้แร้วค่ะฮือ คิดถึง เพลงติดหูทุกเพลงแม่รักน้อง,positive,1
473,473,อยากให้ผ้าอนามัยยี่ห้อดังนะทำแถบกาวที่ติดกางเกงในให้ดีหน่อยไม่ห่อลีบเข้าหากันโดยเฉพาะคนอ้วนนะลำบากมากแต่เวลาติดส่วนอื่นแหมได้ใจเกินร้อยปรับปรุงหน่อยค่ะเห็นใจสาวอ้วนหน่อยขอบคุณล่วงหน้า,negative,0
474,474,จัดกัน,positive,1
475,475,ผ้าอนามัยนี่ติดกาวให้กูเเน่นนๆไม่ได้หรอว้ะ,negative,0
476,476,บุ๋มชอบของการ์นิเย่สีเหลืองค่ะ เช็ดสะอาดดี ผิวไม่แห้ง แต่กลิ่นน้ำหอมแรงไปนิสจ้า,negative,0
477,477,ผ้าอนามัยนี่แหละค่ะตัวช่วยที่ดี มันแปะติดได้ทุกที ยกเว้นกางเกงใน,negative,0
478,478,GTRอัลลัยหน้าตายังกะnissan Z,negative,0
479,479,ไอควายบุหรี่ไฟฟ้านี่จิงจังยิ่งกว่าเรียนสะอีกซื้อแล้วก็แดกไปด้วยนะ ไม่มีประโยชน์.,negative,0
480,480,ช่องแอร์ใหญ่เนอะ แต่เย็นไม่ทั่วถึง ข้างหน้าหนาว ข้างหลังโครตร้อน ฮอนด้าสมัยนี้เป็นทุกคัน ไม่เห็นเหมือนสมัยก่อนเลย.,negative,0
481,481,คิดเด็กป่หว่,positive,1
482,482,วันนี้ไปทานที่โฮมโปรจันทบุรีไม่เห็นลดราคาเลย,negative,0
483,483,ดีมากพุงถามหานานล้ะรู้ตัวมะ,positive,1
484,484,มากินยาโยอิคนเดียวเพราะพ่อกับแม่ไปกินเอ็มเค เส้า,negative,0
485,485,แสงโสมเพรียวสัสหมา,negative,0
486,486,"ไม่เปลี่ยนครับ มั่นใจ 1,000,000%",positive,1
487,487,โมเดท ใช้ดีอันดับ 1 ลอรีเอะแบบกลางคืนเยี่ยมมาก Eris ใช้ดีมากกก กาวแน่น แต่โซฟี พี่แพ้มาก คัน ผื่นแดง,positive,1
488,488,สิงห์ไม่ไหวจริง นี่กินแต่ออร่ากับเนสเล่,negative,0
489,489,ค่าชุดแพงกว่าที่ลดให้นะ,negative,0
490,490,แพ้ผ้าอนามัยเหมือนกันเลยต้องฉีดยาคุม,negative,0
491,491,รอไป เหมือน MAYBELLINE รุ่นนั้น ที่เฉดแบบนี้ เมิงลืมแน่ๆ เด๋วส่งให้ดู,positive,1
492,492,ผ้าอนามัยแบบสอดใส่ยากจังวะ กว่าจะหารูเจอ เอ๊ะ!,negative,0
493,493,กฎหมายบังคับให้รถที่จะจดทะเบียนเป็นแท๊กซี่ต้องเครื่องยนต์ 1600 ccขึ้นไปถ้าเป็น HONDA ก็ต้องCIVICขึ้นไปแต่ราคาก็สูง อะไล่ก็แพงและหายากไฟแนนท์ส่วนใหญ่จึงไม่ปล่อยกู้เพราะรถที่ทำแท๊กซี่มาแล้วยึดมาก็ขายต่อยากมาก!,negative,0
494,494,ทีเด็ดครับบอกเลย,positive,1
495,495,เค็มเหมือนเดิม,negative,0
496,496,ทำไมผู้ถือกฏหมายไทย ไม่ไปดูต่างประเทศบ้างละครับ ประเทศยุโรปเค้าไปถึงไหนกันแล้ว กับอีแค่เรื่องบุหรี่ไฟฟ้าแค่นี้ทำไมทำให้มันถูกกฎหมายไม่ได้ล่ะครับ จริงๆแล้วมันง่ายนิดเดียวเองนะครับ หรือท่านกลัวขาดรายได้จากการเก็บภาษียาสูบใช่มั้ยล่ะครับ คนสูบไม่ผิดแต่ผิดที่คนพกหรือมีไว้ในครอบครอง ประเทศไทยเจริญล่ะครับ ผลประโยชน์มันเห็นๆกันอยู่ ว่ารัฐบาลได้กำไรต่อปีจากภาษียาสูบ+สุราเท่าไหร่ แล้วมารณรงค์ให้คนไทยเลิกสูบบุหรี่ซอง แต่ก็ยังขายบุหรี่ซองอยู่ รณรงค์ให้เลิกสุราแต่ก็ยังขายสุราอยู่ แถมเพิ่มภาษีให้แพงขึ้นเป็นเท่าตัวเพื่อบังคับให้คนสูบเลิกสูบ พอบุหรี่ซองราคาแพงขึ้น คนก็หันมาสูบบุหรี่ไฟฟ้าแทนบุหรี่แบบซอง เพราะมันคือทางเลือกเดียวและเป็นทางเลือกสุดท้าย และยังปลอดภัยต่อร่างกายกว่าบุหรี่ซองหลายเท่าตัวอีกด้วย ฝากให้รัฐบาลคิดนะครับ เลิกบังคับประชาชนตาดำๆทางอ้อมได้แล้วครับ มาพลักดันบุหรี่ไฟฟ้าให้ถูกกฎหมายจะดีกว่านะครับ,negative,0
497,497,ออกแบบได้ลงตัวมาก ภายในสวยหรูดี ปุ่มไม่เยอะจนตาลาย... เครื่องยืดหนุ่นแรงม้าได้แบบนี้ขับมันส์ ทั้งประหยัดด้วย เยี่ยม.. ราคาล่ะคราวนี้ ถ้ากดลงมาได้สัก ล้านสองกว่า ตัวเริ่มต้น ยันล้านหก ผมว่ามีอนาคตแน่ๆ เพราะ คู่แข่ง ทั้งแคมรี่ แอคคอร์ด ไม่ประทับใจเลย,negative,0
498,498,ลูกค้าเก่าทรูไฟเบอร์ ณ วันนี้ ก็ไม่เคยมีการอัพเกรดให้ลูกค้าเก่าเลย ออกโปรใหม่ๆ เพื่อลูกค้าใหม่อย่างเดียวหรอครับ,negative,0
499,499,อยู่ในจุดที่น้ำเปล่าที่บ้านไม่เย็น เลยกินฟูลมูนแทนนน้ำเปล่าอีควยเอ้ย,negative,0
500,500,เราก็ใช้โซฟีค่ะ แต่ทำไม...😂,negative,0
501,501,ทรงเป็นสามัญชน กูเป็นทาสสสส,negative,0
502,502,มึงโดนนนนน 555555.,positive,1
503,503,ถ้าเบียร์ช้างจัดโปร+น้ำลิ้นจี่ จะอร่อยคล้าย ฮูกาเดิน ... มีเฮ,positive,1
504,504,น่าสนใจจริงๆตอนนี้ใช้ Ford Ranger มา 3 ปี ยังไม่มีปัญหา แต่ตัวนี้ น่าสนใจเป็นที่สุด อยากเปลี่ยนครับ,positive,1
505,505,จำรสชาติเบนไม่ได้แล้ว แต่ยังยืนยันว่าเบียร์ช้างมั้งขมค่ด ไม่หร่อย,negative,0
506,506,ไม่จำกัดช่วงเวลา,positive,1
507,507,ขอบคุนทุกคนเลยครับ,positive,1
508,508,เด้ววว ปกติไปกินกะซูมเซทนี้ก้กินไม่หมด มึงอย่าาาาาาา 555,negative,0
509,509,เป็นคนแพ้ผ้าอนามัยค่ะ ยี่ห้อที่เย็นๆนั่นแหละค่ะเราแพ้ ใช้ไม่ได้ผื่นคันคะเยอขึ้นทันทีเลย ต้องเลี่ยง...เลยอดสัมผัสความเย็นกับเค้า 😅,negative,0
510,510,ขอถามคะ ในรูปเป็นแก้วอีกแบ ตอนสั่งใส่แก้วพลาสติก นั่งกินยุในร้าน ทำไมได้แก้วพลาสติกอะคะ #Mk โลตัสพระรามสาม,negative,0
511,511,อะไรจะกว้างขวางซะขนาดนี้ ยกให้เป็นรถครอบครัว และรถนั่งเที่ยวเลยจ้า MGZS หนึ่งในรถที่หลาย ๆ คนอยากเป็นเจ้าของ,positive,1
512,512,สนใจMG3 ขอโปรดาวนต่ำคะ เครดิตปกติ. จ.ภูเก็ต,positive,1
513,513,พี่เค้าคงจะเรียกไปเยอะ น้องไม่มีจ่าย พี่เค้าเลยของขึ้น,negative,0
514,514,จัดมาาา แอร๊ยยย,positive,1
515,515,ใครมาก็ได้ถ้าเป็นToyotaBuzzเพราะเขาเป็นโชว์รูมสุดยอดอยู่แล้ว #ToyotaBuzz #อายกมลเนตร,positive,1
516,516,มึงงงง อยากกินอ่ะ,positive,1
517,517,อีผ้าอนามัยก่อนที่มึงจะทำเเบบบางเเบบซึมซับ มึงควรจะทำกาวให้เเน่นขึ้นก่อนนะ,negative,0
518,518,ไปกินมั้ยพาพ่อกะแม่ไปด้วย,positive,1
519,519,เบียร์ช้างดมกลิ่นดีๆแม่งเหมือนเยี่ยวอะ สาบฟ,negative,0
520,520,อาวุธที่ซื้อ รถถังที่ซื้อ เดี๋ยวก็ได้เอาออกมาใช้ละ ดูเชิงละพฤษภาทมิฬอยู่ไม่ไกล #ลูกไม้หล่นไม่ไกลต้น #หนักแผ่นดิน,negative,0
521,521,เม้นโคตรเดือดเลยยย,negative,0
522,522,จริง ใครซื้อ b segment มีเคือง mazda3 ทั้งส่วนลด ทั้งดอกต่ำ ราคาเบียดๆกันเลย,positive,1
523,523,Altis มีเสียงดัง หวือออออ #ซ่อมบำรุงรถยนต์,negative,0
524,524,อยากกิน เอ็มเค.,positive,1
525,525,ลองมาแล้วสู้cx3ไม่ได้ทั้งระบบ แพ้อย่างเดียวเรื่องการจัดสรรพื้นภายในฮอนด้าเขาเก่ง เพราะผมใช้แต่มาสด้าอิอิ,positive,1
526,526,Pajero กับ Fortuner ตัวใหม่บางรุ่น อยากให้ปรับระดับไฟตาลงมาหน่อย นี่ไฟต่ำยังสว่างแสบตาขนาดนี้ ฝากถึงพวกคนที่ขับรุ่นนี้ด้วยครับ,negative,0
527,527,นี่เลยเหมาะ,positive,1
528,528,ผมคนหนึ่งละครับ ไม่ชอบ ดีไซน์ toyota รุ่นใหม่ แบบเอา พลาสติกขัดมัน มาใส่ตกแต่งหน้ารถ มันดูไม่ค่า เห็นตั้งแต่ตัววีออดแล้วเอทีบ มันดูล้าสมัย,negative,0
529,529,กินเเล้วค่ะ.ดูจากรูป.ฟินๆๆๆๆๆ,positive,1
530,530,ชอบspy classicกินง่ายอร่อยชอบ🍷💗,positive,1
531,531,ทุกคน เราต้องไปเลือกตั้งนะ อย่าให้ลุงตู่ได้เป็นนายกอีกเลย ปกตินี่เป็นคนไม่อินการเมืองนะ แต่กะชุดนี้คือบับกุสุดจะทนจริงๆ,negative,0
532,532,บัตรละ80-100กำลังดีครับ พร้อมเบียร์ลีโอเย็นๆ,positive,1
533,533,น่าลดเฟรนฟายด้วยส่วนใหญ่เด็กๆชอบ 😁,positive,1
534,534,มี Honda city type ปี08 เครื่องแรงดีมาก สนใจเทรินค่ะ,positive,1
535,535,ลดแค่แป๊ปซี่อ่าา,negative,0
536,536,ลีโอไม่กิน กินแต่ เหล้า,negative,0
537,537,กูอ้วกเพราะแดกฟูลมูนด้วย ก่อนแดกเหล้สหรือเอฟวรี่ติงกูต้องแดกข้าวก่อนนนน ตอนนี้กูเข็ดมากเลย,negative,0
538,538,ไม่เห็นเผ็ด แค่สีเข้มขึ้น,negative,0
539,539,ทำไมเราไปกินไม่เห็นลดเบย,negative,0
540,540,รองพื้นลอร่าตัวใหม่ ดีมากเหมาะกับผิวหน้าเรามาก ไม่เกาะรูขุมขนเลย ปลื้มรัก อีฟแซงนี่เทเลย,negative,0
541,541,พึ่งจองคัมรี่ไป เฮ้อ,negative,0
542,542,อยากได้ revlon 365 หาซื้อไม่ได้เลย,negative,0
543,543,เก็บตังไปกินกัน555,positive,1
544,544,ตามลาบาบีก้อนกันก่อนนน,positive,1
545,545,ซีรี่ย์เกาเรื่องไหนบทดีๆ Netflix ช้าตลอด บางเรื่องไม่เข้าสักที เบี่ย #Netflix,negative,0
546,546,ไม่ใช่รีฟิวพี่,negative,0
547,547,พรีอุส แบต ราคาสามแสนนะคับ,negative,0
548,548,Nissan Altima (Teana) รุ่นใหม่!! นอกจากรูปลักษณ์จะโดนใจแล้ว..ยังอาจมาพร้อมกับระบบขับเคลื่อน 4 ล้อ!!,positive,1
549,549,โจรในเครื่องแบบสมัยนี้น่ากลัวกว่าโจร,negative,0
550,550,"มาสด้า3 กับระบบไฮเอนท์ ปรี Helix เพาเวอร์ 4ch เพาเวอร์ class d .Harmotech ลำโพงกลางแหลม Focal sub 10"" Focal พร้อมแผงซาวน์หรูๆ หล่อเสียงแหลมพร้อมระบบไฟ แดมป์เก็บเสียงที่ประตู",negative,0
551,551,ผมลองดันทุรังสูบมวน มันไม่ไหวจิงๆนะ เหม็นมาก,negative,0
552,552,ใช่ๆ มาตรฐานการหั่นหมูขึ้นอยุ่กับอะไร ... บางสาขา บางกะ บางคน หั่นสวย... แต่บางทีก็มาบางจนขาดรุ่งริ่ง บางทีก็เหลือครึ่งชิ้น ...เราซื้อทุกชิ้นนะคะ...คุณก็คิดตังค์ทุกชิ้น #ส่วนใหญ่เราจะดูก่อนกิน #ถ้าชิ้นเล็กชิ้นน่าเกลียดแจ้งพนงขอเปลี่ยนค่ะ,negative,0
553,553,ปลาหมึกยัดใส้จ๊ะก้อน,positive,1
554,554,บาบีก้อนก็อยากกิน อีเหี้ยยย,positive,1
555,555,เสานี้นะ,positive,1
556,556,ออกรถมาเสร็จ พอมีปัญหา ศูนย์บริการของฟอร์ดห่วยแตกอีก จะซ่อมได้รึป่าว ?,negative,0
557,557,แย่เลยลูกดื่มนมเยอะเลยสูงกว่า 130 ซม.ต้องจับลูก 10 ขวบทำให้เป็นเด็กแคระ จะได้กินฟรี มีนโยบายไม่สนับสนุนให้เด็กสูงก็ไม่บอกนะคะ อิอิ,negative,0
558,558,โหย ทำไมลดโหดงี้ เหลือขวดเท่าไหร่ / ซื้อแต่บีโอเร แต่หลังๆขายดีละแพงขึ้น,negative,0
559,559,HBD&HNY 2018 ❤️😍,positive,1
560,560,ของดีมีประโยช.เอาใจช่วยเเละเปนกำลังใจไห้คับ,positive,1
561,561,ครวยที่ไฟซีนอลรถ แยงตา กูทำได้แค่ขับผ่านไป โลกนี้แม่งยุ่ยากขึ้นทุกวัน ไฟท้ายอัลติส วีออส ดวงข้างล่างติดตลอดแสบตามากกว่าทำไมไม่โดนวะ สิบล้อแม่งมีเป้นร้อยดวง ทำไมไม่โดน จะจับจับให้หมด ไอ้ขนส่ง มึงหาระบบมาตรฐานเวลาทำใบขับขี่ เหยียบเบรคก่อนไฟแดงด้วย กระจอกมาตรฐานพ่องมึงสิ คนถึงตกใจเหยียบเบรคเพราะมึงสอบแบบนี้ ให้ดูวีดีโอไร้สาระ ปรับปรุงระบบตัวเองด้วย อย่าปรับปรุงแต่คนอื่น กูเห้นแล้วไม่แปลกใจเรยอุบัติบนถนน การจราจร ป้ายจราจร ที่มันชี้สองทาง แต่ถนนเบี่ยงเข้าเลนซ้าย แต่ให้ออกขวา ผมว่าขนส่งกับจราจร มึงควรเอาเวลาไปตรวจสอบป้ายจราจรแทนที่จะมาจับประชาชนดีกว่า งบที่นำไปปรับปรุงให้ถึงประชาชนบ้างนะ ฝากหน่อย,negative,0
562,562,มันคุ้มกับสุขภาพของเราที่เสียไปจริงๆเหรอ?,negative,0
563,563,อยากใช้ 3ce velvet ฮือออ แพ้หนักมาก แต่คือสีมันสวย!! 😭😭😭,negative,0
564,564,ตอนแก่เราจะไปนั่งแดกโฮกาเด้น555555,positive,1
565,565,ซึ่งกูออกมาซื้อสิงห์กินเพราะคนแม่งเยอะสัสๆ,negative,0
566,566,หน้าหี,negative,0
567,567,อยากไอติมสตอเบอรี่ด้วย,positive,1
568,568,รักอิสระทำให้เราอยากกินพิซซ่า ยาคูล ชีสไบท์ ไวล์มอลปั่นใส่มุก หมูกระทะ และช้างอีกลัง ...อันหลังไม่ดีมั้ง 5555,negative,0
569,569,เป็นเมนทีนี่เสียเวลาชิบหาย ไร้ประโยชน์ ปวดท้อง เปลืองเงินซื้อผ้าอนามัย เปลืองเกงใน หงุดหงิดอีก ข่ดแมง,negative,0
570,570,สังคมต้องการแบบนี้,positive,1
571,571,ไม่เคยกินแสงโสมอะ เหล้าไรวะเนี่ย มึนหัวชิพหาย กินนิดเดียวเอง 5555555,negative,0
572,572,ส่วน cleansing ที่ชอบสุดเท่าที่เคยใช้มา (เคยใช้แค่3ยี่ห้อ) คือ การ์นิเย่ ไม่แสบตา ไม่ขมปากเลย ขนาดmizumiที่ว่าอ่อนโยนมากๆยังแสบตา+ขมปาก,negative,0
573,573,ขอร้องละ ตัวหนังสือถี่จัง,negative,0
574,574,อยากกินชาบู เอ็มเค ปิ้งย่างง เบื่อข้าวรชโว้ยยย,positive,1
575,575,ยาริสคันล่ะล้านห้าแน่เลย นึกว่าขับฟอร์จูน,negative,0
576,576,น่าสนเนอะเจ้,positive,1
577,577,ไปใหม่ๆ555,positive,1
578,578,ผ้าอนามัยลอริเอะ ห่อใหญ่ 75 ถ้าซื้อกะโปรจะเหลือ 66 บท ชั้นต้องไปจัดเพิ่ม,positive,1
579,579,พาไปกินมั่งสิ อยากกินแต่ไม่มีตังค์ 🤑,positive,1
580,580,มาเลย แม่คนกังวลทุกๆเดือน มาใช้ ใช้ลอรีเอะ ซอฟท์แอนด์เซฟ เอ็กซ์ตร้าโพเทคชั่น แอนตี้แบคทีเรีย 👑👑👑 มงลงให้เต็มๆกับ ลอรีเอะ รุ่นนี้ ใส่สบายกว่าเคยเป็นไหนๆค่ะ 👍💖💖,negative,0
581,581,555 ถึงไหนละ,positive,1
582,582,บอกละกันนะอิดอกกก,positive,1
583,583,สเปรย์​ แม่ง อร่อยมาก ซีแกรม ระดับเทพ..,positive,1
584,584,ถ้าบุหรี่ไฟฟ้าอยู่ในบ้าน???,negative,0
585,585,วันนี้ไปบูทไฮเนเก้นมา ไม่ถูกจริตอ่ะ ปกติก็ไม่ถูกจริตกับไฮอยู่แล้ว 5555555 วันหลังไปไหนดี,negative,0
586,586,ชุดนี้เท่าไหร่อ่ะก้อน,positive,1
587,587,อิโซฟี อย่าเรียกตัวเองว่าผอนมเลยอิเหี้ย กาวมึง,negative,0
588,588,เลี้ยงเราหน่อยยย,positive,1
589,589,💥ไม่เสียค่าผ่านประตู<ทุกวัน>. . 💥โปร500 รับRoyal Stag 1ขวด+มิกเซอร์10อย่าง <โปรนี้ใช้ได้ทุกวัน ก่อน24.00น>🎈. 💥สนใจบัตรคอนเสิร์ตPre-sale 150฿ จาก200฿ ตั้งแต่วันนี้จนถึง7 ธ.ค 60 in box มาเลยย,negative,0
590,590,งดงามปลอดภัย แถมประหยัดนํ้ามัน สุดๆ ต้องยกให้ นิสสัน ตัวนี้ค่ะ ทันสมัยชอบๆ,positive,1
591,591,555ไปกินถึงที่ คือไปกินของสดและถูก.แต่ถ้าไปแดกเบียร์ช้างขวดละ120ตามราคาเทศบาล.บอกเลย รวยทั้งหัวหิน. ขอแนะนำ ทะเลตรงไหนมันก็เหมือนกัน.ไปเที่ยวทะเลที่จัน บอกเลย อาหารสด ดี ถูก อร่อย..จริงๆ ค่าน้ำมันแพงกว่าค่ากินสองวัน6มื้อ,negative,0
592,592,นี้ไงโปรมาแล้วไปหามาอีกคน,positive,1
593,593,แม้ฝีมือจะกาก แต่มีดวง กิกิ,positive,1
594,594,อยากได้ อยากได้ 🙏🏻,positive,1
595,595,ถามว่าว่างมั้ยครับ5555,positive,1
596,596,อยากบ้าเด้ไอขาาาา,positive,1
597,597,รอคะๆๆ,positive,1
598,598,บอกเลยว่า Nissan Navara ตัวนี้น่าใช้มากครับ,positive,1
599,599,คงจะเหนื่อยหน่อย ราคาขนาดนี้ มีตัวเลือก มากมาย และรถแบบเดียวกัน คงจะเดินรอยตาม นิสสัน Juke,negative,0
600,600,Live chat ที่ Maybelline official store ในแอปลาซาด้า,positive,1
601,601,ไม่ชอบกินเบียร์ มีบุฟเฟ่ต์แสงโสม หงส์ทอง แม่โขง ไรแบบนี้มั้ย,negative,0
602,602,ตัวนิแซบกว่าเพื่อน,positive,1
603,603,ถึงจุดๆนั้น จะรุ้เองคับว่า เราจะพุดอะไรไม่ได้เลย จะไม่สามารถต่อรองหรือสู้อะไรได้เลย #ประสบการตรงกับตัวย้ำว่ากับตัว ใช้มา 2 ปียังไม่เคยโดนคับ มาแจคพอต แค่ ตัวทำมือ ถ่านก้อนเดียว อตอม ug โคลนเก่าๆเลย สุดท้ายรอขึ้นศาล ทิ้งของที่บ้านหมดเลยคับ 6 พันกว่าบาท,negative,0
604,604,ราคาผ้าอนามัยเนี่ย เป็นอีกอย่างที่รู้สึกว่ามันเศร้า เราเคยมีช่วงที่ไม่มีเงินจะกินข้าวแล้วอะ แต่ต้องเจียดเงินเกือบร้อยไปซื้อผ้าอนามัย แล้วลองคิดถึงคนที่เขาเจอปัญหาแบบนี้ตลอดเวลาดิ น่าเห็นใจนะ มีสองทางคืออดข้าว หรือ ใช้ผ้าอย่างอื่นแทน ซึ่งก็ไม่สะอาดและทำให้ไม่สะดวกกับการใช้ชีวิต,negative,0
605,605,ได้ครบตามจำนวนคะ 3ขวด ขวดใหญ่ใช้คุ้ม,positive,1
606,606,อันนี้เคยเจอมากับตัว สมัยกาดสวนแก้วเปิดใหม่ๆ มีร้านสุกี้ ที่ไม่ใช่ เอ็มเค เปิดอยู่ชั้น 1 เจอพยาธิ ดิ้นออกมาจากไส้อ่อน ตัวเป็นๆ เพราะมันโดนน้ำร้อนลวกไง และไม่เคยคิดจะฟ้องร้องทางร้าน ผจก.ร้านมาดู มาขอโทษ ก็แค่นั้น ... ฟ้องร้องน่ะ แต่คิดว่าให้อภัยดีกว่า แต่จากในข่าว ฟ้องร้องตั้ง 6 ล้าน มันเกินไปป่าววะ เกลียดนักพวกที่ใช้ช่องโหว่ทางกฎหมาย เพื่อหาประโยชน์เข้าตัวเอง,negative,0
607,607,ให้ดูเฉยๆค่าชุดไทยค่านั่งรถมาแดกก็หมดตังแดกและสัส,negative,0
608,608,อยากกินเซ็ทนี้คะ,positive,1
609,609,ไปป่ะสาส,positive,1
610,610,งั้นรบกวนช่วยกินชิ้นเนื้อชิ้นนั้นให้ดูหน่อยค่ะ เพื่อความสบายใจของลูกค้าทุกๆท่าน ^^ #บาร์บีก้อน,negative,0
611,611,สักเมามั้ย,positive,1
612,612,Mkสาขาบิ๊กซี จ. เลย รออาหารนานมากทั้งๆที่ลูกค้าก็ไม่มีเป็นแบบนี้มาหลายครั้งมากแต่วันนี้เหลืออดจริงๆรอเกินครึ่งช.มแล้วยังไม่พอแม่มึงยกไปให้โต๊ะมาหลังอีก.ไม่รู้มีเจอแบบนี้กันบ้างรึเปล่านะค่ะ...อารมเสียจริงๆๆๆปรับปรุงด้วยนะค่ะ,negative,0
613,613,ดังเฉพาะรถวิ่งช้าช่วงรถติดครับ แต่อันนี้ของผมวีออสมันดังตั้งแต่แรกแล้วเลยไม่ได้ซีเรียสอะไร เดี๋ยวจะลองเปลี่ยนจานเบรคดู (ของผมใช้primo),negative,0
614,614,ของ mistine maxi black จ้าา ถูกและดีมากก,positive,1
615,615,วันนี้โดนแม่ทักเลยคอเป็นอะไรจ้ำๆ สองวันมันยังไม่หาย ลาขาดเลยจ้าเบียร์ช้าง,negative,0
616,616,แถวเชียงใหม่หายากมาก ขนาดอยู่ใกล้ขนส่ง กับโรงพยาบาลแมคยังไม่มีให้กินเลย ได้คูปองมาไม่ได้ใช้..,negative,0
617,617,mitsubishi triton plus 4 ประตู ตัวใหม่ขับแล้วกระด้างต้องแก้ยังไงครับ,negative,0
618,618,แย่มากๆ ทำสัญญา 100/50 Mbps ใช้ได้จริง 1.39/29.22 Mbps,negative,0
619,619,ครับ โดนเฉพาะ celerio ปังมาก,positive,1
620,620,อ่านจบยัง ไอเรื่องรับผิดชอบอะต้องแสดงงงงอยู่แล้วจ่ะ ไอเรื่องตรวจสอบก็ต้องตรวจจจอยู่แล้วจ่ะ แต่ไม่ว่าเนื้อจะได้มาตรฐานหรือไม่ได้มาตรฐาน ใช่พยาธิหรือไม่ใช่ ก็ไม่ควรเสิร์ฟเนื้อที่มีสาคูติดแบบนั้นออกมาอยู่ดี งงปะ,negative,0
621,621,เด็กวัยรุ่นเค้ารู้ว่ามันแลอดภัยกว่า บุหรี่มวนไง เด็กสมัยนี้ฉลาดกว่าพวกผู้บริหาร เต่า มากมาย,positive,1
622,622,โนนนน,positive,1
623,623,ขโมยน้ำซุปไปทำแดกเองได้ป่ะ อิห่าเซ็ทหมูแพงเกิ๊น เพื่อนกูก็เป็นเจ้าของลูกชิ้นเอ็มเคสั่งถูกๆแดกได้ 😂😂😂,negative,0
624,624,เพื่อนมาจากดูใบ โดนจราจรจับไถไป1000นึง,negative,0
625,625,หนูนก ชีวิตดี๊ดี ค่ะ,positive,1
626,626,น้องคนนึงสั่งหน้ากากส่งไปให้ที่บ้านที่ ตจว ที่ค่าฝุ่นสูงปรี๊ด น้องบอกที่บ้านโทรมาว่า มันมีโรคระบาดร้ายแรงอะไรที่เขาปิดข่าวใช่ไหม พอน้องบอกว่าฝุ่นไงมันอันตราย พี่ชายบอกกระแดะ ... 😂,positive,1
627,627,ทีแรกจะซื้อมาสด้าสองและซีเอ๊ก3 พร้อมกันสองคันเพราะชอบสเปกรถสวยดี เพื่อนห้ามไว้ก่อนบอกอย่าเสี่ยงเลย ดีที่ไม่ซื้อ ถ้ามีปันหามาเราประท้วงคงโดนฟ้อง555+,negative,0
628,628,กินๆๆๆๆ,positive,1
629,629,มันคือความโชคร้ายหรือเปล่า ขึ้นรถไฟฟ้าแล้วเจอคนไม่ทาโรลออนบ๊อยบ่อย,negative,0
630,630,ส่วนตัว ช้างรสชาติใหม่ ผมเลิกแฮงค์แหะ อันเก่านี่กินสองขวดปวดหัวเลย,negative,0
631,631,ยูเซอรีนนอันแสนแพง,negative,0
632,632,ต่อให้หน้าชนกัน Honda ก็ไม่เหลืออยุ่ดี,negative,0
633,633,ลดน้อยจุง 😂,negative,0
634,634,เราเป็นคนนึงที่ไม่เคยผูกอะไรกับบัตรและบัญชีต่างๆเลย ซึ่งรู้สึกว่าคิดถูก ล่าสุดเจอทรูมูฟ คิดค่าเน็ตเกินราคา ถ้าผูกไว้ไม่รู้จะได้เงินคืนเมื่อไหร่เลยอะ,negative,0
635,635,https://shopee.co.th/ekk663 กันแดด Biore ถูกสุด,positive,1
636,636,หมูเขียว พอเอาออกก็ไม่ไปกินละ,negative,0
637,637,โดยรวมแล้วโอเค,positive,1
638,638,ดีใจที่ชอบครับ,positive,1
639,639,อ่ะเฮีย งานลดราคามาแล้ว,positive,1
640,640,กินแต่ละสาขา บริการของพนักงานแย่มาก กินที่เซ็นทรัลแจ้ง พนักงานเดินไปเดินมา สั่งหมูไปรอจนกินบนเตาหมดเกลี้ยงยังไม่มา จนต้องเรียกมาถาม ถามเสร็จหายไปอีกร่วม 10 นาที ออกมาวางปุ๊บ เดินสะบัดก้นไปปั๊บ สาขาอิมพีเรียลสำโรง ขอที่คีบตอบกลับมาว่าไม่มี เออ ดีแฮะ มาตรฐานแต่ละที่ไม่เหมือนกันดี ตะเกียบก็ไหลลื่นดีเหลือเกิน บังคับคีบจนนิ้วจะเป็นตะคริว นานๆเข้ากินที นึกว่าบริการจะดีขึ้น หึหึ ห่วยเหมือนเดิม,negative,0
641,641,โกรธมากตรงไปเอาเนื้อสไลแล้วบอกหมดแม่เราบอกอะไรหมดแล้วหลอเพิ่งหยิบไป2จานเองในครัวหยิบส่งมาไห้2จานเราไปสั่งพักในครัวส่งเนื้อสไลมา3จานเราเดินไปถามไหนเมื่อกี้บอกเนื้อหมดไงพนักงานบอกมันแข็งหั่นไม่ได้ปกติใช้เครื่องสไลใม่ใช่หลอเสียความรู้สึกไปหลายครั่งเพราะบ้านอยู่ซ.ราม21ใกล้ดีเดอะมอลล์บางรถติดแต่ต่อไปนี้คงยอมรถติดนะ,negative,0
642,642,สังเกตุในจานหมูครับ เจอแมลงสาปตัวเป็นๆวิ่งออกมาจากชิ้นหมู ถึงกับหยุดกินกันทีเดียว แจ้งพนักงานมีพนักงานคนนึงมาไล่ตบด้วยมือเปล่า ส่วนคนอื่นนิ่งเฉยไม่ได้สนใจ เหมือนเป็นเรื่องปรกติธรรมดา ความสะอาดคืออะไร เยี่ยมมากฮอทพอท,negative,0
643,643,วันนั้นกินไปแล้วไง เลี่ยนๆวะ,negative,0
644,644,รถใช้ดีมากคับเเรงๆๆนิ่มๆๆเกาะถนนดีเยี่ยมรีโว่สุดยอดคับ,positive,1
645,645,😳,positive,1
646,646,"มาสด้า3 ปี2013 เครื่อง 2000 ไมล์ 55,000 ไฟเตือนเครื่องสีเหลืองขึ้นหน้าจอ ผมเอารถไปเข้าศูนย์มาสด้าแถวบ้าน จนท.แจ้งว่าไล่ระบบไฟแล้วไม่พบสิ่งผิดปกติ ลองลบโคดให้แล้วแต่พอขับกลับบ้านไฟเตือนขึ้นเหมือนเดิม เสียค่าตรวจ 700+ บาท *รหัสโค๊ด P2096 ระบบปรับเชื้อเพลิงตัวเร่งปฏิกิริยาหลัก บางเกินไป แถว1* เจ้าหน้าที่อธิบายแนะนำดี แต่ยังหาทางแก้ไขไม่ได้ ผมติดต่อทางส่วนกลาง ทางนั้นขอข้อมูลศูนย์และโค๊ทแล้วจะติดต่อกลับ พอมีแนวทางแนะนำมั๊ยครับ",negative,0
647,647,อยากให้สาขาโรบินสันสมุทรปราการมีการเติมซูชิหน่อยคับไปทานมา 3 ครั้งพอซูชืหมดไม่ค่อยมีการเติมสักเท่าไหร่,negative,0
648,648,ดูสถานะการณ์ก่อนดีกว่ากำลังจะจัดมาสด้า3อยู่พอดี,negative,0
649,649,ยามเย็นริมโขง หนองคายนั่งจิบน้ำปั่นกับอากาศสบายๆ😋,positive,1
650,650,อุ่ยน้องก้อนเราไม่ได้กินมานานเท่าไหร่แล้ว55555,positive,1
651,651,ผิดไม่รับผิดสันดานมาสด้า ขอให้บริษัทมาสด้าแม่งเจ้งแบบไม่มีวันหวนกลับเลย เอาแต่ได้ แถมยังหน้าด้านมาฟ้องลูกค้ากลับ ถามจริงๆหนีนรกมาเกิดเป็นคนหรอ หรือตอนเกิดพีอแม่ไม่ให้เซลสมองมา ล่มจมๆ มาสด้า ลูกค้าฟ้องมันกลับเลย เผาบ้านยกครัวล้างโคตรมันเลย เกลียดนักอีพวกเอาเปรียบ,negative,0
652,652,ไม่กินคือไม่กินจริงๆอ่ะ ไม่ได้แอ๊บ เคยลองกินแล้วมึนมากปวดหัวมาก ขมเหม็น เอาง่ายๆแค่สปายก็เมาอ่ะ เลยไม่กินแม่ง หันมากินน้ำอัดลมอย่างจริงจังแทน 5555,negative,0
653,653,คิดเงินคิดครบทำไมส่งของไม่ครบคะ,negative,0
654,654,วีโก้ข้อดีคือกำลังบรรทุกดีครับส่วนดีแม็คกำลังไม่ค่อยดีครับรอบเครื่องมาแต่แรงไม่ค่อยมีผมเคยใช้สองรุ่นนี้ครับดีแม็คจุ๊กจิกกว่า,negative,0
655,655,ทางเข้าประต3ด้านในครับ,positive,1
656,656,toyota ผมแนะนำถ้าใครซื้ออย่าเอารถค้างสต็อคตามปากคนขาย viosผมเจอปัญหาแล้วแต่ camryยังสบายดี,positive,1
657,657,ลาก่อย ฮอนด้า ปกติก็ไม่คิดจะซื้ออยุ่แล้ว ใช้พี่ To ดีแระ,negative,0
658,658,"แสนสิริมีปัญหาอีกแล้ว ครั้งก่อนออกข่าวว่าเอาโฟมยัดข้างฝา ล่าสุดมีแฉในพันทิปว่าถุงปูนยัดเพดาน =_=""",negative,0
659,659,จริงๆเบียร์ช้างก็รสชาดดีกว่าลีโอแล้วนะ,negative,0
660,660,กินหลายทีก็ไม่หร่อยละอ่ะ,negative,0
661,661,อันนี้ก็ดี ดีเกินคาดไปมาก,positive,1
662,662,กินหม้อเอ็มเคติดจมูกสัด,negative,0
663,663,เมื่อเช้าเติมเงินไปหักเงินในบัญชีแต่เงินไม่เข้าจะให้ทำยังไง. แก้ไขให้ด้วย,negative,0
664,664,คือที่ฮ่อ่งถูกกว่าไทยง่า,negative,0
665,665,ตอนแรก เก็บเงินกะจะถอยมาสด้า 2 เต็มที่เลย พอไปสิงสถิตในกลุ่ม คือเจอมีปัญหาเรื่องเครื่องกันตรึมเลย และก็ราคาซ่อมบำรุงที่ค่อนข้างสูง 1เรานี่ ถอนตัวแทบไม่ทัน เลยเปลี่ยนใจมาเล็ง City ต่อ กว่าเงินจะครบ สงสัยจะเปลี่ยนไปอีกหลายคัน (เปลี่ยนในความคิดนะ 5555),negative,0
666,666,อยากไปจ่ะ,positive,1
667,667,ไม่ใช่พยาธินะคะ แต่เป็นฝี 😨😨😨,negative,0
668,668,บาร์บีก้อนไหม,positive,1
669,669,อิห่า แมคไม่คุ้มเลย เคฟซีน่าแดกกว่า,negative,0
670,670,วันไหนดี fashion ก็มีบิ๊กซีลาดพร้าวก็ได้,positive,1
671,671,อิตาเลี่ยนไทย... ตำรวจ... เสือดำ... ไหว้... รวย... 😊,negative,0
672,672,พาเลท sivanna ในอีฟแอนบอย ขาย 259 ค่ะพี่ฝนนนนนนนน แง๊,negative,0
673,673,เกือบจะอวสานของบาบิก้อนหล่ะ 555 พวกร้านหมูกระทะเจ้าอื่น รอผงาด,negative,0
674,674,พาไปหน่อยสัญญาไว้,positive,1
675,675,ความซื้อเหล้าซื้อเบียร์สปายฟูลมูลมาอย่างละสี่ขวดยกเว้นเหล้า แล้วทำไมนุ้งไม่ได้กินเหล้าา เบียร์มันไม่สะใจจจจจ,negative,0
676,676,หน้าตาโคตรดุ ยังไงผมยังรักซูซูกิออยู่,positive,1
677,677,เคยไปล่ะ ไม่เป็นอย่างที่คิด,negative,0
678,678,ขอไปด้วยได้ปะ,positive,1
679,679,เคค รอแปป,positive,1
680,680,ประสบการณ์มาแดกเอ็มเคละร้านเปิดเพลงเดียววนไปจนรำคาญ เลยเขียนคอมเพลนไปในแท็บเลทว่าเปลี่ยนเพลงได้ไหมคะ ซักพักร้านเปลี่ยนเพลงเลย55555555555,negative,0
681,681,ไปๆๆ เชียร์ๆๆ ทุกทีมสู้ๆๆ SHOW DC เสาร์นี้ค่า,positive,1
682,682,คิวแน่นเอียด คราวหลังต้องล็อคคิวไว้ให้กะเพาะหน่อยล่ะ 🤣,negative,0
683,683,☺️,positive,1
684,684,เปนลูกค้ามากว่า20 ปีละคร่าและจะเปนตลอดไป รักเอ็มเคที่ซู๊ตตตต,positive,1
685,685,โลตัสกำแพงเพชร ลดมั้ยค่ะ,negative,0
686,686,บาคาดี้สองขวดคนเดียว มึนมาก ไม่ไหวละ ง่วงสัสๆม,negative,0
687,687,อ้าวทำไมปิดเเง่ๆ,negative,0
688,688,มึงกูอยากกิน 😍,positive,1
689,689,เงินยิ่งมีมากเข้า ยิ่งไม่พอ หน้ามืดตามัวไปหมด ห่วงสุขภาพ โครตขำ หยุดห่วงแบบหลอกรีด แล้วปล่อยให้เราได้มีสิทธิ์เลือกบ้าง,negative,0
690,690,อยากได้เพราะช่วงนี้กำลังมีปัญหาเรื่องรอยสิว ผิวขาดความชุ่มชื้น อยู่พอดีเลยค่ะ ปกติใช้อะโลเวร่าเป็นประจำอยู่แล้ว แต่สนใจสูตรใหม่ตัวนี้ของ Malissa Kiss มากๆ เพราะมีส่วนผสมของแพลงก์ตอน อ่อนโยนต่อผิวด้วย น่าจะตอบโจทย์สุดๆเลยค่า 💙,positive,1
691,691,กูว่าจะซื้อมาสด้า 3 ไม่ซื้อดีด่าแบบนี้,negative,0
692,692,นี่ว่าไม่จริง ที่พูดว่าเพื่อนถ้าสนิท ต่อให้ไม่เจอกันนานก็ยังสนิท คือจะสนิทได้ไงวะ ประสบการณ์ชีวิตต่าง ไม่มีสังคมจุดร่วม แถมความคิดนิสัยก็เปลี่ยน โตขึ้นบ้าง หรือจากใจดีก็กลายเป็นเก้วกาดบ้าง เอาอะไรมาสนิทเหมือนเดิม งง,negative,0
693,693,แค่จอง Rocco ไปก็จะ สี่เดือนละ ยังไม่ได้รับรถเลย เซลล์บอก ไม่มีรถเข้า เลื่อนมาสามรอบละ คนอื่นจองทีหลังได้หมดละ ผมล่ะเสียความรู้สึกกับโตโยต้า จริงๆ #Toyota ภูมิพัฒนา สวนหลวง,negative,0
694,694,ป้ายผู้สมัคร พลังประชารัฐ (บาล) เชียงรายรู้เลยว่าหาแดกกับนโยบายรัฐ คิดนโยบายไรไม่เป็นแจกอย่างเดียว,negative,0
695,695,ใน 3 ป๋องนี้ ป๋องดำดีสุดแล้วอ่ะ ไม่เปลี่ยนใจจจ,positive,1
696,696,มันไม่มีลูกกลิ้งนะคับตอนเทระวังด้วย555 โดนมาแล้ว,negative,0
697,697,ที่มันผิดกฏหมายก้อเพราะมันเลี่ยงภาษี รัฐไม่ได้ตังก้อต้องกฎหมายทุกอย่างลองจดทะเบียนเสียภาษีดิมันให้ขายใน7/11แล้วอีกก้อพอมีบุหรี่ไฟฟ้ามารายได้มันตกบุหรี่มันขายได้น้อยลงใช่มั้ย,negative,0
698,698,น่าลอง,positive,1
699,699,ควันระเบิดหรือบุหรี่ไฟฟ้าวะ,negative,0
700,700,รถว่างคับ แต่จอดเดีียงอยู่ชั้นสอง เอมจีสามสีดำคันร้ายๆ 555,negative,0
701,701,เห็นแสนสิริขยัน PR และทำ CSR แต่ไม่ยักกะช่วยดูแลปัญหาจนลูกค้าต้องตั้งกระทู้พันทิปเยอะแยะ,negative,0
702,702,เตงงงงง,positive,1
703,703,IN2IT ก็คัม ฮือออออ คิดถึงหมี T_T,negative,0
704,704,ไมอิ่มสั่งข้าวซี่โครงมสต่อแต่ละอย่างไม่โดนใจเลย,negative,0
705,705,คิดถึง​ตอนกิน มึงมันเลว 555,negative,0
706,706,แสงโสมแพงกินหงส์ทองดีกว่า,positive,1
707,707,เอออยากเเดก แต่ตังอยู่ไหน,positive,1
708,708,แย่ ผมเมาสปาย จุดจบสายขี้เมาแบบผม -_-,negative,0
709,709,มันไม่อิ่มเร็วไง เกี๊ยวมีแต่แป้ง,negative,0
710,710,สนใจ Honda City,positive,1
711,711,ด้วยข้อเท็จจริงที่แสดงออกผ่านโพลว่าพรรคพลังประชารัฐไม่มีกระแสในประชาชน สมาชิกประชาธิปัตย์ซึ่งขยันลงพื้นที่ย่อมรู้ดีว่าสังคมเบื่อคนกักขฬะที่ทำเศรษฐกิจเสียหาย พรรคจึงวางระยะห่างกับพลังประชารัฐและ...,negative,0
712,712,คิดถึงแม่ ที่บ้านชอบกินบาร์บีคิว เราสองคนผลัดกันทำงานต่างประเทศ ทุกครั้งที่กลับไป จะต้องไปกินตลอด กินแต่เด็กจนโต จนแม่ยิ่งแก่ยิ่งสวย ก็ไม่เปลี่ยนใจ ไอเราก็ยิ่งโตยิ่งหล่อ สงสัยเพราะกินบาบีคิวพลาซ่าแล้วหน้าตามันดีทั้งบ้านเอง ขอเถอะ เดี๋ยวกลับไทยจะพาแม่ไปกิน รู้เรื่อง,positive,1
713,713,จ้า ยังไงก๊จะยังไปกินยุน่ะ,positive,1
714,714,หู้วๆๆ,positive,1
715,715,หมูสไลทุกแบบน้ำจิ๋มซีฟูด,positive,1
716,716,พรรคพลังประชารัฐ ถ้าได้และน่าจะได้เพราะเป็นพรรคของคสช. คนนี้ก็จะได้เป็นนายกอีก,negative,0
717,717,ไม่รุ้ว่าทางมาสด้าคิดได้ไงมาฟ้องผู้บริโภค อือ 84 ล้าน จะทำไห้คนทั้งชาติรับรู้ถึงผลกระทบยอดขาย,negative,0
718,718,ทุกคนล้วนใส่ burberry ด้าย เด่วเอา brit sheer ฉีดปากแม่งเรย,negative,0
719,719,ดีงามมาก ต้อง รามอินทรา,positive,1
720,720,สายหวานต้องมา,positive,1
721,721,นั่นไง ราคา innisfree ในไทยกับเกา ต่างกันแค่ 40 บาทเองมั้ง == ดีนะไม่ซื้อมา,negative,0
722,722,ไก่ เบื่อเอ็มเค,negative,0
723,723,กาก,negative,0
724,724,โฮกาเด้น โรซี่อร่อยสุด,positive,1
725,725,สาขาเซ็นทรัลศาลายาให้ของไม่ครบ แถมไป7คนใส่ชุดไทยคนเดียว ให้นั่งแยกโต๊ะแล้วคิดราคาเต็ม ถ้าบอกก่อนจะได้ไม่กิน นี่ไม่บอกไรเลย...เซ็งงงงงงง,negative,0
726,726,55555555 มึงจะหยี๋ทำไม,negative,0
727,727,ชาติไทยพัฒนานี่มีสนธิ (ที่รัฐประหารสมัยเราป.2) ด้วย คนที่ไม่เคารพหลักการประชาธิปไตยคนนี้ หน้าด้านมาลงเล่นการเมืองด้วยหรอ ไม่ละอายใจหรอ,negative,0
728,728,ป่ะไปกัน,positive,1
729,729,มีด้วยเหรอ,positive,1
730,730,mk lotus ชุมพร ช่วงเที่ยงกว่าๆครับ,positive,1
731,731,สรุปวันนั้นมันสีส้มหรือสีแดงว้ะไม่เมานะแค่สปายไม่กี่ขวดเองอห.มืดเกินไปรึเปล่า,negative,0
732,732,ไม่กินแล้วเบียช้าง,negative,0
733,733,จะไม่รักได้ไง ก็หลอดเดียวได้ครบ จบแบบสวยๆ เหมาะกับวันชิวๆ มากเวอร์ ✔ กันแดด ✔ รองพื้น ✔ สารบำรุงผิว ✔ ครีมปรับสภาพผิว ใครได้ใช้ก็กดไลก์ ปาหัวใจใส่รัวๆ ซื้อแล้วซื้ออีกเลยนะ ขอบอก.. วางจำหน่ายแล้วที่เคาน์เตอร์ BSC Cosmetology ในห้างสรรพสินค้าชั้นนำทั่วประเทศ หรือโทร 02-222-2222 #BSCCosmetology #BBCream,negative,0
734,734,ลองดูไหมมึง555,positive,1
735,735,จะแดกไฮเนเกนหรอ แดกช้างดิ ของบริษัทกุ 😂😂😁,positive,1
736,736,ในส่วนของอาการแพ้แอลกอฮอล์นั้นนนนนนนไม่เคยเป็นและไม่คิดว่าจะหนักขนาดนี้เล๊ยยยยยยยยย #หงษ์ทอง #รีเจนซี่,negative,0
737,737,ไปป่ะล่ะ,positive,1
738,738,อยากไปด้วย,positive,1
739,739,สงสารพี่ฟลุคอะ กำลังจะถูกดำเนินคดี หมิ่นเจ้าพนักงาน คือถ้าเรารู้สึกว่าถูกเจ้าหน้าที่ใช้ความรุนแรงเกินกว่าเหตุในการจับกุม นี่เราพูดอะไรไม่ได้เลยเหรอ คือเอาจริง ไอ้บุหรี่ไฟฟ้านี่แม้กระทั่งควีนเองยังงง ทนายคนนึงบอกผิด อีกคนไม่ผิด มันเป็นความสับสนในสังคม แต่ที่แน่ๆ มันไม่ใช่คดีร้ายแรงถึงขนาดนั้น ไปๆมาๆ จากบุหรี่ไฟฟ้า ไปถึงนายกเลย ควีนว่าเกินไปมากๆๆๆๆ แน่นอน บ้านเราบุหรี่ไฟฟ้ายังผิดกฎหมาย แต่มันเป็นกฎหมายที่คนค่อนประเทศต่อต้าน บวกลบคูณหาร มันควรถูกกฎหมายนะ บอกเลยฝรั่งเค้าระอาไอ้กฎหมายบ้าๆนี่มาก และหลายคนเค้าเลือกที่จะไม่เดินทางมาเที่ยวไทย เพราะไม่สามารถพกบุหรี่ไฟฟ้ามาได้ค่ะ เดี๋ยวจะลองถามนางดูว่ามีทนายไหม ถ้ามีทนายท่านใดอยากช่วยฟลุคแจ้งได้นะ สงสารอะ,negative,0
740,740,เอาไปด้วยไง,positive,1
741,741,น่าลองงอะอ้วนนน,positive,1
742,742,เมื่อวานหุ้นลง5จุด กระบือรุ่นใหม่บอกว่าเป็นเพราะการเลื่อนเลือกตั้งทำลายความเชื่อมั่นนักลงทุน วันนี้หุ้นขึ้น15จุด มากกว่าลงเมื่อวาน10จุด แบบนี้แปลว่านักลงทุนสนับสนุนและเชื่อมั่นการเลื่อนเลือกตั้งใช่มั้ย นักกระบือธิปไตยรุ่นใหม่ #เลื่อนแม่มึงสิ,negative,0
743,743,ลีโอขึ้นเป็นขวดละ110 ตอนนี้กินก้อได้สองขวดดดด,negative,0
744,744,ชุดไหนดี เพื่อนบ้านในอณาคตสนใจม้ายยยย,positive,1
745,745,สมิติเวช สุขุมวิด มีคลอดในน้ำ กุ๊บกิ๊บก็คลอดในน้ำ แต่มันแพง,negative,0
746,746,พน.เลี้ยงบาบีก้อน 555,positive,1
747,747,#หายใจแล้วจะปลิ้วมั๊ยคะ #บางเกิ๊น,negative,0
748,748,บาร์บีก้อน ฮรุก พยาธิ;-;,negative,0
749,749,อยากกินฮอตพอท,positive,1
750,750,เชี้ยย เเพ้ผ้าอนามัยอีกละ.,negative,0
751,751,อยากกินอ่า😳😋❄️☃️,positive,1
752,752,หาดใหญ่ไม่มี hotpot แล้วววว จะกินยังไง,negative,0
753,753,เคยใช้เหรอครับ เดิมๆผมก็ว่ามันก็แรงใช้ได้ ขนาดตัวเก่าเทียบกับวีโก้หรือดีแม็กผมก็ว่าแรงกว่าเห็นๆ,negative,0
754,754,ดีนะ กินลีโอ กิกิกิ,positive,1
755,755,ไม่ชอบคอนซิลเมเบลลีนเลย,negative,0
756,756,สำหรับเราต้องตัวนี้เลยจ้า Twelve Plus แป้งน้ำหอมBB Perfect smooth เนื้อละเอียดหอมเย็นทาได้ทั้งหน้าและตัวหน้าเราอ่ะมีจุดด่างดำชัดมากแต่ก็ได้แป้งตัวนี้มาช่วยเบลอจุดด่างดำใช้ดีมากๆค่ะทุกวันนี้ไปไหนมาไหนก็ต้องพกติดกระเป๋าไปตลอด ทาตรงไหนเย็นตรงนั้น5555ให้ความรู้สึกสดชื่นเหมือนอยู่ในทุ่งดอกไม้เลยค่ะใช้ทุกวันสวยทุกแน่นอนเจ้าค่ะ,positive,1
757,757,ผู้ใหญ่เค้าจะให้ป่าวอ่ะ,positive,1
758,758,หมดสัญญากับอิสกินแล้วต่อเดอะเฟสช็อปเลย ไหนคำว่านูกูพี่จะฟาดแม่งให้ล้ม,negative,0
759,759,น่ากินเนอะ 5555,positive,1
760,760,ไม่ชอบน้ำจิ้มอ่า,negative,0
761,761,กะทะรุ่นใช้ช้อนตักมิได้นิ .....,negative,0
762,762,พ่อเดี๊ยวไปกินต้มยำกันนะก่อนหมดเขต,positive,1
763,763,ปัยซื้อมาละ นังยาทาเล็บthe face shop ที่ว่าสวยกัน ทาออกมาจริงๆมันไม่ได้ใสขนาดนั้นอ่ะ ทา1รอบสีไม่เท่ากัน(สีจาง) ทาทั…,negative,0
764,764,Mazda CX-8 ว่าที่เรือธงตัวใหม่ พร้อมทำตลาดในไทย,positive,1
765,765,ช่วงที่1| มาดูคุณธนาธรแก้ปัญหาฝุ่น PM 2.5 แบบเฉียบๆ #เปิดใจกับป๊อกกี้ #ไทยรัฐเลือกตั้ง62 #TheRapper2 #ไทยรัฐดีเบต,positive,1
766,766,ปะไปตำ,positive,1
767,767,ขอบคุณค่าา 😊,positive,1
768,768,กลิ่นแรงยิ่งกว่า285อีกกลมกล่อมตรงไหนเหอะๆ,negative,0
769,769,ไปกินกันเหอะหิว,positive,1
770,770,เสียชื่อหลายอย่างละช้าง ไปงานwater sonicปีนี้ก็ผิดหวัง เริ่มแย่หลายๆด้านละ ดูแลกิจการดีๆนะครับ เดียวสิงห์เอาไปกินหมดจะหาว่าไม่เตือน,negative,0
771,771,🤤 (ฟันไม่ตึงละนะ),positive,1
772,772,ซีคอนกว่าจะเปิด....,negative,0
773,773,เรา❤️SPY Cooler สุดๆเลย นุ่มละมุนลิ้น ดื่มได้บ่อย อร่อยไม่เคยเปลี่ยน ดื่มได้ทุกเทศกาล ค่ะ,positive,1
774,774,พรุ่งนี้ล้างท้องรอเลยนะ,positive,1
775,775,จัดปุยย,positive,1
776,776,ผมเจออาหารเป็นพิษครับสาขานี้ ไม่ไปอีกแล้ว,negative,0
777,777,pajero 2011 มีเสียงลมเข้า น่ารำคาญ,negative,0
778,778,[Pls RT] สำนักงานทรัพย์สิน จุฬาฯ และร้านโอ้กะจู๋ ร่วมกันช่วยชาวสวนสับปะรด เดินไปหยิบถุงสับปะรด แล้วก็หยอดเงินตามกำลังที่เรามี ตรงบริเวณลานตรงข้าม SQ1 ช่วยๆกันนะคะ ปล.สับปะรดภูแล อร่อยมากกกก,positive,1
779,779,ขอบคุนมากคับนักสู้,positive,1
780,780,กูจะแพ้ผ้าอนามัยจริงๆหรอ ควยเด้อ,negative,0
781,781,สู้ๆครับผมสนับสนุน,positive,1
782,782,โคตรบิดเบือนเลย ห่าลาก,negative,0
783,783,บอกตามตรงว่ารถเก๋งสวยแต่ไม่เคยชอบสายกระบะของนิสสันเลย,negative,0
784,784,สู้ๆครับ....ถ้าไม่มองเห็นผลประโยชน์บังหน้าครับ,positive,1
785,785,กาวผ้าอนามัยติดทุกอย่างจริงๆ ยกเว้นกางเกงใน😒,negative,0
786,786,ทำไหมค่าเน้ตมันแรงขึ้นครับ. ทุกครั้งผมจะสมัคร เน้ต6mbตลอดราคาจะไม่เกิน600บาท เดียวนี้ต้องเติมถึง800เลย. มันกระโดดไปเยอะเกินรึป่าวครับนี้. ถ้าค่ายอื่นถูกผมคงต้องย้ายแน่ครับ ผมใช่แบบรายเติม. เห็นแบนี้แม้งเซงชิบ,negative,0
787,787,#หายไปได้พักนึง!! 🌀 กลับมาอีกแล้ว!! PM 2.5 #ก็กลับมาใช้ตัวช่วย 😷 อีกแหละ!!,negative,0
788,788,บทเรียนนี้สอนให้รุ้ว่าถ้าไม่ใช้มาสด้า อย่าขับแรง รถมันไม่เกาะถนน,negative,0
789,789,เลิกแล้วครับ ผมคนนึงซื้อ HR-V มา เพื่อเปลี่ยนจาก CIVIC FD คันก่อน City. เจอคันปัจจุบัน HR V คันต่อไปไม่มีอีกแล้ว Honda แก้ไขปัญหาไม่จบ,negative,0
790,790,ซื้อทุกศุกร์แต้ไม่เคยเก็บใบเสร็จ ถ้าแอดจะเล่นกิจกรรมแบบนี้น่าจะแจ้งตั้งแต่ออกศุกร์แรก เนี่ยผ่านไป 2 ศุกร์แล้วถึงมาลงกิจกรรม และของเล่นที่แจกสัปดาห์นี้ก้อแจกไม่ตรง ต้องแจกเบอร์ 3 กับ 4 แต่กลับแจก 4 กับ 8,negative,0
791,791,พ่อก้อนฟังป้า อันว่าแบบกระทะของพ่อก้อนนั้น ร่องต้มผักมันเล็กนัก จักทำให้เป็นหลุมใหญ่หน่อยได้ฤาไม่ เปิบครั้งใด ต้องคอยเรียงผัก ยากแท้เทียวหนา,negative,0
792,792,เกียร์เข้าง่ายกว่ารถฟอร์ดเรนเจอร์mtอีก 555,negative,0
793,793,ถามเค้าแล้วค่ะ น้องบอกไม่มีค่ะ ไม่อยากมีปัญหา เลยไม่ถามต่อค่ะ น้องบอกมีบัตร ลด 10%ค้ะเลยบอก ตามนั้นค่ะ เสียเวลาถาม,negative,0
794,794,จริงคะ ราคาก็ไม่ได้ถูกลง แต่คุณภาพและปริมานลดลง แต่ก่อนไปกันอาทิตย์ละสองครั้ง ก็ลดลงมาเรื่อยๆจนไปอาทิตย์ละครั้ง เดือนละครั้ง ปัจจุบัน รอแค่เป็นรีฟิลแล้วคะ ขนาดรีฟิลหัวแพงขึ้นทุกปี บางทียังเป็นโปรที่ไม่ค่อยโอเลย แต่ก่อนหัว400กว่าๆได้กินแซลม่อน โปรครั้งก่อนเป็นหมูเป็นเบค่อนไม่โอเลย จะกินแซลม่อนต้องเพิ่มเงินไปกินสาขานานาชาติ โคตรเซง เรารู้จักกันมาตั้งแต่เด็กจนตอนนี้22แล้วก้อน อย่าทำให้รักน้อยลงสิ ปล. คถ สเต็กลาวจัง เอากลับมาได้มั้ย จัดโปรเป็นช่วงก็ได้ อยากกินสเต็ก ส้มตำ ข้าวเหนียว,negative,0
795,795,วันนี่เลยปะ,positive,1
796,796,หมดบ่อย 55 ไม่ค่อยเติมด้วย,negative,0
797,797,ต้องบูชิ,positive,1
798,798,มาพนักงานแจ้งว่า ไม่มี,negative,0
799,799,สนจัย แคมรี่ กับ แอคคอด,positive,1
800,800,ทัก inbox ไปทำไมไม่ตอบละค่ะ ซื้อ green tea seed serum สาขาเซ็นทรัล เวสเกต แต่ได้ของแถมไม่ครบ คืออะไรค่ะ,negative,0
801,801,เพื่อนชะนีช้ำรักที่มาค้างเมื่อวานบอกอยากกินเหล้า เราก็จัด Breezer รสมะนาวมา4ขวด สรุปแม่งกินไปครึ่งขวด แล้วที่เหลือล่ะ หืม,negative,0
802,802,อันนี้ใช่บุฟเฟ่มั้ยอ่ะ,positive,1
803,803,ชอบ Biore Perfect Cleansibg Water สูตร OilClear,positive,1
804,804,ทำเกินไป บุหรี่ไฟฟ้า ไม่ไช่ยาบ้า,negative,0
805,805,เข็ดแล้ว..กับนิสสันประเทศไทย,negative,0
806,806,แสดงว่ารถตู้วิน กับอัลติสแท๊กซี่เป็นรถยุโรปราคาแพง,negative,0
807,807,ขอแชร์ว่าเมื่อก่อนก้อเจอปัญหาแบบนี้มาโดยตลอด แต่พอเปลี่ยนมาใช้โซฟี ไม่เป็นปัญหาอีกเลยนะ กาวนางดีเวอร์วังมาก แปะเกงในอยู่หมัด ไม่มีเลื่อนหลุดไหล พลิกซ้ายขวาใดๆให้กังวล บางครั้งกาวดีจนเวลาแกะออกจากเกงในนี่แน่นจนกางเกงในเกือบขาดตอนดึงออก คือกาวดีเกินไป แนะนำรุ่น super slim แบบมีปีก ทุกรุ่นของ super slim มันบางมากกกกก เหมือนไม่ได้ใส่ผ้าอนามัยเลย แต่ซึมซับดีเยี่ยม คือนี่ลองทุกยี่ห้อแล้วจิงๆ ดีสุดคืออันนี้ ตอนซื้อของลอรีเอะมาใช้ มันกาวหลุดเลื่อนเจอปัญหาแบบที่ทุกคนด้านบนบอกเลยจิงๆ แต่พอเป็นโซฟีรุ่นที่บอกไม่เคยมีปัญหาเลยดีมากๆกาวแน่นเวอร์วังฝุดๆ #ไม่มีส่วนได้ส่วนเสียอะไรกะโซฟีทั้งนั้น #ใช้ดีก้อบอกต่อกันจะได้คุณภาพชีวิตดีขึ้น #อยากให้ลองจิงๆจากใจเลย,negative,0
808,808,แถวรามคำแหงและศรีนครินทร์มีสาขาไหนร่วมรายการบ้างคะ,positive,1
809,809,ใจเย้นๆมื้ออื่นจั่งไป,positive,1
810,810,ออมึง จะใส่ชุดไทยเป็นเพื่อนออกุไหม แล้วค่าชุดจะแพงกว่าค่าอาหารหรือไม่🤔,negative,0
811,811,Red.ช้าง เหล้าขาว มะนาวพร้อม ป๊อกสิ555,positive,1
812,812,299 ได้ตั้ง 4 น้ำ,positive,1
813,813,ลดตรงไหน? เคยไปกินก้ราคานี้,negative,0
814,814,ชอบสุดก็ต้อง 12 plus cool powder แป้งเย็นสูตรเย็นสุดขีดดดดดดดดดดดด เย็นสุดอะไรสุดจริงจริงตัวนี้ยอมรับเลยว่าดีย์! เป็นคนอ้วนที่มีกลิ่นเปรี้ยวแรงเวอร์! และขี้ร้อนมากกกก แป้งเย็นกระป๋องเดียว กำจัดได้ทั้ง2ปัญหาเลยทีเดียว ของดีบอกต่อ ถูกและดี ต้องบอกต่อ ต่อต่อต่อต่อ !!,positive,1
815,815,นี้ไงที่ตามหา,positive,1
816,816,กินแนวนี้ไม่ได้อ่ะแอด ไม่ค่อยถูกกัน กินเบียรเปนลังยังไม่เมาเท่าไหร้ แต่กินสปายแค่3ขวดห้องหมุนเลย,negative,0
817,817,ผมก็ยังคงมีศรัทธาเครื่องยนต์ที่สันดาปภายในเหมือนMazda รอชมครับ skyactive x น่าสนใจครับ,positive,1
818,818,ไปเสะ ป๊ายยยยยยย,positive,1
819,819,C-HR มาแนวลดต้นทุนกับวัสดุ ตะเข็บหลอก ตามวิถีโตโยต้าเวย์ ระบบขับเคลื่อนและเครื่องยนต์คงจะเทียบชั้นกับ AWD+boxer engine ไม่ได้ เปรียบเหมือนนักมวยชกข้ามรุ่น,negative,0
820,820,วันนี้ ลุงไปกินเอ็มเคมาครับ กินครั้งแรก ผิดหวังมากครับ พนักงานเอาตะเกียบให้ลุงผิดคู่ มื้อนี้กินไม่อร่อยเลยครับ เหมือนคีบไม่ถนัด ทางเอ็มเค ระวังเรื่องนี้ด้วยน่ะครับ ขอบคุณครับ,negative,0
821,821,เจอแบบนี้ทุกวันคืออะไร,negative,0
822,822,จัดๆ ค่ะ,positive,1
823,823,เจอ absolute สูตรอิบิวไป แดกแล้วแอ๊ปแอ้เลยสึส ร้อนท้องชิบหาย 🍷,negative,0
824,824,อยากกินอ่ะดิ๊!!ไปไม๊??,positive,1
825,825,ไฮไลท์ที่พลาดไม่ได้ของสวนสัตว์ขอนแก่น คือการเดินชมสัตวอัฟริกา บนทางเดินลอยฟ้า ทั้งมุมมองสัตว์จากที่สูง และจุดชมวิวที่งดงาม สุดประทับใจ,positive,1
826,826,มันไม่ใช่ไข่พยาธิ #แต่มันคือตัวอ่อนพยาธิเลย!!!!!!!! https://m.facebook.com/story.php?story_fbid=10154963647346455&id=51620386454,negative,0
827,827,สาขาbig c ราชบุรีช้ามากคะ แค่สั่งกลับบ้านผ่านไป 30 นาทียังไม่มาเลยคะ,negative,0
828,828,ตอนนี้ก็มีแต่พวกเหี้ยๆ คนรวยๆ คนแก่ๆ เต็มเลย,negative,0
829,829,อยากกินฮอตพอตจีนเด้อออออ,positive,1
830,830,บัตรหายในวันที่ต้องใช้ทุกอย่างทั้งสอบทั้งลดคิวเพลสทั้งออเรียนทอลสำคัญมากเลย คิวเพลสอะลดตั้ง25%แม่งงง,negative,0
831,831,ร้านเครื่องสำอางบางร้านคือแบบจะซื้อ sivanna หรือ odbo ยังต้องคิดเลยอะกลัวเป็นของปลอมเพราะปลอมแม่งทั้งร้านและเหมือนข…,negative,0
832,832,ช้างป๋องใหญ่ 1 Smirnoff Midnight 3 กะจะแดกให้หลับ เสือกดีด สั้สสสสสสสสสสสสสสสสสสสสสสส,negative,0
833,833,"หน่วยงานที่ทำหน้าที่เป็น ""ตาชั่ง"" ความยุติธรรมของไทย ต้องแก้ไขให้หาย ""เก"" ก่อน ชาติถึงจะพัฒนา (ที่มา: ประชาไท http://Prachatai.com )",negative,0
834,834,อยากกินอ่าาา,positive,1
835,835,ได้ซื้อของใน 11-street ค่ะ ไม่ใช่ได้ส่วนลดทานอาหาร,negative,0
836,836,ต่อแถวยาวเหยียดรอขึ้น mrt ที่สถานีเตาปูน ต้องมีเจ้าหน้าที่มายืนขวางไม่ให้คนแซงคิว ก็เหนื่อยใจละนะ ก็ยังมีคนเดินผ่านคนเป็นสิบๆ แซงคิวไปยืนรอข้างหน้าอีกอ่ะ,negative,0
837,837,โห่ ไกล,negative,0
838,838,กอนเหล้ากินเบียไม่เห็นอ้วก กินฟูลมูนเสือกกระแดะอ้วก งงๆ,negative,0
839,839,ห้างโล่งแบบว่าเข้าห้องน้ำแล้วจะฉี่ดังแค่ไหนก็ได้อ่ะ ไม่มีคนเลย #เราอาจจะมาเร็วไป #showdc,negative,0
840,840,มาเลยพุงแตกต๊บ,positive,1
841,841,กลิ่นหงส์ทองเต็มไปหมด มึน,negative,0
842,842,วันนี้ไปกิน MK สั่ง ไอศครีมบานาน่า แต่ได้ไอศครีมปราศจากบานาน่า,negative,0
843,843,ไม่เอาลีโอ ชอบกินช้าง,positive,1
844,844,ไม่มีปัญหา​กับการนั่งแกร็บ แท็กซี่ คนขับ ไม่ค่อยมึน เรื่องเดียวที่มีปัญหา​คือ กูชอบเจอรถนั่งไม่สบาย เคยเจอ Nissan March เกร็งคอเหี้ย ๆ ล่าสุด Isuzu Dmax แม่เย้ดดดด,negative,0
845,845,กินฮอตพอทแต่แบบไม่ชอบกินน้ำซุปสี่หม้ออะไรนั่นมันแปลกปะ ชอบน้ำใสธรรมดาอ่ะดีแร้วค่ะพิ,negative,0
846,846,ทำไมกินเอ็มเคทุกครั้งต้องปวดขี้ว่ะ55555 งงคือมันร้อนหรอเลยปวดงิอ่อ🤣,negative,0
847,847,หู้ยยย เพิ่งสระผม เสียดายแชมพู5555,negative,0
848,848,เอิ่ม วันนี้เห็นในเฟสเกี่ยวกับอะไหล่รถแพงๆ ทั้งนั้น ขับไอ้แก่นี่ต่อไปดีกว่า มาสด้าฝาหม้อน้ำ 900 นี่แบตราคาหลักหมื่น แม่เจ้า สุดจะทำใจ,negative,0
849,849,เราเคยสั่งmamonde เบอร์11 กับร้านนี้นะ รอนานมากกกก,negative,0
850,850,สอบถามหน่อยคับ เปิดเหล้า285 1ลิตร +มิกเซอ 1ชุด เท่าไรคับ แล้วถ้าเาเหล้าไปเองเสียค่าเปิดเทาาไรคับ?😕,negative,0
851,851,5555 กินอย่างอื่นฟ่า รอบหน้า,negative,0
852,852,กินมั้ย,negative,0
853,853,พ่อจัดหน่อยนะ,positive,1
854,854,ตอนนี้ไม่ใช้ remover ของ bifesta ละ ถึงมันจะล้างดีก็ไม่ใช้ มีอดีตว่าแต่ก่อนตอนยัง remover แบบน้ำยังไม่บูม ยังไม่มี…,negative,0
855,855,B1 ไม่ชอบกินไอติมอะ B2,negative,0
856,856,ได้แค่7ชิ้นเจ้ เท่าปริมาณมันไม่ต่างจากขนาดเล็ก110บาทเนื้อขิ้นพอดีคำ7ชิ้น,negative,0
857,857,แต่ของetudeแบบ ติดตัวอย่างมากแค่1-2ชม.เองอะ เห้อม,negative,0
858,858,กินข้าวยุบ้านดีกว่าเนาะ 555,negative,0
859,859,เสียดายต้องชดใช้เงินแทนลูกค้าแทนมาระงับกันเฉยไม่ให้ใช้แบบโอนเงินเข้าบช./พพ.แล้วทำมาเพื่อไรขายของออนไลน์เงินมันก้อต้องมีเข้ามีออกมากน้อยแต่ระวันเมื่อก่อนว่าMpayของเอไอเอสแย่แล้วนะถึงมาใช้ทรูเพราะเหนเขาใช้กันเยอะ,negative,0
860,860,อยากได้นาร์เยียวยาหัวใจ งานวันนี้เหี้ยมาก แต่ลืมไปว่าตอนนี้เค้าอยู่คนละประเทศ...,negative,0
861,861,ไปป่าวละ,positive,1
862,862,เยี่ยมไปเลยtoyota,positive,1
863,863,มีค่าเติมไม่เอา,negative,0
864,864,สั่งชุดเห็ดกันมั้ยเรา,positive,1
865,865,อยากกินช้าง น้ำลายไหล,positive,1
866,866,ลิปมินิetudeแม่งมินิจริงๆ55555,negative,0
867,867,เอ้าไหนบอกจะสงเสริมเรื่องสุขภาพ งั้น พวกเด็กอย่างผมที่ห่าวติดบุหรี่ ก็ คงต้องดูด บุหรี่มวน ต่อไปใช่มั้ยคับ,negative,0
868,868,ห่วยแตกมากค่ะสาขาแจ่มฟ้าลำพูน ไม่ยอมลดราคาให้ อ้างนู้นอ้างนี้ ทางบริษัทไม่ได้แจ้งให้ทุกสาขาทราบหรอค่ะว่ามีโปรโมชั่นนี้. พนักงานบอกยังทำหน้างงๆกันอยู่เลย การบริการก็แย่มากค่ะ ช่วยปรับปรุงแก้ไขด้วยนะคะ,negative,0
869,869,ภาพบนนี่ คือ อยากได้อะไรรึป่าว ทำไมบริการดีจัง,positive,1
870,870,อยากกินอันเน้😍,positive,1
871,871,อยากกินนนนนน,positive,1
872,872,จัดๆ กินกันบ้านคิง เบียร์ช้างตวย,positive,1
873,873,และถังบ่มจากทำให้วิสกี้ Jack Daniel’s มีชีวิตชีวา,positive,1
874,874,วอแว ไม่ซื้อ tarte แต่เอาตลับเล็ดอันนี้พอละ,negative,0
875,875,อยากอยู่นานแล้วนิ 😘😘,positive,1
876,876,พรุ่งนี้ไปใหม่,positive,1
877,877,ป๊า เค้าอยากกินน 😁😁,positive,1
878,878,อยากให้มีตุ๊กตาเป็ดเอ็มเคเหมือนสติ๊กเกอร์เป็นพรีเมี่ยม แลกซื้ออะไรแบบนี้ครับ อยากได้ๆๆๆๆ!!,positive,1
879,879,สองวันมาแล้วเน็ตอืดมากครับ แล้วก็หลุดบ่อยมากครับ ผมสมัคร1เมก30วันปกติมันแรงกว่านี้แล้วไม่ค่อยหลุดด้วย,negative,0
880,880,เจ้ว่าการ์นิเย่แอบแรงนิสหน่อย เคยใช้โยเกิร์ตไม๊ พรุ้งนี้ลองพอกหน้าดูทำให้หน้าสบายขึ้น นุ่มขึ้น หายไวไวน๊าาาา,negative,0
881,881,ว่างหรออออมาาาากินช้างง,positive,1
882,882,เซรั่มของ Aesop คือขวดละสองพัน ฟังราคากุก้อท้อแร้ส,negative,0
883,883,กลิ่นแสงโสมยังอยู่ในหัวกูอยู่เลย ไม่เอาแล้ว ไม่เพียวแล้ว,negative,0
884,884,กูจะเลิกใช้โซฟี!!!!,negative,0
885,885,เปลี้ยวข้าหั่นศพ ไม่เห็นใส่กุญเจมือเลย อันนี้แค่มีบุหรี่ไฟฟ้า จัดหนักเลย,negative,0
886,886,ของเราก็เคยเป็นค่ะ ขับวีออสเหมือนกัน น้ำมันกระพริบ แล้วไปเติมที่ปั๊ม ปตท300บาท ไม่ขึ้นค่ะ ต้องขับไปสักพักค่ะ มันถึงจะขึ้น ((คุณไม่ได้โดนโกงนะค่ะ ลบโพสต์เถอะค่ะ เดียวเขาฟ้องกลับ)),negative,0
887,887,กุหืวข้าววว,positive,1
888,888,ที่สาขาอยุธยาพาร์ค พนักงานน่ารักบริการดีของก็เติมเรื่อยๆ แต่เสียตรงเวลาถ่ายน้ำออกจากบาร์สลัด ผลไม้ ของหวาน มีน้ำนองที่พื้นถ่ายน้ำเสร็จเก็บอุปกรณไป ก็ปล่อยให้น้ำนองอยู่แบบนั้นทั้งที่เป็นทางเดินหลัก เห็นลูกค้าบางคนไม่ได้มองพื้นเดินลื่นก็มี เห็นหลายครั้งแล้วไม่เข้าใจทำไมถึงไม่ถูพื้นที่เปียกน้ำ เสียตรงนี้อย่างเดียวจริงๆค่ะ นอกนั้นดีหมด,negative,0
889,889,คำตอบคือผ้าอนามัย เวลาเป็นปจด.สังเกตเวลากาวออก กกน.จะเป็นขุยบ่อยๆ+ซักเวลาขยี้ด้วยความที่ผ้ามันบางเลยขาดง่าย,negative,0
890,890,ใส่ผ้าอนามัยยาวขนาดไหนก็เคลื่อนเวลานอน อยากจะใส่แพมเพิสให้รู้แร้วรู้รอด จะได้ไม่เลอะ แม่งง,negative,0
891,891,ไฟท้าย รถกระบะดีแมคซ์ ติดท็อปเท็นใบสั่งซื้อจากตลาดมืด อ่าวนาง จ.กระบี่ ระบาดแล้ว แก๊งขโมยไฟท้าย วันเดียวโดน 2 ราย ก่อเหตุช่วงกลางวัน ตร. เร่งติดตามจับกุม พร้อมเตือนเจ้าของรถระวังภัย,negative,0
892,892,กินไรระวังๆด้วย เป็นเรื่องนี้บ่อยอะ แต่ว่สต้องหาเวลาไปกินบาบิก้อนนะเดี๋ยวจะยาวจนถึงจองบัตรรอบหน้าซะก่อน5555555,negative,0
893,893,BMW M5 (E39) ว่าแล้วทำไมจึงแพงกว่ารถญี่ปุ่น การทดสอบไดนามิคส์ของช่วงล่าง + ยาง + เบรก,positive,1
894,894,ไม่ได้ตังภาษีเหมือนบุหรี่ กูไม่ให้5555555,negative,0
895,895,ผมเลิกบุหรี่ตั้งแต่สูบบุหรี่ไฟฟ้าวันแรก นี่ก็ปาเข้าไปปีหนึ่งแล้ว,positive,1
896,896,รถวีออสของผม ไม่แน่ใจว่าเป็นอาการแบบเดียวกันไหม คือเวลากดเบรคที่ความเร็วต่ำหรือรถใกล้จะหยุดแล้ว จะมีเสียงดังแก๊ก คล้ายๆเสียงโลหะกระทบกันที่เบรค ช่างที่ร้านเบรคได้ทำการเปลี่ยนกิ๊บล็อคผ้าเบรคและแผ่นซับเสียงใหม่ของแท้เบิกศูนย์ และตัดกระป๋องโค้กมารองตรงกิ๊บล็อคผ้าเบรค ตอนนี้เงียบแล้วครับ,negative,0
897,897,แต่คือกุหิวไง. สัส. แท้กมาพาหิว,negative,0
898,898,สวนตัวไม่ชอบพวงมาลัย ทุกตัวของ nissan เลย มันดูเชยๆไป,negative,0
899,899,ดูสเป็ครถระหว่างคัมรี่กับแอคคอร์ด ปี2018 อะไรที่เข้าไทยมักถูกถอดออกหรือไม่นำเข้าจริงๆ ดูอะไรมา ชอบอะไร ไม่มีในไทยทั้งสิ้น แล้วก็พับโครงการเปลี่ยนรุ่นทันที เอวัง 😒,negative,0
900,900,กุไม่ชินกับการโดนแท็กซี่ชวนคุย ;-;,negative,0
901,901,คือกูนี่เป็นอะไรกับผ้าอนามัยโซฟีวะเนี่ย เเพ้มันทุกรอบเลยอิเหี้ย!ถ้าไม่ติดว่ายี่ห้ออื่นมันหมดนะมึง! แม่งง,negative,0
902,902,วันนั้นไปกินแล้วเจอหนามในซุปหม่าล่าครับ แจ้งพนักงานไปแล้ว พนักงานก็ทำหน้างง แล้วก็ขอโทษแล้ว ส่วนตัวไม่ได้อะไรนะครับ แต่อยากให้ความสำคัญมากกว่านี้,negative,0
903,903,จริง ไม่อร่อยเหมือนเดิม,negative,0
904,904,ผมชอบเค้าออกแบบท่อไอเสียมากๆเลยครับ คนออกแบบยังกะจบแค่ป.6 แต่งวดนี้ดีนะที่ไม่โฆษณาว่าเป็นผู้นำด้านเทคโนโลยี ฟังทีไรแล้วจะอ๊วก ถามจริง ที่ขายอยู่นี่มีสักรุ่นมั้ยที่มีกล้องช่วยถอย (อย่าไปฝันถึง adaptive cruise อายmazda3),negative,0
905,905,วันนี้สาขาฟิวเจอร์ลด20%ไหมจาก399บาทอ่ะค่ะ,positive,1
906,906,ว้าว ทันสมัยมาก Mitsubishi Triton ติดตั้งระบบApple CarPlay มีเพลงฟังตลอดการเดินทาง ทำให้การเดินทางไม่มีเบื่อ,positive,1
907,907,น้ำเปล่า. ขวดละ50บาทและโค้กขวดละ60บาทเบียร์ช้างขวดละ120บาท แพงเกินไป,negative,0
908,908,ของแสนสิริคือขายเท่าไหร่เนี่ย คนปล่อยเช่าเกือบสี่หมื่น,negative,0
909,909,คือรถออนด้ากับโตต้าน่ะ ราคาใหม่พอๆกัน แต่เวลาซ่อมเสือกแพงกว่าไม่รู้ทำไม...อิอิอิ แร้วที่สำคัญเสียจุกจิกมากกว่าผิดกับโตต้าที่ไม้ค่อยมีปัญหาแถมอึดทนอะไหร่หาง่ายมีให้เลือกหลายระดับ แระบางคนชอบคิดว่าฮอนด้าดีกว่า...55555ขำเรย ดีกว่าตรงใหนว่ะโตโยต้ามีตังแต่รถราคารัยกันได้ทุกคนไปยังราคาเทียบเบรซ์เล็กซัสไงก้อโตต้าทั้งระบยไฮบริทที่เสถียลใช้กันทั่วบ้านทั่วเมืองไปดูฮอนด้าดิ...ทำมาได้แป๊ปเดียวไม่มีใครซื้อ...555555 แต่คนใช้ฮอนด้าชอบคิดว่าดีกว่าพี่ต้าเค้า...555555ขำว่ะ,negative,0
910,910,จัดไป😜,positive,1
911,911,คือกุจะได้แบ็กทูเบสิกละนะ อินนิสฟรีไม่สามารถกู้หน้ากุได้ ยิ่งกลับมาตจว.คือยิ่งพัง แบบเมื่อก่อนใช้โฟมตัวอื่นน้ำเปลี่…,negative,0
912,912,แต่บับอหๆๆๆๆๆๆ วนว.ก็ต้องเสียเก้าเปอก็ต้องเสีย อินนิสฟรีเทอมันร้าย!!,negative,0
913,913,เสียใจที่ไม่มีรูปถ่ายกับรถ เป็นรูปเห็นท้ายรถแทนละกัน จะบอกว่ารถคันนี้เป็นรถคันแรก ชอบมาก เพราะขับแล้วคล่องตัว จอดในห้างสบายๆ ผมเป็นคนตัวเล็ก เลยชอบขับ Jazz ของผมเป็น Hybrid ประหยัดน้ำมันมาก แซงซ้ายขวา อย่างมั่นใจ เคยรถน้ำมันหมดกลางทาง Honda ก็มาเติมให้ อุ่นใจมากครับ รักและขอเป็นครอบครัวฮอนด้าไปตลอดเลยครับ #ฮอนด้าที่รัก #EnjoyHondaThailand,positive,1
914,914,อห คงไม่ซื้อทุกอัน แต่ใจคิดว่าจะไปลองแต่งหน้าที่ sephora ก่อนตัดสินใจซื้อ 55555,negative,0
915,915,พาไปกินหน่อย ไม่ได้ไปนานแล้ว,positive,1
916,916,ผมเห็นเบียร์ช้างแล้วนึกถึงเพื่อนพี่ที่ดีที่สุดทุกที,positive,1
917,917,ไปกินก้อรอนานมากตั้ง7คิวไม่เห็นพนักงานสนใจอะไรเลยอุตส่าชวนเพื่อนไปเสียเวลามาก,negative,0
918,918,เป็นกำลังใจให้นะคะ,positive,1
919,919,ถ้าคุณเลือกเพื่อไทย คุณจะได้คนเก่งๆมาทำงาน/ ถ้าคุณเลือกพลังประชารัฐ คุณจะได้ไอ้ตูบ,negative,0
920,920,สุ้ๆๆคับ,positive,1
921,921,นิสสันประเทศไทย จะขายgtr เอง มีเงินซื้อไหม ก็ไม่55,negative,0
922,922,สาขาที่ตรัง โรบินสัน ไม่ค่อยตั้งของให้กิน ไม่มีอะไรเลย พอขอบอกว่าหมด ไม่ค่อยคุ้มนะ ให้กินแต่ผัก 379บาท รู้สึกเซง,negative,0
923,923,Graduate - School of Performing Arts Seoul (SOPA) จบการศึกษาอีกคนแล้วฮยอนจินนี่ของพี่ เมมเบอร์ไม่ได้มาด้วยแต่น้องอินมาเป็นเพื่อน คนเก่งของพี่ทำได้อีกขั้นนึงแล้วนะ ยินดีด้วยลูก 💐 150219,positive,1
924,924,ไผกินเบียช้างก็ระวังกันแนเด้อเดี่ยวสิถืกจับ งึดหลาย,negative,0
925,925,ทนายก็มีทั้งเหี้ยและดีครับ ก็เหมือนคนนั่นและ,negative,0
926,926,มาสด้าก็สวยเนอะ,positive,1
927,927,มีบุหรี่ไฟฟ้าค่าประกันตัวเป็นแสน มันปล้นกันชัดๆ กะลาแลนด์อีกละ,negative,0
928,928,จัยเลว มาซื้ออินนิสฟรีที่โตเกียว555555,negative,0
929,929,L'Oréal Paris ชอบเหมือนกัน,positive,1
930,930,เมนูนี้ผ่านจร้า ไม่ทานเนื้อ,negative,0
931,931,กูแนะนำอย่าซื้อ ysl ไม่ดี,negative,0
932,932,😳นะๆๆ,positive,1
933,933,เงินหดหาย ตอนนี้สเมอนอฟป๋องละ100ละ อย่างแพง,negative,0
934,934,โอยโอยเมาแสงโสมมีอีกจักขวดบ่หน่อ,negative,0
935,935,เย้ๆๆๆ,positive,1
936,936,แสงโสมนี่พักเน้อ ตื่นยากฉิบหาย ขำหัวอีก.,negative,0
937,937,ท่านกล่าวได้ถูกต้องมากในส่วนสุดท้ายเรื่องโฆษกสำนักงานตำรวจ เรื่องนี้มันดังจนเป็นข่าวใครเลยจะยอมเสียหน้า,negative,0
938,938,ละไอจีนี่ยังไง ร้านบุหรี่ไฟฟ้าฟอลพรึ่บมาก งง,negative,0
939,939,อร่อยคะ,positive,1
940,940,พก　red ดื่มเลื่อย ๆ,positive,1
941,941,พรบคู่ชีวิตคือจุดจบของการฉาบหน้าว่าด้วยการยอมรับเพศทางเลือกอะ ปลอม เปลือก แม่งโคตรไม่มีประโยชน์ ทำแค่ให้คนอ่านหนังสือไม่เกิน 3 บรรทัดต่อปีเห็นดีเห็นงาม แต่กลุ่มคนที่เรียกร้องสิทธิ์และต้องการจริงๆ ไม่ได้รับอะไรจากมันเลย โคตรโมโห,negative,0
942,942,ไม่ดื่มสิงห์ค่ะ,negative,0
943,943,วันนี้ไปกิน มั้ยคะ พี่เลี้ยง😆😆,positive,1
944,944,เออ แต่ยังดีที่หลังไปกินอากะแล้วห่างบาบิก้อน ไม่งั้นช้ำใจกว่านี้ 5555,negative,0
945,945,แดกแล้วเมื่อเสาร์ที่ผ่านมา จัดมา 1 กลม ไม่โดนว่ะ - ออกหวานไป เบาๆ - ไม่มีลูกกลิ้ง เทพรวดบ่อยฮ่าๆ กลม 300 กว่า ซื้อในบิ๊กซีนะ กินแสง หรือ เพิ่มอีกนิด ไปเดวา/เรด ดีกว่าว่ะ,negative,0
946,946,เราควรระวังรถบนทางเท้าใช่มั้ย,negative,0
947,947,กับ innisfree นี่ค่อนข้างแพ้ คัน แดง ฮือออ คัน,negative,0
948,948,โกงมากก,negative,0
949,949,ไปๆไปกิน,positive,1
950,950,เกลียดยาริสขึ้นมาทันทีเลย,negative,0
951,951,โคตรแย่,negative,0
952,952,5555 แดกลีโอละขี้แตก มีช้างป่ะ,negative,0
953,953,ไปมั้ยพรุ่งนี้,positive,1
954,954,#รีวิวฮอกไกโด บุฟเฟ่ต์ปิ้งย่างไม่อั้น1.30ชม เราเลือกแบบ5200¥ คุ้มมาก มีซูชิ เนื้อวากิว เนื้อออส หมู แกะ ซุป เครื่องเคียง พนักงานบริการดี แนะนำให้จองคิวก่อนนะ,positive,1
955,955,ดูข่าวที่ชวนปราศรัย เหมือนแกยังไม่รู้ว่า ทักษิณไม่ได้เป็นนายกแล้ว,negative,0
956,956,ลูกชิ้นหมูชีส,positive,1
957,957,เฮ๊ย! น่าสน,positive,1
958,958,เสียดายจัง,negative,0
959,959,เอ็งมีนิสสัน titan อยู่แล้วแค่เอามาย่อส่วนสักนิดก็ได้แล้วไอ้ห่าจะดันทุรังทำนาวาร่าทำไมยอดขายต่ำเพราะมันไม่สวยและไม่เข้าใจลูกค้านี่แหละ,negative,0
960,960,รอนะ❤,positive,1
961,961,ซบมาซบกลับไม่โกง ที่ญี่ปุ่นมีอะไรดีๆน๊าาาาาาา ☺️,positive,1
962,962,จริงครับ ทำผมอึ่งไปเลยตรงที่สธ.ออกมาตอบว่าไม่เป็นความจริง หน้าด้านมาก..!!!!!!!,negative,0
963,963,ตอนแรกก้จะซื้อเซรั่มชาเขียวอินนีสฟรี แต่มันแพง เลยพักไว้ก่อน ตอนนี้ผชไปถือขาย อันนี้คือเราต้องแบ่งประเด็นแล้ว ว่ามั…,negative,0
964,964,ท้องเสีย ตั้งแต่เมื่อคืน บาบิก้อนแน่เลย ㅠㅠㅠㅠ,negative,0
965,965,เอออเอามาสด้าไปขายแม่ง,negative,0
966,966,ฮอนด้าไทยแม่งควายไม่นำเขามาขาย,negative,0
967,967,I love the Lancôme foundation!! 💞,positive,1
968,968,Fortunener ตัวแสบ เจอทีตาพร่ามัวถ้าชนจะไปฟ้องใคร โตโยต้าจะรับผิดชอบหรือ,negative,0
969,969,มันก็จะเศร้าๆเทเหล้าเป็นกลม น้ำอัดลม+โซดา พอคืนต่อมา+เบียร์ ถ้ายังไม่เพลีย+ ชีวาส ถ้าตัดจัยไม่ขาด+ไฮนาเก้น. รัยงี้ชีวิตกุรส์แม่ง😂😂ก็กูมันคนอินดี้ พ่ามพ้ามมม,negative,0
970,970,โป้งแอดมิน โปรนี้ไม่มีพิษณุโลก😢,negative,0
971,971,BEWBD25 ลด20% ขอ innisfree สักขวดได้มั้ยยยยยย ข้าเขย่าแอพลาซาด้า จนปวดแขนล้าวววว ไม่ได้ส่วนลด เพราะแอพไม่ได้อัพเดท,positive,1
972,972,ต้องมาทานน้าาา,positive,1
973,973,ซูซูกิรถสวยดี,positive,1
974,974,วันนี้ฉีดสารเพิ่มการเจริญเติบโต ทดแล้ง ยืดลำต้นให้อ้อยของ ผจก มนัส ในโรงงานเบียร์ช้างกำแพงเพชร Cr.เอสบีวัน แอนด์ ซีนส์โบ,negative,0
975,975,กูเบื่อเอ็มเคคือตอนนี้เหมือนบ้านหลังที่สองจริงๆเมื่อวานก็ไปพน.ยังจะไปอีกหรอ ?!?!? พ่อคะะะขอที่อื่นบ้างงงงง,negative,0
976,976,ถูกจัง,positive,1
977,977,สั่งแสงโสมเสือกจะเอามิดไนท์ สงสารกูด้วยอิเวร แสงโสมเมาแล้วยังมีสร่าง แต่มิดไนท์นี่เมาแล้วคือไปเลย แป๊ปเดียวเช้าถาพตัด,negative,0
978,978,ไม่เหมาะกับเมเบลลีนเลยอะ,negative,0
979,979,ช้ำใจกับอินนิสฟรี เจ็บใจมาก,negative,0
980,980,โอ้ยมึง NYXลด50เปอ ไม่ลดให้เร็วกว่านี้วะเซงงงง มีใครไปอีฟแอนบอยบ้าง ฝากซื้อหน่อยแง🙏🏻,negative,0
981,981,อาทิตย์หน้าไหม ละ,positive,1
982,982,อุ้ย!!! ลืมตัว.....หราาาาาาาาพ่อล้ำบึ้ก,positive,1
983,983,ช่วยกันแชร์ครับสังคมจะได้อยู่กันง่าย,positive,1
984,984,นำเสนอแล้วครับ คิดเล่นๆ มูลค่าตลาดปีละ สามหมื่นล้าน เก็บภาษีนู่นนี่นั่น เบ็ดเสร็จราว 33.333% ก็ตกปีละหมื่นล้าน แทนที่จะให้อยู่ใต้ดิน เก็บอะไรไม่ได้เลย,negative,0
985,985,ดีที่ไม่ได้กินบาบิก้อนนานแล้ว.🤨,negative,0
986,986,รถสวยมากเลยดีแม็ก,positive,1
987,987,เบื่อ ชนช้าง อ้างว้าง ดื่มสิง โดนทิ้ง เฮเน้เก้น โดนเทเป็นว่าเล่น เเดกลีโอ🍹🍸🍺🍻🥃😫 #รอเวลาเดินข้ามปี,negative,0
988,988,วันไหนนน,positive,1
989,989,จะวัด supercar จากราคาแม่งก็ไม่ได้ เช่น Benz รุ่นธรรมดา กับ AMG(แท้ๆทั้งเครื่องและชุดแต่ง) ราคาแบบธรรมดาแม่งไม่กี่…,negative,0
990,990,เนื่องจากเป็นสิวเยอะจึงต้องใช้ยารักษาสิวหลายชนิดผิวจึงบางมากจึงอยากใช้ผลิตภัณฑ์ กันแดดของ Eucerin เพราะเป็นกันแดดที่ทำให้เราเชื่อมั่นว่าประสิทธิภาพของผลิตภัณฑ์สามารถปกป้องผิวบางๆของเราในช่วงเวลากลางวันได้อย่างปลอดภัยที่สุด ไม่แพ้ ไม่ดำ ผิวนุ่ม มั่นใจใน SUN DP60+ ผลิตภัณฑ์คุณภาพของ Eucerin ค่ะ,positive,1
991,991,มันถึง 29 😭,negative,0
992,992,C-hr สวยดีนะครับ มีวันนึงเข้าไปลองนั่งตั้งใจซื้อ แต่ไม่ซื้อ นั่งไม่สบายครับ ผมสูง179 หนัก70 เบาะสั้น วางแขนประตูสั้น ผมนั่ง w207 ยังคงสบายกว่า แต่ถ้าเทียบนะ เบาะยังสบายกว่าX1 จากBmw เรื่องประหยัดผมไม่สนใจนะ ผมว่ามันก็ทำได้ดีระดับนึึงนะจากตัวเลขที่ออกมา แต่ผมเน้นรถที่นั่งสบาย ซึ่ง HRV ใช้ได้นะ จากที่นั่งรถเพื่อนผม มีหลังคาแก้วด้วย C-HR ดู optionน้อยไปหน่อย ส่วนตัวผมอยากได้เครื่องเดียวกับตัวJP มาขายในไทยมากกว่าครับ.,negative,0
993,993,กิกิ คนละ 300เลยง่ะ แพงยุเด้อออ,negative,0
994,994,กลุ้มใจภายในนี่แหละ ทำให้มันต่างจากนาวาร่าซะหน่อยเถอะ คอนโซลหน้าบุนุ่มซักนิดก็ยังดี ปล. หลุมวางของกับปลั๊กไฟ 12V บนคอนโซลกลางหายไปนะ,negative,0
995,995,รอก้อนตอบก้อนไม่มาตอบอ่ะ,negative,0
996,996,อดเลยฮืออออออ,negative,0
997,997,ไม่มีสาขามุก จอบอ😂,negative,0
998,998,งืออออ อันนี้เอาตรงๆก็ไม่น่าเชื่ออ่ะ,negative,0
999,999,เสียจุยยยย,negative,0
1000,1000,เบียร์สิงแพง มีช้าง ช้างแพง มีลีโอ ลีโอขึ้นมีอาชา กรองทิพย์สายฝนขึ้นราคามี วันเดอร์ พอวันเดอร์ขึ้นมี เอสเอมเอส รอดูมียี่ห้อไหนราคาถูกออกมาอีก,negative,0
1001,1001,แทกเฉยๆ,positive,1
1002,1002,ตังค์จะใช้ไปวันๆยังหาไม่ได้เลย,negative,0
1003,1003,ไก่เดิมอร่อยกว่าครับ,negative,0
1004,1004,หัวหน้าพรรคจะโดนจับฟาล์วหรือเปล่า เลยเลื่อนออกไปให้ถูกกฏหมาย,negative,0
1005,1005,ขับ120 ตลอด วีออสติดแก๊ส อายุ11ปี ไม่เห็นน้ำมันจะดันอะไร ตรรกะอะไรขับเร็วน้ำจะดัน ...เคยเจอแต่น้ำหม้อน้ำดันออกตรงที่เติมหล่อเย็น เพราะฝาหม้อน้ำมันเสีย,negative,0
1006,1006,สรุปแล้วเลยกินบุฟเฟ่ต์กันแบบเปรมประชากรมากๆ สั่งแซลมอนซาซิมิแบบรัวๆ 😂 พร้อมขนมหวานปิดท้าย ตกคนละ 350 พอดิบพอดี ถูกกว่าเอ็มเคเมื่อวานอีก 😒,negative,0
1007,1007,คุนแม่หิวจัดเลยนะช่วงนี้,positive,1
1008,1008,รองพื้นของไรดีมั่ง เอสเต้เอาหน้าชั้นไม่อยู่แล้ว555555555555555,negative,0
1009,1009,ทำเถอะครับ สู้เถอะครับ อย่างน้อยๆก้อรู้ว่าได้ลงมือทำ ส่วนคนที่พูดบั่นทอนท้อแท้ ถ้าคิดแบบนั้นอย่าพูดบั่นทอนกำลังใจคนที่เค้าทำเพื่อพวกเราเลยครับขอร้อง ท่านมองผ่านๆไปเสียก้อได้ พวกพี่เค้าทำเพื่อเรามาเยอะแล้วส่งกำลังใจให้เค้าดีกว่านะครับ🙏🙏,positive,1
1010,1010,งั้นข้าจะพาออเจ้าไปกินอย่างอื่นแทน,negative,0
1011,1011,นี่กินได้เกือบหมด เว้นสิงห์ ไม่ไหวจริง5555555,negative,0
1012,1012,ต้องไปแล้วอะ,positive,1
1013,1013,"ฉีด jomalone english pear มาค่ะ ป้าทักว่า ""กลิ่นเหมือนบุหรี่"" ร้องไห้...",negative,0
1014,1014,สิทธิ์ผู้บริโภคครับ...เล่นกฎหมายกันไป,negative,0
1015,1015,โฮกาเด้นก็เอากูไม่อยู่ ไม่อร่อยทั้งหมด เดี๋ยวลองโรเซ่อีกอันนึงพอ,negative,0
1016,1016,บาบีก้อนเจ้าทำพี่ท้องเสีย,negative,0
1017,1017,นัดวันที,positive,1
1018,1018,อ่านกฏแลกบัตรshow dcละปวดหัว ทำไมมันเยอะและยุ่งยากขนาดนี้คะ,negative,0
1019,1019,แต่เหมือนจะมิทัน5555แต่ละที่ไกลๆทั้งน๊านนน,negative,0
1020,1020,Toyota Altis ติดตั้งชุดเครื่องเสียง,negative,0
1021,1021,รถแกรบเดี๋ยวนี้ชั่วมาก ใช้วิธีกดรับไปก่อน แล้วถ้าไม่อยากไปก็ขับเลยไปก่อน วนๆ ให้เสียเวลาแล้วให้เรากดแคนเซิลเอง ถ้าไม่กดเขาก็ไม่เข้ามาซะอย่าง ลองวัดใจว่าใครจะทนไม่ได้ก่อนกัน เจอสามคันในรอบสองวัน ถ้าแกรบแก้ปัญหานี้ไม่ได้คนคงใช้น้อยลง,negative,0
1022,1022,ขออนุญาตแนะนำเป็น ลอรีเอะ ซูเปอร์ เจนเทิล พลัส อ่อนโยน หมดห่วงเรื่องการระคายเคืองนะค้า ^_^,positive,1
1023,1023,จะอ๊วก,negative,0
1024,1024,กลับไปต้องโดนปะ,positive,1
1025,1025,อด 555 มันต้องใช้บัตรเครดิตจ่สยถึงจะได้กินเปิดในราคา108,positive,1
1026,1026,พร้อมแล้วบอก,positive,1
1027,1027,เคยไปลองขับแต่mg5,positive,1
1028,1028,จะไม่กินฟูลมูนพา้อมโซจูอีก สัญญา แงงงงงง,negative,0
1029,1029,เป็นเมนส์ก็ไม่ทำให้ความอยากบิงซูหายไป วันนี้เลยแดกแม่งหมดถ้วยเลย สองคนถ้วยเท่าอ่าง แถมไอติมอีกสองลูก พร้อมบาร์บีก้อน,negative,0
1030,1030,ไปกินแต่น้ำนะ,positive,1
1031,1031,ชอบNissan-X-TRAIL เพราะภายในกว้างขวาง พาครอบครัวไปไหนมาไหนคงจะสบาย ค่ะ,positive,1
1032,1032,ม่ายยย ผลาญเงินข้าเหลือเกิน,negative,0
1033,1033,เอ็มเคเถอะ,positive,1
1034,1034,เออ55555,positive,1
1035,1035,นิสสัน อัลเมล่า ถายในกว้างใหญ่ นั่งสบายภายนอกสวยงาม ราคาไม่แพงประหยัดน้ำมันสุดๆ,positive,1
1036,1036,ห่วยมากครับ 3 วันดี 4 วันห่วย ถ้าไม่รีบแก้จะย้ายไป ais fiber แล้ว เพราะทุกวันนี่ก็ อาศัย ais fiber ของพี่ข้างบ้านใช้ ตอนที่ true ห่วย,negative,0
1037,1037,อยากกิง,positive,1
1038,1038,ของเรา 2 คน 4 กลม ก็อาการเดียวกัน นั่งคุยกับชักโครกซะยาว และหลังจากนั้นก็ไม่ได้เจอกับสเมอร์นอฟมิ้ดไนท์อีกเลย ลาจากกันถาวร 55555,negative,0
1039,1039,อยากกินจังยุ้น...,positive,1
1040,1040,พี่อยากกินเอ็มเค,positive,1
1041,1041,Refresh ตัวเองก่อนไปทำงานด้วย Jameson นุ่มๆ สักแก้วก็ไม่เป็นความคิดที่เลวนะ #JamesonThailand #TwiceAsSmooth,positive,1
1042,1042,Dmax G1 ที่บ้าน 15 ปีเครื่องเดิมๆไม่เปลี่ยนไม่เคยมีปัญหา ซื้อใหม่อีกคันสงสัยคงต้องเอา Dmax กลับมาพิจารณาใหม่,negative,0
1043,1043,เหมือน,positive,1
1044,1044,มึงแดกช้างไทย มึงแดกเบียร์อื่นได้หมดอ่ะค่ะ,negative,0
1045,1045,เย็นนี้เลย,positive,1
1046,1046,TOYOTA FT 86 !! * มุมนี้ อย่างหล่อ,positive,1
1047,1047,ห่อสีเขียวทุกลาย#ลอรีเอะซูเปอร์อัลตร้าสลิมHelloKittyLimitedEdition#บาง1มม#ซึมซับมาก200เท่า,positive,1
1048,1048,โห่ยคือนี่ไม่กล้าใช้ผ้าอนามัยแบบสอด คือมันรู้สึกไงวะตอนใส่ 555555555555555555555555555555555555555,negative,0
1049,1049,อยากกกิง,positive,1
1050,1050,ถ้าไม่ติดว่า ชอบ rukkit ไม่แดกหรอก ubeer,negative,0
1051,1051,ไก่ทอดแมคถ้าหนักจะกรอบขนาดนี้ กินทีฟันแทบหัก,negative,0
1052,1052,ไม่ๆ พี่จ่ายเต็ม พวกเเกไปหารกัน 4 คน,positive,1
1053,1053,โอ้ยยย ท้ายนี่นึกไปถึง พวก Yaris Ativ มาก ของจริงวิ่งบนถนนจะเปนไงนะ คหสต. ชอบตัวเก่ามากกว่า ดูมีกิมมิก,positive,1
1054,1054,อิ่มจังที่...@hotpot โฮมราชบุรีคร้าาาา,positive,1
1055,1055,ยาริสเอทีฟสภาพดีๆถูกสุดเท่าไหร่คับ,positive,1
1056,1056,เลี้ยงงถูกม่ะ?,positive,1
1057,1057,น่าสนนน,positive,1
1058,1058,ไปดิๆ,positive,1
1059,1059,อยากกินมาก,positive,1
1060,1060,5555 จัดไหม,positive,1
1061,1061,เห็นรูปเนื้อบาบีก้อนหน้าไทม์ไลน์แล้วกุจะอ้วก,negative,0
1062,1062,ก็ยังกล้าใช้กันโน๊ะ แบรนดีๆราคาเบา พอน การนิเย่ โอเล เห็นผลช้ายังสบายใจกว่าครีมกวนอะไรพวกนี้,positive,1
1063,1063,เกลียดการสร้างภาพด้วยการไปกินนมล้างบาป ไม่ได้ลบภาพช้าง2ลังลงไปได้เลย 5555,negative,0
1064,1064,เอาตอกไข่กลับมาเถิด,positive,1
1065,1065,ชอบนิสสันx-trialอยู่แล้ว ยิ่งมีเทคโนโลยีใหม่ๆเข้ามาก ยิ่งชอบเลย,positive,1
1066,1066,ไม่น่าแดกสเมอนอฟเลย ปวดท้องอีกจนได้,negative,0
1067,1067,น่าไปชิมนะว่ามะ555,positive,1
1068,1068,สัปดาก่อนที่ถาม ฟอร์จูนเนอร์โฉมเเรก ไปลองขับมา เบรกรับไม่ค่อยได้ ขับ 120 ช่วงล่างเหมือนลอยๆเมื่อใช้ความเร็วสูง เป็นปกติของรุ่นนี้หรือปล่าวครับเพราะลองเเค่คันเดียว ยังพอเเก้ไข้ข้อเสียได้ปล่าวครับส่วนตัวยังชอบมันอยู่ เเต่เเอบดูไทรทัน ตัวสูง4ประตูat ตัว 140 ม้าไว้ เต้นเเนะนำ ตัวเนี้ยยังน่าใช้ไหมครับ ขอบคุณครับ,negative,0
1069,1069,เสียดายไฮเนเก้นลังนั้นมากค่ะที่หนูไม่ได้แตะมันซักหยด ร้ง,negative,0
1070,1070,บ่อยจนต้องศึกษา 56555,positive,1
1071,1071,เพิ่งกินมา แต่ไม่ลด แม่ง!,negative,0
1072,1072,ทหารยุคนี้ทำอะไรก็ไม่ผิด หวังว่ารัฐบาลประชาธิปไตยจะเข้าไปแก้กฎหมายลดอำนาจทำหาร ยกเลิกการเกณฑ์ทหาร ยกเลิกทหารรับใช้ หวังว่าพลทหารที่แจ้งข่าวจะได้รับการรุ้มครองจากสังคมครับ,negative,0
1073,1073,ถ้าโกงขนาดนี้แล้วไม่ได้เป็นรัฐบาลต่อ โดนรัฐบาลใหม่เช็คบิลกันขี้ไหลล้มละลายนอนคุกเป็นแถวๆ สู้นะฮะ ขออนุญาตกดสมเพสล่วงหน้า #ThailandElection2019 #กกตโป๊แตก #โกงเลือกตั้ง62 #เลือกตั้ง62,negative,0
1074,1074,ไม่มีที่เซนทรัลระยองอ่าา,negative,0
1075,1075,ชอบมากๆนิสสัน แข็งแรงทนทาน ประหยัดน้ำมัน กว้างใหญ่ ปลอดภัย ครบทุกความต้องการเลย,positive,1
1076,1076,มะคืนกินมิดไนและก้อแสงโสม หินง้ายดีค่ะ แต่หนักหัวยุ55,negative,0
1077,1077,มหาชัยก้อมี..ทานครบ1000รับกล่องข้าว,positive,1
1078,1078,ผมก็เลิกบุหรี่ม้วนได้ ปีกว่าแล้ว สุขภาพดีขึ้นเยอะ,positive,1
1079,1079,คนเก่ามันไม่ดี ก้ออยากให้ลืมมันไป มึง ๆ น่าไปเนอะ,negative,0
1080,1080,ไม่มีเวลาด้วยรอบนี้5555,positive,1
1081,1081,ข้าวสวย รสชาติเลวร้ายมากๆ ไม่ทราบว่าใช้ข้าวอะไรมาหุงให้ลูกค้าทาน แย่มากๆเลย,negative,0
1082,1082,ของใหม่ยังไม่อยากได้ ช่วยปรับปรุงเรื่องแย่ๆเก่าๆก่อนเถอะ,negative,0
1083,1083,อยากกกก,positive,1
1084,1084,ทำไมโรบินสัน แอร์พอร์ต เชียงใหม่ถึงไม่เข้าร่วม,negative,0
1085,1085,เอาจริงๆ อยากสวยเหมือนพี่เนย โชติกานะคะ คือแบบหน้าพี่เนยดีมากกกก ดีมากจริงๆ หน้ามีสุขภาพดีเฟร่อ หุ่นก็ดี เป๊ะปังมาก ณ จุดๆนี้ อีกอย่างชอบเข้าไปดูพี่เนยแต่งหน้าบ่อยๆค่ะ สมกับฉายานางร้ายหน้าสวยมากเจ้าค่า😍😍 #มาส์กโชสวยข้ามคืน #cho_cosmetic #daradaily #ดาราเดลี่,positive,1
1086,1086,Kulov มันแรงเกินบอกได้เลยอวก,negative,0
1087,1087,ดีมากค่ะ,positive,1
1088,1088,อาชญากรรมทางการแพทย์.. หลอกลวงคนไข้ผ่าตัด ตัดหมอนรองข้อเข่าอำพราง รพ.กรุงเทพภูเก็ตปลอมเวชระเบียน ตอนที่๓,negative,0
1089,1089,ว่าแล้วชอบใช้ยาริส,positive,1
1090,1090,พนักงานหน้าบึ้ง ไม่ยิ้มเลย,negative,0
1091,1091,ดูไม่ออกเรยว่าเป็นอะไร ไม่น่ากินเรย ขายของไม่สมกับราคา,negative,0
1092,1092,โจมาโลนไม่ทนเลย,negative,0
1093,1093,วันแรกที่ท้องเสียกิน mk วันต่อมาเซเว่น วันนี้ก็เซเว่น,negative,0
1094,1094,ทีกับคนตรงข้าม เล่นเค้าจนสุดขั่ว พอทีนี้บอกลดราวาศอก ความผิดพวกตัวมองเหมือนเส้นผม ความผิดคนอื่นแม้นเป็นเส้นผมบอกใหญ่เท่าภูเขา นายกออกมาบอก คดีบุหรี่ไฟฟ้า ถึงเล็กก็ต้องจับ แต่พวกตัวเองนาฬิกาหนีภาษีไม๊ดีกว่าไม๊,negative,0
1095,1095,ต้มยำๆ,positive,1
1096,1096,เจ้งไปละคับนิสิต,negative,0
1097,1097,บาบีก้อนไง กลัว...,negative,0
1098,1098,ไม่ประสบความสำเร็จกับผ้าอนามัยสอด รูตันหรือว่าเหี้ยไร ยัดไปล่ะไม่ลึก นั่งก็ไม่ได้ โอ้ยย ฉันอยากกระโดดโลดเต้น ว่ายน้ำ ตอนเมนส์มามั้ง,negative,0
1099,1099,‘มาสด้า’ ออกโรงชี้!! สาเหตุที่ฟ้องร้องเรียกค่าเสียหายจากลูกค้า 95 ล้านบาท ชัดเจน,negative,0
1100,1100,แพงมาก เบียร์ช้าง 3 ขวด 360 บาท ขวดละ 120,negative,0
1101,1101,เดินเหินไม่มั่นใจ นอนก็ไม่สบายตัว กังวลแล้วก็นอยด์ไปก่อนแบบนั้นทุกครั้งที่มีวันหนักๆ แถมเช้ามากลายเป็นวันงานเข้าถ้าเจอผ้าปูเตียงหรือผ้าห่มเลอะอีก ถ้าได้ผ้าอนามัยที่ทำให้เราเรียกความมั่นใจกลับคืนมา แล้วทำให้เราหลับสบาย ฝันดีได้ตลอดคืนอย่าง Laurier Soft and Safe Extra Protection ก็น่าจะดีนะ,positive,1
1102,1102,พาไปกินหน่อยเส้,positive,1
1103,1103,รณรงค์ให้เลิกบุหรี่ซอง ทำทุกอย่างให้แง่คิด ติดรูปหน้าซอง บลาๆ แต่รัฐก็ยังขายบ้าบอ ขึ้นภาษีบุหรี่มวน รณรงค์เพื่อ.?? คนที่เค้าอยากเลิก รักสุขภาพมีเยอะ แต่รัฐกล้วขาดรายได้จากภาษี บุหรี่มวน .. ไอแย่เม็ดรัฐบาล,negative,0
1104,1104,วันเกิดนุ่นไปกัน จ่ายใครจ่ายมัน 5555,positive,1
1105,1105,ตัดคนหลายไอดีไป อย่างน้อยน่าจะแสน น้องผมไม่อยู่ในกลุ่มยังลงเลย,positive,1
1106,1106,พาไปกินหน่อย หิวจัง,positive,1
1107,1107,เด็กผี ถอดปลั๊ก โทนๆฮูกาเด้น สัส,negative,0
1108,1108,คือเหมือนโกรธแค้นกันมาก่อน ขั้นตอนการจับมีเยอะแยะ ตำรวจหญิงก็มี เหนื่อยแน่ ๆ,negative,0
1109,1109,Goๆ,positive,1
1110,1110,มันมาอีกแล้วววว อยากกินชาบูชิ มากกว่า ซูชิเยอะดี,positive,1
1111,1111,วันนี้มากินเอ็มเค สาขาบิ๊กซีอ่อนนุช เป็นเพราะเรานั่งโซนด้านในเราจึงเห็นพนักงานยืนจับกลุ่มกันไม่ค่อยสนใจลูกค้าจนลูกค้ากินของคาวเสร็จละ ก้อไม่เก็บจานชาม สั่งของหวานมาเสริฟก้อวางซะห่างตัวลูกค้า..เพนาะไม่เก็บโต๊ะไงน้ำจิ้มนี่ก้อไม่มองไม่ขอก้อไม่เติมอันนี้เข้าใจได้นะ...ไม่ประทับใจสาขานี้ไม่เหมือนสาขาอื่นเลยอ่ะ,negative,0
1112,1112,มากินที่ตรังเด้2คน,positive,1
1113,1113,ไทยทำแบบนี้บ้างสิ Fortuner กับ Pajero Sport อ่ะ ทิ่มตากูที แทบบอด,negative,0
1114,1114,เอ็มเคคือคนเยอะเสมอต้นเสมอปลาย เส้า,negative,0
1115,1115,มาสด้า 2 แก้ปัญหาเรื่องเกียร์หรือยังครับ รถปี 2016 ใช้ปีครึ่งเกียร์พัง,negative,0
1116,1116,วันก่อนแดกฟูลมูนสามขวดอย่างพระราชา แต่พอมาวันนี้แม้แต่กาโตะก็แดกไม่ได้ อีเหี้ย เก้วกาด,negative,0
1117,1117,ความเหี้ยคือเรอดังเอ็มเคมาก พนักงานคนข้างๆขำแรงมาก ควยกู5555,negative,0
1118,1118,Hotpotไม่อร่อย,negative,0
1119,1119,เสียดาย ยารักษามะเร็งทั้งนั้น,negative,0
1120,1120,ผมใช้ Ford Ranger มา 3 คันแล้วครับ ต้องยอมรับว่ายอดเยี่ยมจริงๆครับ Raptor คือเป้าหมายถัดไปแน่นอนครับ,positive,1
1121,1121,ผมก็เป็นครับไม่รู้คนอื่นเป็นไหม รถเป็น วีโก้ พรีรัน 2.5vn ยาง บริดโตน ep850 265 60 18 น้ำมันเกียและเฟืองท้ายถ่าย30000กม เวลาขับเร็ว ความเร็ว gps =200 เสียงยางหอน ดังจนต้องยกคันเร่งครับ เอ๋อผมมีทำโช้คของ โรงงาน holin มา3หมื่นกว่าๆ ด้วย จนปัญญากับอาการ ครับเลยขับช้าๆเอา ใครดันก็ไม่เล่นครับ,negative,0
1122,1122,=+7%(ระดับแอลกอฮอล์ในสเมอนอฟป๋องนั้น) มัวเมาสุดๆ อย่างที่บอกไม่เคยหายไปไหน ใครทำเสียใจจะไปยิง /รู้ว่าจะร้องหูย จริงๆเธอรู้ดี,negative,0
1123,1123,อห!! เอาน้องมาขายผ้าอนามัย อิเวง 😂,negative,0
1124,1124,วันนี้อะไปลองมาละบลัช 4u2 สีที่จะเอาหมดอีก โอย ชุ้นคงไม่มีบุญ,negative,0
1125,1125,ลูกชิ้นคริสตัลไข่ปลา,positive,1
1126,1126,แอร์เย็นไปไหน,negative,0
1127,1127,อันไหนตัวเองได้ประโยชน์ก็อ้างว่าไม่สามารถทำผิดกฎหมายได้ แต่อันไหนที่พวกตัวเองไม่แคร์ ก็ใช้ ม44 แม่มเลยไม่ผิดกฎหมาย เห็นม่ะง่ายจะตาย #เลื่อนแม่มึงสิ,negative,0
1128,1128,กุแบบโคตรเฟลล สั่งลิปอินนิสฟรีไปแม่งเสือกโดนโกง อหหหหหห ตอนนี้กลายร่างเป็นนักเลงทวงเงินอยู่.. เห่อออออ จะไปซื้อจากไหนได้อีกเนี่ยยยย =__=,negative,0
1129,1129,เสียค่าเตาย่างเพิ่มไหมครับ,negative,0
1130,1130,โอ้ยๆ เจออย่างนี้ต้องทำยังไงอ่ะ #Chang,positive,1
1131,1131,เขาอยากกินนนนน,positive,1
1132,1132,Top 10 ลำดับสุดท้ายของ IPSA Best Seller อีกหนึ่ง Must have item! ที่อยากแนะนำสาวๆให้ได้ลอง ซีรั่มที่ช่วยล็อคประสิทธิภาพของครีมบำรุงผิว IPSA Barrier Serum ด้วยคุณสมบัติพิเศษในการยึดเกาะผิวและเก็บกักความชุ่มชื่นได้ยาวนาน เมื่อสัมผัสโดนน้ำ หรือเจอเหงื่อ จะยิ่งเพิ่มคุณสมบัติในการยึดเกาะได้มากยิ่งขึ้น ไม่ทิ้งคราบมัน เหมาะกับทุกสภาพผิว เชิญทดลองผลิตภัณฑ์ได้แล้ววันนี้ที่เคาน์เตอร์อิปซ่าทุกสาขาค่ะ #IPSAThailand,positive,1
1133,1133,น่ากินอ่ะ,positive,1
1134,1134,ลูกค้าเก่าใช้899บาท100M/30M+true vision+sim4g จะเปลี่มาใช้โปร200/200นี้ไม่ได้นะครับทางทรูไม่ยอมให้เปลี่ยน อ้างเหตุว่าเปลี่ยนให้ไม่ได้ แต่จะให้เปลี่ยนเป็นโปร799 100/30+truevision+sim4g แทนที่จะเชียร์ให้เปลี่ยนเป็นโปร899 เน็ต200/50 แต่ไม่เชียร์ จะกั๊กพื้นที่ เน็ต200Mไว้ให้ลูกค้าใหม่,negative,0
1135,1135,ตอแหลป่าว,negative,0
1136,1136,คุ้มและอิ่มท้องอร่อยมากๆคะ,positive,1
1137,1137,กลิ่นบุหรี่ไฟฟ้าอีกละ🙄,negative,0
1138,1138,ชวนสา ก็ไม่มีใครอยากจะไป เซง,negative,0
1139,1139,Periperaก็หายetudeก็หาย หายไปไหน!!!,negative,0
1140,1140,ซื้อให้หน่อย,positive,1
1141,1141,ชอบประโยคในสปาเบียร์มากๆ “มึงรู้ว่ากูรักมึง เลยจะทำอะไรก็ได้หรอ”เป็นประโยคที่เหมือนกับคำคมที่ว่า “คนเรามักจะยอมคนที่ใช่และหลอกใช่คนที่มาชอบ” ความรักเป็นสิ่งที่ไม่ควรล้อเล่นคนรู้สึกมันเจ็บจริงๆ #friendzoneระวังสิ้นสุดทางเพื่อน,negative,0
1142,1142,อวสารบาบิก้อน,negative,0
1143,1143,ก้อน จัดใหม่ด่วนเลย รออยู่,negative,0
1144,1144,คนนี้คอนเฟิร์มว่าดีมาก ทั้งรุ่น long และ volume คือ maybelineที่ว่าแน่ยังตอนแพ้นางนาจา,negative,0
1145,1145,งั้นจัดชาบูกัน 555,positive,1
1146,1146,โอ้ยแงน่ารักกกกก💕 อี้ชิงจะจุ้บหัวน้อยๆของมินซอกง่ะ55555555 ตอนแรกเหมือนจะแกล้งๆเป่าๆ มินซอกหันมาทำหน้าเหว๋อเลย เกิดอะไรขึ้นอ้ะมะกี้ สักพักจุ้บจริง ได้! จุ้บมาจุ้ยกลับ ไม่โกง!! แง น่ารักกกกกก มุมิมาก ทั้งคู่เลย😹💘✨,positive,1
1147,1147,ยั๊กกินอันนี้,positive,1
1148,1148,ไปตำกันคะ😆,positive,1
1149,1149,dmax บะเคยซ่อมเลยเน่อ,positive,1
1150,1150,คันก่อนใช้ Mazda3 ตอนนี้เปลี่ยนเป็น CX5 2.0 ถึงรถไม่เคยมีปัญหา แต่ Mazda ออกมาทำอย่างนี้คันต่อไปต้องพิจารณายี่ห้ออื่นแล้วหละ,negative,0
1151,1151,ยังอยากกินเหมือนเดิม ไม่เปลี่ยนแปลง,positive,1
1152,1152,ของใหม่ มันต้องลอง,positive,1
1153,1153,กันแดดบิโอเรแอลฯ แรงไหมคะคุณฉิน สมูทอีเคยใช้หน้ามันมากเลยค่ะ,negative,0
1154,1154,ตั้งแต่เลิกคุยกับคนนั้นไปก็มีเงินเหลือเก็บ และขนมในห้องก็เหลือ โฮกาเดนโรเซ่เหลือ คือดี ไปเถิดมึง อยุ่แล้วเอาเปรียบหลแกแดกกันขนาดนี้ เห็นแกตัวอีก,negative,0
1155,1155,เบียร์ช้างไม่อร่อย แต่ทุนหนา ผูกขาดเยอะที่,negative,0
1156,1156,ไม่เคยป้ายยาใครสำเร็จเลย เอาเป็นว่า ไปอ่านเฮตาเลียกันนะคะทุกคน สาระดีๆที่ทำให้คุณสนใจโลกมากขึ้นค่ะ แล้วการเมืองระหว่างประเทศจะไม่ใช่เรื่องน่าเบื่ออีกต่อไป เชื่อใจช้อยนะคะ,positive,1
1157,1157,ส่วนผสมสำคัญของ Smooth E Acne Clear Makeup Cleansing Water คือ Mangosteen Extract ที่ช่วยลบเลือนริ้วรอยและเพิ่มความชุ่มชื้นให้กับผิว ด้วยประสิทธิภาพจาก Centella Asiatica ผสานกับ Vitamin E acetate ให้ดูเรียบเนียนกระจ่างใสไม่ทำร้าย หรือทำให้เกิดการระคายเคืองผิว มีคุณสมบัติดีต่อผิวคือช่วยลดต้นตอสิวอุดตัน สิวอักเสบ ลดรอยแดง รอยดำ จากสิว ช่วยเติมความชุ่มชื้นและฟื้นฟูผิวให้แข็งแรงจากการใช้ผลิตภัณฑ์รักษาสิว #สมูทอีคลีนซิ่งวอเตอร์,positive,1
1158,1158,ลงทีใหนคับ,positive,1
1159,1159,"ราคามือ2อิงbluebookน่ะใช่ แต่เต้นท์รับมาราคานั้นใหม ก็ไม่ แล้วถ้ารถปล่อยยาก ก็ต้องรับซื้อราคาต่ำ เพื่อปล่อยออกราคาต่ำเหมือนกัน หรือบางทีก็ไม่รับเข้าเต้นท์เลย เคยเจอtoyota เต้นท์ไม่รับ หรือรับก็ราคาตกกว่าmazdaใหมล่ะ มีช่วงนึงเมื่อ3-4ปีก่อนvigo, corolla ล้นเต้นท์ ขับเข้าไป คงไม่เอาล่ะน้อง มีเต็มเต้นท์เลย ไม่ก็กดราคาต่ำกว่าปกติ",negative,0
1160,1160,ผ้าอนามัยกัด —_—,negative,0
1161,1161,The toys the parkinson เป้ &ปีศาจแบนด์ ชอบความละมุนของเพลงงง แค่คิดภาพไปเจอกับความละมุนนั้นกับเบียร์ช้างก็ฟินแล้วววววว,positive,1
1162,1162,น่ากินนนอ่ะ,positive,1
1163,1163,อยากเห็นแสนสิริโดนฟ้องกรณีนี้ครับ น่าเกลียดเกินไป,negative,0
1164,1164,เมื่อก่อนของเยอะแด้วนี้ของน้อยลง เซ็นทรันชลบุรี,negative,0
1165,1165,ไม่ชอบตรงที่ไม่เฉลยว่าคืออะไร มีที่มายังไง น่ารำ #Birdbox,negative,0
1166,1166,รถไม่มีเซนเซอร์ งานเข้าแล้ว ฟอร์จูนเนอร์ บริษัทไม่ได้ติดตั้งมาเหรอ ไอ่....หน้าด้านแถแท้ๆ,negative,0
1167,1167,ชอบ,positive,1
1168,1168,นี่ไม่กินเบียร์ช้าง กินแค่ไฮเนเก้น เพื่อนก้หลอกบอกมึงมา มันมีไฮเนเก้นขาย นึกในใจมันจะมีเหรอวะในเมื่องานมันคือของช้าง สรุปคือมันหลอกกุ ไอเลว,negative,0
1169,1169,ซื้อมาตอนแรกเบรคแล้วมีเสียงหอนแบบรถเก่าด้วยตลกมาก เอากลับไปซ่อมหลายรอบ คือ 6 ปีผ่านไป เปลี่ยนมาจะครบทั้งคันละมั้ง เห็นฮอนด้าซีวิคแก่ๆสิบปีที่บ้านมันก็อยู่ของมันขับได้ปกติไม่ต้องเปลี่ยนไรไม่เห็นเป็นไรเลย,negative,0
1170,1170,ไม่มีอยู่แล้วเพราะกูไม่กินเอ็มเค,negative,0
1171,1171,ความรู้สึกเหมือนโดนเอาเปรียบ เดี๋ยวหลุด เดี๋ยวหลุด ผมคิดว่าจะซาวน์เสียงรวมตัวกันแต้ง สคบ น่าจะแก้ปัญหาได้ดีกว่ารอช่างจากทางทรูนะครับ,negative,0
1172,1172,เลิกกินเถอะ เอาเนื้อเป็นหนองมาขายเนี่ย,negative,0
1173,1173,วันเสาร์มันหมดโปรแระมั้ง5555,negative,0
1174,1174,มันมีซุปดำด้วย อยากลอง,positive,1
1175,1175,"สิ่งที่ช่วยเติมเต็มรสชาติความอร่อยในมื้ออาหารของเราคงจะเป็น ""เบียร์ช้าง"" เย็นๆๆๆ ไม่ว่าจะหนาวและจะร้อน เพียงแค่ได้ดื่มเบียร์ช้างกับเพื่อนที่รู้ใจไม่ว่าความทุกข์จะหนักหนาแค่ไหนก็ไม่ได้เป็นอุปสรรค ยิ่งได้กินอาหารที่มีรสชาติอร่อยฟังเพลงเพราะๆกับศิลปินที่ชอบก็ทำให้ฟินไปอีก",positive,1
1176,1176,เทก้อนๆ มาเอมเคแทน !,negative,0
1177,1177,นิสสัน เอ็กซ์เทรล สุนทรียภาพแห่งการขับขี่ที่เหนือระดับ โดดเด่นสวยงามทั้งภายในและภายนอก อยากมีซักคัน,positive,1
1178,1178,ไฟ Revo ปวดตามากเลยครับโดนทีนึง,negative,0
1179,1179,สู้ๆนะครับ,positive,1
1180,1180,ที่สุดเลย..เหมือน มาสด้า ที่สุด,positive,1
1181,1181,สรุปว่า นีเวียซึมอยากกว่าเยอะเลย ใช้เวลาทาค่อข้างนาน ส่วนตัวใช้แล้วแขนเสื้อค่อนข้าเหลือง เศร้าาาาา ชอบแค่กชิ่ยอย่าง…,negative,0
1182,1182,ทางฟอร์ดรับทราบข้อกังวลในการใช้งานระบบแอร์ในรถฟอร์ด เรนเจอร์แล้ว และกำลังประสานงานอย่างใกล้ชิดกับส่วนงานที่เกี่ยวข้อง หากมีข้อมูลใดเพิ่มเติมจะแจ้งให้ทราบโดยเร็วครับ,negative,0
1183,1183,ทีตอนเป็นรัฐบาลไม่เคยเห็นอยากจะขึ้นค่าแรง แถมบ่นอีกว่าค่าแรงแพงๆ ใครจะมาลงทุน,negative,0
1184,1184,แงงงง ฝากถ่ายรูปด้วยค้าบบ เห็นนางดื่มช้างแล้วใจไม่ดีเลย5555555555,negative,0
1185,1185,อยากกินนะคับ แต่กินไม่คุ้มนะสิ ผมเป้นโรคไต ต้องใส่น้ำยาล้างไต ไว้2ลิตรกว่า กิน ข้าว ครึ่งจานก้อแน่นท้องละ ปล.กห่อกลับบ้านได้ไหม อิอิ ล้อเล่นคับบ,negative,0
1186,1186,อีดอกกูเกลียดแสงโสมมาก เหม็น ผู้มีอุปการะคุณของมึงคือเพื่อนสุดๆ 555555555,negative,0
1187,1187,ใช้ Honda มาตลอดค่ะสุดยอดมากๆมั่นใจปลอดภัยทุกการขับขี่ รถใหม่คันต่อไปก็ต้อง Honda,positive,1
1188,1188,ส้มตำถาด มาในถาดไม้เจ้าคะ จัดเครื่องเต็มเรียงมาอย่างสวยงาม ปลากรอบสามรส ไข่เค็ม หมูยอ ปลาหมึกลวก กุ้งลวก และผักกระเฉด เป็นส้มตำปูปลาร้า อร่อยน้ำตาเล็ด!!,positive,1
1189,1189,สธ ย่อมาจาก เสดสวะน่ะตัวเธอ,negative,0
1190,1190,ยามแม่งหายไปไหนหมดปล่อยให้กูเข็นรถมาสด้า3คันหนักเท่าควายคนเดียวเนี้ย!!!!,negative,0
1191,1191,ได้มาแล้วค่ะ ขอบคุณจร้า^^,positive,1
1192,1192,คงยากหน่อยนะครับ ต้องทำใจครับ ผมซื้อรถ นิสสันเทียน่า ระบบเนวิเกเตอร์ มีปัญหา พอแจ้งไปที่สำนักงานใหญ่ เค้าบอกว่ารออัพเดท จนป่านนี้รถผมได้ 2 ปีกว่าๆแล้ว ยังไม่ได้อัพเดทเลยครับ แย่มากครับ ถ้ารู้อย่างนี้นะ ซื้อยี่ห้ออื่นดีกว่าครับ,negative,0
1193,1193,ผ่อนี่ดุ้,positive,1
1194,1194,เยอะไปก้ไม่อร่อย ไม่รุ้จะกินไหนดี 555,negative,0
1195,1195,มอเตอร์ไซร์ขึ่ย้อนศร มอร์เตอร์ไซร์ขี่บนทางเท้า,negative,0
1196,1196,หนองของวัวที่ติดเชื้อไวรัสรึป่าว,negative,0
1197,1197,เห็นเครียดกังวลมากนะ สำหรับวันมามาก และยิ่งตอนนอนกลางคืนเนี่ย ต้องใช้ผ้ายางรองกันเรย ลองเปลี่ยนมา ลอรีเอะ ซอฟท์แอนด์เซฟ เอ็กตร้าจิ แอนตี้แบคทีเรีย ซึมซับเริดขอบอก หมดการเปื้อนด้านหลัง ไร้การอับชื้น หาซื้อง่ายมาก มีทุก7-11,positive,1
1198,1198,สงสัยเอ็มเคแน่ๆ,positive,1
1199,1199,อ่านแคลก็จะอ้วกยังต้องมาเลื่อนผ่านเจอตัวอ่อนพยาธิในหมูบาบิก้อนอีก เห้อ,negative,0
1200,1200,มีประจำเดือนทีไร ไม่อยากจะคิด แพ้ผื่นขึ้นทุกที ต้องลองเปลี่ยนมาใช้ลอรีเอะดูแล้ว,negative,0
1201,1201,กินกะที่บ้านแล้วตื่นมาแฮงค์อ่ะเข็ดเลย ละเป็นเวลากินกะที่บ้านทุกครั้ง กินกับเพื่อน(ตอนจบม6ก็ไม่เป็นไร) กินแต่บาคาดี้ฟูมูล เหล้าเบียร์ไม่อร่อย,negative,0
1202,1202,พลาดเลย,positive,1
1203,1203,วอนปีหน้าฟลูมูนแสงโสมปรับเรทอายุลงด้วยค่ะ สงสารคนอายุไม่ถึงแบบหนูบ้าง งานedmที่ตปท.บางงานนี่18เข้าได้แล้วนะคะ!,negative,0
1204,1204,แพงไปครับ สู้ มาสด้า zx 3 ไม่ได้,negative,0
1205,1205,เพิ่งซื้อฮอนด้า civic มาได้ประมาณสามเดือน ตั้งแต่รับรถมาแรกๆ ก้อแจ้งกับทางเซลล์ว่ารู้สึกว่ารถมีเสียงดังบริเวณหน้าคอนโซล และที่หนักใจ คือเวลาเปลี่ยนเกียร์เปน R หรือ D รถจะกระตุกก่อนที่จะออกตัว เปนทุกครั้งบางครั้งกระตุกแรงบางครั้งกระตุกเบาๆ และพอหลังจากกระตุกจะรู้สึกว่าการขยับเปลี่ยนเกียร์มันแน่น เหมือนจะฝืดๆและเมื่อวันจันที่ผ่านมาไปเช็คกับศูนย์ที่ราชบุรี ก้อเจอบอกว่ามันเป็นเกียร์ CVT มันเปนปกติ เราไม่สบายใจกลัวว่าจะมีปัญหาที่เกียร์ เลยขอลองรถเทสที่ศูนย์ปรากฏว่ารถเทสไม่เป็นและพอช่างลองก้อบอกว่ามันกระตุกแรงกว่าปกติมาก ต้องให้ทางช่างเทคนิคของฮอนด้าใหญ่มาตรวจสอบ ว่ามันปกติมั้ย ถ้าอันนี้เป็นเพจของทางฮอนด้า ไทยแลนด์ อยากให้ช่วยติดต่อทางเราเพื่อตรวจสอบอาการผิดปกติและรับผิดชอบแก้ไขให้หาย เพราะก่อนหน้านี้ใช้ฮอนด้ามาหลายรุ่น ไม่เคยเจอปัญหานี้เลย เรารับรู้ได้ว่ามันไม่ปกติ ไปเทียบกับคันอื่นๆ มาก้อหลายคัน รบกวนช่วยติดต่อเราด้วยนะค่ะ ขอด่วนๆ เพราะเราก้อไม่สบายใจเสียเงินก้อไม่ใช่ถูกๆ ขอบคุนค่ะ,negative,0
1206,1206,ผมกินเหล้าเกรดB+ยีาห้อ100pipersมา20ปีไม่เคยกิน ยี่ห้อไหน 285 รีเจนชี่ แม่โขง แสง ไม่เคยกินเพื่อนในกลุ่มรุ้ดีผมกินยี่ห้อนี้อันเดียวอันอื่นแฮงค์แสบปาก ฝากสะสมเป็น1000ขวดเป็นคนเที่ยว ไม่มึก็ไม่ดื่มกินโค็กแทน อร่อยถูกปากผม,negative,0
1207,1207,จะเลี้ยงเค้าใช่ปพ,positive,1
1208,1208,เป็นเด็กคนหนึ่งที่อินการเมืองมากค่ะ เเละก็จะเลือกเรียนการเมืองการปกครอง เพราะศรัทธาเเละเชื่อมั่นมากว่าสิ่งเหล่านี้เป็นอะไรที่ศักดิ์สิทธิ์จะมาเล่นๆขำๆไม่ได้เพราะเรากุมประชาชนไว้ในมือ แต่ในขณะที่คนที่ดำรงตำแหน่ง ดำรงด้วยความเห็นแก่ตัวของตัวเอง คือจะอ้วก #เลื่อนเเม่มึงสิ,negative,0
1209,1209,ชีสต้มมันไม่ใช่แนว,negative,0
1210,1210,ต้องลอง555,positive,1
1211,1211,วันนี้ก็ไปอิ่มมาค่ะ...อาหย่อยยยยยยยย,positive,1
1212,1212,กราบทักษิณจริงๆ ดักลุงตู่หมดทุกทาง คนเล่นการเมืองยังไงก็มีเล่ห์เหลี่ยมทางการเมืองมากกว่าคนที่เป็นทหารอยู่ดี เชื่อเขาเลย!! #เลือกตั้ง62 #ไทยรักษาชาติ #ทรงพระสเลนเดอร์,positive,1
1213,1213,นึกถึงรถเธอเลย ดีนะที่ตอนนั้นเราเชื่อแม่ vios อ่ะ,positive,1
1214,1214,ไม่มีให้บริการแล้วค่าาา มีให้บริการเป็นโปรโมชั่น ชีสชี้ดแซ่บ ค่าาาา,negative,0
1215,1215,รอป้ามาเลี้ยงเด่,positive,1
1216,1216,แลนด์มาร์คของประเทศไทยในช่วงเทศกาลพลุปีใหม่ ในที่สุดก็ได้พลุพท.ริมเจ้าพระยาจากไอคอนสยาม หน่วยงานภาครัฐ เอกชน&ชุมชนริมน้ำนี่แหละที่ช่วยกันจัดขึ้น สวยจนสื่อตปท.นำไปเสนอให้ทั่วโลกได้รับชม แถมยังเป็นพลุที่ทำจากข้าวเหนียวไทย รักสิ่งแวดล้อมไปอีก ว่าทำไมเราไม่ค่อยได้กลิ่นควันเขม่านะ😊,positive,1
1217,1217,พนไปเลยย,positive,1
1218,1218,ชาชีสลามมาเอ็มเคแล้วหรอ เอาจริงนะ คือมันไม่อร่อย,negative,0
1219,1219,อายแชโดว& บลัช คิวเพลส ใช้ดีค่ะ ลิป ink ใช้ดีค่ะ ติดทน สีน่ารัก หอมค่ะ,positive,1
1220,1220,แค้นใจไง ใช้ไรของแพ้ เพื่อนใช้การ์นิเย่ โอเลย์ต่างๆนานา หน้าขาวใส กุแพ้อย่างเดียวเลยจ้า แพ้แม่งทุกสิ่งอย่าง นับได้เลยอะว่าใช้ครีมไรได้บ้าง,negative,0
1221,1221,ผมให้แสงแยงตา 1.fortuner &revo 2.crv 3.ford everest,negative,0
1222,1222,ไม่เอาแบบนี้สิ,negative,0
1223,1223,เป็นสมาชิคเกิน5ปี ได้รับบัตรกำนัลวันเกิด ทำไมปี60 ไม่ส่งมา ติดต่อที่สาขาก็เงียบ รอจนเลยมาเกือบ2 เดือนละ ทำไมยังไม่มีคำตอบ ในขณะเดียวกันเพื่อนเราได้ ขอคำตอบด้วยครับ กินบ่อยอยู่นะ,negative,0
1224,1224,เบียร์บ๊วย / เหล้าบ๊วยพีช ร้านกินเฮอาหร่อยค่ด ยอมเมาตาย ถ้าชอบบ๊วยควรลองจริงๆๆๆๆ,positive,1
1225,1225,Isuzu ขายไม่กี่ตัว ยอดยังขนาดนี้ toyota ขายครอบจักวาร ยังทิ้งไม่ห่างเลย,negative,0
1226,1226,สมิติเวช = ขายบ้ายมาเข้ารพ.,negative,0
1227,1227,นั่ง Grab car ไปทำงาน รถเสียกลางทาง คนขับก็เทคแคร์ดี๊ดีอะ จอดรถแล้วไปยืนเรียกแท็กซี่ให้ พูดขอโทษเราตลอดเลย แท็กซี่ไม่รับก็ขอโทษ แง หนูเข้าใจ หนูโอเคพี่ นางก็อยู่เรียกให้จนได้รถอะ จะออกค่าแท็กซี่ให้ด้วย แต่นี่ไม่เอา ก็คือเรารีบแหละ แต่สุภาพขนาดนี้ ทำเราสายเราก็ไม่โกด,positive,1
1228,1228,ผมนิเลิกบุหรี่ได้เพราะบุหรี่ไฟฟ้านีแระ,positive,1
1229,1229,ตอนแรกหนูชอบ Juke มากๆๆ จะเอาตัวนี้แหละค่ะ พอไปขับแล้วห้องโดยสารมันแคบ คือหนูอ้วนอะเนา…,negative,0
1230,1230,เค้าเคยใช้ supermom ใช้ดีอยู่ ทาไปนานๆปากดำ,negative,0
1231,1231,ไม่อาวแร้วเพิ่งกินกะอิโจลมาเอง,negative,0
1232,1232,เบียร์ลาว แช่เย็น ไฮเนเก้น สิง แพ้,negative,0
1233,1233,เบียร์เป็นลังไม่เคยเมา มุงจะมาแพ้แค่สปาย3ขวดเหรอ,negative,0
1234,1234,อยากกิน 399,positive,1
1235,1235,ขอขอบคุณและเป็นกำลังใจให้ครับ,positive,1
1236,1236,กูก็กินนะสิงห์น๊ะแต่ตอนนี้มันแพงกินไม่ไหวขวดนึงตั้ง50/60บาท😅😅😅,negative,0
1237,1237,แป้งชาแนลไม่ค่อยคุมมันเลยอ่าาแต่ทาแล้วหน้าผาองเป็นยองใย555555555 ทาแล้วสวยแต่ไม่ค่อยคุมมัน จริงๆถ้าอยากไ…,negative,0
1238,1238,อยากกินบาบีก้อน แต่กินที หลักร้อยไม่อิ่มจ่ะ มีพันเสียพัน อร่อยหรอ เปล่า ให้น้อยอีดอก,negative,0
1239,1239,ขนาดใหญ่คุ้มค่ามาก,positive,1
1240,1240,ครีมสมูทอีหีแตดนี่ คือแพงมาก และเหม็นมาก,negative,0
1241,1241,หน่อว ปกติพี่ 285 ไง มอพี่แม่งกินแต่285,negative,0
1242,1242,แพงจริง ๆ ครับ เจ็ดร้อยที่เขาว่า ได้กุ้งแชบ๊วย 3 ตัว หมึก 2 ตัว และหอยข่างสักประมาณสิบกว่าตัว เบียร์ช้างขวดตั้ง 120 น้ำแข็งถังละร้อย ข้าวเปล่าโถละร้อย เอาแค่นี้นะครับ มิชลินเจ๊ไฝยังไม่กล้าขายราคานี้เลยครับ,negative,0
1243,1243,อะ น้ำตาจะไหล กูต้องซื้อ breezer ภายในวันนี่หรอ,negative,0
1244,1244,เราไปร้านจะไปกิน พนง.บอกรีฟิวยังมาไม่ถึง เราก็งงๆ55,negative,0
1245,1245,กาวผ้าอนามัยมีพลังสามารถดึงขนได้แต่ไม่สามารถติดเกงในได้เเน่น5555,negative,0
1246,1246,ความมืดบอดปัญญาทรามของสลิ่ม ยังไม่รู้ตัวว่าพายเรือให้โจรนั่ง ตั้งแต่ถูกไอ้เทือกหลอกจูงจมูกให้ออกมาชัตดาวน์กรุงเทพ เปิดช่องให้ไอ้ตูบ ใช้เป็นข้ออ้างจนบ้านเมืองฉิบหายมาขนาดนี้ ภายใต้ฝีมือของพวกโจร ที่ปล้นอำนาจของประชาชนไปเกือบ5ปี สลิ่มมันยังจะดันทุรัง หนุนโจรให้สืบทอดอำนาจต่อไปอีก,negative,0
1247,1247,โทรไปคือกดสายทิ้ง หมายความว่ายังไงค่ะ,negative,0
1248,1248,ควรไปจัดนะ🐷🐷🐷,positive,1
1249,1249,เสียดายมากสาขาที่เพชรบุรีปิดไปแล้ว,negative,0
1250,1250,หงส์ทองกินแล้ว เมามาย 555,negative,0
1251,1251,มันจันทร์กับศุกร์มั้ย,positive,1
1252,1252,ขอบคุณนะคร้าบ :),positive,1
1253,1253,ไม่เห็นจะเผ็ดอะไรเลยสักนิด,negative,0
1254,1254,ข่าวบาบีก้อนทำกูขมคอละนะ,negative,0
1255,1255,แสงโสมเล่นกูแล้ว,negative,0
1256,1256,วันนี้จะเข้าช็อปอินนิสฟรีก็เสือกลืมอีก จะไปดูอิเซทกรีนทีเนี่ยแหละ ห่าเอ้ยย,negative,0
1257,1257,วันนี้​ไปกินถามว่าอร่อยครับแต่บางพนักงาน​ก้ไม่ค่อยใส่ใจเท่าไร​ ผมค้องการพริกกับกะเทียมเพิ่มไปวางข้างเยือกโค๊กผมนึกว่าพนักงานจะรุ้แต่ป่าวเลยเดินไปเดินมสไม่สนใจจนผมต้องเปิดฝาก้ยังเดินผ่านไปผ่านทำไมสนใจเหมือนเดิมจ่ายเงินเสดให้เบิลมาดรอกข้อมูล​พนักงานมสยืนจ้อง​ข้างคือเขาจะให้เขียนพนักไม่สนใจดูแลลูกค้าคนก้ไม่ได้เยอะแยะ​อะไรทำไมต้องยืนจ้องขนาดนั้น,negative,0
1258,1258,ก็เหี้ยล่ะ อันนั้นเงินกู,negative,0
1259,1259,แป้งเด็กศรีจันทร์ ซื้อยกโหลได้ที่ไหนคะ,positive,1
1260,1260,นิสสันโน๊ตก้อสวยนะ,positive,1
1261,1261,สระเเก้วค่ะ,positive,1
1262,1262,กุไม่ไปและ,negative,0
1263,1263,งานนี้ลีโอเสือกเป็นสปอนเซอร์ อีเหี้ย กูแดกลีโอแล้วปวดหัว,negative,0
1264,1264,แว่วมาว่าคนที่เช่าร้านที่สยามเริ่มไม่พอใจสำนักงานทรัพย์สิน จุฬา เพราะไล่ผู้ค้าบนทางเท้าไปจนทำบรรยากาศเงียบเหงา พลอยขายไม่ดีไปด้วย,negative,0
1265,1265,กิน55,positive,1
1266,1266,น่าอ่าน,positive,1
1267,1267,ขอรูปLa museหน่อยนะคะ อยากไปจัดมากค่ะ เสียดายไม่มีeucerin ขอบคุณมากนะคะ,positive,1
1268,1268,เคยใช้แล้ว smooth e หน้าเห่อค่ะ แต่เดอมาพอนก้อดี เรคคอมเมน!,negative,0
1269,1269,กูเริ่มรำคาญโฆษณาเบียร์ช้างที่พี่เวียร์เช่นละ,negative,0
1270,1270,สภาพในรูป ให้เราไปจ่ายตลาดมาทำให้เต็มที่ ไม่เกิน150บาทค่ะ น่าเกลียดเกิ๊นน ไอ้ส่งเรื่องๆปรับปรุง เขาก็ตอบไปแบบนั้นแหละค่ะ เคยเป็นแอดมินเพจเหมือนกัน555 เอมเค สภาพนี้มาแต่ไหนแต่ไรแล้วหลังๆ,negative,0
1271,1271,👍👍👍👍👍👍👍👍👍👍👍👍👍👍👍👍,positive,1
1272,1272,โอ้ย ลงรถไฟฟ้าผิดสถานี,negative,0
1273,1273,นี่ไงสารพัดหม้อดินในเอ็มเคของมึงอะ,positive,1
1274,1274,ต้องไปกินรอบัตรตั๊วนิ,positive,1
1275,1275,ผมเป็นติ่ง honda แต่เหนรุ่นนี้บอกคำเดียวว่า ใครซื้อ HRVตัวท๊อปมา ถือว่า พลาด !!!,negative,0
1276,1276,285กัยแสงโสมไม่ควรอยู่ด้วยกันไอสัส,negative,0
1277,1277,แค่เคลียร์รถแท็กซี่ วินมอไซต์ รถเม ไรงี้ได้ชีวิตในกทมจะมีความสุขเพิ่มขึ้นล้าน%,negative,0
1278,1278,ครั้งแรกค่ะ,positive,1
1279,1279,อย่าหาว่าผมหมิ่นยี่ห้อเลยนะ ยาริสไช่มั้ยที่ว่ามา คือ ยี่ห้ออื่นไม่เคยได้ยินอะไรแบบนี้,negative,0
1280,1280,น่าทาน,positive,1
1281,1281,แต่ดูวัน-เวลา ที่ให้แล้วไม่โออะ คนทำงานหมดสิทธิ์เลย,negative,0
1282,1282,คงได้ไปทำงานให้บอสัดเบียร์ช้างต่อมั้งสานิตย์,negative,0
1283,1283,เห็นหมูกระทะ หรือบาบีก้อนแล้วจะอ้วกอ่เ แม่งหายเสี้ยนไปหลายเดือนแน่ๆ,negative,0
1284,1284,กินเลยๆๆ,positive,1
1285,1285,1.บำรุงผิวให้ชุ่มชื้น สุขภาพดี 2.ฟื้นฟูผิวคล้ำเสีย ให้กระจ่างใส ดูเปล่งปลั่ง #สวยกล้าท้าแดดทุกแสง #คู่หูท้าแดด #kkmacosmetics,negative,0
1286,1286,พ่อเลี้ยง5555,positive,1
1287,1287,ไม่ว่างค้ะ,negative,0
1288,1288,กระลาแลน,negative,0
1289,1289,อ่ะ เมื่อวานพึ่งไปโชว์ดีซีมาาาไม่เห็นรูปว่าเปิดแล้ววว 555555 #รีล่า,negative,0
1290,1290,"ใครว่า ""ขายฝัน"" #อนาคตใหม่ ของ #บัตรทอง ""ต้องใช้เงินเท่าไหร่"" แล้วเอา ""เงินจากไหน"" มาฟังกันชัดๆ จากปาก ธนาธร แห่ง #พรรคอนาคตใหม่\7🧡 แจงละเอียดยิบ ใครยังสงสัย ส่งให้ฟังกันไปเลย 😉👌",positive,1
1291,1291,รถ Eco car ราคาตัวท็อปแพงกว่า วีออส ซิตี้ ตัวล่าง AT ล่ะ ตั้งราคาแบบนี้ รอดูกันต่อไปว่าบอดขายจะเป็นเช่นไร,negative,0
1292,1292,เสียใจ สาขานราน่าน ปิดบริการ,negative,0
1293,1293,จะไม่กินสเมอนอฟอีกแล้ว กินทีไรเละเทะทุกที,negative,0
1294,1294,จะอ้วก!!!,negative,0
1295,1295,เต็ม100 ให้90,positive,1
1296,1296,ช่วยๆ กันลงด้วยนะคับ,positive,1
1297,1297,ไอ้พวกนี้มันช่างโง่เง่าดั้นด้นค้นหาสิ่งเสพติดทำร้ายร่างกายชีวิตกันซะจริงๆนะของดีๆมีประโยชน์ไม่หามากินมากันมั่ง,negative,0
1298,1298,นัดมา555,positive,1
1299,1299,CF peripera sugar เบอร์ 1 + เบอร์ 3 /// แพง,negative,0
1300,1300,ทำงานมาทั้งวัน ถ้าคืนนี้ถ้าได้นั่งร้านบรรยากาศดีๆ และได้ดื่ม Jameson ก็คงดีไม่น้อย #JamesonThailand #TwiceAsSmooth,positive,1
1301,1301,กระทะดำ หมูติดเตาตลอดๆ #bbqplaza,negative,0
1302,1302,จ. ชุมพร,positive,1
1303,1303,ถ้าน้ำเดียวได้หรือป่าวราคานี้อ่ะค่ะ,positive,1
1304,1304,ชอบคุยกับผู้หญิงมากกว่าอ่ะ ผู้ชายชอบลากเข้าเรื่องเงี่ยน เบื่อรำ5555555😭,negative,0
1305,1305,ไม่เคยคิดที่จะกิน อิอิ ใช้ยูเซอลีน แพงหน่อยแต่ปลอดภัยกว่า,negative,0
1306,1306,มาตรฐานการบริการ ความพร้อมให้บริการของพนักงาน คุณภาพความสดใหม่ของอาหาร ความสะอาดของร้านแต่ละที่ไม่เหมือนกันจริงๆ ผิดหวังกับหลายๆสาขา เลิกกินจริงๆแล้วค่ะ MK,negative,0
1307,1307,ค่ารถ100คุ้มไหมนิ555,positive,1
1308,1308,เลวจิงๆไอสัด อยากให้ในคนในรถนั้นเปนญาติพี่น้องมึงจิงๆ ไอ้ซีอาวี,negative,0
1309,1309,ป่ะ ๆ หลายรอบ ไม่ได้ไปสักรอบ,positive,1
1310,1310,ให้ควายถือกฏหมายก้งี้แหละคับ,negative,0
1311,1311,ยืนรอนานมากไม่มีคนมารับ มาให้คิวเลย,negative,0
1312,1312,อยากกินบาบีก้อนหรอ555555,positive,1
1313,1313,นี่ไงคะ !! มันม่วงที่ต้องการ,positive,1
1314,1314,จะไปกันป่ะล่ะ รูดบัตรพี่ไปก่อน สิ้นเดือนค่อยจ่าย,positive,1
1315,1315,ไม่ชอบกินของพวกนี้มันอ้วน,negative,0
1316,1316,ชนะ: ฟูลมูนเหลือตั้งครึ่งขวดอ่ะ โซ: ไม่เอาไม่ให้กิน มันไม่ดี แหมมมม เป็นห่วงก็บอก #โซนะ,negative,0
1317,1317,ไม่ถูกกับเบียร์ช้างครับ,negative,0
1318,1318,จัดเลย,positive,1
1319,1319,ถือว่าดี,positive,1
1320,1320,ดู the little mermaid จบละอะ ไม่สนุกเลอออ ถ้า เต็ม10คือให้ 6 อะ ในรีวิว netflix คือมีคนให้ 10/10 อะ,negative,0
1321,1321,ผมกินหงส์ทองหรือไม่ก็285 ลูกหนี้ผมแดกชีวาส หรือไม่ก็รีเจนซี ผมกินอาหารตามสั่งข้างถนนมือนึงก็ 45-50 บาท ลูกหนี้ผมกินอาหารตามสั่งในร้านอาหารติดแอร์มื้อละ 100 โพสรูปเที่ยวนู่นนี่นั่น กินแต่ของดี ๆ พอทวงเงินเสือกบอกไม่มีตลอด,negative,0
1322,1322,ใช่เลย....รอกระบะสี่ประตูที่ช่วงล่างแบบนี้ คงเกาะกว่า นิ่งกว่า ไม่ยวบแบบใช้แหนบ น่าจะให้ความรู้สึกแบบ SUV....เครื่องแรงเกียร์สิบสปีด คงวิ่งแบบเนียนๆเรียบๆ แต่เร็ว เร่งแซงมั่นใจ มี paddle shift ให้เล่นยิ่งใช่เลย เคยใช้ Dmax 3000 turbo ขับแล้วเหนื่อยครับ....สงสัยอย่างเดียว พวงมาลัยหนักแค่ไหน กับล้อที่ใหญ่ขึ้น....ซื้อครับ,negative,0
1323,1323,ซุปนี้อร่อย... ชอบๆๆๆๆ,positive,1
1324,1324,มีไม่เยอะ ของแท้ไม่มีถูกค่ะ Brand hiend ระดับ CD Christian Dior J'adore Eau De Parfum Spray 100ml 4190.- บาท ( ราคาปกติ 6350.-) สนใจทักมาค่ะ กลิ่นหอมอ่อนหวาน Jadore ที่มอบความรู้สึกที่เปรียบเสมือนผู้หญิง ที่มีบุคลิคอ่อนโยน อ่อนหวาน และดูมีเหสน่ห์ ที่น่าแสนจะหลงใหล ที่เหมาะสำหรับผู้หญิงในยุคนี้เป็นอย่างมาก ความหอมอันนุ่มนวนอ่อนหวานอย่างแท้จริง อารมณ์ที่ไม่มีวันเลือนจางหาย ตำนานความหมอที่สุดสง่างามและน่าค้นหาหมอกลิ่นของมวลหมู่ดอกไม้ที่หอมหวาน https://youtu.be/vlP0FfHeiH8,positive,1
1325,1325,เออแพง55,negative,0
1326,1326,เอ็มเคกับโดมิโน เฮลตี้มั่ก,positive,1
1327,1327,พวกมึงก็ขวางโลก,negative,0
1328,1328,285 แสงโสม หงส์ทอง กูกินไม่เห็นเน่าทั้งกรม,negative,0
1329,1329,ขับสบายจิง แต่นั่งสบายสุด แคมรี่ตัวเก่า เบาะฟินมาก,positive,1
1330,1330,วันนี้ไม่ได้แดกร้านก่อนปีใหม่,positive,1
1331,1331,"จะพา""สมูทโตะ"" ไปเที่ยวที่ Alimathaa ถ้าไปเที่ยวต้องใช้ สมูทโตะ""ไปรท์..อาย smooto vita bright Eye serum ฟินสุดๆคับ #พาsmootoไปเที่ยว",positive,1
1332,1332,มีตังเลี้ยงกูมั้ย55,positive,1
1333,1333,กินน้ำซุปดำนะอร่อยนะ,positive,1
1334,1334,โอ๊ยยยยยยยย😂😂😂😂 อยากกินน้ำซุป,positive,1
1335,1335,อัลติส2012 1.8e lpgหัวฉีด ตอนเช้าสต๊าดติดง่าย พอจอดพัก10นาทีสต๊าดติดยากมากเกิดจากอะไร (สต๊าดน้ำมัน ขอบคุนคับ),negative,0
1336,1336,เคยว่างหรอ ไปกินนครสวรรค์ก็ได้,positive,1
1337,1337,ถ้า18คน ก็ถือว่า กลางๆ นะ ราคานี้ ลองหารเหลือคนเท่าไรเชียว ที่ mk ไปกิน บ่นอย่างนี้มั้ยเนี่ย ?,positive,1
1338,1338,แล้วโปรวันพ่ออะไรค่ะ,positive,1
1339,1339,อือๆ เบคอนไม่ติดมันเท่าไร,negative,0
1340,1340,คาเธ่ย์ดีมากเลย ปีที่แล้วตอนมาเลเซียมีเลือกตั้ง คาเธ่ย์ก็ประกาศว่า ตั๋วทุกใบที่เดินทางติดช่วงวันเลือกตั้ง สามารถเลื่อนวันเดินทางได้โดยไม่เสียค่าเลื่อนตั๋ว ทั้งนี้รวมถึงตั๋วที่ปกติเลื่อนวันไม่ได้ก็ได้สิทธิ์นี้ด้วย มีข้อแม้ว่าผู้โดยสารต้องเป็นพลเมืองมาเลเซีย,positive,1
1341,1341,คือตอนแรกก็รอตั้งกะตัวคอนเซป แต่แม่งไม่มีข่าวซะทีจะมาไม่มา มีแต่รูปจนถอดใจไปละว่าไม่เข้าไทย สรุปไปออกอัลติสเนเวอร์บีนสีแดง เพราะของมันต้องใช้ หลังจากนั้นเกือบปี แม่งก็ออกอีนี่มา หำ,negative,0
1342,1342,พอเหอะ,negative,0
1343,1343,มีความอยากกกกกแรงงง,positive,1
1344,1344,อย่างถูก,positive,1
1345,1345,อยากกินอ่ะ😭😭😭😭😭🤤🤤🤤,positive,1
1346,1346,ไปแล้วบ่อยด้วยชอบมาก..แต่ปลาหมึกยัดไส้ไม่เคยมีเลยเสียตรงนี้เเหละ,negative,0
1347,1347,ผมช่วยแชร์อีกแรงครับ,positive,1
1348,1348,สาขาเซ็นทรัลพิษณุโลก ร่วมรายการมั้ยคะ,positive,1
1349,1349,ไม่หิว,negative,0
1350,1350,มาทานที่ท้อปเกษตรเค้าบอกไม่ร้วมอ่ะคะแต่ในเว็บบอกร่วม,negative,0
1351,1351,โอ้ยยยยไม่กินนนนน น่ากินตรงไหนนนน,negative,0
1352,1352,ผลจากการใช้ line taxi 2 วันนี้ ทำให้รู้สึกดีกับ taxi เยอะเลย เมื่อวานคุณลุงคนนึง เพิ่งสมัครกับทาง line เพราะลูกสาวสอนใช้ เค้าบอกว่า ถ้าเราไม่ปรับตัวเราก็แย่เอง เราต้องเปิดใจที่จะเรียนรู้ มันไม่ได้ยากขนาดนั้น ส่วนวันนี้ได้รถใหม่มาก มีสติ๊กเกอล์ไลน์ตัวใหญ่เป้งติดข้างรถ บริการโคดดี,positive,1
1353,1353,ลองยั้ง,positive,1
1354,1354,สู้ๆนะคร้าฟผมๆๆๆๆๆ,positive,1
1355,1355,AIS ใช้Alexa แทนคนเถอะไหนๆจะเป็นองค์กร Internet Of Things แล้ว เผลอๆ บอทมันยังตอบและแก้ไขปัญหาได้ดีกว่าใช้คน ลองใช้โซเฟีย หรือน้องแสนดี จากแสนสิริดูไหม เผื่อการสื่อสารองค์กรจะดีขึ้น,negative,0
1356,1356,มี4บริการคะ😊ชอบบริการช่วยเหลือฉุนเฉิน24ชม คะ มันเหมือนเรามีเพื่อนเดินทางไปกับเราตลอดเวลาคะ😍😍ขอบคุน นิสสัน❤️❤️❤️,positive,1
1357,1357,😍,positive,1
1358,1358,ถามพ่อรึยังว่า ว่างมั้ย,positive,1
1359,1359,ทำไม Toyota ขี้เหนียวจังวะ ของแถมแม่งไม่มีห่าเหวอะไรเลย,negative,0
1360,1360,กันแดดคิวเพลสตัวใหม่นี่คุมมันดีจริงอ่ะ นี่หน้ามัน ยิ่งทีโซนยิ่งมันเยอะ นีเวียหลอดยาวๆฝาเขียวก็เอาไม่อยู่อ่ะ แล้วช่ว…,negative,0
1361,1361,ไปถามพนักงาน บอกราคาปกติ,negative,0
1362,1362,ให้ขับ camry ผมขับ civic turbo ดีกว่า😂😂,negative,0
1363,1363,เป็นฉากจบที่เหี้ย เอาตามตรงคือกูไม่น่าอ่านเรื่องนี้เลยอะ อ่านมาครึ่งตอนว่าจะไม่อ่านต่อเพราะหลอน แต่ด้วยความขี้เสือกของกูก็แม่งต้องจำใจอ่านต่ออะ แล้วกูก็กลายเป็นคนมีอคติกะอิเพลงจัทร์เอ๋ยจันทร์เจ้า เพิ่งอ่านจบมาหมาดๆ เกร็งไปหมดไม่กล้าขยับอะ กูไม่กล้าไปขรี้!!! #ดอกไม้ราตรี,negative,0
1364,1364,ไปกินเป็นเพื่อนโหน่ยย,positive,1
1365,1365,nissan mg เป็นค่ายรถที่น่ารักมาก สำหรับรถระดับล่าง-กลาง nissan เคยจ่ายเงินซื้อรถ noteคืน ทั้งๆที่ รายนั้นไปpost ด่าใน youtube ตอนนี้ก็ยังมีอยู่ นิสสันให้เงินคืนแถมไม่สั่งให้ลบyoutubeด้วย ให้ลูกค้าฟังความ2ด้าน ใจกว้างมาก mg เวลามีปัญหา เขาจะพยายามแก้ ช่วงแรกรออะไหล่นานเพราะต้องนำเข้า ช่วงหลังเร็วขึ้นเยอะมาก เพราะมี รง.ในไทยแล้ว และ stock อะไหล่ไว้เยอะ call center ช่วยลูกค้าสุดกำลัง ทุกเรื่อง,positive,1
1366,1366,อันไหนดี,positive,1
1367,1367,🐸 ค ว า ม ง า ม ร ะ ห ว่ า ง ท า ง 🐸 ชอบขับรถเที่ยวเองก็เพราะแบบนี่แหละ!! เจออะไรระหว่างทางสวยๆก็จอดถ่าย จอดเซลฟี่ ถึงปลายทางช้าหน่อยก็ไม่เป็นไร ขอให้ได้เก็บเกี่ยวความงามระหว่างทางเป็นพอ พวกเธอว่าไหม? . พิกัด ตำบลรางบัว อำเภอจอมบึง จังหวัดราชบุรี https://goo.gl/maps/qmdiDFZXZUJ2 #FordRanger #RangerBloggerAdventure #สายอาร์ต,positive,1
1368,1368,เลี้ยงน้ะ555,positive,1
1369,1369,หมูหมักไทม์แต่มันไม่มีแล้ว,negative,0
1370,1370,ขอบพระคุณที่ชื่นชอบในผลิตภัณฑ์บิโอเรค่ะ,positive,1
1371,1371,เหลือแหล่ละไอสัส ถ้าเบียร์ประมาณ5ขวด ถ้าเหล้าได้เบลนด์ลิตรนึง55555555,negative,0
1372,1372,บอกตรงนะรถมาสด้าดีจิงๆแต่วิไสทัศน์มันไม่ได้ ฟอดก้อคึกัน,negative,0
1373,1373,เสียใจเซ็นทรัลเวสเกตไม่ร่วม,negative,0
1374,1374,แสดงสด มหาหิงค์ งานลีโอเบียร์ concert มันส์ๆเบสหนักๆ,negative,0
1375,1375,อีซูซุขายดีเพราะดีไซด์เนอร์ของโตโยต้ามาจากดาวอังคาร ออกแบบรถหัวปลาดุกมาขาย😂😂😂😂😂😂😂,negative,0
1376,1376,วันนี้ไปกินเอมเคละแบบพนงที่เปนเด่กมัดยมแบบบริการไม่ดีมากๆๆๆๆๆๆแต่กุก้ทำรัยมั่ยดั้ย,negative,0
1377,1377,หยักกิน5555,positive,1
1378,1378,วันนี้กะแวบไป,positive,1
1379,1379,เมาไม่ขับ​ กลับแท็กซี่ แท็กซี่ไม่รับ​ ไอ้สัสกูขำ,negative,0
1380,1380,อัลติส2008ใช้lpgวิ่งดี พอมาใช้น้ำมันวิ่งสะดุด สาเหตุเพราะอะไร ต้องล้างหัวฉีดมั้ยครับ,negative,0
1381,1381,คือนี่ดูจบละพูดตลอดเลยว่า ตอนนี้สนุกมาก ตอนนี้สนุกมาก สรุปสนุกทุกตอน 55555555 แค่อยู่ด้วยกันก็สนุกแล้วอะ จริงๆไม่ต้องไปเที่ยว อยู่หอเล่นเกม ไก่กาอาราเล่ ก็สนุกอยู่ดี รักทั้งหมด,positive,1
1382,1382,แบบ โอ๊ย ไม่กล้ากินบาบีก้อนละอะ 555555,negative,0
1383,1383,ผมชอบผสมน้ำคับ ได้รสชาติ #แสงโสมเต็มๆ,positive,1
1384,1384,ไม่ช่วยแดกเลยยยย เล่นกูอ้วกเลย เลี่ยนลีโอละอีดอก,negative,0
1385,1385,เลิกได้จริงครับ ผมเลิกมาสองปีแล้ว,positive,1
1386,1386,ตอนนี้คิดว่ากลิ่นแสงโสมเป็นกลิ่นอ้กไปละ คาที่จมูก,negative,0
1387,1387,พาไปกินหน่อยๆ,positive,1
1388,1388,แต่ตอนนี้ลังเลละเนี่ย มีคนบอกลังโคมดีกว่านาร์ส ซึ่งลังโคมมันก็ดีจิงๆนั่นแหละ ซื้อมาสองปีละยังใช้ไม่หม…,negative,0
1389,1389,ฮึ่ยๆ! กำลังเดือดปุดๆๆๆ เหมือนเสียงร้องในท้องเลย ดังพอกัน 555 ช้าอยู่ไย รีบมาเลยสิ หิวแล้วววบอกก้อนได้เลยคร้าบบบ ก้อนดูแลเอง ร่วมแบ่งปันความสุขโดย achimachii,negative,0
1390,1390,ช้ากว่าเคอรี่,negative,0
1391,1391,เบียร์หมีคือหนักหัวมากกกกก,negative,0
1392,1392,เลิกกินเหล้าบุหรี่ที่ได้ภาษีแล้วมาสูบบุหรี่เหล้าที่มันหนีภาษีงั่นเหรอสมองคิดได้ใง.โรงงานผลิตเหล้าขาวสั่งปิดเลย.ขวดเป่นรัอยสองร้อยไม่มีไครซื้อกินหลอกแต่เขาจะผลิตกินเอง.และขายเอง.เบียร๊สิงเบียร๊ช้างแน่จริงสั่งปิดซิ.ต่อนี้ไปจะมีแต่คนหันไปซื้อแต่ของหนีภาษี.สุดท้ายรัฐไม่มีรายได้.ต่อไปก่อหันมากดภาษีคนทำงานจากร้อยหละ5ก่อจะเป่น50บาท.สุดท้ายคนตกงาน.โจรเพิ่มมากขึ้น.สมองคิดถึงข้อนี้บ้างเปล่า,negative,0
1393,1393,กำลังจะเลิกกิน เพราะโปรโมชั่น บัตรรูปแบบใหม่ครับ เนื่องจาก ตอนบัตรยังไม่หมดอายุ พนักงานก็ไม่ได้แจ้งให้ทราบ พอมากินอีกที่ ถึงรู้ว่า เปลี่ยนโปรโมชั่น ซึ่งระยะเวลาการกินของสองที่ ต่างกัน 3-4 วันเอง ขอบคุณครับ,negative,0
1394,1394,เหอะๆ ไงล่ะ 3 กษัตริย์ แสงโสม แบคเลส เบียร์ช้าง เอาสิตีในหัวกูใหญ่เลย 😂😂,negative,0
1395,1395,ที่เซลทรัลโคราช ก้ไม่มีรายชื่อที่ไม่ร่วมรายการ แต่ทำไมไปแร้วเค้าบอกไม่มีโปรนี้ค่ะ,negative,0
1396,1396,ถ้ามรึงจะมี Civic ตัวใหม่ขับขนาดนี้ มรึงไม่ต้องกลัวค่าพวกนี้ละมั้ง -*-,negative,0
1397,1397,กลับมาทันไหม,positive,1
1398,1398,หมูววววววว ถูกกว่าเมื่อวานอีก 😱😱,positive,1
1399,1399,มีปัญหาแน่นอน กับการซัมเปืัอนยามนอนในเวลากลางคืน มาลองใช้ลอรีเอะ ซอฟท์แอนด์เซฟ เอ็กซ์ตร้าโพเทคชั่น แอนตี้แบคทีเรีย แบบกลางคืน ดูสิจะได้นอนไม่ต้องห่วงเลย และยังสะอาดไม่หมักหมมแบคทีเรีย มากวนใจให้เกิดอาการคัน อับชิ้นใดๆ สบายใจละทีนี้❤️💞🤗,positive,1
1400,1400,แล้วค่าา,positive,1
1401,1401,ผมกินแสงโสม,positive,1
1402,1402,ไปมั้ยละ 5555,positive,1
1403,1403,เลิกใช้โซฟีจย้าาาา,negative,0
1404,1404,นี่ชอบกินบาบีก้อนอะ...ฉห.เลิกๆ ต้องเลิกกินจริงๆละ😂😂,negative,0
1405,1405,ไปคะ,positive,1
1406,1406,เรียกไม่ได้ค่ะ สรุปไม่ใช่พยาธิแต่เป็น Chronic inflam. Abcess เนื้อเป็นหนองมาเสิร์ฟลูกค้า ก็ถือว่าไม่ควรค่ะ,negative,0
1407,1407,ได้ฮอนด้าปลอมป่าวครับ​ ปกติฮอนด้าขึ้นชื่อเสียงนอกรถเข้ามานะครับ​ จอดติดแยกไฟแดงพี่วินคุยกันยังได้ยินเลย🐒🐒🐒,negative,0
1408,1408,เสาร์นึ้555,positive,1
1409,1409,กินอะไร กินอะไร กินอะไรก็ได้แต่ไปกินเอ็มเคไม่ได้ ไกล GOT7 #MAMARedCarpet,negative,0
1410,1410,เปลี่ยนเป็นสี่ช่องหมดแล้วหรอ อยากกินน้ำเดียวไม่สะดวกเลยเพราะช่องมันเล็ก,negative,0
1411,1411,ShowDC งานดี เราเคยยย👍👍👍,positive,1
1412,1412,รีโว่หลังปีใหม่เริ่มเห็นเยอะขึ้นแล้ว หน้าใหม่ก็ดูดีขึ้นกว่าเก่า แต่หน้าใหม่ดีแมกก็สวย สวยคนละแบบ,positive,1
1413,1413,มึงเชื่อกุเหอะว่าบุหรี่ไฟฟ้าโทษหนักกว่าเหี้ยพกปืน,negative,0
1414,1414,เสียดายมากกกกจะไปซื้อโฟมล้างหน้าของ innisfree เเต่เอาขึ้นเครื่องกลับไม่ได้ไง งือ เสียดายๆๆๆๆๆๆๆ,negative,0
1415,1415,Hotpot นี่ที่ตัวเขียวๆช่ะ?เคยกินแต่มีช่วงมันไม่มีบุฟเฟส์แพงโครต,negative,0
1416,1416,ปกติพ่อจะเอาดีแมกไป แต่วันนี้แย่งรถแจ๊สแม่ไป ไม่ได้ขับนานลืมแล้วว่าขับยังไง จริงๆไม่เมาขนาดนั้น เพราะตอนเช้าเรียกกูไปถามอยู่ว่าทำไมใส่เกียร์ไม่ได้ 555 พ่อไม่เหยียบเบรก,negative,0
1417,1417,Mizumi เป็นกันแดดที่แพงที่สุดที่ซื้อมา กั้นใจซื้อแบบสุดด,negative,0
1418,1418,สุดยอดเลยครับ Nissan รุ่นนี้อเนกประสงค์ภายในก็สวยงามหรูหราครับลองขับมาแล้ว,positive,1
1419,1419,เข็ดแล้ว ทีหลังจะไม่กินช้างแล้ว ทรมานกับการท้องเสีย😰,negative,0
1420,1420,ไม่ไหวแล้วจ้าา,negative,0
1421,1421,โด่วแค่ยาริส นึกว่าเฟอรารี่,negative,0
1422,1422,ชาบูโอโซน 199 อร่อย,positive,1
1423,1423,น่าเกียดมากลูกค้าสั่งกระป๋องกินตั้งแต่1ทุ่ม พอ3ทุ่มมาไล่ลูกค้าให้ลูกค้าไปนั่งข้างหลัง ข้างหน้าสั่งเป็นพราวเวอร์เท่านั้น #พูดตรงๆน่าเกียด 👎🏻👎🏻มากินทุกวันเป็นไล่เป็นนี้เลย. # ต่อไปนี้มีงานลีโอที่ไหนจะไม่ไปอีกต่อไป. #ไม่ได้มาขอกินฟรีนะค่ะ. #ซื้อกระป๋อง50บาท10กระป๋องเท่าไหร่แล้วค่ะ. แย่มากๆๆ,negative,0
1424,1424,เนตทรูหลุดบ่อย เดือนนี้มาซ่อมแล้ว 3 ครั้ง ก็ยังเหมือนเดิม ห่วย,negative,0
1425,1425,😞😞😞😞😞😞,negative,0
1426,1426,เค้าบอก ป๋องดำกินกับอะไรก็อร่อย.. ? กินกะข้าวเหนียวมะม่วงดูไอ่สัส 🙄,positive,1
1427,1427,รุ่นนี้ราคามือสองไม่กี่แสน ถูกกว่าอัลติสอีก,negative,0
1428,1428,กะลังจะมาเม้นเหมือนกันเลย 🤢🤢,negative,0
1429,1429,ผ้าอนามัยยาวตั้ง 29 ซม.ยังเอาไม่อยู่ เพราะฉะนั้นก็ RIP อีแบบสั้นหรืออันเล็กปิดหอยไม่มิดทั้งหลาย,negative,0
1430,1430,ห้างโล่งแบบว่าเข้าห้องน้ำแล้วจะฉี่ดังแค่ไหนก็ได้อ่ะคือไม่มีคนเลย 5555555555555 #เราอาจจะมาเร็วไป # showdc,negative,0
1431,1431,นิสสันMARCHเท่าไรคับ,positive,1
1432,1432,ใส่ผ้าอนามัยนั่งจนตูดเป็นแผลละอ่ะ โห้ว,negative,0
1433,1433,ค่าชุดก้อกินบาบีกอนได้ล้าว,negative,0
1434,1434,เฮียครับแฟนผมหัดถอยหลังเข้าซองบ่อยจะไปทำใบขับขี่พวงมาลัยหนักแจ๊สGKครับ,negative,0
1435,1435,จะไปให้ได้จริงๆใช่ม่ะ,positive,1
1436,1436,วันนี้มาทานที่สาขาแจ้งวัฒนะ บริการไม่โอเคเลยค่ะ เริ่มตั้งแต่เดินเข้าร้านไม่มี พนง ต้อนรับเลย เราเลยเดินเข้าไป พนง ผู้ชายคนนึงสบตา เราแจ้งว่ามาสองคนค่ะ เค้าก็มองผ่านเดินไปเลย จนมีอีกคนเข้ามารับ บังเอิญได้ไปนั่งโต๊ะที่ติดกับที่เก็บอะไรสักอย่าง พนง กำลังขัดๆๆๆ กะแล้วว่าเดี๋ยวต้องกระเด็นมา สักพัก พนง มารับออเดอร์ ตอนกำลังสั่ง พนง ข้างหลังก็ทำน้ำกระเด็นมาจริงๆ เราเลยพูดขึ้นมาว่า น้ำกระเด็นค่ะ พนง ที่รับออเดอร์ยิ้มให้ และไม่พูดอะไร!!! งงค่ะ ไม่มีคำขอโทษอะไรเลย กินเสร็จเดินไปจ่ายเงิน จำไม่ได้ว่าบัตรสมาชิกมีกี่คะแนน เลยให้เช็คให้ พนง คิดเงินตอบ 600 ค่ะ เราเลยถามว่ายังแลกไม่ได้ใช่ไหมคะ พนง ก็ตอบนะคะ แต่ตอบว่าจะแลกอะไรคะ ด้วยน้ำเสียงที่ไม่โอเค แล้วก็คืนบัตรให้ แล้วนางก็คิดเงิน เราถามว่า บัตรนี้ไม่ใช้แล้วใช่ไหมคะ ... เงียบ... ไม่ตอบ ไม่เงยหน้ามองอะไรทั้งนั้น วุ่นวายกับการปริ้นการแมคเอกสาร ภาพรวม ไม่พอใจกับการบริการวันนี้เลยค่ะ 😟😟😟,negative,0
1437,1437,กินบาบีก้อนต้องขนาดนี้ไหม..,negative,0
1438,1438,ใช่อำนาจหน้าที่ในทางมิชอบ,negative,0
1439,1439,ปรกติ มีนา เมษา รีฟิล ต้องมาละนะก้อน จะให้รอไปถึงไหน .. โปรก๊อกแก๊ก เก็บไปก่อน เอารีฟิลมาด่วน !! รอจนเบื่อแล้วว,negative,0
1440,1440,แต่ ไม่ทุกสาขา .. เสียตรงนี้*,negative,0
1441,1441,hi! ยูbeer ...ขวดมันเล็กไปอ่ะ . #ubeer,negative,0
1442,1442,ไม่มีแต้มบุญเจอโฆษณาน้องแชงเลย เจอแต่โฆษณาพิซซ่า เบอร์เกอร์ และชานมไข่มุก,negative,0
1443,1443,ไม่น่าหลงเชื่อไอพลอยเลย กินสปายละแสบท้องมาก ฮืออออ,negative,0
1444,1444,5555 ล่าสุดปิ่นเกล้าก็ไม่อร่อย,negative,0
1445,1445,รถทรงนี้ แค่เบาะหลังสามารถนั่งสบาย หัวไม่ติดหลังคา ก็กราบวิศวกรได้แล้ว ใครอยากกว้างเขาก้มีอัลติสขายครับ,positive,1
1446,1446,ทุกวันนี้ลุงป้อมแกยังกินได้นอนหลับอยู่ดีหรือเปล่า แล้วตั๊น เบียร์สิงห์ ไม่มาดูแล your dearest uncle หรือ?,negative,0
1447,1447,อยากกินเด้,positive,1
1448,1448,เราพัฒนาถอยหลัง ครับ ไม่ใช่พัฒนาเดินนา,negative,0
1449,1449,ขอบคุณนะเสี่ย🙏,positive,1
1450,1450,ต้องลองง,positive,1
1451,1451,หิววว,positive,1
1452,1452,ไปป่าววววว😁😁😁😁,positive,1
1453,1453,เมื่อศุกร์ที่แล้วไปทานมา เจอข้าวผัด2แบบ เอ่อ..คือว่าแบบเดียวก็พอแล้วไหมคะ ที่เหลือก็เป็นอย่างอื่นเถอะค่ะ เห็ดหอมก็ไม่มี สาขาโลตัสท่าทอง พิษณุโลก ที่จริงไปกินอาทิดเว้นอาทิดเรยค่ะ,negative,0
1454,1454,ฝี ก็ต้องถูกกำจัดในไลน์แปรรูปเนื้อ ก่อนถึงมือผู้บริโภคนะคะ ถ้ายังพบก็คือเนื้อไม่ผ่านมาตรฐานอาหารอยู่ดีค่ะ,negative,0
1455,1455,มาดามฮักเส้น ก๋วยเตี๋ยวต้มยำเมืองแพร่ พาไปเลี้ยงหน่อย,positive,1
1456,1456,ไปๆกันพี่ติ๊ก ป๋าแบงค์เค้าจะเลี้ยง,positive,1
1457,1457,จืดจริงๆคะ,negative,0
1458,1458,งั้นกูเลิกคบกะมัน ล่ะ,positive,1
1459,1459,นี่ว่า sofy cooling fresh นี่ดีสุดแล้ว ฮือออออ ปลาทับใจสุด แต่ราคาไม่เป็นมิตรกันเลยยย 😂😂😂😂😂,negative,0
1460,1460,วันนี้พึ่งไปกินมาช่วงบ่ายค่ะ บอกพนักงานทำบัตรสมาชิกด้วยค่ะก็ตอบรับปกติไม่เห็นแจ้งอะไร พอทานเสร็จเรียกพนักงานเช็คบิลก็บอกอีกรอบ พนักงานคิดเงินเสร็จถามเอาบัตรสีอะไรเราก็ตอบไป ซักพักเดินกลับมาบอกบัตรหมด เซ็งเลยค่ะแล้วทำไมไม่แจ้งตั้งแต่แรก คือเราไปทานคราวที่แล้วก็ขอสมัครสมาชิกก็บอกว่าบัตรหมด คราวนี้ไปก็หมดอีก สรุปเสียสิทธิ์ไปอีกแทนที่จะได้ส่วนลด แถมพนักงานก็พูดจาไม่เคียปล่อยให้นั่งรอตั้งนาน #สาขาโลตัลพระราม4,negative,0
1461,1461,ไม่เอาแล้วววววว,negative,0
1462,1462,บาร์บีคิวพลาซ่าขอ 7 วัน พิสูจน์กรณีไข่พยาธิเนื้อดิบ #Ch7news,negative,0
1463,1463,อิ่มกว่าแดกหมูอีก 55555,positive,1
1464,1464,เดี๋ยวนี้ไม่กินช้างเพราะว่ามันไม่ฮิตมีกระแสเสือดำเราต้องกินเสือ,negative,0
1465,1465,สวยกว่าแอคคอร์ดตัวใหม่อีก แอคคอร์ดตัวใหม่เห็นไฟท้ายแล้วไม่ผ่าน,negative,0
1466,1466,มากมาย😙😙😙😙,positive,1
1467,1467,คอนพม่าจัดเอาท์ดอร์หรอ ไม่เป็นำรเราผ่านโชว์ดีซี 3 โมงถึง 5 ทุ่มมาแล้ว ร้อนชิบหายเหนื่อยเหี้ยๆเมื่อยจนกูลงไปนั่งกลางดงตีน ลำไย,negative,0
1468,1468,เช้าๆอากาศเย็น ไม่ต้องตกใจ!! หากหน้าจอรถยนต์มิตซูบิชิของท่านมีสัญลักษณ์นี้แสดงที่หน้าปัดนะคะ #ปกติ ดีค่ะ ท่านใดทราบบ้างว่า สัญลักษณ์นี้คือ?,negative,0
1469,1469,กลัวอ้วน,negative,0
1470,1470,ประทับใจตั้งแต่เช็คอิน,positive,1
1471,1471,หน้ากากมะเขือเทศ มะนาว แตงโม มะพร้าว กี่วี่ เบอรี่ ก็มา อยากผิวหน้านุ่มชุ่มชื่น เด้งดึ๋ง ไว้ใจ Mask Skinfood จ้า โปรดี 5 แถม 5 คุ้มยิ่งกว่าคุ้ม จัดเลย!,negative,0
1472,1472,ทำไมเรื่องนี้กลายเป็นยุนฮยองผิดอ่ะ ผิดหรอที่เขาไม่ชอบฝ่ายญ. ก่อนหน้านี้ที่ไปเจอกันก็คือเขาให้โอกาสทั้งกับตัวเอง ทั้งกับเกิร์ลกรุ๊ปคนนั้นแล้วมั้ย ที่บอกว่าคนของนี่ไม่ชัดเจนคืออะไรวะ งง ชัดเจนของเธอคือคบกันให้เป็นเรื่องเป็นราวหรอ ก็คนของชั้นไม่ได้รู้สึกอะไรเทือกๆนั้นอ่ะ จะคบทำไม,negative,0
1473,1473,กินตัวนี้เพิ่มอีกนิดไป 100 pipers ดีกว่าครับ คหสต จากคนแดกเหล้าทุกคืนวัน,positive,1
1474,1474,พวกเมิงง ไปแดกกานนน,positive,1
1475,1475,โปรโมชั่นดีๆต้องศูนย์นิสสันค่ะ สนใจแวะชมได้ค่ะ,positive,1
1476,1476,อย่าว่าแต่บาบิก้อน หมูกะทะธรรมดากูก็ไม่ดูอ่ะ,negative,0
1477,1477,1 อาทิตย์นั้นมันเพิ่ม%การสอบติดได้ตั้งเท่าไหร่ 1 อาทิตย์เด็กอ่านหนังสือเพิ่มได้อีกกี่ชั่วโมง ทำโจทย์ได้อีกกี่พันข้อ แล้วสุดท้ายมึงก็เลื่อนเลือกตั้ง อนาคตพวกกูเป็นของเล่นซะมั้งหน้าส้นตีน #เลื่อนแม่มึงสิ,negative,0
1478,1478,นั่งดูบุพเพสันนิวาศแล้วเห็นออเจ้าแดกกุ้งย่าง อิห่าหิวขึ้นมาทันทีเลยกู เข้า7-11หาอะไรหวานๆแดกกะกุ้งแม่งลงตัวเลย #รอดไปอีกคืน #ป๋องดำ // งิ้วเอง,negative,0
1479,1479,อวสารบาบีก้อน,negative,0
1480,1480,=+1 คะ ความชัดเจนไม่ค่อยมี ไม่น่าเชือถือเท่าไหร่,negative,0
1481,1481,อิดอกเกลียดกาวผ้าอนามัย ติดทุกอย่างยกเว้นกางเกงใน อิผี,negative,0
1482,1482,กินปีใหม่มา เบื่อมากกกกกก,negative,0
1483,1483,จะเข้าบัญชีเดิมให้ทำการยืนยันตัวตน ก็ได้ทำตามขั้นตอนแล้ว แต่ก็ไม่สำเร็จ แล้วยอดเงินที่มีเหลืออยู่ในบัญชี จะทำอย่างไร? ใครจะรับผิดชอบ?,negative,0
1484,1484,นี่คือตัวอย่างของมนุษย์มีสมอง vs ไดโนเสาร์ #เลือกตั้ง62 #ฟ้ารักพ่อ,positive,1
1485,1485,บุหรี่ไฟฟ้าทำให้พ่อมันตาย,negative,0
1486,1486,น้ำหอม dior กลิ่นพี่จุนนี่ว่ากลิ่นเปรี้ยวอะ5555555555 จมูกฉันไม่ดีเร้ออย่างไร,negative,0
1487,1487,จะกิน MK 😆,positive,1
1488,1488,อยากกินลีโอค่ะ😝😝,positive,1
1489,1489,เคร555,positive,1
1490,1490,the face shop เคยลองแล้วไม่ค่อยชอบเท่าไหร่ง่ะ แต่แล้วแต่สูตรด้วยมั้ง นี่เคยใช้สูตรหน้า glow glow จากโ…,negative,0
1491,1491,เห็นหมูบาบีก้อนแล้วจะอ้วก,negative,0
1492,1492,ไปกัน😂😂 หัวเท่าไรว่ะ,positive,1
1493,1493,อินนิสฟรี ซองอูหมดแล้วจริงดิ เวงๆๆๆ งี้นี่จะได้ป่ะวะT_T,negative,0
1494,1494,ห่วงผลประโยชน์ประเทศ ..ก็ดีสิ ... กลัวห่วงผลประโยชน์นายทุนนำเข้า ซะมากกว่า,negative,0
1495,1495,Jazz RS+ กับ Mazda 2 1.5 XD High Connect ตัวไหนน่าสนใจกว่ากันครับ ปัจจุบันใช้ Mirage ขับคนเดียว (ไป-กลับที่ทำงาน 50 กม) ถ้าถนนโล่งขับเรื่อย ๆ 80-100 แต่ชอบมุดหลบรถที่ขับช้าขวางทาง แล้วก็กลับไปความเร็วปกติ แต่เกียร์ CVT ของ Mirage มันตอบสนองช้าจนน่าหงุดหงิด เลยไม่แน่ใจว่าของ Jazz มันจะลบข้อด้อยตรงนี้ไปได้ไหมครับ ปล. ตอนแรกเล็ง CX-3 2.0 S แต่เริ่มมองว่ามันเกินความจำเป็น และพื้นที่ภายใน (รวมถึง Ground clearance) มันไม่ต่างกับ Mazda 2 เลย (กับส่วนต่าง 2 แสนบาท) (และค่าประกัน + ภาษี + ซ่อม + น้ำมัน น่าจะต่างกันประมาณนึง),positive,1
1496,1496,กรี๊ดดดด,positive,1
1497,1497,คอเหล้าโปรดทราบ ตอนนี้ หงษ์ทองกับ 285 ปลอม กำลังระบาด แพทย์เตือนกินถึงตาย,negative,0
1498,1498,พรุ่งนี้มั้ย,positive,1
1499,1499,น่ากินน,positive,1
1500,1500,แต่มีพี่ที่รู้จักกินสิงห์ไม่ได้ แบบได้กลิ่นแล้วจะอ้วก,negative,0
1501,1501,แชทร้านมีแต่อินนิสฟรี โอยย เคลียร์ให้กูหน่อยเถอะเพื่อน หาออเดอร์ของต้องส่งไม่เจอเลย,negative,0
1502,1502,ยาริสสวยงั้บ 🤘,positive,1
1503,1503,เด็กดูยังไงก็เด็กวัดความสูงบอกเกินคิดราคาผู้ใหญ่ ปวดจิต,negative,0
1504,1504,ก้อนขอบคุณมากนะฮ้าบบ 😘,positive,1
1505,1505,ลดแค่แป๊ปซี่ กินเกือบพัน,negative,0
1506,1506,ทำไมก้อนไม่จริงใจ ก้อนไม่มีพยาธิแต่ก้อนมีฝีหนอง ทำไมไม่บอกให้หมด,negative,0
1507,1507,บาบิก้อนกูอ่ะ ฮืออออออีเวงง,negative,0
1508,1508,คนไหนจะเปนจ้าวภาพ,positive,1
1509,1509,กิน 2 คนชุดใหญ่ต้องห่อกลับตลอด ความผิดพลาดมันก็เกิดได้ตลอด สู้ต่อไปน้าาาา พี่ก้อน 😁,negative,0
1510,1510,โตโยต้า น่าจะตั้งเป้าซื้อรถรถเก่ามากๆ ไปทำลายทิ้งบ้างนะครับ แทนที่จะตั้งเป้าผลิตออกมาอย่างเดียว คนจะได้ซื้อรถใหม่ได้มากขึ้น,negative,0
1511,1511,ว้าววว,positive,1
1512,1512,ใครก็ได้ แทกไอหน้าหมีสังคมอักเสบให้มันดูหน่อย,negative,0
1513,1513,ว่าด้วยเรื่องแดก,positive,1
1514,1514,HRV ดูดีกว่าอย่างไง ดีไซน์รถเหมือนรถคนละยุค 🙄 ตัวใหม่ mc ไฟหน้า ซี่ๆ โครตจะไม่สวย ช่วงล่าง คานบิด ตัวถัง jazz ยกสูง เมื่อ 4 ปีก่อนน่าซื้อ แต่ตอนนี้ มองตัวอื่นเถอะ,negative,0
1515,1515,อยากได้ทุกอย่างของ sivanna ค่ะ,positive,1
1516,1516,Jo malone wood sage &amp; sea salt แบบบหอมนะ หอมแบบหวานเลยอะ แต่ก็แอบเค็มๆ ไม้ๆ ไงไม่รู้ พอทิ้งไว้กลิ่นเปลี่ยนละจะไม่หว…,negative,0
1517,1517,แสงโสมนี่แม่งหนักหัวชิบหาย,negative,0
1518,1518,ซื้อยาริสรุ่นใหม่ละนะจ๊ะอิอิ,positive,1
1519,1519,ลุ้นสิคะรออะไร #MKRestaurants #MKท้าคิดชีส,positive,1
1520,1520,อยากดื่มสิงห์บ้าง,positive,1
1521,1521,คุนหลอกดาว ขมคอเลย,negative,0
1522,1522,มีเคส ประจานความห่วยของ พรบ.+กฏหมายละ ดังซะด้วย ไม่กี่ชั่วโมง นี่ออกโพสต์หลายเพจเลย อาจจะเป็นโอกาส...,negative,0
1523,1523,ละหมูบาร์บีก้อนออกข่าวด้วยอ่ะ ไม่กล้ากินแร้ววววววแงงงง,negative,0
1524,1524,ไม่เคยใช้ และไม่คิดจะใช้ด้วย ขนาดของแพงเรายังแพ้เรย Sk-II ยิ่งแพ้ทาหน้าละคันยิบๆ ใช้ได้แต่ของ ออเรียลทอล เท่านั้น ผิวหน้าแต่ละคนไม่เหมือนกันบางคนแพ้ง่ายมาก ควรระวังเวลาใช้สินค้า,negative,0
1525,1525,อดรางวัล เป็นครั้งที่เท่าไรแล้ว....งือๆๆไม่เคยมีดวงกะเค้าเลย เสียใจ😭😭😭 #เสียใจ,negative,0
1526,1526,เราใช้ กาวติดแน่นจนผ้าอนามัยติดไปกับกางเกงในเลย 555 ซักไปสองรอบกาวยังออกไม่หมดเลย,negative,0
1527,1527,นับถือโชคคือยกแก้วตั้งแต่บ่ายละมันกิน285ด้วยไม่แปลกที่มันจะอ้วก โดนล้อยาวๆแน่ไอ้สาาส55555555555555,negative,0
1528,1528,แกๆ ปิ้งย่างนะๆๆ หอมดี,positive,1
1529,1529,จัดปาย..,positive,1
1530,1530,ฮอนด้าที่คนไม่นิยมเอาไปทำ taxi เพราะเครื่อง เกียร์ บำรุงแพงครับ เอาไปทำก็ไม่คุ้ม โตโยต้า อะไหล่ถูก มีอู่ทางเลือกมากมาย,negative,0
1531,1531,จบมหากาพย์มาสด้า2 ได้เมื่อไหร่จะเล่าทุกเม็ด สุดจะทน รอฟังนะคะ ไม่รู้ว่าจะจบยังไง จะสู้กันกี่ศาล,negative,0
1532,1532,ผมขับ Civic. FD แถมติดแก๊สด้วย เสียวเลยกุ,negative,0
1533,1533,หน้ากาก แสงโสม @ STAY Ekamai,negative,0
1534,1534,ซื้อของ7-11 มันไม่ค่อยจ่ายส่วนที่เป็นสตางค์ พอจะซื้อเบียร์สิงห์ป๋อง 42.50 มีตังค์ 42บาทซื้อไม่ได้ #เอาเปรียบผู้บริโภค,negative,0
1535,1535,ซื้อเบียร์ช้างที่โลตัสบางแค เจอเบียร์หมดอายุแจ้งไปแล้ว ให้ติดต่อกลับหรือเปลี่ยนเบีรย์ให้หน่อย จนป่านนี้ยังไม่มีใครติดต่อกลับมาเลย โทรไปก็ไม่รับสายและไม่โทรกลับ !!! แก้วสีเบียร์เข้มเป็นเบียร์โลตัส ส่วนอีกแก้วเป็นเบียร์จาก 7-11 รสชาติก็แต่งต่าง ตอนไปซื้อไม่มีใครแจ้งเลยว่าเป็นเบียร์หมดอายุ ว่างขายอยู่ในที่ขายเบียร์เลยค่ะ !!!! ทำยังไงดีค่ะ?,negative,0
1536,1536,พาไปหน่อยสิ อยากกิน,positive,1
1537,1537,น้องหงษ์ทอง,positive,1
1538,1538,เฟรมงัย จะคัยละเห็นว่าอยากกินบาบีก้อนปะๆ,positive,1
1539,1539,"การันตีจากรางวัล LIPS BEAUTY AWARDS 2018 ที่แนะนำสาวๆจากฝั่งเมคอัพ ไอเท็มชิ้นเด็ดที่นิตยสารแฟชั่นอย่าง LIPS ได้คัดสรรมา KANEBO LUNASOL Colorful Sky Eyes (฿1,780) อายแชโดว์สีสดใสด้วยสีชมพูอมส้ม ใช้ง่าย ใช้ได้ทุกโอกาส LIPS จึงยกให้เป็นไอเท็มที่สาวๆควรค่าแก่การครอบครองค่ะ",positive,1
1540,1540,อยากกินอ่ะหมู 😣😣😣,positive,1
1541,1541,จัดๆไ555,positive,1
1542,1542,สะพานไม่นับรวมทางขึ้นลง งงบักคัก 😢,negative,0
1543,1543,เงิบจริง อย่างเปรี้ยววววว,negative,0
1544,1544,เค หาวันไป,positive,1
1545,1545,อยากปิ้งย่างเกาหลี ไม่เกาก็ได้ อยากปิ้งย่าง แต่ไม่เอาบาบิก้อนไม่สะใจ เรื่องมากจังวะ,negative,0
1546,1546,ต้องไปคูหากาไม่เลือกเหี้ยสัดสักตัวเด๋วพวกแม่งก็อยุ่ม่ดั้ยเอาแม่งทุกพรรคอะเหี้ยๆทั้งนั้น,negative,0
1547,1547,6. Multi finish powder ของ skinfood อันนี้ใช้ตอนช่วงหน้าพัง โอเคใช้แล้วสิวอักเสบไรงี้หายแต่สิวผดเพิ่มเพราะมันเป็นแ…,negative,0
1548,1548,สเมอนอฟทำพิษไง วันเเรกก็สนุกๆ เเต่วันสุดท้ายนี้ดิ มั่วมาก เกือบลืมเลย บอกกว่าถ้ากินไม่ไหวกินให้เเต่ไม่ใช่เเบบนั้น…,negative,0
1549,1549,งดบาบีก้อน จนกว่าจะทำใจได้ ...,negative,0
1550,1550,รีโว่ตอนเดียว A4 ให้ระบบไฟฟ้ามาเเล้วครับผม ทั้งกระจกข้าง กระจกมองหลัง กุญแจรีโมท 😄,positive,1
1551,1551,Friendships everywhere! มิตรภาพ หน้าปากกระบอกปืน เป้ายิง..ทหารไทยและทหารสหรัฐอเมริกา ฝึกทักษะพลแม่นปืน (Basic rifle skills and markmanship) เพื่อแลกเปลี่ยนเทคนิคในการใช้อาวุธแต่ละชนิด เพื่อความแม่นยำต่อเป้าหมายในสภาวะที่มีลมและแสงแดดเป็นอุปสรรค,positive,1
1552,1552,ปรับปรุงเรื่อง พนง. และการเตรียมของก่อนเถอะ,negative,0
1553,1553,สีจะแพงกว่าค่ากิน5556,negative,0
1554,1554,วันนี้ม่เหนน้ำจิ้มแจ่วเรยค่ะแอด,negative,0
1555,1555,ถ้า 60 จิง ผมว่า hoegarden มีตาย 55,negative,0
1556,1556,พี่ก้อนน่ารักมาก ยิ้มตลอดทาง กำลังใจและคู่คิดของกันและกันแท้ๆ,positive,1
1557,1557,ตลกแล้วไอ้หมูเลี้ยงน้องดิๆๆๆ555555,positive,1
1558,1558,อ่อผมไปกินเบียร์ช้างแล้วได้มาค้าบ. คงเป็นโปรของทางร้าน,positive,1
1559,1559,มันหายกันได้ด้วย พนง เทพ มาก,negative,0
1560,1560,ปะ!!!!,positive,1
1561,1561,จัดให้โหมดดดด,positive,1
1562,1562,รุ่นธรรมดาไม่ขาย เราจะขายแต่รุ่นทอปๆ นิสสันแถวบ้าน,negative,0
1563,1563,ชอบเกี๊ยวซ่าอ่ะก้อน อร่อยดี,positive,1
1564,1564,บางสาขามีบางสาขาหมดเร็วเกิน,negative,0
1565,1565,ทำมาขายเมื่อไหร่คะ รอๆ #ทีมต่างจังหวัด #ทีมดื่มน้ำสิงห์,positive,1
1566,1566,แดกเบียร์ช้างทีไรเป็นอ้วกเมาค้างทุกที,negative,0
1567,1567,หนวดน่ากินนมากค่าาาาา,positive,1
1568,1568,จิง จะอ้างแบบของหมด,negative,0
1569,1569,หาคนอย่างนี้ยาก มีแต่มันอวดรวย แต่ไมเคยช่วยสังคมเลย ที่เรารู้มาพนักงานของเขา สวัสดิการ เยี่ยมมาก ทุกวันนี้ถ้าเราอยากกินเบียร์ต้อง LEO ยี่ข้อเดียวจริงๆครับ,negative,0
1570,1570,ส่วนผลิตภัณฑ์ทำความสะอาดผิวหน้า ขอแนะนำเป็น OLAY White Radiance Brightening Foaming Cleanser ที่ช่วยขจัดคราบเครื่องสำอาง น้ำมันส่วนเกิน และสิ่งสกปรกจากมลภาวะที่เผชิญในแต่ละวันได้อย่างสะอาดหมดจด รวมถึงเซลล์ผิวที่ตายแล้ว เผยผิวสดชื่นกระจ่างใส พร้อมผสานคุณค่าไวท์เทนนิ่งเพื่อช่วยเผยผิวดูขาวกระจ่างใส รู้สึกได้ตั้งแต่ครั้งแรกที่ใช้ ด้วยฟองโฟมที่ทำความสะอาดได้ล้ำลึก โดยไม่ทำให้ผิวแห้งตึงค่ะ,positive,1
1571,1571,กะบะมาสด้าออกแบบไมสวยไม่ว่ารุ่นไหนไม่ค่อยโดนถ้าเทียบกับยี่ห้ออื่นส่วนรถเก๋งสวยยุ..,negative,0
1572,1572,555แต่ดูคอมเม้นแล้วไม่น่าไปกินเลย,negative,0
1573,1573,ตอนไปรายการโรงเรียนแอคติ้ง มีคนบอกน้ำใช้ออริจินส์สีส้ม ไปซื้อตาม ไม่มีผลกับหนังหน้าเลยยย,negative,0
1574,1574,ราคานี้ กินแบบบุฟเฟ่เถอะ 5555,negative,0
1575,1575,แล้วเสน่ห์อย่างนึงของ jo malone คือมัน combine กลิ่นกันได้ เราเลยจะได้กลิ่นที่เป็นเฉพาะตัวของตัวเอง ดีมากค่ะ ดีทุกอย่างนกเว้นราคาค่ะ ฮลึก,negative,0
1576,1576,ต้องไปแล้ววันพ่อนี้,positive,1
1577,1577,ถามว่านี่ใช้นีเวียมั้ย ก็ไม่,negative,0
1578,1578,แถวบ้านผมร้านโชว์ห่วยมีอยู่10กว่าร้านแต่มีขายอยู่ร้านเด่วแล้วเค้าก็บอกว่ามีผมซื้ออยู่คนเดียวด้วย555 ร้านโชว์ห่วยมีขายแต่ขวดใหญ่ ส่วนเซเว่นขายแค่กระป๋องกับขวดเล็ก ไม่มีขวดใหญ่....ผมกินจนกินลีโอรสชาติแปลกไปล่ะ😅,negative,0
1579,1579,โดนมานุดป้าแซงคิวแท็กซี่ อีควาย,negative,0
1580,1580,เวลาพนักงานแบงค์โทรมาขายประกัน บางอันมันน่าสนใจ แต่พอขอรายละเอียดทางอีเมล หรือโบชัวร์มาอ่านก่อน ทำไม่เขาไม่มีให้แล้วขอตัดจบเลย อันนี้ผมไม่เข้าใจจริง,negative,0
1581,1581,นิสสันเปลี่ยนเกียร์ง่ายกว่าโตโยต้ามากเวอร์,negative,0
1582,1582,พี่โบว์ๆๆๆๆ,positive,1
1583,1583,ช่วงท้าย ยืดกันชนมาคลุมล้ออะไหล่ จะดีมากครับ ขับรถตามตูดฟอร์จูนเนอร์ ดูท้ายเหมือนงานไม่เรียบร้อย,negative,0
1584,1584,เหลือสาขาไหนมั่งนิไดโดเรม่อน,positive,1
1585,1585,ตอนนี้เต้นไหนมีรถพร้อมออกบ้างครับขอซีวิค el สีเงิน ติดต่อมาหน่อย เอา23นี้ครับ ไฟแนนซ์ผ่านแล้ว ขอเต้นแถวกทม.,positive,1
1586,1586,สิงห์กินเท่าไหร่ก็ไม่เมา,negative,0
1587,1587,หรือชัยนาทมีป่าวหว่า,positive,1
1588,1588,ไฟรถฟอจูนเนอร์ควรเป็นปัญหาระดับชาติอ่ะ,negative,0
1589,1589,อยากกินบาบีกอนนนนนน,positive,1
1590,1590,ไม่คิดว่าจะเป็นปจด.เยอะขนาดนี้นะ ผ้าอนามัยแบบกลางคืน30เซนก็เอาไม่อยู่อ่ะ โห่ #อะไรคือตี4กุต้องลุกมาเปลี่ยนผ้าอนามัย,negative,0
1591,1591,พรุ่งนี้จะไปกินฮอตพอตจะไปแม่งตั้งแต่เที่ยงเลย ☹️☹️☹️☹️,negative,0
1592,1592,Honda ประกอบรถห่วยแตก รถราคา 1.89 ล้าน accord hybrid เสียงก๊อกๆแก๊กๆ ตึงตังๆ รอบคัน แถมช่างก็แก้ไม่หาย Qc กากมาก คันสุดท้ายแล้วคับ honda,negative,0
1593,1593,นี้คือ อาการแพ้ หงษ์ทอง จนอายุ 26 ปี พึ่งจะมามีอาการ ?? กินแค่ แก้ว สองแก้วเองนะ ##ผื่นคันแดงตรงหน้าอก,negative,0
1594,1594,สวยงามจีๆ,positive,1
1595,1595,กินช้างจนเบื่อข้อยอยากลองลีโอ,negative,0
1596,1596,วันที่25มีนาคม ปิดรับแล้วนะคะ ไปร่วมสนุกกันเยอะๆ รับ 500คนนะคะ ตอนนี้คนเล่นน้อยมากๆอยากให้ไปหา N. Flying กันเยอะๆค่…,negative,0
1597,1597,อย่าไปซื้อแดกครับ เมาชิบหาย,negative,0
1598,1598,ไมาเหมือนที่ไปกินเลย บางเบา,negative,0
1599,1599,เมื่อไหร่จะเก็บภาษีสำนักงานทรัพย์สิน ภาษีที่ดิน กล้าเปล่า ชาวบ้านจะได้มีที่ดินเป็นของตัวเองบ้าง,negative,0
1600,1600,ประตูรถ Civic 2017 มีเสียง ขอคำแนะนำและวิธีแก้ไขหน่อยครับ #ซ่อมบำรุงรถยนต์,negative,0
1601,1601,"Nissan เป็นค่ายที่ออกแบบ ได้สะเปะสะปะมาก ไม่มี Brand Identity หรือ thyme, Direction แต่ละรุ่นไปคนละทิศละทาง ยิ่งชื่อรุ่น มั่วมาก ดูเผิน ไม่บอก Segment ของรถเลย ว่ารถหรู รถครอบครัว ตอน Almera กับ Slyphy ออก ก็แยก segment ไม่ออก ยิ่ง Juke ไปคนละทางเลย กับการออกแบบโดยรวมของค่าย",negative,0
1602,1602,พื้นที่การนั่งตรงเบาะหลังของ #Toyota #CHR ถือว่าด้อยกว่า HR-V แต่ดีกว่าของ CX-3 แต่วัสดุตรงส่วนนี้พลาสติก เป็นรอยง่าย ดูแล้วไม่สมราคารถหลักล้านเท่าไหร่,negative,0
1603,1603,ไปกินมาเมื่อวานที่เซนทรัลเชียงราย ก้อเปนแบบนี้ค่ะ บางมาก,negative,0
1604,1604,ไปทานมาแรวจ้า อร่อยมาก,positive,1
1605,1605,สู้ๆครับลูกพี่,positive,1
1606,1606,รูปไม่ตรงปกค่ะ,negative,0
1607,1607,หาแดกกับทุนอำนาจเก่า ได้สิทธิพิเศษจากไอ้เปรม แก้กฏหมาย ได้โควต้าพิเศษมาเยอะ นี่จะได้ทำรถไฟฟ้าสายสีทอง รถไฟความเร็วสูง สื่อเหี้ยๆก็ได้เงินโฆษณาปิดปาก ยกประเทศให้แม่งไปแบ่งกับไอ้เบียร์ช้างเหอะ,negative,0
1608,1608,ขับง่ายกว่าวีออสเยอะเลย,negative,0
1609,1609,สาวๆไม่มีไม่ได้นะคะ หาซื้อได้แล้วที่เคาน์เตอร์ 4U2 ทุกสาขาค่า,positive,1
1610,1610,พอกินอาหารทำเองบ่อยมากๆ เข้า ก็เพิ่งรู้สึกว่าเอ็มเคนี่เค็มแฮะ,negative,0
1611,1611,ข่าวบาร์บีก้อนทำนี่จะอ้วกทุกรอบ,negative,0
1612,1612,ง่วงนอนเฉยๆกูไม่ได้กินเหล้านะ555 ขนาดแค่สปายกูยังไม่แตะเลยอยากลองจะตายละ,negative,0
1613,1613,พี่เขยผมจะเอารีโว่แต่ไม่ผ่านแนน เลยเอาดีแมกแทน,negative,0
1614,1614,โอโหไอตัวแจ้งเตือนค้างค่าเน็ตมันจะเด้งอะไรนักหนา เด้งเตือนทุกครั้งที่เข้าเว็ป เตือนทุก30นาทีประสาทจะแดก ยกเลิกได้ไหมรำคาญ หนือไม่เอาบิลมาจ่ายล่วงหน้าได้ปะ บิลยังไม่ถึงวันที่ต้องจ่ายค่าเน็ตเลย เด้งเตือนก่อนและ และพอมันเด้งเตือนคนกำลังทำงานเว็ปเด้งเตือนโปรแกมก้เข้าไม่ได้ ทำงานก็เด้งออก ยกเลิกได้ไหม,negative,0
1615,1615,อาหารครบป่าวคะ ไปวันพุธทีไรของจะไม่เหมือนวันอื่นที่ไม่ได้ลดตลอด,negative,0
1616,1616,เอาบาบีก้อนภูเก็ตคืนมา,negative,0
1617,1617,ไว้สิ้นปี ทำกินที่บ้านเถอะ 555,negative,0
1618,1618,ชอบสูตร Biore Perfect Cleansing Water Acne Care เพราะช่วยลดการสะสมของแบคทีเรีย ลดปัญหาการเกิดสิว เหมาะกับผิวบอบบาง เช่นเรา,positive,1
1619,1619,ที่ร้านใช้มิโซะขาว ให้รสชาติออกเปรี้ยวหน่อยๆ แต่ส่วนตัวชอบ มิโซะแดงมากกว่า ที่มีรสชาตเค็มนำ ไม่เปรี้ยวเท่าไร,positive,1
1620,1620,มาสด้าติดอยู่ข้อเดียว ห้องผู้โดยสารข้างหลังแคบมาก,negative,0
1621,1621,นึกภาพ mod ตัวแพงๆ โดนตอกเลขทะเบียนแบบปืนหรือวิทยุสื่อสารแล้วสยองครับ,negative,0
1622,1622,เย้ย น่ารักมาก อยากขึ้นแท็กซี่คันนี้,positive,1
1623,1623,อยากแดก55,positive,1
1624,1624,กูแพ้คิงแล้วไม่รู้จะขายอะไรเลยจะมาช่วยแบคแมคขายไก่ผสมนกอะไรของมันนี่แหละราคาไม่รู้แดกได้เชื่อกูมากสุดก็ท้องเสีย,negative,0
1625,1625,ชอบ Honda Civic เพราะมันคล่องตัวและกว้างเหมาะกับการใช้งาน Eveeve Eve แกไปดูกะชั้นนะ #ฮอนด้าที่รัก #EnjoyHondaThailand,positive,1
1626,1626,ต้องจัด,positive,1
1627,1627,กี่โปร ... กี่โปร ก็ยังไปไม่ถึง,negative,0
1628,1628,นี่มันไม่ใช่แค่ระแวงพยาธิในหมูบาร์บีกอนแล้ว แต่นี่ระแวงนานาทุกชนิดหมูที่ต้องไปแดกพวกปิ๊งย่างชาบูงี้ แงงงง 😭😭😭😭😭,negative,0
1629,1629,แพงเบาๆแหะ,negative,0
1630,1630,กินดีครับแบล็คเลเบิ้ลหรือครับ,positive,1
1631,1631,กินไม่เปนเอมคงเอมเค😅,negative,0
1632,1632,นี่เคยซื้อลิป the face shop มาอันนึง แพ้ แสบปากไปหมด ฮรึก กัว,negative,0
1633,1633,วันไหนน นัดมาลุยยย,positive,1
1634,1634,ไม่ค่อยเจอป๋องม่วงเลย,negative,0
1635,1635,อุตส่าห์จะไปลองดมโจมาโลน เสือกแพ้น้ำหอมขึ้นมาอีก จามไม่หยุด เออ ออกมาก็ได้!!,negative,0
1636,1636,ถ้าชอบระบบความปลอดภัย แต่ไม่ไฮบริด เลือก CX-3 ถ้าชอบเครื่องแรงหน่อย แต่ไม่เอารถจีน เลือก H-RV ถ้าชอบทรงสวยขับง่าย แต่ไม่เน้นนั่งหลัง เลือก C-HR รอดู XV ท่าทางเปิดมาแพงกว่าพวกนี้นะ,negative,0
1637,1637,จ่ายค่าบริการแล้ว ก็ยังระงับสัญญาน ไม่เปิดให้ พอโทรไป Call center ก็ไม่ให้คุยกับเจ้าหน้าที่ เพราะบอกมียอดค้าง 600 กว่าบาท ซึ่งยอดนั้นครบกำหนดจ่าย 6 ธันวา เลยจะแชทกับเจ้าหน้าที่ผ่านทรูแคร์ รอคิวปาไปเกือบ 2 ชั่วโมง คราวนี้เคลียจบคงต้องย้ายค่ายจริงจังละ,negative,0
1638,1638,อยากกินเอ็มเค อีดอกหิว,positive,1
1639,1639,บาคาดี้รัมอะไร เผชชิบหาย,negative,0
1640,1640,เสียดายที่ภูเก็ตปิดไปแล้ว,negative,0
1641,1641,สาขาแถวที่บ้าน ไม่ค่อยเติมซูชิ หน้าซาลม่อน ให้รอจนอิ่มกว่าจะเติมที สาขาอุตรดิตถ์,negative,0
1642,1642,กูได้แสงโสมจริงด้วย อีเหี้ยยย😂,negative,0
1643,1643,สุดๆไปเลย ตอนนี้มันส์สุดๆไปเลยจริงๆ ในงาน kulov max 7 presents onyx aquafest 2018 รีบมากัน ทุกๆคน เพราะความสนุกนี้มีถึงแค่วันที่ 16 เมษา หากพลาดต้องรอไปอีก 1 ปี เสียดายแย่ บอกเลยยยย#kuเลิฟ #kuเลิฟsongkranonyx #kuเลิฟสงกรานต์ #kulovmax7,negative,0
1644,1644,บีหนึ่งเรียกบีสอง,positive,1
1645,1645,อันนี้เหนด้วยคะ เราไปกินเมื่อวาน ปกติเราสั่งแบบธรรมดาก็คุ้มและอิ่มนะ ชุดตอกไข่ก็ได้เยอะ แต่ชุดชีสนี้บอกเลยไม่คุ้มคะ น้อยมาก จนเราต้องชุดผักกับหมูสไลด์ มาอีกชุด นี้คือตอนแรกสั่ง ชุดชีสเป็ด1จาน หมี่หยก 2 และสั่งลูกชิ้นเพิ่มแล้วนะ ไม่คุ้มบอกเลย 😣😣,negative,0
1646,1646,BBQ PLAZA โคตรเหี้ย บอกว่าไม่มีพยาธินะ แต่ในผลตรวจบอกว่าเนื้อติดเชื้อ ไหนจะเรื่องคนเจอะแมลงสาปออีก,negative,0
1647,1647,หมดผโค้วต้าเดือนมีนาแล้วค่า,negative,0
1648,1648,สีใหม่มาแล้วววจาก canmake คือดีงามมมมม 💕 Cr.Ulzzang/ admin,positive,1
1649,1649,ทำไมลิปเมเบอลีนไม่ถูกงี้น้ะ ถอยมาแต่ละแท่งน้ำตาชั้นจะไหล,negative,0
1650,1650,ยังไม่หายไข้เลยย,positive,1
1651,1651,ได้ถุงผ้าแถมมาด้วยค่ะ ขอบคุณค่ะ,positive,1
1652,1652,ลิป YSL สีสวย แต่กลิ่นแรงไปเลยยอมแพ้ละ,negative,0
1653,1653,เห็นด้วยย่างไปย่างมาหดบาง มากๆอ่ะ 55 ไม่รุ้จะบางไปไหน55คุ้มมั้ยเนี่ย จ่ายเท่ารัยจะอิ่มเนี่ย ให้ชิ้นมันหนาๆน่อยมะได้หรือ,negative,0
1654,1654,พี่ยอร์ชต้องสัก3-4ชุดถึงจะอิ่มอ่ะ55555,positive,1
1655,1655,555กูก้ออยากกิน,positive,1
1656,1656,มาห้างโชว์ดีซีครั้งแรก เงียบเหงามาก เปิดเต็มตัวชุดใหญ่ไฟกระพริบเดือนเมษา ไว้ค่อยมาใหม่อีกที,negative,0
1657,1657,คุณลุงคนขับแท็กซี่ ทำฉันหัวร้อน!!!!,negative,0
1658,1658,อยากได้ไม้กายของนิวท์สคา แต่แพงมาก กินบุฟเฟต์บาบีกอนได้ตั้งสามมื้อ ฮือออ,negative,0
1659,1659,กินบาบีก้อนจนเบื่อแล้ว😑,negative,0
1660,1660,กินครั้งเดียวสันยาไม่กินอีก,negative,0
1661,1661,shuttle bus ไป show dc ออกจาก ท่าไป4-5เมตร วิ่งตามไปไม่มีคนในรถสักคน โบกมือ ไม่รับ ..... แง๊งงงง ฟรีก็แบบนี้แหละนะ //😹😹😹,negative,0
1662,1662,โอ้โหหหหห เสียใจ เอ็มเคไม่ทำดอกไม้แล้ว ㅠㅠ,negative,0
1663,1663,#ชาบู #ช้างคลาสสิค,positive,1
1664,1664,เสียงเบาจริงครับ หาหูฟังมาใส่ ดีขึ้นครับ,negative,0
1665,1665,จะกินหรอจ๊ะ,positive,1
1666,1666,นี่ชอบกินช้างไม่ก็สิงฆ์อ่ะ,negative,0
1667,1667,ชอบ Honda Civic มานานแล้วครับดีไซน์สวยรูปลักษณ์โดดเด่น ดูด Sport เร้าใจ,positive,1
1668,1668,เนตเป็นห่าไรวะหลุดๆมาๆ2วันละเบื่อชิบหาย,negative,0
1669,1669,เดี๋ยวจะหาว่าแรงโม้อย่างเดียว บริโอ้เครื่อง 1200 ภาพสั่นไปหน่อย เพราะแฟนถ่ายเอง,positive,1
1670,1670,กินกันไหม๊,positive,1
1671,1671,สนใจรุ่น X-Trail รบกวนของราคา กับโปรโมชั่นด้วยคะ ขอบคุณคะ,positive,1
1672,1672,โอ้ยยยย แล้วชาติไหนกุถึงจะได้กินร่ะ555,negative,0
1673,1673,ก้อนและน้องๆพนักงานยินดีให้บริการคร้าบ <3,positive,1
1674,1674,จุกอก กันไป กลืนไม่เข้าคายไม่ออก,negative,0
1675,1675,อร่อย อิ่ม ครบรส ที่ mk เท่านั้นคราบบ,positive,1
1676,1676,ไม่ดูละคร ไม่กินลีโอ ไม่ซื้อของสหพัฒ ไม่เข้า7-11 ไม่ชื้อของLotus แบนเป็นบริษัทไปเลย,negative,0
1677,1677,เดินออกมาซื้อของคนเดียวมีคนมาขอบุหรี่ดูดซะงั้น 2ครั้งละตั้งแต่มา ถ้ามีบุหรี่ปกตินี่ให้ไปละ แต่นี่มาดูดiqosนานละ #โหดสัสรัสเซีย,negative,0
1678,1678,ไปซื้อ 10ชิ้นก็ไม่เห็นลดงงใจ 😔,negative,0
1679,1679,แม่งเอ้ยยยยยสาบานว่าจะไม่กรอกแสงโสมเข้าปากอีก,negative,0
1680,1680,ต้องไปกินเนอะ😂,positive,1
1681,1681,จากใจเลยนะ วีโก้ บ้าพลัง กับ ดีแม็กซ์ ดันราง จบ!,negative,0
1682,1682,รีฟิลปีนี้มาช้ามากกกกกกกกกก,negative,0
1683,1683,อ๋อคร้า,negative,0
1684,1684,อยากกิน5555,positive,1
1685,1685,แสงโสง หงษ์ทอง เบน เรด แบล็ค ชีวาส,positive,1
1686,1686,หนาวเนื้อ...ย่างบาบีก้อนจึงหายหนาวววว,positive,1
1687,1687,ช้างจาก 65 เป็น 118฿ ต้องแดกเหล้าขาวละมั้ง,negative,0
1688,1688,นัง Viu นังผี แคสจากแอพใน iPhone ไป Chromcast ไม่ได้ ตัดเกรดให้ D-,negative,0
1689,1689,ผิดหวังกะเอ็มเค รอบก่อนชาชีส ละลายรวมกันมาเลย 5555,negative,0
1690,1690,ต้องจัดๆ,positive,1
1691,1691,ไม่ล็อคเบรคมือแต่รถฟอร์จูนเนอร์จอดตรงหลุม กุสิบคนก็เข็นไม่ไป อิเหี้ย ทำไมไม่จอดที่ว่าง อิสั๊ส,negative,0
1692,1692,พากุไปมั้ง,positive,1
1693,1693,ดื่มครั้งแรกได้วอดก้ากับabsolute โดยที่พี่เต๊ะชงให้กับมือ😂 แต่ไม่โอกะabsoluteอ่ะ รสชาติแย่สึส,negative,0
1694,1694,คนไม่รู้คือไม่ผิด แต่ที่ฝาเค้ามีเขียนบอกอยู่ว่าห้ามเปิดเวลาร้อน แร้วดูจากอาการแร้วรถอาการหนักอยู่ น้ำดันขนาดนั้น ฮอนด้าชอบเจอปันหานี้ มาขับกระบะดีกว่าน้ำไม่ดัน ดันแต่ราง 555🤣,negative,0
1695,1695,ขอบาย หมดพิซซ่าไป เกือบ500 😢😢😢😢,negative,0
1696,1696,อินนิสฟรีกูไม่ซื้อเเล้ว,negative,0
1697,1697,ปกติจะไม่งัดมาส์คใต้ตาของชิเซโด้มาใช้เพราะแม่งแพง แต่ใต้ตากุตอนนี้ดำยิ่งกว่าตีน ไม่ไหวแล้ว,negative,0
1698,1698,เตือนภัยๆๆๆ ตอนนี้กำลังสะพรึงกันมากที่เกาหลีเรื่องผ้าอนามัยยี่ห้อดังที่คนใช้กันเยอะมากเพราะชอบ1+1 กำลังโดนแหกว่ามีผลข้างเคียงกับน้อง อีเว้งง,negative,0
1699,1699,ไม่ได้ทานสเมอร์นอฟซะนาน นานจนลืมไปว่าตัวเองทานไม่ได้ เช้าขึ้นมาคือบับ🤢 ฮือออ,negative,0
1700,1700,ดาว0%ต้องมีเงื่อนไขอะไรบ้างครับผมอยากได้ฟอร์จูนเนอร์,positive,1
1701,1701,Altis ผลิตรถไม่ทันครับผมสั่งไปยังไม่ได้รถครับ,negative,0
1702,1702,ใช่ๆๆ กะทะดำไม่ดีเลย ไม่อร่อยด้วย #บางห้างยังเป็นกะทะทองเหลืองอยู่ต้องยอมที่นั่น,negative,0
1703,1703,ยืดดด,positive,1
1704,1704,แบบนี้ต้องจัดยกเซ็ทไปเลยคร้าบ :):),positive,1
1705,1705,กูจะเลิกกินไฮเนเก้นก็เพราะคลิปนี้แหละ🙈🙈🙈,negative,0
1706,1706,ผมนำรถมาซ่อมมอเตอร์กระจกที่ ศูนย์ #มาสด้าอุบลพิจิตรเพชรมอเตอร์คาร์ ตั้งแต่วันอังคารที่ 16 มกราคม 61 ช่างทำ console ผมแตกแต่ไม่บอกผมเลยซักคำ พึ่งสังเกตเห็นตอนจะขับรถกลับ😢 ถ้าขอโทษซักคำจะไม่ว่าอะไรเลยครับ ผ่านมา 6 วันเรื่องเงียบ ไม่มีการแสดงความรับผิดชอบใดๆ รู้สึกผิดหวังครับ ต่อไปคงไม่กล้ามาใช้บริการอีกแล้วครับ,negative,0
1707,1707,อย่างนี้ต้องนีเวียจ้า,positive,1
1708,1708,ลดหุ่นยุ่,negative,0
1709,1709,ปวดหัวชิปหาย ก้อาจจะเปนบางคนมั้ง,negative,0
1710,1710,อร่อยมากค่ะ,positive,1
1711,1711,มาร์คหน้าแอปเปิ้ลโทนี่โมลี่ในตำนาน ใครเคยสิงในพันทิปโต๊ะเครื่องแป้งต้องคุ้น ใช้แล้วหน้าขาวใสผ่องจริง แต่ถ้าเรื่องคว…,negative,0
1712,1712,ไม่ทันแหละวันนี้,positive,1
1713,1713,ใช้มาสด้า 2... มา 2 คันล่ะ บอกเลย รถแรง หนึบ ตัวใหม่นี่ ประหยัดนำ้มันฝุดๆ... แต่ล่าสุด อะไหล่รอนานมาก รอจนลืม.... กระจกมองข้างเสีย สั่งอะไหล่ เกือบ1เดือน 😆😆😆 #ช่างบางศูนย์ เด่วนี้ ง่อยแดกมาก ไม่ค่อยรู้เรื่องเลย... #ชอบบอกส่าบูกค้าคิดไปเอง🙄,negative,0
1714,1714,โอ้ย จะร้องไห้ ไปซื้อ NYX ที่สยามวันนี้ละคือซื้อแปรงมาด้วยอันนึง รวมของสามชิ้น ตอนคิดตังค์ก็ปกติ นี่ก็รับถุงมา ชะล่…,negative,0
1715,1715,ตังไม่มี. 😭😭😭,negative,0
1716,1716,กูจะลดความอ้วน อีดอก,negative,0
1717,1717,รถกระบะนิสสันนาวาราดีไซน์สปอร์ต สวยงามมาก,positive,1
1718,1718,พน.ไปกินกันเถอะ,positive,1
1719,1719,กูเกลียดดด Smirnoff,negative,0
1720,1720,สู้กับซีวิคได้เลย,positive,1
1721,1721,แพงไปกินชาบูดีกว่าไหม,negative,0
1722,1722,สรุป เมื่อคืน กินไปสามอย่าง รีเจน หงษ์ แสงโสม เช้านี้ มึนหัวซัสๆ,negative,0
1723,1723,รำคาญผ้าอนามัยสัส มึงจะงกกาวไปไหน เหี้ย,negative,0
1724,1724,สวัสดีครับ ผมกำลังรอรับรถ mazda 2 sk.g 1.3 ช่วยแนะนำข้อดี ข้อเสีย ข้อควรระวังของรถรุ้นนี้หน่อยครับ แนะนำการใช้งานรถใหม่ด้วยยิ่งดีเลยครับ,negative,0
1725,1725,ปวดใจจัง ลิ้งกับจอ civic ไม่ได้ อิอิแล้วคือบอกให้วางมือถือเวลาขึ้นรถ ให้ชำเลืองดูแมพงี้เรอะ,negative,0
1726,1726,ไม่ไม่สูบบ่รี่นะ แต่ชอบกลิ่นหอมดี ไม่กวน คนรอบข้าง,positive,1
1727,1727,ถ้าทำประตูเปิดเหมือนRX8 เจ้า CHR จะเป็นผู้บุกเบิกรถทรงนี้อย่างเต็มตัว..เพราะมันจะเข้ากับบุคลิกรถแคปทึบสปอร์ต..น่าเสียดาย,negative,0
1728,1728,ค้ะ,positive,1
1729,1729,ห้องมีกลิ่นบุหรี่ ไม่ปรับปรุงทาสีใหม่ โรงแรมติดต่อกับอโกด้าไม่สะดวก ต้องคุยกันเรื่องการจองผ่านเว็บหลายครั้ง,negative,0
1730,1730,คือทำไม sephora us ต้องไม่รับบัตรไทยกุงง กุผิดอัลไลลล มึงเอาตังกุไปเถอะะ กุอยากได้ของงงง ชาตินี้ที่ไทยแม่งก้ไม่เอามาขายยุดี ฮือออออออ,negative,0
1731,1731,กินเท่าไรก็ไม่เบื่อ,positive,1
1732,1732,😁😁,positive,1
1733,1733,ช็อคที่ 1 Benz ขึ้นอันดับ 5 ชนะ มิตซู นิสสัน ฟอร์ด ช็อค 2 MG มาแรงมาก ช็อค 3 เข้าไปดู BMW ติดที่ 11 ปล chev หายสาบสูญ อันนี้ไม่ช็อค,negative,0
1734,1734,พี่ไทยก็แบบนี้แหละครับ เป็นมันเกือบทุกค่าย ยิ่งนิสสันประเทศไทยนะช้ากว่าเกือบทุกแบรนด์ในประเทศเลย,negative,0
1735,1735,เบียร์ยูมันหวานจนอ้วกอะ แฮงค์มากด้วย,negative,0
1736,1736,เลี้ยงหน่อย หิว,positive,1
1737,1737,เปลี่ยนสปริงวาล์ว Mazda 2 skyactiv 1.5D กับของแถมที่ไม่อยากได้?,negative,0
1738,1738,เพื่อนคู่คิดมิตรคู่หน้าจริงๆปกติจะใช้การ์นิเย่ เอจเลส ไวท์ทั้งเดย์ครีมและไนท์ครีมใช้มาตั้งแต่เป็นปีๆล่ะคนอายุ30กว่านี่แนะนำเลย ของเค้าดีจริงๆ แต่ว่าช่วงนี้มาใช้ตัวสีเหลืองไลท์คอมพรีทค่ะ แบบคิดเองเออเองว่าใช้เอจเลส ไวท์มาหลายปีล่ะ ลองพักหน้าใช้สูตรอื่นบ้างดีกว่า555555 สูตรนี้ใช้แล้วหน้าก็ขาวใสดีค่ะ แต่คิดว่าพอหมดกระปุกนี้จะกลับไปใช้เอจเลส ไวท์เหมือนเดิมเพราะคิดว่าเหมาะกับผิวหน้าวัยใกล้40อย่างเรามากกว่า อ้ออันที่ขาดไม่ได้เลยจริงๆก็กันแดด ต้องใช้ตลอด ส่วนไมเซล่านี่ใช้เป็นบางครั้งเพราะไม่ค่อยได้แต่งหน้า,positive,1
1739,1739,ไม่เห็นดอยสุเทพแล้วมั้งนั่น,negative,0
1740,1740,อากาศแบบนี้ต้องนั่งจิบเบียร์ เเล้วเปิดเพลงเบาๆ,positive,1
1741,1741,ลุงจำไม่ได้จริงๆหรอว่า #dek62 ต้องเลื่อนสอบเพราะวันเลือกตั้ง แล้วลุงก็มาหน้าด้านบอกว่าไม่เคยประกาศ ลุงจะเอางี้จริงหรอลุง จะด่าว่าเหี้ยก็สงสารเหี้ย #เลื่อนแม่มึงสิ #เลือกตั้ง,negative,0
1742,1742,เมื่อไหร่จะจำว่าแพ้โซฟี ฮึก,negative,0
1743,1743,อีกตั้งนานนน ค่อยหาเนอะ,positive,1
1744,1744,เซนทรัลราม2มีมั้ยค่ะ,positive,1
1745,1745,ขออนุญาตชี้เป้านะคะ Dior Malaysia ราคาถูกกว่าที่ไทยหลายบาทเลย,positive,1
1746,1746,แค่อเมร่ากว้างกว่าแจ๊ส,negative,0
1747,1747,ทีบุหรี่ไฟฟ้านิลากเอาลากเอา,negative,0
1748,1748,ปะเทศไทยมันโงพวกโง่เลือกมา,negative,0
1749,1749,อยากกินบาบีก้อน 555,positive,1
1750,1750,แง บาบีก้อนนนนนนนนนนนนน ถ้ามีไข่พยาธิน้องไม่โอเคคคคคคคคคคคคค,negative,0
1751,1751,สวัสดีครับเฮียมาร์ค มีเรื่องเล่าแชร์จากประสบการณ์วันที่22ตุลาคม2560 ผมยอมรับนะครับที่ผมผิดเพราะผมดื่มเบียร์ช้าง1กระป๋องและขับรถเข้าบ้านพักแต่ก่อนจะเข้าบ้านมีด่านตรวจแอลกอฮอร์ผมเป่าแล้วค่าแอลกอฮอร์ขึ้นมาที่#52มิลลิ กรัม.เกินมา2มิลลิกรัมแต่สิ่งที่ตำรวจผิดกับผมคือ คนที่เมาจริงๆค่าแอลกอฮอร์ขึ้น200-300มันไม่จับครับ เพราะมันเรียกหลักหมื่นมันบอกผมว่าต่ำกว่าหมื่นไม่ต้องคุยกันวันนี้ผมเลยยอมมาขึ้นศาลดีกว่าแค่4000บาทดีกว่าเสียเงินให้มัน สรุปมีแค่ผมกับน้องคนหนึ่งที่โดนส่วนคนอื่นๆ20กว่าคนรอดตัวเพราะมีเงินจ่ายในมุมมืดๆ..สังคมคนจนอยู่ลำบากอย่างเฮียว่าจริงๆครับ #สิ่งที่น่ากลัวกว่าที่ผมผิดคือ ผู้กองที่ตั้งด่านเพิ่งอายุไม่ถึง30 ลองคิดดูนะครับกว่าจะเกษียนมันมีเวลาโกงบ้านโกงเมืองไทยอีกมากโขเลย555 ดั่งคำขวัญที่ว่าตำรวจคือที่พึ่งของประชาชนจริงๆ ตำรวจกำลังทำดีเพื่อพ่อจริงๆครับ ถ.ราชพฤกษ์ตัดใหม่ สน.บางเสาธง,negative,0
1752,1752,ค่อยว่ากัน,positive,1
1753,1753,#ยุบพรรค #ไทยรักษาชาติ คดีคืบหน้าไวมากเลยนะครับ ส่วนคดีซื้อโต๊ะจีน #พลังประชารัฐ ยังชี้แจงไม่ได้เลยว่าเงินอีก 500 กว่าล้านเอามาจากไหน ซึ่งความผิดถึงขั้นยุบพรรคเหมือนกัน ละอายใจบ้างเถอะ เหลือศักดิ์ศรีไว้พูดคุยกับลูกกับหลานบ้าง,negative,0
1754,1754,อยากจะไปตะโกนแหกปากร้องเพลงของศิลปินที่เราชื่นชอบเอาให้เสียงแหบเสียงแห้งพร้อมกับจิบเครื่องดื่มฟินๆ #LEOรวมกันมันส์กว่า,positive,1
1755,1755,เทอมีน้ำดำแว้ว ป๋าแนน ช่างกล,positive,1
1756,1756,จ้าคุณแม่,positive,1
1757,1757,เค้าบอกอร่อยยย,positive,1
1758,1758,Mg หรอคืะ ผ่านเลย ขับสนุก เครื่องแน่นมาก,positive,1
1759,1759,เหมาะกะมึงที่สัสคะ เอ้ย สุด,positive,1
1760,1760,วันนี้ไปกินที่สาขาโรบินสันกาญจนบุรี...ของน้อยมาก ของหมดไม่เติม ต้องขอจากพนักงาน พนักงานในร้านมีจำนวนน้อย บริการไม่ทั่วถึง พนักงานแคชเชียร์ไม่เข้าใจโปรโมชั่นก่รใช้บัตรเครดิต ไม่ยิ้มแย้ม ราคาแพงเกินไป 379 บ. ไม่คุ้มค่ากับเงินที่จ่ายไปเลน,negative,0
1761,1761,eristoff รสเหมือนกินยาน้ำเด็กมาก 555555555555,negative,0
1762,1762,ชอบเอ็มเค? ชอบไรน่ะ,positive,1
1763,1763,เราชอบกินน้ำสิงห์จัง,positive,1
1764,1764,ไปกันๆๆคร้าฟพี่ๆๆ,positive,1
1765,1765,ไปๆๆๆๆๆ ขนเด็กๆไปกัน,positive,1
1766,1766,ค่อยกินวันหลัง,positive,1
1767,1767,เซตเบิดเดย์ ค่ะ อิ่มๆ,positive,1
1768,1768,ไปกินกันเถอะ โกกกก,positive,1
1769,1769,อิผ้าอนามัยเหิ้ย ติดทุกอย่าง ยกเว้นกางเกงใน,negative,0
1770,1770,วิธีกด See First 1.เข้าหน้าแฟนเพจ MK RESTAURANT แล้วกดตรงปุ่ม Following/ติดตาม 2.กดปุ่มขวา See First/เห็นเป็นอันดับแรก ขอบคุณค่ะ,positive,1
1771,1771,ลูกสูบของวีออสไม่ได้ออกแบบมาเพื่อติดแก้ส lpg ก็มีคนเอาไปติดแก็สไม่เกินปีลูกสูบมีปัญหาแน่นอน แต่โคโรลล่า เขาออกแบบมาเพื่อติดแก็สได้ มีทั้งติดตั้งที่โรงงานเลยและติดตามข้างนอก ถ้าเอาviosไปติดหมดประกันศูนย์แน่นอน ราคาซ่อมและเปลี่ยนลูกสูบก็หลายหมื่น แต่โคโรล่าเขาเกิดมาเพื่อสิ่งนี้,negative,0
1772,1772,รบกวนผู้รู้ด้วยครับ ขับรถมาดีดี ตั้งนาน ไม่มีอะไร พอมาวันนี้ ขึ้นทางด่วน ความเร็วอยู่ที่ 90 กม/ชม แล้วก็เกิดเสียงแบบนี้ดังขึ้น ที่บริเวณฝั่งซ้าย ของรถ มันเกิดจากอะไรครับ พอลดความเร็ว เสียงก็หายไป ปล.รถผม honda civic ตัวใหม่ ขับมาได้ประมาณ 1 ปีครับ ไม่เคยชนอะไรทั้งนั้น รบกวนด้วยครับ จะได้แก้ไขถูก ?!!!,negative,0
1773,1773,ขอบคุณครับที่สู้เพื่อพวกเราครับ,positive,1
1774,1774,ตั้งแต่เห็นพยาธิในคราวนั้น ข้าเจ้าก็มิกล้าลองดีกินอีกเลยเจ้าค่ะ,negative,0
1775,1775,ไปเถอะดอม,positive,1
1776,1776,ไม่ทันลด 20% ไงคะ,negative,0
1777,1777,มาสด้า 2 น่าจะมาตอบโจทย์ 2 กลุ่มหลักๆ 1.คนรุ่นใหม่ นักศึกษา/วัยเริ่มต้นทำงาน ครองใจไปทั้งดีไซน์ การขับขี่ และความประหยัด ซึ่งกลุ่มนี้มักยังโสด ไม่มีลูก 2.คนมีครอบครัวสมัยใหม่ ซึ่งปกติจะมีรถคันอื่นที่ใหญ่กว่าอยู่แล้ว เช่น PPV SUV หรือเก๋งคันโต เลยต้องการรถเล็กๆ ขับสนุก คล่องตัว แต่ก็ประหยัด แน่นอน 2 กลุ่มนี้น่าจะไม่แคร์พื้นที่ใช้สอยที่กว้างขวางมากนัก โดยคนที่ต้องการพื้นที่ใช้สอยจริงๆ คงไป Yaris/Yaris Ative/Almera แทนละกระมังครับ คหสต.ล้วนๆ ^^,positive,1
1778,1778,เน่เน้อยากกิง,positive,1
1779,1779,ฮอนด้าแพ้เพราะไม่มีรถกระบะสินะ??,negative,0
1780,1780,ทำเกินไปครับแค่บุหรี่ไฟฟ้า,negative,0
1781,1781,บัวไปกัน,positive,1
1782,1782,ป่ะไปปิดกล่องชอร์คเทอมนี้กัน😊😊😊,positive,1
1783,1783,จัดๆๆๆ,positive,1
1784,1784,ใช่เข้าแอฟก้ยาก ไม่มีเมนูอะไรด้วย งงมากมีแต่โปรโมชั่น,negative,0
1785,1785,อวสานชานมไข่มุก 😭,negative,0
1786,1786,แค่มื้อเที่ยง มื้อเย็นก็วิ่งไงแกรรรร☺️,positive,1
1787,1787,หาร้านสะดวกซื้อยากนิดนึง,negative,0
1788,1788,ร้านก๋วยเตี๋ยวไม่มีชื่อ จุดสังเกตุคือตรงข้ามร้านกาแฟ ตั้งบักเส็ง ลูกชิ้นขาวเนื้อแน่นฟู เส้นเล็กเนื้อหนึบ,positive,1
1789,1789,<3 ขอบพระคุณที่ไว้วางใจผลิตภัณฑ์จากทาง SK-II นะคะ,positive,1
1790,1790,จะน้ำจะเบียร์ก็ไม่กินของสิงห์อยู่ละ,negative,0
1791,1791,ถ้าไม่มีคนขาย ก็ไม่มีคนซื้อแน่นอน. ไม่ไปจับต้นเหตุ แต่กลับมาจับที่ปลายเหตุ งง ตามตลาดนี่ ขายกันเกลื่อน,negative,0
1792,1792,รัก Honda civic FC ชอบ design มาก ๆ ดูดี เร่งแซงได้ทันใจ ซื้อมาใช้แล้วคุ้มค่า ถูกใจมาก ๆ ครับ #ฮอนด้าที่รัก #EnjoyHondaThailand 😊,positive,1
1793,1793,ได้ๆๆๆเยย,positive,1
1794,1794,กินเพียว อ้วกแตกเลยเมื่อคืน,negative,0
1795,1795,อยากกินบาร์บีก้อน,positive,1
1796,1796,จัดค่า,positive,1
1797,1797,รบกวนตรวจสอบการทุจริตด้วยค่ะ #เลื่อนเเม่มึงสิ,negative,0
1798,1798,รำคาญพวกที่บอกว่าเรื่องที่รีบๆกว่านี้ทำไมไม่ทำ #พรบคู่ชีวิต,negative,0
1799,1799,Netflix โฆษณาลงช่องข่าวจริง ๆ นี่ไม่ตลกเลยนะ นึกถึงคนแก่หรือคนที่เค้าไม่รู้จักเน็ตฟลิกซ์มาเห็นก็ตกใจอะ แบรนด์ยังไม่ได้ดังถึงขนาดจะทำแบบนี้ในไทยได้รึเปล่า,negative,0
1800,1800,นิสสันไม่เคยทำให้ผิดหวังเลยจริงๆค่ะ ออกแบบดีไซน์ได้สวยงาม พร้อมความแข็งแกร่ง พร้อมกล้องติดทุกทิศทางเพื่อความปลอดภัย,positive,1
1801,1801,ชอบๆใช้อยุ่ทุกๆวัน. กานิเย่สีชมพูหน้าขาวใส. ไม่เบื่อเลย😊😊,positive,1
1802,1802,กระบะนิสสันนาวาร่า..ช่วงล่างแกร่งมากครับ,positive,1
1803,1803,รอกินไอติมแมคมาประมาณครึ่งชม.แล้วจ้าาาา,negative,0
1804,1804,ป่ะๆ,positive,1
1805,1805,เก็บเงินไปกินบาบีก้อนก่อน 555,positive,1
1806,1806,ส่งมาตรวจที่ BSC ด้วยจ้าาา ยังไงล่ะ ยังไงงง,negative,0
1807,1807,น่ากินนะ,positive,1
1808,1808,Toyota Celica GT-Four (ST205) - น่าเล่นมั๊ย !? ข้อมูลที่ต้องรู้จากคนเล่นจริง : Auto Collectibles,positive,1
1809,1809,ทักษิณนี่มันทักษิณจริงๆ เดินหมากนำคนอื่นตลอด มาแต่ล่ะที ศัตรูตายห่าหมด น้อยแต่มากของจริงชิบหาย #ทรงพระสเลนเดอร์ #ไทยรักษาชาติ,positive,1
1810,1810,กลับอุดรรอบนี้ได้ข้าวเปียกเส้น aka ก๋วยจั๊บญวน แบบสำเร็จรูปมา สะดวกมาก อร่อยมากกกกกกกกกกก เหมือนกินที่ร้านเลย 😍,positive,1
1811,1811,นึกว่าจะลดหมู แต่ลดเป๊ปซี่ 😆,negative,0
1812,1812,น้ำชอบพี่โชน น้ำทำทุกอย่างก็เพื่อพี่ น้ำไปคัดนางรำ น้ำไปเป็นดัมเมเยอร์ เรียนหนังสือให้เก่ง,positive,1
1813,1813,ใช้ดีบอกต่อ👍 👉สมูทอีแอคเน่👈,positive,1
1814,1814,เค็มมาก โซเดียมเท่าไหร่ครับ,negative,0
1815,1815,ฝากไปถาม Toyota Motor Thailand ได้มั้ย ว่าเมื่อไหร่จะให้ช่างศูนย์ตั้งไฟใหม่ทั้งประเทศซักทีครับ,negative,0
1816,1816,🙂,positive,1
1817,1817,งดสปาย กินนี้ พอค่ะ,negative,0
1818,1818,จัดไปยยย,positive,1
1819,1819,ไปกินกัล,positive,1
1820,1820,พี่ที่ทำงานไปทานมาและเสียความรู้สึกมากค่ะ รอนาน บริการแย่ สาขาบิ๊กซี นวนคร แค่น้ำรอ 15 นาที ของขาดแต่กว่าจะเดินมาบอกอีก 20 นาที แล้วบอกว่าคนเยอะ แต่มีนั่งอยู่แค่ 5-6โต๊ะ และสภาพอาหารที่ได้ ไม่สมกับเวลาและราคาที่ต้องเสียเลยค่ะ,negative,0
1821,1821,อยากกิน 🍜🍨🍤🍣🍚🍱🍲,positive,1
1822,1822,นายเลี้ยง55,positive,1
1823,1823,Jukeมาก่อน Ch-r ออกต้นแบบ Honda Civicลอกไฟท้าย Hrvเสียบต่อทันทีครับ พี่โตมัวแต่รำมวย,negative,0
1824,1824,มันคงสู้ พิษซ่า ไม่ได้หลอก,negative,0
1825,1825,วันนี้เสียค่าเดินทางมาmrt ลาดพร้าว 40 ไป เพชรบุรี 28 ต่อด้วยเรือมา 15 รวม 73 บาท เสียเวลาไป ชม.กว่า ถ้ามาแท็กซี่ อาจจะ 200หรือมากกว่านั้น เพราะรถติดชิบหาบ แบบชิบหายจริงๆ โชคดีแท้ที่วางแผนการเดินทางก่อน อิอิ,positive,1
1826,1826,😘,positive,1
1827,1827,เจ้าแหลมยิ้มไม่หุบ โตโยต้า ใจใหญ่มอบฟอร์จูนเนอร์ รถในฝัน ร่วมยินดีสร้างความสุขให้คนไทย,positive,1
1828,1828,หิวละ. ปะฮอตพอต,positive,1
1829,1829,ตะนี่มีเพื่อนที่แบบไม่ได้คออ่อนนะแต่หน้าแดงง่ายมาก กินแค่สปายแม่งหน้าแดงเหมือนโดนตบ วงวาร,negative,0
1830,1830,รถวีออสคือขับรถแย่มากกกกกกกกก ขับเร็วแล้วไปขับไหล่ทางข้างขวาไม่พอ ยังจะตรงไปไม่เลี้ยวอีก งงไปหมด คือคนเราต้องมาตายเพราะคนขับรถแย่ๆแบบนี้เหรอ แล้ววีออสคือชนสะพานหล่นไปหมดเลยเพราะมาแรงไง ทีนี้เลยไม่มีอะไรกั้นรถของเซนติเมตรเลย ขอให้กฎหมายเอาผิดอย่างเหมาะสมด้วย #เซนติเมตร,negative,0
1831,1831,ปกติผมกินแต่ช้างเขียว เห็นเพื่อนโพสเยอะก็เลยลอง 555 ไม่คือๆ,negative,0
1832,1832,ไปกินสาขาที่ไม่ร่วมรายการราคานี้พอดี โฮมโปรบางนา เพิ่งมาเห็นราคาโปรนี้ ทำไมคะ จะเว้นสาขาไว้ทำไม,negative,0
1833,1833,ไปเอมเค 5555,positive,1
1834,1834,ซื้อ การ์นิเย่ ซองละ20 มาใช้ยังดีกว่า,positive,1
1835,1835,หยิบผ้าอนามัยมาผิด เอาแบบเย็นมาใส่ตอนจะนอนละเสือกนอนห้องแอร์ อีสัด รู้สึกเหมือนพรุ่งนี้เช้าน่าจะมีแม่คะนิ้งมาเกาะที่หี. 555555 #ยืมเมจforsex,negative,0
1836,1836,พูดไปก็ประจานตัวเองในชีวิตคงไม่เคยได้สัมผัสรถหรูสินะถึงบอกว่า mg3 แพง หุหุ,negative,0
1837,1837,สงสัยตำรวจเค้ารณรงค์ให้สูบยาบ้ายาไอซ์กัน โทษเลยเบากว่า,negative,0
1838,1838,ไปกะปะ,positive,1
1839,1839,วันนี้ป่ะล่ะ หิว 55555,positive,1
1840,1840,สู้คับผม,positive,1
1841,1841,จัดไปแล้ว 2 ชุด ส่งเช้ามาก 7.30 น.,negative,0
1842,1842,นิสสัน ของแต่งมีไม่มากครับ Navara มีแต่ Nitrocharger sport ตัวโช๊คสีเหลืองครับ,negative,0
1843,1843,หื้มมมมมมๆๆๆเด็ด!!,positive,1
1844,1844,"บุหรี่ไฟฟ้า ประกัน100,000 โอโห้",negative,0
1845,1845,สาขาเซ็นปิ่น ที่เกิดเรื่องอะ,negative,0
1846,1846,อยากกินอีก,positive,1
1847,1847,เลิกกินนานแล้วบาบีก้อน หมูฟีสแข็งกระด้างมาก,negative,0
1848,1848,ไปค่าา ลุย,positive,1
1849,1849,จะขวนไปชาบูเนี่ย,negative,0
1850,1850,เจอ หนองน่ากลัว กว่าเจอ พยาธินะคะ เอาจิงๆ พยาธิโดนความร้อนยังตาย แต่หนองที่ติดเชื้อนี่ อืมมมมมมมม 😟😣 น่ากลัวกว่าหลายเท่าค่ะ ทำไม admin เพจ ชอบชี้แจงอะไรให้คนเข้าใจว่าไม่อันตรายคะ สักแต่ห่วงภาพลักษณ์แบรนด์ตัวเอง โดยไม่คำนึวถึงความปลอดภัยผู้บริโภค เหมือนตบหน้าคนกิน เลยค่ะพูดกันแบบนี้ เหมือนเรื่องกะทะดำ ถ้าคนไม่เอาหลักฐานมาแฉก็ไม่ยอมรับอะไรง่ายๆ แถไปเรื่อยๆ บาบีก้อนจะเสีย เพราะไม่ยอมรับอะไรง่ายๆ หรือมั่วแต่โกหกผู้บริโภคมากกว่าค่ะ แทนที่จะซื้อใจคนได้ กลับมาทำแบบนี้ ดูไม่จริงใจเลยค่ะ คนเขาโดนหลอกซ้ำแล้วซ้ำอีกแล้วต่อไปใครจะเชื่อใจคะ ว่าแบรนด์นี้ซื่อสัตย์จริง,negative,0
1851,1851,นรกสุดคือตอนกินสเมอร์นอฟมิดไนท์ เข็ดไปจนตาย แสบไปทั้งตัว ไม่ใช่คันนะ คอบวมน่ากลัวมาก หลังกับอกทั้งคันทั้งแสบ ทรมาณโคตร,negative,0
1852,1852,(ตัวช่วยที่จะให้สาวๆแต่งหน้าสวยมากยิ่งขึ้น) มีรองพื้นสูตรใหม่แล้ว ไพรเมอร์สูตรใหม่ต้องมีเช่นกันค่ะ ไพรเมอร์ที่ทางทาง YSL เค้าเคลมว่า การันตีความแมทท์ยาวนาน พร้อมคุมมันในทันที ทำให้รูขุมขนแลดูเล็กลง ด้วยเนื้อครีมที่บางเบา ช่วยให้ผิวเรียบเนียนขึ้นในทันที,positive,1
1853,1853,ท่าทางยาบ้าเสียภาษีไช่ปะครับเสียน้อยกว่าค่าปรับยาบ้าอีก,negative,0
1854,1854,ผ้าอนามัยยี่ห้ออื่นก็บวม 😒,negative,0
1855,1855,น้องอารินน่ารักมาก,positive,1
1856,1856,เมื่อวาน ไปกิน มา ที่ MK ซีคอน สั่ง เป็ด เล็ก มา ไม่อยากบอก ว่า ไม่เหมือน ในรูป แม้แต่ น้อย อย่างกับ เอา เศษเป็ด มา ให้ ถาม พนง. บอก น้อง ทำไม คราวนี้ มัน ดู ไม่น่ากินเลย เหมือน เศษ เป็ด และ ให้ น้อย มากๆๆๆๆ พนง บอก ถ้า พี่ เอา เยอะ พี่ ต้อง สั่ง เป็ด จานใหญ่ 555 เล่นเอา เงิบเลย,negative,0
1857,1857,สเมอนอฟสีเขียวคือเหี้ยสุด กินไปได้ยังไงซองอู๊วววงว,negative,0
1858,1858,เพราะพี่แป้งเห็นน้องๆในบริษัทใช้กันน่าเด็ก จึงให้คนไปซื้อมาลองใช้เองดูบ้าง พี่แป้งก็ชอบรู้สึกผิวดีขึ้น เมื่อพี่แป้งใช้มาสักพัก พอดีทาง SnailwhiteGold ทราบจึงทำการติดต่อให้พี่แป้งมาเป็นพรีเซนเตอร์ให้ค่ะ ซึ่งใน SnailwhiteGold ก็มีสารสกัดจากเมือกหอยทาก ทำให้น่าดูเด็กขึ้น ค่ะ,positive,1
1859,1859,มีJo Maloneที่สนบ.ดอนเมืองค่า,negative,0
1860,1860,Rip,negative,0
1861,1861,เห็นด้วยอย่างยิ่งคับ,positive,1
1862,1862,ไปวันเสาร์ไปกันนัดอุ๋มแล้ว,positive,1
1863,1863,น่าลองงงเนอะเจ้😍😍,positive,1
1864,1864,ปลอมเยอะมากๆๆๆในชอปปี้ค่ะ เช่น 3ce peripera nyx ต้องระวังอย่างแรง อย่าพึ่งกดรับของจนกว่าจะเช็คว่าของจริงหรือปลอม เราขอส่งคืนได้นะคะ,negative,0
1865,1865,ขวานซิ่ง ทำกันซวยกันถ้วนหน้าถ้วนตา **ยอดขายนาวาร่า สีขาว ขายเเม่ค้าพ่อค้ายากละปีนี้,positive,1
1866,1866,เว่อละใครจะเช่าแพงแบบนั้น 2-3ร้อยก้มี,negative,0
1867,1867,พ่อเป็นคนตลก 555555555555555555555555 พ่อไม่ควรร้องเพลงพ่อควรเปึนานกก็พอ 😂 #ฟ้ารักพ่อเพราะนโยบายของพ่อ #ฟ้ารักพ่อ #อนาคตใหม่ #พรรคอนาคตใหม่ #เลือกตั้ง62 pic.twitter.com/QqHKGhu0QP,positive,1
1868,1868,เค้าแถไปเลื่อย หาข้อนั้นข้อนี้มาอ้างตลอด กลัวเสียรายได้,negative,0
1869,1869,นัดกันแล้วนะคะ ^^,positive,1
1870,1870,อยากกินง่ะ 😫,positive,1
1871,1871,พนักงานไม่เหนแนะนำเลยค่ะ,negative,0
1872,1872,สงสัยต้องถ่ายรูปลงโซเชียล,negative,0
1873,1873,อยากกินอ่ะ.,positive,1
1874,1874,เห็นเพื่อนใช้ผ้าอนามัยสามสิบสี่สิบเซนต์แล้วก็โหย ลำบากอ่ะ,negative,0
1875,1875,ตอนนี้กลายเป็นว่าทาแต่ mamonde / passion ville แล้วอะ เพราะลิปอื่นแม่งแพ้ หมด ปากลอก คันปาก,negative,0
1876,1876,เช็คสิทธิดีๆนะคะ วันก่อนไปกินที่เมกะ399ค่ะ,negative,0
1877,1877,ไปกินแบบริฟิวก้อผิดหวังค่ะเสริฟช้า15นาทีแล้วสั่งต่อกว่าจะมาช้ามากพนักงานคงจะเหนื่อยหน้าบูดเชียว สาขาเซนทรัลมารีน่าพัทยา,negative,0
1878,1878,ไม่ชอบกอน,negative,0
1879,1879,นิสสันนี่ส่วนแบ่งตลาดทั่วโลกอันดับ1นี่ครับ แต่ถ้าในประเทศไทยสู้เจ้าอื่นไม่ได้,negative,0
1880,1880,อ้วนๆๆๆ แบบนี้กินไม่ได้,negative,0
1881,1881,เบียร์ช้างงี้ ปกติ56บาทปะ ขายในร้านเหล้า 80-90-100งี้ เจอราคาใหม่ไป120อิสัด แล้วในร้านเหล้าจะอัพเป็นเท่าไหร่คิสดูวววว,negative,0
1882,1882,เชียงรายเจ้าค่ะ😂,positive,1
1883,1883,พยาธิบาบิก้อนอะ น่ากัวจัง,negative,0
1884,1884,กินๆๆๆๆๆ,positive,1
1885,1885,ทำไมเชียงใหม่ถึงไม่มีเอ็มเคบุฟเฟ่ต์,negative,0
1886,1886,แรมโบ้อีสาน แก้วปัญญา เฮงเฮงรวยรวยสาธุ ป่ะ,positive,1
1887,1887,ขอบคุณมากค่ะ,positive,1
1888,1888,นึกถึง เอ็มเคดอนเลย 556 รุ่นนู้นโดนไป 4-0,positive,1
1889,1889,๕๕๕๕๕ เราแค่ไปกินบาบีก้อนก็คีบอุด้งหล่น น้ำกระเซ็น โอ๊ยยย /มองคนนั่งตรงข้าม กระดาษรองเขายังสะอาดอยู่เลบ,negative,0
1890,1890,ถ้าเดอะมอล์ปิดถาวรเลยมอส,negative,0
1891,1891,โอ้ยอย่าบิ้วววววววว เบียร์ช้างที่นี่มันแพง,negative,0
1892,1892,สนใจโคโลราโด้ ไฮคันทรี,positive,1
1893,1893,Ford Fiesta ฟอร์ด เฟียสต้า ประตูชอบปิดไม่ได้,negative,0
1894,1894,บริหารบ้านเมืองให้พัง,negative,0
1895,1895,แดกทีไรขี้ทุกทีนะสปายนะ,negative,0
1896,1896,กินทุกเดือนเลยค่ะ เป็นร้านโปรดเลย แต่ที่หมูเป็นตุ่มๆคืออะไรค่ะ,negative,0
1897,1897,เราคงไม่ไหวอ่าถ้าเอาลูกไปด้วย...หม้อสุกี้คงได้ราดหัวแน่,negative,0
1898,1898,อันนั้นป๋องใหญ่อ่ะหกสิบกว่าบาท แพง ลองป๋องละสามห้าก่อน 5555555 อันนั้นหร่อยแมะ มีแต่คนบอกว่าเคยกินแต่ป๋องดำ,negative,0
1899,1899,ขอบคุณนะคะ,positive,1
1900,1900,เคยโทรไปอ้อนวอนให้ฟอร์ดช่วยรับรถหรือทำอะไรก็ได้ที่ผมไม่ต้องมาจ่ายเงินทุกๆ 3 เดือน ฟอร์ดก็ บอกแค่ว่าทำตามขั้นตอน ไม่มีความรับผิดชอบอะ ศาลไทย ทำได้ไม่เหมือนเค้าคงน้อยหน้าจังอะ,negative,0
1901,1901,ไปด้วยๆ,positive,1
1902,1902,555 บ้าบออออตังค์หมดละไม่ใช่,negative,0
1903,1903,สบายเลยไม่ต้องคิดค้นเทคโนโลยี เอาของโตโยต้ามาหมดเลย,negative,0
1904,1904,"ถ้าเดือดร้อนไม่ต้องใช้ MAC, YSL, urban decay ก็ได้นะลิปหลักร้อยแบรนด์ไทยมีเพียบ ไม่เข้าใจว่ากล้าซื้อใช้ได้อย่างไร?",negative,0
1905,1905,ฮอนด้าเอาเรื่อง! หนุ่มใจกล้าที่ขึ้นหลังรถชูป้าย กรณี HR-V เสีย 20 รายการ #ข่าวฮอนด้า #ข่าวยานยนต์ #เว็บรถมือสอง…,negative,0
1906,1906,จะพาไปกินหรอ,positive,1
1907,1907,ต้องสั่งน้ำซุปนี้เฉพาะหรือเปล่าคะ ถึงได้ราคา 299 ทุกวันจันทร์-ศุกร์ เมื่อวานไปกินมา โดนโปรวันพุธ ตกคนละ 310 คือเป็นโปร 299 เลยชวนกันไป เวลาลงโปร เขียนให้ชัดเจนหน่อยได้มั้ยคะ หรือเป็นบางสาขาที่จัดโปร ขอบคุณค่ะ,negative,0
1908,1908,ความเป็นไปได้เรื่อง #รัฐประหาร และความรุนแรงยังไม่หมดไปนะครับ ล่าสุดมีกาาแบนสื่อฝ่ายประชาธิปไตย (VoiceTV) ประกบตัวนักการเมือง นักศึกษา และแกนนำฝ่ายประชาธิปไตย รวมถึงมีการพยายามเจาะเข้าเฟซบุ๊กของฝ่ายประชาธิปไตยหลายคน,negative,0
1909,1909,สนใจนิสสันมาชค่,positive,1
1910,1910,เออ พี่นกแนะนำ Black Mirror ใน netflix ให้ดูอะ นี่ก็ตามไปดู เขาบอกว่าเป็นซีรี่ส์สะท้อนด้านมืดไรงี้ เจอเข้าไป ep แรกกูช็อคอะ แบบเคว้งมาก แค่ ep แรกกูจอดเลย ร้ายมาก ไม่ต่อ ep2 เลยอะจนตอนนี้เคยไปตามอ่านกระทู้ยังมีคนคิดเหมือนนี่นะว่า ep แรกแม่งเล่นกับใจสุดแล้วอะ กุยอม,positive,1
1911,1911,Love = Pajero Sport 😍,positive,1
1912,1912,ดื่มแบล็คมันคูล มันดีนะ,positive,1
1913,1913,รอคอยเธอมาแสนนาน ในที่สุดก็มาแล้วววว ปลื้มปริ่มค่า,positive,1
1914,1914,เกือบไปแดกช้างแล้วกุ🤭🤦‍♀️,negative,0
1915,1915,ดีนะ ไม่ชอบแดกบาบีก้อน เพราะกูว่านางไม่อร่อย =_=,negative,0
1916,1916,งงกับคนที่เทียบกับประเทศญี่ปุ่น รายได้เฉลี่ยประชากรเค้าเท่าไหร่ ค่าครองชีพเค้าเท่าไหร่ ประเด็นคือ ของที่เค้าขายในสนามบินราคาเท่ากับของที่ขายข้างนอก เท่ากันเลย ทั้งสนามบินนาริตะ โอซาก้า ไม่ได้อยู่ที่แพงไม่แพง ยกตัวอย่าง ไก่ทอดคาราอาเกะ 7-11 ข้างนอก 114¥ ข้างในสนามบินก็ 114¥ โค้ก น้ำดื่ม ทุกอย่างเท่าๆกัน แมคก็เท่ากัน ราเมงก็เท่ากัน แต่ในไทยคือบวกๆ ลองไปซื้อน้ำมะนาว Auntie Anne ที่ดอนเมืองสิ ข้างนอกสนามบินแก้วละ 45 ในสนามบิน 105,negative,0
1917,1917,ใช้สโนว์เป็นตลับแรก แล้วก็ติดใจใช้มาตลอดเลยค่าา ปล.ใช้คู่กับแปรงปัดแป้งของ cute press บางเบาดีค่ะ ชอบ 😍,positive,1
1918,1918,ที่ เซนหาดไหญ่ หาม่ายอ่อ,negative,0
1919,1919,หีวววววว ข อ ง ห ว า น,positive,1
1920,1920,เราว่าปกตินะ เคยเห็นพ่อซื้อให้แม่ และแฟนก็ซื้อให้เรา รู้ว่าเราใช้ยี้ฮ้อไหน รุ่นไหน แผ่นสั้น-ยาว มีปีก-ไม่มีปีก วันมามาก-วันปกติ และรู้ละเอียดด้วยว่าเราแพ้สารฟอกขาวในลอรีเอะกับโซฟี แนะนำสาวๆเลยนะ วิสเปอร์กับโมเดส เราเคยแงะมาเทสดูแล้ว มันมีบางอย่างที่เหนือชั้นกว่ายี่ฮ้ออื่นและก่อให้เกิดอาการผื่นคัน ระคายเคืองน้อยกว่า ยกตัวอย่างวิสเปอร์จะมีลักษณะคล้ายใยฝ้ายบางๆ และทั้งสองยี่ฮ้อมีลักษณะการซึมซับแบบเจลวุ้นทำให้ซึมซับได้ไว ไม่ซึมเปื้อนและเก็บกลิ่นได้ดีกว่า แผ่นซึมซับที่เป็นใยจากกากมะพร้าวฝอกสี,positive,1
1921,1921,แม่โขง แสงโสม ดีที่สุด,positive,1
1922,1922,บุหรี่ไฟฟ้านะ ไม่ใช่ไอซ์ ถึงต้องสั่งขัง ยึดรถ,negative,0
1923,1923,อยากกินบาบีก้อน ปิ้งย่าง ชาบู มั่วไปหมด ไม่มีใครไปด้วย ก็จะไปกินบาบีก้อนคนเดียวละพน.,positive,1
1924,1924,สำหรับกูคือ ไม่อร่อย เหมือนเบียช้างกลิ่นสตอเบอรี่ ไม่แดกเลยเด้อ เหมือนทำยาน้ำหลอกเด็ก ปานนั้น,negative,0
1925,1925,ทุกสาขาไหมคับ,positive,1
1926,1926,หัดดื่มเหล้า(หงส์ทอง)ครั้งแรกในงานหนึ่ง แก้วที่3ปุ้ปกูไปเลยค่ะ😂 เมาไม่พอเสือกไปอวกให้แฟนเก่ามันเห็นอีก55 มันคงทนไม่ไหวเห็นเราเดินโซซัดโซเซเลยช่วยมาเข้าพยุง แล้วเอาน้ำมาให้เราล้างหน้าพร้อมกับบอกว่า แดกแล้วเป็นแบบนี้อย่าแดกอีกนะ😂😂 เป็นอะไรที่เหี้ยมากสำหรับกู!,negative,0
1927,1927,อย่างกะมาอาบแดดอ่ะ โคตรร้อน😥😥😥😥 #changmusicconnection #g19fest,negative,0
1928,1928,โรงแรมค่อนข้างลึก ไม่สะดวกถ้าไม่มีรถ,negative,0
1929,1929,พลีส.,positive,1
1930,1930,ไม่เอาแล้ว ตั้งแต่ตอนนั้น,negative,0
1931,1931,ไปก่อ กินฟรี,positive,1
1932,1932,ได้รับของแล้วคะ,positive,1
1933,1933,Clouds across the moon บาร์เล็กๆในซอยปรีดีพรมยงค์ 14 ที่ให้บรรยากาศเสมือนจิบ Cocktail ภายใต้แสงจันทร์ เครื่องดื่ม Signature ในร้านก็ตั้งตาม Concept พระจันทร์โดยเราได้ลอง Stardust ที่เบสด้วย White Rum ผสมกับไซรัป แครนเบอร์รี่ และกลิตเตอร์ขอบแก้วที่ให้รสชาติหวานแบบฟรุตตี้ๆดีทีเดียว pic.twitter.com/U6vcGH5fFL,positive,1
1934,1934,สวยอ่ะ ซีวิค3ประตู,positive,1
1935,1935,มีแล้วค่ะพี่ไอซ์ จะบอกว่า tint ติดทนมากกกกกกกก มากแบบทาบนปากปุ๊บต้องรีบเกลี่ยให้ไวที่สุด เพราะมันจะแห้งติดไวมาก สองกล่องขวา(2สีล่าง) จะเป็นเนื้อเวลเวทนุ่มเหมือน peripera velvet เลย แต่รู้สึกว่าจะนุ่มกว่า ติดทนกว่าหน่อยๆ ต้องตำนะคะสาวๆ 💕🎉,positive,1
1936,1936,ถูกใจ,positive,1
1937,1937,ไปๆสนุกกัน,positive,1
1938,1938,ควร จะ กระทะ ดำ ทุกสาขาได้แล้ว แม่ง ตักน้ำซุป ยากมาก ทองเหลือง อะ,negative,0
1939,1939,เบื่อแล้วกินไก่อยากกินเป็ดย่างเอ็มเค #rov,negative,0
1940,1940,ให้เวลาน้อยไปนะเจ้าคะ,negative,0
1941,1941,อีประเย็ด อีวิษณุ มึงไม่รู้หรอว่าพ่อเท็นไม่สนใจการเมือง มุ่งแต่รัก อีเวนสาระแนนัก #เลื่อนแม่มึงสิ,negative,0
1942,1942,ไปกันนะพี่จัดให้,positive,1
1943,1943,ขอให้ได้ครับ,positive,1
1944,1944,เบียร์ช้างนายทุนพรรคอะไรล่ะ555,negative,0
1945,1945,ไป๊ๆๆ รอบิ๊กมากรุงเทพ,positive,1
1946,1946,เหมือนเอ็มเคทำพิษอะ,negative,0
1947,1947,การเตรียมตัวรับมือกับช่วงสงกรานต์และต่อด้วยทริปเที่ยวทะเลแบบกล้าท้าแดด นอกจากอุปกรณ์กันแดดพวกแว่นตา หมวก ต้องครบ สิ่งสำคัญที่สุดคือครีมกันแดดทั้งแบบทาหน้าและทาตัวต้องเลือกให้เหมาะกับสภาพผิวและกิจกรรมของเราคือต้องกันน้ำได้ มีค่า SPF 50+ ป้องกันได้ทั้ง UVB+UVA เราเลือกใช้ Eucerin เพราะมั่นใจประสิทธิภาพ เพียงเท่านี้ก็สนุกสุดเหวี่ยงในช่วงเวลาแห่งความสุขวันหยุดยาวแบบนี้แล้วคะ,positive,1
1948,1948,เข็ดยัง,negative,0
1949,1949,วันเด็กจะไปซื้อแม็คนักเกตมากินให้หายยากจนเบื่อเลย,negative,0
1950,1950,คือกุมีบัตร mrt ปกติอยู่แล้ว แต่บัตรแมงมุมกุได้มาฟรีตอนมันเปิดลงทะเบียนแรกๆ แล้วกุเพิ่งมาเปิดใช้บัตรเมื่อเดือนก่อนเพราะจะเอาไปใช้กับแอร์พอร์ตลิ้งค์ เห็นโฆษณาว่าเริ่มใช้ได้ ธ.ค.ปีที่แล้ว วันนี้เอามาแตะเสือกใช้ไม่ได้ อิเวนนนน บัดซบมากกกก เสียค่าเปิดใช้ไปตั้ง 150 อิเวนนนนน,negative,0
1951,1951,ทำไมมีแต่คนชอบ เคลนซิ่งของกานิเย่ สูตร Oil infused นะ เราใช้แล้วแสบ แต่สีชมพูกับฟ้า micella water คือผ่านนนน ดี,negative,0
1952,1952,จัดดดดดไป,positive,1
1953,1953,บรัชออน Mille Pony เบอร์6 เบอร์แบบโอยยดีงามสีสวยแน่นมากติดทนมาก -150 พองับ,negative,0
1954,1954,น่าสนๆ^^,positive,1
1955,1955,อยากกิงวุ้ย,positive,1
1956,1956,นครศรีธรรมราชไม่มีแล้วเสียดายจัง,negative,0
1957,1957,งานไหนมีเบียร์ช้าง รับประกันความ เละ ไม่ว่าจะเป็นเบียร์สด หรือ เบียร์กระป๋อง เละหมด เมาเร็วมากก ที่จำได้คือ เบียร์สด4แก้ว กระป๋องอีก3-4ป๋อง 🤢,negative,0
1958,1958,วันอาทิตเลย,positive,1
1959,1959,ไปกินซะก่อนหมดโปี,positive,1
1960,1960,ยังไง สรุปมาอิดอกตัวหังสือเล็กเกินปวดตา,negative,0
1961,1961,World's best Beer LEO ! Enjoy !,positive,1
1962,1962,อยากกินบาบีก้อนคัดเซตหมู,positive,1
1963,1963,ตอนเราไปทำไมไม่มี ฮื้อออออ,positive,1
1964,1964,ได้ฟมดถ้าคนเลี้ยง6555,positive,1
1965,1965,เป็นคนหน้าแห้งและลอกค่ะ เวลาหน้าสด จะสังเกตได้เลยว่าผิวหน้าเป็นขุยๆบางจุด แห้ง ลอก แถมแต่งหน้าแล้วเป็นคราบไม่ติดทน รู้สึกผิวขาดน้ำ พออ่านสรรพคุณของ aquasource ว่าจะช่วยในเรื่องของความชุ่มชื้นให้กับผิวอย่างล้ำลึก แถมเกลี่ยง่าย ทาแล้วหน้าไม่มัน คิดว่าถ้าได้ลองใช้แล้วต้องช่วยให้ผิวหน้าสุขภาพดี หน้าสดแค่ไหนก็เอาอยู่ค่ะ #BeautyGalerie #CentralDepartmentStore #BIOTHERMTHAILAND #AQUASOURCEAURA #หน้าสดแต่ไม่เศร้า,positive,1
1966,1966,ไม่ได้รู้สึกอยากกินมากขึ้นแต่อย่างใด,negative,0
1967,1967,ตัวนี้คือหอมมากกลิ่นแอปเปิลเลย ให้ความชุ่มชื่นดีมาก สีทำธรรมชาติ ราคา 95฿ เซเว่น #รีวิวของเซเว่น #เซเว่น,positive,1
1968,1968,ท้อจากอินนิสฟรีมากเวนเน้ย ของราคาไม่เกินแปดร้อยขายพันอัพขอให้เจริญ,negative,0
1969,1969,กูแดกและเวสไม่เห้นลดเลยย,negative,0
1970,1970,"รถถังหนักมากขนาดนี้ไม่กลัววันนึงจะโดนธรณีสูบหรอคะ นี่ยังไม่บวกน้ำหนักเรือดำน้ำ,อาวุธกับนาฬิกาของท่านรองเลยนะคะ #หนักแผ่นดิน",negative,0
1971,1971,โห้ ไม่เคยเจอฟอร์จูน crv pajero ตามหลังเลยหรา,negative,0
1972,1972,จารแต๊บบอกกืนช้างต้องกินทีละคำอยากได้เกรดดีๆคะแนนเยอะๆให้ตั้งเป้าไว้สูงๆแล้วผลออกมามันจะไม่น้อยมากกว่าที่ตั้งไว้แต่ถ้าตั้งไว้ปานกลางผลออกมามันจะน้อย /me พนมมือ,negative,0
1973,1973,ขอให้ SHEENe มีกิจการรุ่งเรือง ขายดีๆ ยอดไลท์เพจเยอะๆ มีสินค้าคุณภาพออกมาให้ผู้บริโภคมากๆ ให้ SHEENeดูแลคนไทยไปตลอดไปครับ,positive,1
1974,1974,เลิกกินน้ำสิงห์,negative,0
1975,1975,สุดยอดแห่งความชุ่ยสัสๆอะ LEX TH (Lazada Express) อะ วันนี้สุดท้าย ถ้ายังอีกโทรด่าแม่ง,negative,0
1976,1976,ไฮเนเก้น ขวดละ 140 ทำไมมันแพงกว่าชาวบ้าน,negative,0
1977,1977,น่ากินน่ะ ว่ามั้ย,positive,1
1978,1978,เมนูใหม่มาแล้ววววว 😍😍😍,positive,1
1979,1979,ขอถามหน่อยนะค่ะพวกเราไปกินมา4คนตอนคิดว่า299แต่มาจ่ายตังพนักงานบอกว่า1596บาทนะค่ะอยากจะทราบว่าราคาปกติเท่าไหร่ค่ะ,negative,0
1980,1980,อันนี้ไดโดม่อน..ม่ะเอาแล้วhotที่สำโรง ห่วยมาก 😠😠😠,negative,0
1981,1981,การช็อปปิ้งที่ show dc เป็นอะไรที่แปลกใหม่ที่สุดในชีวิต เดินวนสิบรอบเพราะไม่รู้จะซื้ออะไรดี 55555555555555555555,negative,0
1982,1982,นาวาร่าครับ ติได้เพราะเคยใช้,negative,0
1983,1983,เน้ตใช้งานไม่ได้ตั้งแต่ตี 5 จนตอนนี้.ครับ.10 ชม.ละยังเหมือนเดิม..,negative,0
1984,1984,อยากเป็นเมรีขี้เมาขึ้นมาเลย โห้วว ริมนาฬิกาบิ๊กเบน ^^,positive,1
1985,1985,อุทยานราชภักดิ์ ป่าแหว่ง นาฬิกา ค่าอาหารกลางวันเด็ก ตลาดประชารัฐ โรงพักร้าง เสือดำ เสาธง ไมโครโฟน คุรุภัณฑ์อาชีวะ เงินหลวงเข้ากระเป๋าเมีย เขาสอยดาว เขายายเที่ยง โรลสรอยซ์กับการบินไทย อีอีซีกับมิตซูบิชิ รถถัง เรือดำน้ำ รถไฟจีน ข้าวเหนียวมะม่วง ...ผลงานการตอบแทนแผ่นดิน,negative,0
1986,1986,เดี๋ยวพรุ่งนี้เที่ยงจะพาไปกิน เครป่ะ,positive,1
1987,1987,ภูมิใจในตัวน้องนางมากจริงๆพูดกี่รอบละไม่รู้555 ใช้แล้วไม่รู้สึกหนักหน้าเลย เคยใช้ Nars แล้วไม่ค่อยปลื้มยังไม่หมดขวด…,negative,0
1988,1988,อันนี้น่ารักเหมือนหนังรถไฟฟ้าเลย555555,positive,1
1989,1989,วันนี้ไปจัดมาแล้ว อร่อยจุงเบย,positive,1
1990,1990,ชัดเจน กูเลิกแดกผลิตภัณฑ์สิงห์,negative,0
1991,1991,"ไม่เข้าใจเลยเป็นสมาชิกอยู่แล้ว หมดใกล้หมดอายุเลยไปต่อ ได้บัตรใหม่มา แต่พนักงานแจ้งมาว่าบัตรใหม่ถ้ายอดรับประทานไม่ถึง 6,000 บาท จะไม่สามารถใช้ส่วนส่วนลดของสมาชิกได้ ทำไมถึงเป็นแบบนี้อะก้อน งั้นไม่มีบัตรยังจะดีกว่าซะอีก มีบัตรแต่ใช้ส่วนลดไม่ได้หรือว่าเป็นเพราพบัตรนี้เราใช้แต้มแลกในการต่ออายุบัตร",negative,0
1992,1992,สงกรานต์แดกทุกปี ซื้อเรด ซื้อแบล๊คไม่ไหว กระเป๋าฉีก 555+,negative,0
1993,1993,บุหรี่ซองมึงก็ใช่สารดองศพ,negative,0
1994,1994,เอ็มเคกัน นะนะนะนะนะนะนะ,positive,1
1995,1995,ทริปสงกรานต์ปี 61 คลายร้อนที่ กรุงสุโขทัย กับ มิตซู Attrage สุดยอดการประหยัดน้ำมันเลยคราฟ,positive,1
1996,1996,เคยอยู่นิวซีแลนด์และมีเพื่อนเป็นมุสลิมเคยไปเที่ยวต่างเมืองกับมันครั้งเดียวเลิกเลยโคตรจะเรื่องมากข้าวก็หากินยากแม็คโดนัลก็แดกไม่ได้ต้องหาร้านฮาลาลที่หายากมากเพราะไปนอกเมืองจะทำกินเองก็ซื้อเนื้อในซุปเปอร์ไม่ได้ต้องไปซื้อร้านฮาลาล,negative,0
1997,1997,ไม่กิน อยากดูหนัง จูแมนจี้,negative,0
1998,1998,ลาออกมากิน55,positive,1
1999,1999,เราใช้ 108 สีดีมาก โทนเหลือง เนียนกับสีผิวเรา ทาแล้วแมท เรื่องคุมมัน ของเราก็ยังมันเหมือนเดิม มีคราบตรงร่องแก้มลึก นอกนั้นดีมาก รองพื้นตรงจมูกไม่ค่อยละลาย ปกติใช้ revlon ฝาดำมาหลายขวด ปัญหาคือสีไม่พอดี หน้ามันแล้วเป็นคราบ จมูกกับรอบๆหายหมด,negative,0
2000,2000,ม.แสนสิริ นี่มีปัญหาบ่อยเนอะ สวยแต่รูปจูบไม่หอม ทำชุ่ยๆแบบคนจะขายบ้านอ่ะ อยากขาย ล่าสุดตะกี้เห็นพี่แว่นใหญ่วงรูม39ไประบายใส่เพจบ้านอีกราย,negative,0
2001,2001,ไม่กินเป็ด,negative,0
2002,2002,เอาเบียร์กับsmirnoff midnightมาผสมกันกะว่าเมาๆได้หลับง่ายขึ้น อิควายดีดกว่าเดิมอีก ลุกมาขัดห้องน้ำถูกพื้นตอน5ทุ่มครึ่งแล้วกู,negative,0
2003,2003,นี่รถลุงแคบหรอคะ....หรือขาหนูยาว ถามจริง... #โตโยต้าอัลติส2018,negative,0
2004,2004,ขอบคุณ พวกพี่ๆครับ,positive,1
2005,2005,อย่างเหี้ย😡😡😡ตำรวจหัวควย,negative,0
2006,2006,ทีข่าวน้ำมันเครื่องแม่งมีนักวิจัยมาวิใจ,negative,0
2007,2007,นาวาร่าแต่งแรงอะผมว่าได้ แต่ถ้าแต่งสวยอะแม่งยาก 1.9ผมว่าแต่งสวยที่สุดล่ะ,negative,0
2008,2008,กินเจอบูตะคอร์นมีกลิ่นเหม็น แย่สุดๆ ลองให้พนักงานชิม รีบเปลี่ยนมาให้ใหม่เลย ของสดจริงจ้ะ - -,negative,0
2009,2009,ออเจ้า ต้องเสียค่าชุดไทยยนะ,negative,0
2010,2010,ขอบคุณคับ😍,positive,1
2011,2011,ควยๆ,negative,0
2012,2012,ช้างหรือไม่ก็แสงโสม,positive,1
2013,2013,เจอความไม่พร้อมของอาหารที่เซ็นแจ้งเหมือนกันเลยค่ะ แต่ดิฉันไปเมื่อวันที่29/11/60 หมดทุกโซนอาหารเหมือนกัน จ่าย310บใ แต่ได้กินของเหมือน30บ. เสียความรู้สึกสุดๆ,negative,0
2014,2014,จัดๆๆๆดิ,positive,1
2015,2015,เหมือนที่ผมชอบมาสด้า แต่ไม่ชอบติ่งเช่นกันครับ รถมีปัญหา ด่าว่าผมขับไม่เป็น ไม่ถนอม ส้ะงั้น โคตรงง,positive,1
2016,2016,ก้อว่านะ ตั้งแต่คอนเสิตคราวที่แล้วละ เลิกกินช้างงงง555. งอล,negative,0
2017,2017,วาร์ปมานอนห้องเพื่อนครับ ตั้งแต่นั้นมาเลิกกินแสงโสมเลย เหล้าอะไรไม่รู้ เมาแล้วเจ็บก้นชิบหาย,negative,0
2018,2018,ท่าน ผมพูดเอามัน ไม่ได้เอาจริง อย่างว่าแต่ นาวาร่าเลย ผมWeav ป้ายแดงยังไม่ปัญญาเลยครับ,negative,0
2019,2019,นี่กินสเมอร์นอฟมิดไนท์ไม่ได้ ให้กินห่าอะไรก็ได้ ค่อนข้างคอแข็งมากไม่ค่อยเมา แต่เจออีสเมอร์นอฟมิดไนท์ไม่ได้ ดับตลอด พ่ายแพ้กับอีเหี้ยนี้มาก โกดดดดดด,negative,0
2020,2020,เลิกกิน เลิกติดตาม 👎👎👎👎👎👎,negative,0
2021,2021,#MKก็มีชาชีสแล้วนะรู้ยัง #รสชาติเป็นยังไงไปดูกัน 🧀 เป็นร้านสุกี้แนวครอบครัวที่ทุกคนรู้จัก แต่วันนี้เค้ามีโปรใหม่อย่างชาชีสสุดฮิต เราจึงต้องมาลอง ทางร้านมี 3 แบบ คือ สตรอเบอร์รี่ปั่นครีมชีส ชาไทยครีมชีส ชาเอิร์ลเกรย์ครีมชีส อันนี้สั่งแบบกลับบ้าน แก้วน่ารักมาก มีไม้หนวดปักด้วย ><ทุกคนลงมติว่าชาไทยครีมชีสอร่อยมาก รีบมาโดนกัน 📍MK Restaurants #foodstylistchannel,positive,1
2022,2022,ห่วยแตกมากคับ!!!!! สาขาplus mall อมตะนคร จ.ชลบุรี ของหมดแต่หัววัน สั่งคอเป็ด บอกหมด(???) ทั้งที่พึ่งเปิดบริการ โปร 3 4 3 ก้บอกของหมดแต่หัววัน ช่วยเคลียให้ด้วยครับ เพราะถ้าคราวหน้าเจออีกผมไม่ไว้หน้าแน่ครับ เพราะโดนมาเยอะแล้ว,negative,0
2023,2023,หาวันไปลองจัดป่ะ,positive,1
2024,2024,กาวผ้าอนามัยนี่ติดทุกอย่างยกเว้น กกน. บริษัทกาวควรขอคำแนะนำ,negative,0
2025,2025,3 ขวด ช้างเพียวๆ ขวดที่4 ตังค์หาย ชิบหายละ ความซวยมาเยือนกุละ พุ่งนี้ จะกินอารัยกุ....ที่ไหนได้อยู่ในกางเกงตัวเก่า เอออ สรุป ... ม่ายมาวว นะ ม่ายยมาวว,negative,0
2026,2026,ไป5555,positive,1
2027,2027,สั่งพายช้อกโก้พิ้ง เพิ่งรู้ว่าใส่ผักขมและข้าวโพดด้วย CentralPlaza Lardprao สูตรใหม่หรอคะ?,negative,0
2028,2028,เช่าชุดแพงกว่าส่วนลดอีกนะ55555,negative,0
2029,2029,สงขลายังสาขาไหนมั่งนิ ไซไม่บอกให้แหมด,positive,1
2030,2030,ตอนเยียบหัวเสียวสัด,negative,0
2031,2031,หมดกันบาบิก้อนที่กินมา. . . ไอจนอ้วก บ้าจริง ผ่าคอทิ้งแม่งดีไหมล่ะ,negative,0
2032,2032,บอกละ นานมาก คือกูก็ไม่รู้อะว่าจะทำยังไง เครียดมาก แม่ก็ด่าอยู่นั่น ร้องไห้เลย 55555,negative,0
2033,2033,ทุนที่น่ากลัวที่สุดกูว่าสำนักงานทรัพย์สิน แม่งผูกขาดที่ดินเยอะสัส,negative,0
2034,2034,อยากจะจัดเครื่องดีแมคจริงๆเลย 5555,positive,1
2035,2035,เค้าก็จะบอกเราเสมอว่า มันผิดเพราะมันไม่ได้เสียภาษีและเค้าไม่ยอมให้เสียภาษีทั้งที่พวกเรายินดียอมเสียภาษี,negative,0
2036,2036,เด็ก5ขวบยังดูออกเลยมั้งว่าเป็นตร. จะเข้าข้างกันเองไปถึงไหน จับจาก ประชาชนไป ก็เอาไปขาย เอาไปใช้กันเอง,negative,0
2037,2037,ใช้มาเกือบ 5 ปีไม่เคยมีปัญหา ขับสบาย รักมากเลยคะ CR-V,positive,1
2038,2038,กินไก่แมคไปอีกละ อีดอก อยากผอมมากมั่ง,negative,0
2039,2039,เมื่อไหรภาพหมูบาบีก้อนจะหายไปจากไทม์ไลน์กูวะ เสียอรรถรสในการแดกมาก,negative,0
2040,2040,น้องอยากกิน พาน้องไปกินหน่อย,positive,1
2041,2041,อยากกินๆๆๆ,positive,1
2042,2042,ให้โลกรู้ไว้แท็กซี่ สีเหลือง ที่ไม่ปฏิเสธลูกค้า และไม่+เพิ่มค่าโดยสาร ยังมีอยู่บนโลกใบนี้ #แท็กซี่,positive,1
2043,2043,เปิดแบ่ง Gabrielle Chanel EDP 10ml - 530 5ml -280 น้ำหอมแนว White Floral กลิ่นนี้ถ้าปรุงไม่ดีจะเลี่ยนมากๆ แต่คนรี…,negative,0
2044,2044,โอยแต่ถ้ามีบาบีก้อนแบบกินไปร้องเกะไปก็คงต้องเลือกซักทางคือกินอย่างเดียวไม่ก้ร้องเกะไปเลย55555 ก้ำกึ่งไม่ได้55555555,negative,0
2045,2045,ต้องจัดเร็วๆนี้ ^_^,positive,1
2046,2046,หิวหรอจ่ะ,positive,1
2047,2047,เมื่อไหร่สาขาซีคอน ศรีนครินทร์ จะเปิดเนี่ย นานมาก,negative,0
2048,2048,กาวตรงผ้าอนามัยนี่ติดทุกอย่างได้ดีหมด ยกเว้นกางเกงใน 😑,negative,0
2049,2049,ไปจัดมาละก้อนคุ้มอิ่มฝุดๆชอบมากเลย สาขาเซนทรัลรัตนาธิเบศร์ บริการดีมากเลยปลื้มมม วันหลังไปอีก😍,positive,1
2050,2050,อินชอนชิกเก้นวิงค์ที่โชว์ดีซี เรามองว่าเขาไม่ต้องการบริการเรา ให้ไปรอที่อื่นทั้งที่เราก็สั่งอาหารเหมือนกันแต่แค่นำกลับบ้าน ไม่มีเก้าสำหรับรอ,negative,0
2051,2051,ไม่มีใครคิดจะเอาผ้าอนามัย Always มาขายในไทยมั่งนะ โคตรจะดีอะ,negative,0
2052,2052,จัดอีกไหม?,positive,1
2053,2053,อยากจัดหน่อย😊,positive,1
2054,2054,ยาก,negative,0
2055,2055,พรุ่งนี้ม่ะ,positive,1
2056,2056,จ๊าบ,positive,1
2057,2057,เด่วนะ family mart ขาย เบียร์ ช้าง ทำไมไม่เดือดกัน #โลกสวยไปอีก #คนไทย ชอบมองว่าสิ่งนั้นไม่ดีไม่งาม #แต่ใจสกปรก,negative,0
2058,2058,ผมคิดว่ามันก็ไม่ดีหรอกนะครับ ตอนนี้ก็สูบบ้านผมอากาศหนาวมาก10องศาสังเกตสูบตอนเช้ารู้สึกว่าจะปวดหัวอยู่หน่อยๆ ผมว่าถ้าเลิกได้ก็เลิกนะครับ แต่ผมยังไม่เลิกมันอร่อยดีเหมือนสูบแทนน้ำ 5555555555 ข้อความอาจจะไม่เกี่ยวกับโพสนะครับขออภัยด้วยนะครับ. แฮร่,negative,0
2059,2059,ไปขายยาบ้าดีกว่า แบบนี้ โหยยยย แค่บุหรี่ไฟฟ้า,negative,0
2060,2060,รัฐไม่จริงใจในการแก้ไข..ห่วงผลประโยชน์,negative,0
2061,2061,พร้อมเมื่อพวกมันสูญพันธ์ไงเเจ๊ะ,negative,0
2062,2062,จะเลิกกินบ้าบีก้อน2เดือนบะกินหมูทะแทน,negative,0
2063,2063,ไม่แดกแล้ววววววววววววววววววววววววววววววววววววววววววววววววววววววววววววววววววววววว,negative,0
2064,2064,ใช่ ๆๆ หมุแผ่นบางจริงๆๆด้วย ว่าจะไม่ไปกินอีกแล้ว,negative,0
2065,2065,หงุดหงิดกับกาวผ้าอนามัยมากอิดอกก ควรพัฒนากาวให้ติดทนกว่านี้หน่อยเถอะ,negative,0
2066,2066,ความรู้สึกเราแม่งยังติดอยู่ที่เธออะ แล้วจะให้ไปรู้สึกกับใครใหม่ได้วะ,negative,0
2067,2067,ไปกินกันอีกไหม,positive,1
2068,2068,จนไม่มีตังล่ะ ขอบายก่อนเลย,negative,0
2069,2069,ฉันไม่ชอบเห็นคนอื่นทำเธอยิ้ม เลยอยากทำทุกอย่าง หาทุกสิ่งที่เธอชอบ ที่เธออยากกิน ที่เธออยากไป เท่าที่พอจะทำได้ดีที่สุด เพราะฉันอยากเป็นคนเดียวที่เติมเต็มหัวใจและทำให้เธอยิ้มได้ :)) กี่ปีก็ยังรักนั่นแหละ ฉันอยู่ตรงนี้ จนกว่าจะไม่อยากให้ฉันอยู่ 555,positive,1
2070,2070,จะสอบให้เสียเวลาทำไม ก็รู้ไคำตอบอยู่แล้วว่า แหวนแม่ให้มา นาฬิกาเบียร์สิงห์ให้ทาน,negative,0
2071,2071,กานิเย่แม่งโผล่โฆษณาบนไทม์ไลน์ทวิตกุทุกๆ20นาที อิเวงงงง5555555,negative,0
2072,2072,เอามาทำได้หมดทุกยี่ฮ้อแหละครับมีทั้งครัมมรี่ นิสสัน ฮอนด้าซีวิคเนี่ยผมเห็นตั้งแต่มีรุ่นซีวิคปี2010แล้วครับตอนนั้นผ่านมา7-7ปียังไม่เห็นจะมีข่าวเลยแล้วนี่อะไรกันผมเห็นจนเบื่อแล้วคือทำได้หมดครับแต่ต้องปรับมิเตอร์ให้ตรงกับมาตรตราฐานขนส่งครับ,negative,0
2073,2073,เบียร์ยูลังนึง 996 อีควยขายเอารวย โคราชช้างลังนึง 889 รวมน้ำแข็ง ถูกกว่าเยอะ,negative,0
2074,2074,กู 2 มึง 1 มึงแพ้ มึงมา จบ 55555,positive,1
2075,2075,จัดออนเดอะร้อคสักแก้วเป็นรางวัลสำหรับวันหยุดสุดสัปดาห์ Cheers! #ไม่เจือสีแต่งกลิ่น #TeamRoyal #มีดีมากกว่าหน้าตา,positive,1
2076,2076,อีเหี้ย อีก3เดือนถึงแดกได้,negative,0
2077,2077,ไม่เมาเราไม่เมา กินสปายละเมามันเสียชาติเกิด //ตัดภาพไปที่สลบบนรถ,negative,0
2078,2078,แล้วนี่เป็นไรอยู่ดีๆก็กลับมาบ้าน้ำหอมแต่อยากได้โจมาโลนจริงๆนะแต่นังไม่ทนอ่ะเบื่อตรงเนนนนนนน้ แล้วคือเป็นคนตัวร้อนขน…,negative,0
2079,2079,เคยนั่งรถแท็กซี่แล้วปวดขี้ตรงถนนเส้นลาดพร้าวอะ เกือบตาย ไปไหนก็ไม่ได้,negative,0
2080,2080,#ลอรีเอะเฟรชคอนโทรล #30 cmซื้อง่ายที่เซ่เว่นค่ะ #ล็อคกลิ่นมั่นใจไม่อับชื้น #นี่สิคอนโทรลได้ทั้งคืน,positive,1
2081,2081,เดี๋ยวนี้mkเอาเศษผักมาขายด้วยหรอคับ สาขายูเนี่ยนมอลล์ #เศษฟักทอง #mkrestaurants,negative,0
2082,2082,ซื้อไว้มั้ยย,positive,1
2083,2083,😞,negative,0
2084,2084,เห้ยทีไป13 มันเป้นเบียร์ช้างเราจะกินกันได้เหรอ,negative,0
2085,2085,มาสด้า 8 หรือครับ,positive,1
2086,2086,เหนด้วยอีกหนึ่งเสียงจ้า โค้กก่อนไม่ซ่าส์เร้ยY_Y,negative,0
2087,2087,ยังมีคนเชื่อเรื่องนี้อีกหรอ ที่เค้าใช้โตโยต้ากันเยอะเพราะรถทนแก๊ส อะไหล่หาง่ายถูก,positive,1
2088,2088,สภาพอิชั้นเมื่อได้คิวขึ้นแท็กซี่เป็นคิวที่ 372 ... ในขณะที่ตอนนี้ยอดคิวที่เรียกคือ 267 !!,negative,0
2089,2089,ตอนต้นเดือนแวะเข้าไปเดินสาขาเปิดใหม่ เราอยากไปดูสินค้ายี่ห้อฮาดะลาโบะ เพราะอยากลองเปลี่ยนสูตรใหม่ พนักงานมาถึงก็แนะนำเลยจ้า สีขาวสำหรับเพิ่มความชุ่มชื้น(ถูกค่ะ) สีฟ้าช่วยลดเลือนริ้วรอย เสริมโครงสร้างผิว(เอ๊ะ!) สีทองช่วยเพิ่มความกระจ่างใส(เดี๋ยวๆๆ) ส่วนสีแดงสูตรใหม่เพิ่มสารไฮยารูลอนิค 5 ชนิด โทษนะคะ ที่น้องพูดมา มันสลับกันหมดเลยค่า ฮ่าๆๆ จะบอกว่าเราศึกษาข้อมูลมาหมดแล้วก่อนจะเลือกซื้อ จะสอนพนักงานกลับก็เกรงใจ ฮ่าๆๆๆ,positive,1
2090,2090,โดนปรับเยอะจังคับ,negative,0
2091,2091,งั้น..หาพิกัดร้านที่ร่วมรายการด่วน อิอิ,positive,1
2092,2092,ปกตินี่จะไม่ใช้น้ำหอมที่กลิ่นฉุนจนเวียนหัวอ่ะ ใช้ได้แต่พวกกลิ่นแป้งเด็ก ชอบสุดคือของ bvlgari (แต่ไม่ค่อยทนเพราะอากา…,negative,0
2093,2093,ค้นพบแล้วว่าแดก285ไม่ได้จริงๆ...,negative,0
2094,2094,กิน Mk ดีก่า,positive,1
2095,2095,อย่าให้คลอดก่อนเด้อ55555,positive,1
2096,2096,จริงๆ เชียร์แจส แต่กิ๊ฟบอกหน้ามันเหลี่ยมๆ แปลกๆ ทั้งที่ปกติเค้าชอบรถ 5 ประตูนะ เด่วพาไปลองขับก่อนอะ,negative,0
2097,2097,ไม่กินช้าง ช้างไม่อร่ย..,negative,0
2098,2098,กินเอ็มเคทีไรหนาวทุกทีเลยอะ ฮรืออออออ สั่นหมดแล้ววว แอร์มันเย็นง่ะะะะ,negative,0
2099,2099,เซ็นทรัลรันตราธิเบศ เลยยยครับ,negative,0
2100,2100,เมย่าก้ร่วมรายการ,positive,1
2101,2101,ดื่มอร่อย อ่อยไม่เบื่อ กินดี ปี้กันทั้งคืน ยืนยังเซ แถมโดนเป เยสเข้ ถึงบ้านได้ไง,positive,1
2102,2102,แต่ตอนนี้กินฟูลมูนไปก่อนนะอีสัด,negative,0
2103,2103,ยุค1873 Amsterdam start-up ยุคของ gerard adriaan heinekin ได้เริ่มใช้ชื่อแบรนด์ Heineken® เป็นการเริ่มต้นรสชาติละมุนนุ่มลิ้นนี้,positive,1
2104,2104,ไช้ครับป๋าเขาเขาควันเยอะบอกอัตราย,negative,0
2105,2105,"แดงโดนใจจริงๆ 😲 Honda Civic Hatchback Rallye RED ลุยงาน #MotorShow2018 หลังจากที่เคยเปิดตัวในรุ่นซีดาน . มาพร้อมระบบสตาร์ทเครื่องยนต์แบบอัจฉริยะ (One Push Ignition System) แค่เพียงกดปุ่ม Start เครื่องยนต์ 1.5 ลิตร เทอร์โบ ของ Honda Civic RED Turbo RS ก็พร้อมจะไปกับเราในทุกเส้นทาง . ราคาค่าตัวอยู่ที่ 1,169,000 บาท . ใครสนใจไปพบตัวจริงกันได้ที่บูธ A9 อาคารชาเลนเจอร์ฮอล์ 1-3 อิมแพค เมืองทองธานี",positive,1
2106,2106,ควรไป,positive,1
2107,2107,แค่นี้ก็อิ่มแล้วเชื่อดิ,positive,1
2108,2108,ชอบตัวนี้มากกว่า anessa ละ,negative,0
2109,2109,มีดีวยหรอ ออฟตรงกัน5555,positive,1
2110,2110,เสียใจจจจ ลิป mamonde no.11 หายไปไหนไม่รู้ หาไม่เจอออออ,negative,0
2111,2111,จะเลิกกินสปายละ มันไม่เมา,negative,0
2112,2112,ขายเยอะกว่านิสสันอีก แต่ เอ๊กเทรลเพื่อนผมโดน6 ล้อชน รออะไหล่ยาวเหมือนกัน รุ่นเก่านะ,negative,0
2113,2113,ฮอทพอทเซ็น2ตั้งแต่ทำใหม่นี่ราคาก็ขึ้นนะ 399ละ ไม่แดกจ้าบายยยรู้สึกชาบูข้างนอกยังถูกกว่าคุณภาพพอๆกัน,negative,0
2114,2114,พาไปแหน่,positive,1
2115,2115,ปรับปรุงสัญญาณอินเตอร์เน็ตเถอะค่ะ หงุดหงิดจะทำไรก็ไม่ได้ อยากจะย้ายค่าย,negative,0
2116,2116,แดกก,positive,1
2117,2117,กินโซจูว่าเมาแล้วกินผสมกับมิดไนท์นี่เกือบตายแม่งยังมาตบท้ายด้วยเบียช้างโธ่!!!!รอบน่าต้องลองรสใหม่ดูมั้งแล้วเผื่อจะกินง่ายขึ้น555,negative,0
2118,2118,อยากไป ล้ง1919 #Chang #ChangSensoryTrails #TheGreatBrew,positive,1
2119,2119,ของผมมันทำงานตลอดเลยครับไม่ตัดเป็นเพราะอะไรครับdmaxครับ,negative,0
2120,2120,เต็มที่ครับ เป็นกำลังใจให้ครับ ผลวิจัยแน่นอยู่แล้ว,positive,1
2121,2121,ไปๆ/,positive,1
2122,2122,โคลงออเจ้าใยร้อยสัมผัสมั่ว ไม่เป็นแบบอย่างให้กับเยาวชนเลย เด็กๆจะเข้าใจผิดว่าเขียนเช่นนี้ได้ อย่านึกเอาแต่สนุกเพื่อสร้างความบันเทิง ควรเอาให้ถูกหลักภาษาเสียบ้าง,negative,0
2123,2123,โอเคไป,positive,1
2124,2124,เป็นค่าาา มีครั้งนึงตอนลอกคือผ้าอนามัยแหกต้องค่อยๆจับ กกน แล้วลอกอ่ะเราว่าไม่โอกาวมันแน่นไปหน่อยมีดีตรงไม่เคลื่อนที่,negative,0
2125,2125,สนจัยนิสสันค่ะ,positive,1
2126,2126,ไอ้เหี้ย ไม่รุ้วิธีจะใส่ผ้าอนามัยไม่ให้นอนแล้วเปื้อน,negative,0
2127,2127,เลว,negative,0
2128,2128,มาสด้าเค้าฟ้องบริษัทด้วยไม่ใชาเหรอ,negative,0
2129,2129,ป่ะๆ 99บาท,positive,1
2130,2130,📣 อันละ 100- 3CE Mini Hand Mirror กระจกพกพา 3ce ขนาดจิ๋วถนัดมือ เป็นแบบ ด้าน ตัวจริงสวยมากๆค่ะ #ของแท #เครื่องสำอาง #เครื่องสำอางค์เกาหลี,positive,1
2131,2131,บุหรี่ไฟฟ้านะ ไม่ใช่ยาบ้า มึงก้บ้า เกินไป,negative,0
2132,2132,ไปกินที่สาขาโฮมโปรที่ชุมพรมาเมื่อวัน ที่ 30 ธันวาคม ไม่มีของอะไรเลย เมนูหลายเมนูถูกยกเลิก เซ็งมาก สอบถามจากพนักงาน,negative,0
2133,2133,เสียอย่างเดียวไม่มีกุ้ง,negative,0
2134,2134,ยอมใจครับผมติ่งอีซูซุ3.0ครับดูถูกมาสด้าเดิมๆ2.2มากไปไปแถวสายเอเชียเราเร่ง200แต่ทำไมห่างจากมาสด้าไกลจังยอมครับ🙏,negative,0
2135,2135,โอยยยยยยยยยยจะอ้วกกับทวิตบาบิก้อนตั่งต่าง😭🤢,negative,0
2136,2136,ขออนุญาติฝากร้านค่ะ ใครที่มีปัญหาตกขาว ปวดท้อง ปวดหลัง ระคายเคืองเวลาใช้ผ้าอนามัย ลองมาใช้บิวตี้คอมฟอร์ทสิแล่วจะติดใจ สนใจทักทายมาเลยค้า,negative,0
2137,2137,มันปิดแล้วนิมึง,negative,0
2138,2138,ตัวผมก็เล็ง V6 ไว้เช่นเดียวกันครับ อัตราการเร่งจะใกล้เคียงกับ มาสแตงเลยครับ ถ้าตัว V6 ไม่เข้าน่าจะขอบายครับ สำหรับคัมรี่..😞,negative,0
2139,2139,ไม่ต้องแดกเลยทีนี้,negative,0
2140,2140,สรุปการกินเอ็มเคตนเดียวแบบกินแล้วอิ่มเสียทรัพย์ไปห้าร้อยกว่าบาท แม่งเอ๊ย แพงกว่าบุฟเฟ่ต์ ติดว่าอยากกอนน้ำจิ้มน้ำซุปมันอ่ะ นี่ขนาดกอนข้าวซอยเจหน้าโรงแรมมาละนะ 😭😭😭,negative,0
2141,2141,ไม่มีโปรที่โลตัสท่ายาง TT,negative,0
2142,2142,ถ้าจะเปรียบเทียบตัวเองกับ Neutrogena จะเปรียบเทียบกับ นูโทรจีนา ดีพ คลีน โฟมมิ่ง คลีนเซอร์ เพราะช่วยให้หน้าสะอาดหมดจดไม่มัน เนียนนุ่ม ผิวหน้าไม่แห้งตึง ลบสิ่งสกปรกได้99% ปกติเป็นคนผิวมันผมอยากได้สูตรนี้มาช่วยฟื้นฟูผิวมาช่วยทำความสะอาดผิวหน้าผมให้สะอาดหมดจดครับ😇😇😇ขอให้ผมโชคดีมีชื่อติด1ในผู้โชคดีด้วยคนนะครับ🙏🙏🙏🙏,positive,1
2143,2143,เอมเค ลืมน้ำจิ้มเด็กอีกแล้ว เสียใจจจจ กลับมาไทยทุกรอบสั่งมากินบ้าน ลืมทุกรอบ ฮืออ นี่ย้ำมากนะ,negative,0
2144,2144,ไปกินเซนทรัลบางนามา ซูซิแข็งมาก มีหน้าไห้เลือก 3 อย่าง 👎,negative,0
2145,2145,คูมหมวกใบนี้ตอนเป็นเพื่อนซี้น้องเตนล์สมัยเด็กแน่ๆ ใบโปรดแบบที่วันไหนไม่ได้ใส่ต้องงอแงแน่เลย,positive,1
2146,2146,โอยงาน Cat มีสปอนเป็นสิงห์หรอนุ้งไม่ชอบเบียร์สิงห์เลย ;-;,negative,0
2147,2147,โซฟีสีฟ้ากลิ่นน้ำหอมแรงไป,negative,0
2148,2148,จะได้ลงตารางกะมั้ยล่ะ,positive,1
2149,2149,เค้านำหมูก้อนมาสไลด์กันหลังร้านหรอคะ 55555555,negative,0
2150,2150,เป็นเหี้ยไรมาบอกให้สทศ.ไปเลื่อนสอบเด็กเอาเอง พอเขาจัดการเรียบร้อยมึงก็เลื่อนหนีวันไปอีก #เลื่อนแม่มึงสิ สัส,negative,0
2151,2151,ซูซิใส่ข้าวเยอะไป,negative,0
2152,2152,ยังอิ่มอยุ่ดูไปก็ไม่อยาก555,negative,0
2153,2153,ช่วงที่พนักงาน mk เต้นประจำวันของเขาอะนะ แม่งเป็นช่วงที่ awkward ทั้งคนกินทั้งคนเต้นเลยสัส กุก็ไม่อยากหันไปมองเขาอ…,negative,0
2154,2154,ที่กล้าออกไปเล่นน้ำ ท้าแดด เพราะผลิตภัณฑ์ของ Biore UV Essence มีspf ตั้ง 50+++ PA++++ ปกป้องผิผิวสวยไม่ให้โดนทำร้าย จากแสงแดดจัดๆ ที่สำคัญครีมเนื้อบางเบา ซึมซึมเร็ว กันน้ำอยู่สบาย สาดมาเลยคร้าา เราขอท้า ยังไงก็มั่นใจ เลือกแร้ว หลงรักเลย😘ของดี ต้องบอกต่อเพื่อนๆ สาวๆ แน่นอนค่ะ👍🏻👏🏻👏🏻👏🏻👏🏻 #BioreUVEssence #BioreFunlnTheSun #SongkgkranFunFest #กัแดดกันแก่ที่ดีที่สุด #กันแดดอันดับ1จากญี่ปุ่น,positive,1
2155,2155,อีเหี้ยจีนทำเบียร์ช้างปลอม,negative,0
2156,2156,อินนิสฟรี ตอนนี้ของแถมมาถึงแล้วนะคะ แต่ว่าคสอยังติดอยู่ที่ศุลกากร คิดว่าน่าจะเคลียร์ของออกได้สิ้นเดือนนี้-ต้นเดือนหน้าค่า #บตอัพเดต,negative,0
2157,2157,น่าร๊ากกกกกก อบได้ทีละถ้วยล่ะมั้ง,positive,1
2158,2158,พวกสร้างกระแสพวกนี้ไม่ต้องมีจรรยาบรรณหรอก เอา จัญไร ไปก็พอ สร้างกันจังกะแสบิดเบียน,negative,0
2159,2159,ชอบมาก 555 ประหยัดตัง,positive,1
2160,2160,ผมนี่นึกสภาพตอนนิสสันไทยเอา GT-R มาขาย ในเวอร์ชั่นที่โดนหั่นออพชั่นและสเป็คฉับๆๆ เลย,negative,0
2161,2161,จัดอีกรอบปะอิอิ,positive,1
2162,2162,จาไปกินนน,positive,1
2163,2163,พาไปกินหน่อยยย,positive,1
2164,2164,ว้าวๆๆๆๆ,positive,1
2165,2165,เอาเวลาไปจับยาบ้าดีกว่ามั้ยคะ,negative,0
2166,2166,Fish hotpot is good,positive,1
2167,2167,4หม้อเลยหน่าาาา,positive,1
2168,2168,ไม่รู้ว่าจะเม้าแรงไปมั้ย แต่ขอเม้าชะนีจงกั๋วเหรินเรื่องคสอหน่อยเหอะ คือพวกนางใช้แต่ของแพงๆนะ ลิปนี่ใช้แต่อีฟแซงชาแน…,negative,0
2169,2169,แค่สปายอะตอนนั้น ปวดกบาลไปทั้งวัน ไม่หร่อย ไม่ชอบ ไม่แดกแล้ว555555555555555,negative,0
2170,2170,แม่เยสทำได้ควย หิวเงินมาเลยดิควย สัสท่สเจอคงมัน,negative,0
2171,2171,ไฟหน้าฟอร์จูนเนอร์ไง กากสุด,negative,0
2172,2172,มึงลองให้รัฐแม่งเก็บภาษีได้เป็นเรื่องเป็นราวสิ สาธารณะสุขแม่งจะออกมาอวยว่าดีอย่างนั้นอย่างนี้ เป็นทางเลือก ช่วยลดนิโคติน บลาๆๆๆๆๆ เชื่อกูดิ กูเรียนมา!!!,negative,0
2173,2173,เน็ตหัวควยมากครับ น้องฟ้า,negative,0
2174,2174,นิสสัน เอ็กซ์เทรล ที่สุดแห่งรถ โปรดีอยากได้ ต้องติดตาม อย่าพลาดนะค่ะ,positive,1
2175,2175,จะหมดปี 2018 แล้ว ปัญหามอไซค์บนทางเท้ายังแก้ไขไม่สำเร็จซะที,negative,0
2176,2176,ถ้าเรามีบุหร่ไฟฟ้า...เราต้องพกใบกำกับภาษีก้วยใช่ไหมค่ะ,negative,0
2177,2177,ผ้าอนามัยญี่ปุ่นดีมากค่ะ ขนกลับมาเหมือนกัร,positive,1
2178,2178,55 ไม่น่าจะมีนะครับ ดูไปดูมา นาวาร่ายังดูสวยกว่า,positive,1
2179,2179,เบื่อแล้วAltis อยากขับ city สีขาววว,negative,0
2180,2180,เอาอะไรไปสู้ ถ้าจะไปเลียนแบบเค้า อย่าเลยนะ อายเค้า รถกระบะสมรรถนะสูง ทั่วโลก ยังไม่มีค่ายไหน ล่มฟอร์ดได้แม้กระทั้ง โตโยต้าเองยังย่อยยับในตลาดเมกาที่สุดในโลก สำหรับกระบะเครื่องแรง,negative,0
2181,2181,แอดแม่งมั่ว เพลงประกอบโฆษณาผ้าอนามัย เฉยๆ,negative,0
2182,2182,#คอเหล้าโปรดทราบ ตอนนี้ RED BLACK ตระกูล​ Jonny walker กำลังระบาด #แพทย์เตือนกินถึงตายครับ #ส่วนหนึ่งของเหล้าปลอม 200 ลัง มูลค่ากว่า 10 ล้านบาท พร้อมอุปกรณ์#การผลิต ที่ตำรวจจับได้ที่บ้านเช่าเลขที่ 46/7 หมู่ 6 ต.บางหลวง อ.เมือง ปทุมธานี C.r.กลุ่มใลน์เเจ้งข่าวสารทั่วไทย ดูไว้ เหล้าที่ดื่มกัน มันจริงแค่ใหน!!!!! #เหล้าเถื่อน,negative,0
2183,2183,เฟลสุดคือกดรับแมคไก่ฟรีแต่เสือกใช้ไม่ทันอะโฮววว,negative,0
2184,2184,หักส่วนลดแล้วถูกกว่าอีก ทั้งเรนเจอร์และรีโว่ตัวeพรีรันเนอร์,positive,1
2185,2185,อยากกินบะหมี่หยกต้มยำ,positive,1
2186,2186,ต้องลอง,positive,1
2187,2187,ทำไมใช่ชีทมาร์กอีทูดี้แล้วร้อนหน้า ;-;,negative,0
2188,2188,กรณีบาบีก้อนนี่เหมือนมาตะโกนใส่ลำโพงบอกว่าไม่ใช่พยาธิจ้า แล้วกระซิบเบาๆว่ามันเป็นหนองงะเตง งี้,negative,0
2189,2189,วันนี้ไปซื้อเป็ด Mk ที่สาขาเซนทรัลรามอินทรา สั่งกลับบ้าน1ตัวหั่นทั้งกระดูก พอกลับมาบ้านเปิดกล่องเจอสภาพอย่างที่เห็น เป็ดไม่มีความเป็นชิ้นเลย เห็นครั้งแรกนึกว่าสับโครงกระดูกแบบละเอียดมาให้ กินไปก็เป็นเนื้อเละๆปนเศษกระดูก เราก็นึกว่าเป็นที่กล่องนี้เป็นเศษส่วนเหลือของเป็ด พอเปิดมาอีกกล่องก็เหมือนกัน มีความเป็นชิ้นอยู่น้อยมาก จึงไม่ทราบว่าได้สอนพนักงานให้สับเป็ดแบบนี้ออกมาได้ยังไงค่ะ ราคาเป็ดคุณตัวนึงก็ไม่ได้ถูก แต่พอได้มาแล้วมันเละแบบนี้มันทั้งไม่น่าอร่อยและรู้สึกว่าได้เนื้อมันน้อยมากค่ะ,negative,0
2190,2190,อยากไปกินข้าวผัด,positive,1
2191,2191,อยากมีชีวิตดีๆ ก็ต้องเตรียมให้พร้อม..ร่างกายต้องฟิต💪!! รู้จักฉลาดเลือกกินให้เหมาะสมกับวัย ไม่ว่าจะวัยเรียน วัยรุ่นหรือจะวัยไหนๆ ก็ฟิตได้กับเมนูหลากหลาย 343 แวะมาเติมพลังอร่อย เติมท้องให้อิ่ม พร้อมบำรุงให้ถูกจุด กับเมนูฮิตฟิตสุขภาพ 343 วาไรตี้อร่อยเว่อร์สุดคุ้มกันเถอะ😁 #MKRestaurants #MK343 #วาไรตี้อร่อยเว่อร์ #3ซุป4ซอส3เซต #สุขเอ่อล้นที่MK #มากินที่MK,positive,1
2192,2192,สรุปทำอะไรไม่ได้ ก๊วยเตี๋ยวชามละร้อยประตูน้ำตรงข้ามแม็คโดนัล แต่แปะป้ายไว้ชามละ100. งี้ก้อไดหรอ ? คือแค่แปะป้ายแต่จะขายแพงขนาดนี้ได้หรอ?,negative,0
2193,2193,กฏหมาย 3 เล่ม มันก็หยิบมาใช้จนผิดจนได้อ่ะครับ,negative,0
2194,2194,แล้วโครงการอื่นล่ะ??? แสนสิริเตรียมแจงกรณีปัญหาผนังห้องชุดโครงการเดอะ เบส สุขุมวิท 77 พรุ่งนี้ หลังพบใช้โฟมเป็นวัสดุก่อผนัง”,negative,0
2195,2195,ยึดรถเหมือน ยาเสพติดเลย,negative,0
2196,2196,เรื่องรถฮุนได กูร้องเชี่ยหนักมาก คือนั่นรถนะ 😂😂 ด้อมนี้นี่แม่ง กูยอม,negative,0
2197,2197,สวยใจดี เเละน่ารักมากครับ #ToyotaBuzz #MOTORSHOWยกมาที่นี่,positive,1
2198,2198,Nissan X-trail ขับนิ่ม เสียงเงียบ สบาย คล่องตัว,positive,1
2199,2199,อีห่า เพื่อนแดกสปายแล้วโดนคนคุยด่า อีห่าา อยากย้ำว่ามันแค่สปาย แล้วอีกอย่างถ้ามึงรักเพื่อนกูรู้จักเพื่อนกู มึงจะไม่พูดจาส้นตีนหมาไม่แดกแบบนี้,negative,0
2200,2200,😁😁😁,positive,1
2201,2201,ใช้ปะ55555 ถูกดี,positive,1
2202,2202,ชอบชวนเมียไปดินเนอร์ เดียวเพื่อนก็อิจฉาเราหรอกเต้,positive,1
2203,2203,นิสสันเอ็กเทล ราคาพิเศษ ภายในกว้าง เหมาะเดินทางไปเที่ยวกันทั้งครอบครัว ชอบมากๆ,positive,1
2204,2204,ต้องดักตีแม่มไอพวกนี้,negative,0
2205,2205,อยากกิน😂😂,positive,1
2206,2206,ขอบคุณค่าาาา,positive,1
2207,2207,หงุดหงิดอะ บอกพนงเอมเคให้มาถ่ายรูปเพราะมากินเดือนเกิดคนในบ้าน ละไม่มาซักทีต้องเรียกรอบ2ก็รอนาน คือนี่จะไม่ทันดูหนังไง รมเสียยยย,negative,0
2208,2208,ชอบยุค1950 ค่ะ เป็นโลโก้ที่ลงตัวด้วยสีเขียวเรียบๆและรูปดาวตัดเด่นสีแดงเพียงดวงเดียว เป็นยุคของการเดินทางขยับขยายให้เป็นที่รู้จักในทั่วโลก เป็นเหมือนการบ่งบอกว่าจุดมุ่งหมายของการเดินทางคือการบอกให้รู้ว่าheinekenต่อมาจะเป็นดาวเด่นที่เป็นที่รู้จักและชื่นชอบของคอเบียร์ตั้งแต่ในอดีตจนถึงปัจจุบัน,positive,1
2209,2209,คอมเม้นพีค เลิกกินนน,negative,0
2210,2210,แพงตลาดตัวล่ะ500,negative,0
2211,2211,รถดีที่ไม่น่าซื้อเป็นอย่างยิ่ง ประเภท ดูแต่ตามืออย่าต้อง ซื้อรถแถมแพด้วย 😊😊 เวลามีปัญหา พี่ฟอร์ดทิ้งสถานเดียว,negative,0
2212,2212,พี่ต้อมน้องบ่มักแม่โขงแต่ถ้าหงษ์ทองพอไหวยุ,positive,1
2213,2213,ไปทานมา ตอนพนง.มา ถามก่อนเลยได้กล่องดินสอมั้ย พนง.บอกได้ พอทานเสร็จคิดเงิน บอกหมด หลานถามว่า ทำไมพี่เค้าบอกตอนแรกว่ามี จะให้บอกเหรอคะพี่เค้าหลอก...,negative,0
2214,2214,กินๆๆๆ,positive,1
2215,2215,กินแต่เนื้อหมู,positive,1
2216,2216,0 ซูซูกิต้องพัฒนาด้านบริการอีกเยอะ ราคาอะไหล่ก็แพง,negative,0
2217,2217,เหล้าแดงนี่ดิ ขึ้น 30 บาท/ขวด เลยรึ แสงโสมขวดละ 300 งี้ พระเจ้าช่วย!!!!!,negative,0
2218,2218,ตอนเย็นก้อได้,positive,1
2219,2219,ไปกินแทบทุกอาทิตเลยค่ะ,positive,1
2220,2220,ผมชอบการตอบแบบนี้ครับมากครับ ไม่ได้บอกว่าตร.ไม่มีสิทธิ์จับ จับได้ แต่ความผิดนั้นทุกอย่างไปว่ากันในชั้นศาล,negative,0
2221,2221,วันไหนยาย,positive,1
2222,2222,เหมือนกันเป๊ะ ไม่รู้จะอธิบายให้เค้าเข้าใจได้อย่างไร 😰,negative,0
2223,2223,แล้ว ถ้า คน ไม่กิน น้ำอัดลม ก็ เซง ดิ,negative,0
2224,2224,ดอยสุเทพน้องง ไปหมดแล้วววว #pm25,negative,0
2225,2225,นี่ไปดูราคา THEFACESHOP ที่ไทเปมาก็ไม่รู้ว่ามันถูกหรือแพง เพราะไม่เคยเข้าไปดูที่อื่นเลย555555555,negative,0
2226,2226,ว้าวๆ น่ากินทั้งสามรสเลยอะ,positive,1
2227,2227,Note ครับ ไปลองขับมาทั้งคู่ Note ช่วงล่างดีกว่าเป็นกอง นั่งสบายครับ ผิดกับช่วงล่างมาร์ช ตอนนี้ note วางตลาดสูงกว่า march ครับ,negative,0
2228,2228,ฝาชีชอบหมูบด เราชอบลูกชิ้นคริสตัล,positive,1
2229,2229,นิสสัน ตัวนี้ ทันสมัยจริงๆคะ รถครอบครัว ใครสนใจ จับจองได้กันเลยจร้า,positive,1
2230,2230,ประชาชาติ ฟันธง ศก.ไม่ดี - จีดีพีเทียม #NationTV,negative,0
2231,2231,กระทงทองอะไรคะคุณพี่ น้องไม่เข้าใจ,negative,0
2232,2232,ยอมแล้วกุ เมาสปาย5555,negative,0
2233,2233,แจ่วหวานไปนะก้อน 😭😭,negative,0
2234,2234,สาขาเซ็นทรัลพระราม2 ไม่เปิดสักที ปิดนานเกิ๊นนนน,negative,0
2235,2235,โชว์ดีซีมีไรดี ไม่เคยไป,negative,0
2236,2236,ก็เพราะมันจะมาทำลายธุรกิจถูกกฎหมายของประเทศที่ทำงินมหาศาลในแต่ละปีไงล่ะจึงต้องตัดไฟเสียแต่ต้นลม,negative,0
2237,2237,จัดไปค่ะแอด👍👌👌,positive,1
2238,2238,อีควายกุไม่ได้รวยนะอีเหี้ย,negative,0
2239,2239,พี่บอกพ่อว่าอยากกินเอ็มเคเลยพาไป แต่มารู้ทีหลังว่าตอนแรกพ่อจะพาไปกินฟูจิ มันน่าเจ็บใจยิ่งนัก,negative,0
2240,2240,อยากกกกกๆๆๆ,positive,1
2241,2241,เห็นได้ชัดว่า ตุลาการทั้ง 5 คนเป็นคนของ #คสช. แต่งตั้งโดย #คสช. มาตัดสินคดีเกี่ยวกับพรรคการเมืองที่อยู่ตรงข้ามกับ #คสช. มันจะไม่เป็น conflict of interest หรือ อย่างน้อยสุด ทั้ง 5 คนต้องถอนตัว recuse จากการเป็นองค์คณะในคดีนี้,negative,0
2242,2242,ส่วนตัวนะ รสชาติคล้ายบลู กับสเปร แดกได้อาทิตยแล้วกัยังปวดหัวไม่เลิก สู้บัก2ซาวบ้านข่อยบ่ได้,negative,0
2243,2243,ผมถามจิงๆๆ อยากจะขายรถเเต่ทำไหมเสือกไม่ผลิตให้พอกะความต้องการของ ลูกค้า ไม่ว่า จะเป็น CIAZ เอย CELERIO เอย เเม้กะทั้ง NEW SWIFT ลูกค้าเขาจองมาทำเรื่องผ่านเขาก้ออยากได้รถกันเลย ต้องมานั่งรอ เดือน2เดือน3เดือน ลูกค้าเขาก้อเสียความรู้สึกละ ท่าให้พวกเซล์บอก รถไม่มีรอรับรถ1-2เดือน ลูกค้าที่ไหนเขาจะมาจอง ออกรถกะเเบรนด์ของคุณ เเบรนด์อื่นไม่มีงัยพวกคุณเคยคิดไหม ว่าถูกวันนี้ลูกค้าหลุดไปออกกะเเบรนด์อื่นตั้งเท่ารัย เเทนที่คุณจะได้ผลกำไร ดีลเลอร์รถจะได้ยอดที่สำคัญ เซลล์นี้ ว่าจะดึงลูกค้ามาจองได้เเต่ละเคส ต้องยกเเม่น้ำทั่ง5มาพูด ตามลูกค้าเป็นเดือนๆๆ กว่าลูกค้าจะเชื่อมั่นใจในผลิตภัณฑ์ของ คุณ ตามเคสดันเเก้ไข ส่งธนาคาร ว่าจะผ่าน สรุปผลอนุมัติ ลูกค้าต้องมาเสียความรู้สึก รอรถ ตามรถเซลล์ เซลล์ให้คำตอบไม่ได้ว่ารถจะมาเมื่อรัย เคสหลุดลูกค้าไม่รอ ที่ทำมา 0 เห็นใจ,negative,0
2244,2244,ไอเหี้ยพวกเหี้ยถ้าไม่ได้ภาษีแม่งจับหมดไอสัส นายกก้นิ่งไม่มองดูประชาชนเลย #นี่หรือประเทศไทย,negative,0
2245,2245,อย่าชวนสิ่บอกว่าลดน้ำหนักกก 😂😂,negative,0
2246,2246,อยากไปพรมแดงshow dcจริงๆนะ คือนี่มันเข้าช่วงเก็บใบเสร็จแล้ว แต่เวลางานยังไม่แจ้ง งงมาก,negative,0
2247,2247,เคยโดนประกัน 7 หมื่น. ศาลปรับ พันเดียว แต่กว่าแม่งจะยื่นเรื่องไปศาล เดือนกว่า คิดเอาครับถ้าคนไม่มีเงินประกันละ ติดฟรีไปเดือนกว่านะครับ ถ้ายัด 2พัน - 1 หมื่น คิดเอาครับว่ามันหาแดกไหม แรงกว่ายาก็บุหรี่ไฟฟ้านี่ละ ถถถถถถถ,negative,0
2248,2248,ที่พักอยู่ไม่ห่างจากตลาดต้นตาลมาก,positive,1
2249,2249,อยากกินนักเก็ต,positive,1
2250,2250,สั่งจอง civic 1.5 rs ไป เดือนกว่าๆแล้ว ยังไม่มีวี่แววว่ารถจะมา 😭😭😭 เซลล์ก็บอกรถผลิตอยู่ ให้ รอ รอ รอ รอ,negative,0
2251,2251,รำคาญโฆษณากานิเย่กับไทยพาณิชในทวิต ขึ้นบ่อยเกิ้นน,negative,0
2252,2252,กูกินปิ้งย่างไม่ได้จ๊ะ 😭,negative,0
2253,2253,มีคนเข้าได้ก่อน 11 โมง แล้วจะประกาศกติกาว่าให้รอ 11 โมงเพื่อ??,negative,0
2254,2254,ยังท้องเสียมะหายเลยยยยย แง,negative,0
2255,2255,ลูกเราอดเลย555. ความสูงเกิน,negative,0
2256,2256,1 เนื้อบาบีคิวพลาซ่า 2 ตำรวจ ครู พ่อค้าไอติม 3 นักเรียนโดนเพื่อนถีบ 4 ผอ. รับเงินใต้โต๊ะ 5 ผู้ว่ารถติด 6 นายกไหว้ครู ทั้งหมด 6ข่าว,negative,0
2257,2257,เร็วนะเรื่องแดกเนีย,positive,1
2258,2258,ถูกต้องเยสเข้แมง่2มาตรฐาน,negative,0
2259,2259,🤤🤤🤤🤤,positive,1
2260,2260,ตอนนี้คือหลงmaybelline fit meมาก ถีบหัวส่งnarsไปเลย คุมมันนานกว่า พิสูจน์จากการลงไปอยู่กลางเบย์ หน้าเยิ้มน้อยกว่าna…,negative,0
2261,2261,ลดความอ้วนอยู่,negative,0
2262,2262,งง เหมือนกัน รถผมแค่วีออส หลับในชนท้ายกระบะ ถุงแตกสองใบ ผมออกมาเดินเฉย ไม่เป็นไรเลย,positive,1
2263,2263,อร่อยครับชอบๆๆ,positive,1
2264,2264,เชฟโรเลตเพิ่งได้มาป้ายแดงใส่ล้อขอบ255/5518รุ้สึกวิ่งอืดๆครับ เกียร์6แซงไม่พ้น ว่าจะใส่กล่องคันเร่งไฟฟ้าจะมีปัญหามั้ยครับ,negative,0
2265,2265,ใช้ของ estee รู้สึกเฉยๆ มาเจอ แม่เลียบ รู้สึกว่าดีกว่าเยอะ,negative,0
2266,2266,หม่าล่ากลิ่นเครื่องเทศฉุน 😁,negative,0
2267,2267,อยากกินน้ำ.....สิงห์ไหม,positive,1
2268,2268,ใช้ Civic Fb เกียร์ธรรมดา (2012) ตอนนี้เหยียบคลัชแล้วรู้สึกแข็ง เมื่อขับในขณะขับรถติดนานๆ เกินสองชม. ทำให้รู้สึกเมื่อยขา มีวิธีแก้ไขอย่างไรให้ฟิลลิ่งเวลาเหยียบคลัชนุ่มขึ้นครับ,negative,0
2269,2269,ไปทานมาเมื่อวาน บริการสุดยอดมากเลยครับ หมูเหลือเป็นครึ่งจาน น้ำซุปก็แห้ง พนักงานเดินผ่านไปผ่านมาก็ไม่มอง ถ้าไม่ขอคงไม่เติมให้ที่จริงอาหารอร่อยมาก ยอมรับเลย แต่เจอแบบนี้ ปวดหัวจิง น้ำชาก็หมดไม่มอง ไม่เติม จะเก็บร้านอย่างเดียว เพิ่งแค่19.55น.,negative,0
2270,2270,อยากสุพรรณมีเตาย่างบ้างจัง,positive,1
2271,2271,จัดม้ายยย,positive,1
2272,2272,ต้องยอมรับเลย Dmaxโฟกัสได้ตรงจุดผู้บริโภค ยอดเลยที่1,positive,1
2273,2273,เชื่อมะ ป่านนี้ที่เล่นเกมได้ลิปจาก beauty buffet ฟรี ยังไม่ได้อะแก555 เล่นตั้งแต่ตุลาฯปีที่แล้ว คาดว่าน่าจะอยู่บ้าน…,negative,0
2274,2274,อยากกิน555นะๆๆๆๆ,positive,1
2275,2275,เน็ตเน่าบ่อยมาก สัญญาณเต็ม แต่เน็ตไม่วิ่ง,negative,0
2276,2276,มาเลี้ยงด้วยตอนกลับ,positive,1
2277,2277,อะ แล้วแต่อะ กูโพสต์บอกอยากแดกเบียร์ทีไร เอาด้วยย +++ บวกหน้ามึงอะ กูหยิบเบียร์มาทีไรเสือกบอก ไม่เอาอะ ไม่ชอบเบียร์เลยมีฟูลมูนช่ะ ขอนะ จ้าาา,negative,0
2278,2278,สู้โว้ยยยยย,positive,1
2279,2279,จะกินบาบีคิวพลาซ่า,positive,1
2280,2280,เอ่อmamondeแม่งติดจริง ต้องยอม,negative,0
2281,2281,ก้อดีนะ เป็ดดดดดด,positive,1
2282,2282,ไม่ !!,negative,0
2283,2283,ผมขับแค่ Honda Jazz มิน่าไม่มีแฟน แย่จุง 555,negative,0
2284,2284,มาสด้า 2 ห้าประตูมีมั้ย,positive,1
2285,2285,เซฟโรเลตจัดไหม,positive,1
2286,2286,เคยเรียกแกร้บฟู้ดให้ไปซื้อขนม A แต่ดันซื้อขนม B มา โทรไปหา cc. หวังจะถามว่าเกิดอะไรขึ้น ทำไมซื้อผิด cc.บอกขอโทษค่ะ เด๋วทำเรื่องเคลมคืนเงินให้ 15 วัน พร้อมถ่ายรูปสินค้าและใบเสร็จส่งเมลมาหาทางแกร้บนะคะ จบ...,negative,0
2287,2287,วิ่งสักพักมันก้อขึ้นคะ. เราก้อเป็นเรียกเด็กปั้มมาดู มันบอกเติมแล้วน่ะ เรายืนเถียงกับมันตั้งนาน. มันก้อยื่นใบเสร้จให้. เราขี้เกียจเถียงเลยขับรถออกไป สักพักเก น้ำมันค่อยๆ ขึ้น. แต่ขึ้นช้ามาก. แต่ก้อขึ้นน่ะ. สรุปเราเนี้ยแหละ ผิดที่ไปโวยวาย อายเลยกุ. ปล. รถเราก้อวีออสเหมือนกัน.เติมไป 300 เท่ากัน เติมเบนซิล 95,negative,0
2288,2288,โมเลกุลเล็กกว่าฝุ่นควัน PM 2.5 ก็เห็นจะเป็นข้านี้ล่ะ 🙄😔✌️ #ไร้ตัวตน🍃🍂 https://www.instagram.com/p/Bt5jPhFlQS4zmY9262t8FnPWz0lPY4PhHmt5zo0/?utm_source=ig_twitter_share&igshid=1m02486grs6b2,negative,0
2289,2289,ดูดีกว่ายาริสอยู่,negative,0
2290,2290,เเม้อากาศจะหนาวมาก เเต่อย่าลืมว่าเเดดออกปกตินะคะ #cantlivewithout #dailyuvdefense #kiehlsthailand,negative,0
2291,2291,น่าจะเชือกที่ติดกับผ้าอนามัยแบบสอดที่เอาไว้ดึงออกเวลาต้องการเปลี่ยน แล้วมันหลุดมาแต่เชือกมั่ง งานเข้าแล้วละวันนั้นของเดือน,negative,0
2292,2292,มีความโดดเด่น ปราดเปรียว ด้านหน้าออกสปอร์ตนิดๆ ด้านในดูกว้างขวาง เบาะนุ่มสบาย #Rama3honda,positive,1
2293,2293,รีล่าเรื่องเมืองจีนคือสิ่งที่อยากพูดมาก นี่ชอบจีนชอบธรรมชาติมาก ไปฉงชิ่งคือตั๋วไปกลับ4000 วีซ่าทำกับบริษัท2500(ทำกงศุลถูกกว่าแต่เราเน้นสะดวก) เอาเงินไป15000ใช้จริง5000-7000 เดินทางรถไฟฟ้าแบบแสนถูก มีทั้งเมือง ในรูปไปชนบทใกล้เฉิงตู นั่งรถแท้กซี่เหมา150หยวนได้ สองชม.นิดๆ #รีวิวจีน,positive,1
2294,2294,ถ้ามันเป็นสิ่งทดแทนเพื่อบำบัด คงจะดี แต่เด็กเกิดใหม่มันมองว่าเป็นเรื่องเท่อย่างเดียว บุหรี่แบบเดิม บางคนไม่อยากสูบเพราะกลิ่นเหม็น ปากเหม็น แต่พอมีทางเลือกแบบได้เท่ ได้กลิ่นหอม ก็ตัดสินใจเลือกสูบได้ง่ายขึ้น ในความคิดเห็นของคนที่ไม่สูบ ไม่ว่าบุหรี่มวนหรือไฟฟ้า รณรงค์อย่าไปสูบเลยจะดีกว่า,negative,0
2295,2295,มอไซด์บนทางเท้า รถเมล์เก่าๆ ขับแย่ๆ ควันดำปี๋,negative,0
2296,2296,ของผม ใช้2คัน คัมรี ใช้ดีทุกอย่าง ส่วนแจส มีเสียงดังที่แผงข้างประตู ยิ่งขับเร็ว เหมือนชิ้นส่วนจะหลุด เวลาขับต้องเอาข้อศอก กดไว้ จะได้ไม่มีเสียง รึ เปิดเพลงดังๆ นี่ก็ว่าจะเปลี่ยาแจส เป็นchr,negative,0
2297,2297,ไปกินมาอาทิตย์ล่ะ 2 วัน ยังเริ่มเบื่อๆเลยอ่ะ🤣🤣,negative,0
2298,2298,ที่อ่านคือภาพอย่างบรึ๋ยของคนกินถ่ายมา,negative,0
2299,2299,ขอบคุณนะคะ ตามหาตั้งนาน,positive,1
2300,2300,จริงครับสำหรับผม6คน2กลมนอนตี2ตื่นเช้า7โมงกว่าช่วยบ้านงานเพลียๆแต่ไม่ปวดหัวครับ อิอิ,negative,0
2301,2301,เคยลงไปแล้วรอบนี้ต้องลงไหมครับ,positive,1
2302,2302,อยากกินหมูกรอบบบบบบ ทั้งอิ่มทั้งมัน.,positive,1
2303,2303,เดี๋ยวนี้ลูกค้าต้องขอซอสมะเขือเทศซองเองแล้วเหรอคะ สั่งเบอเกอร์ไก่ togo คิดว่าใส่มา ลด cost หรือคะ?,negative,0
2304,2304,เห้ยแก ของใหม่,positive,1
2305,2305,นิสสันเบียดโตโยต้าขึ้นอันดับ2โลก,negative,0
2306,2306,แต่มันเป็นฝี55555,negative,0
2307,2307,เข้าเกียร์ง่ายกว่าฟอร์ดเรนเจอร์กูอีก,negative,0
2308,2308,จี้อยากกินบาบีก้อน,positive,1
2309,2309,แดกแบล็คจนตาหวาน มีเกียรติมาก!,negative,0
2310,2310,โคตรได้ 55555555555555555555555,positive,1
2311,2311,ขอบคุณสำหรับความเห็นครับ ตอนแรกผมออกนอกประเทศผมก็ไม่กล้าพกไปเหมือนกันกลัวโดนตอนขากลับ ที่ไทย,positive,1
2312,2312,เดี๋ยววววววงวว มึ้งงงงงงงงง กุลื้มมมมม กุยังไม่พร้อมมมม มึงตัดตังกุแร้วววเหรออออออ นี่กุต้องดูต่อสินะ #Netflix,negative,0
2313,2313,เสียตังกับอินนิสฟรีอีกละ,negative,0
2314,2314,เครื่องดื่มต้องเจเล่ ส่วนจูเน่นั้นน่ารัก,positive,1
2315,2315,เลี้ยงกู,positive,1
2316,2316,พื้นเหมือนจะสะอาดเพราะเป็นหินอ่อนแต่พอลองเดินเท่านั้นแหละเท้าดำเลย,negative,0
2317,2317,แดกกก,positive,1
2318,2318,ยังไงฝากแจ้งให้ตรวจสอบด้วยนะคะ พอดีนี่ไม่ได้เจอสาขาแรกค่ะ,negative,0
2319,2319,หาดใหญ่ก็เบียร์อร่อยนะจ๊ะ,positive,1
2320,2320,ไฮเนเก้นท์ดีก่า รสมันนุ่ม รัฐขึ้นภาษีสุรา ไหนๆก็ไหนๆแล้ว เลิกเหลัา-บุหรี่ไทย หันไปกินเหล้านอก สูบบุหรี่นอก ไปเลย แพงชั่งมัน เลิกของไทยไปเลย ขึ้นภาษีดีนัก เอาให้เข็ดเลย,negative,0
2321,2321,เออ กูก็ไม่ชอบ แต่มีแต่คยบอกว่าเบียร์ยูอร่อย แต่กูแดกได้หมดอ่ะ 55555,negative,0
2322,2322,โอ้ยยยยไม่ไหวแล้ว เย็นนี้ต้องไปจัด,positive,1
2323,2323,มีตำรวจในบ้านเมืองเหมือนมีโจร อะ พอไม่มีกล้องพูดกับประชาชนสนตีนเลยนะ พอมีกล้องสุภาพเชียว ้ คนออกกฤหมายเหี้ยๆ แทนที่จะควบคุม แต่เสือกทำมาให้ผิดกฤหมาย ข้ออ้างเหี้ยๆ บอกว่าสินค้าไม่ได้เสียภาษี แล้วพวกมึงเคยให้นำเข้าบ้างไหม ละครับ ตอบให้ว่าไม่เคย เอาตามความเป้นจริงมึงได้รายได้จากใบยาสุบไง แล้วพอคนไม่ซื้อบุหรี่ของมึงไปใช้บุหรี่ไฟฟ้า รายได้มึงหดใช่ไหมละไอพวกชาติหมา,negative,0
2324,2324,หูยยยยยยยยยย,positive,1
2325,2325,กำลังเปลี่ยนรถมาใช้ revo 2.4 ครับแต่กลัวอัตราเร่งไม่ดีส่วนตัวใช้ vigo 3.0 อยู่ครับ,negative,0
2326,2326,ความมือซวยวันนี้ ล้างแก้วอยู่แก้วแตกคามือ ..แล้วเป็นแก้วHoegaardenด้วย!!!โอ้ยยยยยยยยรำคาญ,negative,0
2327,2327,บางทั้ง2ฝั่งเลยค่ะก้อน แถมแพงอีกตะหาก,negative,0
2328,2328,มาสด้าสามปี 2009 ราคา 250000น่าสนนะครับ,positive,1
2329,2329,หายใจไม่ออกแล้วววววววว #KissBoysTH #Saint_Sup #MeanPhiravich,positive,1
2330,2330,ประสานงานให้จะดีมากค่ะ เผื่อใครไปทานแล้วเจอปัญหาเดียวกัน จะได้ไม่เสียสิทธิของตนเองค่ะ ขอบคุณค่ะ,positive,1
2331,2331,พอต่ออายุสมาชิกเรียบร้อย ถามพนักงานทำไมคะแนนไม่เข้า พนักงานถึงบอกว่า “ระบบล้ม” ทำไมไม่บอกตั้งแต่แรกพนักงานสาขาซีคอนบางแค,negative,0
2332,2332,รับได้ทุกรูปแบบรีโว่,positive,1
2333,2333,พักชมสิ่งสวยๆงามๆกันบ้างค่ะ เครียดมาทั้งวันแล้ว,positive,1
2334,2334,ใหม่ เต้นสุดยอดมากกกกก ปรบมือรัววววว ต้องรีบไปหามาใช้แล้วแระ ลอรีเอะ,positive,1
2335,2335,แวะกินเอมเค 55555,positive,1
2336,2336,แดกร้านอื่น จบ555,negative,0
2337,2337,สื่อเมิน!!! พ่อค้าผักแฉกระบะค่ายดัง Revo เอาเกียร์ Vigo มาใส่! #ข่าวยานยนต์ #เว็บรถมือสอง #Unseencar…,negative,0
2338,2338,ไปด้วยย,positive,1
2339,2339,ใส่ผ้าอนามัยแบบ cooling fresh เย็นตลอดเวลา แต่ซึมซับไม่ค่อยดีเท่าไหร่,negative,0
2340,2340,5555 ค่าชุดไทย แพงกว่าราคาที่ลดไปอีกก,negative,0
2341,2341,เกลียดเบียร์ U มาก พวกแสงโสม 285 ไรงี้ก็เช่นกัน,negative,0
2342,2342,เมื่อคืน285 black ยูงทอง เหล้าขาว ไอ้เหี้ยยยยยยยยยยยยยยยกุวาร์ปได้ไงส้นตีนมาก,negative,0
2343,2343,"ฝนตก..ยิ่งนึกถึงทีไรก็ยิ่งชุ่มฉ่ำอุ่นในหัวใจ แม้ว่าคืนนี้อากาศจะ""หนาว""สักเท่าไหร่ ก็ขอฝากลมฝนช่วยเป็นสื่อให้เธอรู้ ว่าฉันคิดถึง.... อยากไป Overcoat Music Festival เพราะงานดนตรีนี้มีศิลปินดีโดนใจหลายวง และมีเครื่องดื่มชั้นดีอย่างช้างไว้ดื่มแก้หนาวอีก อากาศจะหนาวแค่ไหนก็ไม่หวั่นค่ะ",positive,1
2344,2344,ไม่บอกก็รู้ว่าจะพาไปเลี้ยง😘,positive,1
2345,2345,คุยดีกว่าจับบุหรี่ไฟฟ้าอีก,negative,0
2346,2346,เราฮาหั่นชิ้นเล็กเกินไป,negative,0
2347,2347,เราซื้อคุชั่น Cathy Doll มาจ้า แกะออกมาพัฟเปื้อน สภาพแบบมือสองเลยจ้าาา !!!,negative,0
2348,2348,สู้ๆๆ,positive,1
2349,2349,หิว อีกนิดจะขับไปซื้อแมคแล้ว ไม่ไหวแล้วโว้ย,negative,0
2350,2350,ไปรึ,positive,1
2351,2351,"อยากได""บำรุงผิวหน้าร้อนต้องอันนี้เลอ แพลงก์ตอนอโล99.5% ซูทติ้งเจล ของ Malissa Kiss มีส่วนผสมของแพลงก์ตอน+อโลเวล่า รู้กันอยู่ละว่าจะบำรุงให้ผิวชุ่มชื่น อิ่มน้ำ เต่งตึง มันดีตรงใช้ได้ทั้งหน้า+ตัว หลอดบึ้มมาก เนื้อเจลบางเบา ซึบเร็ว อ่อนโยน ไม่มีแอลกอฮอล ผิวแพ้ง่ายก็ใช้ได้เด้อค่าเด้อ "" มันดรีย์!!จริงสำหรับผิว เชื่อ!!! เพราะ หน่องเมย์ Beauty blocker แนะนำ #MalissaKiss #บำรุงผิวหน้าร้อนต้องอันนี่เลอแพลงก์ตอนอโลเวล่า",positive,1
2352,2352,บางคนใช้ผ้าอนามัยแบบสอดมันซึมซับดีไม่เปรอะเปื้อนบางครั้งมันอาจจะตกค้างข้างใน....เชือกหลุดดึงไม่ออกและเน่ารึว่าสกปรกอยู่ข้างในก็เกิดโรคได้....ลักษณะไม่น่าใช่ยีสต์.....มันคือผ้าชิ้นนึงจริงๆ....ดูชัดๆเนอะ...,negative,0
2353,2353,ชอบๆครับ,positive,1
2354,2354,ราคากับภาพสินค้าดูสวนทางกัน เหมือนเอาเหล้าหงษ์ทองเทใส่ขวดรีเจนซี่,negative,0
2355,2355,รีบมาไปกินกันได้แค่ไหนเอาแค่นั้น ทำดีที่สุดแล้ว,positive,1
2356,2356,มันเกี่ยวกับภาษีที่จะหดหายล้วนๆ,negative,0
2357,2357,ผมจัดแล้วคับรีโว่แรงประหยัดนิ่มคับ,positive,1
2358,2358,ตอนนอนใส่แบบสอดฟินไม่เลอะที่นอน ตอนเช้าแบบผ้าอนามัยทั่วไป แต่แบบนี้ก็น่าลองนะคะคงสะดวกกว่าเยอะ,positive,1
2359,2359,แค่กินฟูลมูนท้องไส้นี่ปั่นป่วนไปหมดแร้ววว,negative,0
2360,2360,กาวผ้าอนามัยควรเหนียวกว่านี้ด้วยค่ะ แตกแยกกับกางเกงในมาก ควรรักใคร่ปรองดองกันมากกว่านี้,negative,0
2361,2361,เพิ่งดูไลฟ์แถลงจุดยืนของพรรคอนาคตใหม่ คุณธนาธรว่าโอเคแล้ว แต่คุณปิยบุตรที่เป็นเลขาคือสุดจริง นักข่าวถามจี้แค่ไหนก็ไม่หวั่นไหว ไม่จนมุม พูดยิ้มๆแต่ชัดเจน ตอบแบบคนที่มั่นใจในตัวธนาธรและมั่นคงในจุดยืนของพรรคมากๆ โคตรเจ๋ง,positive,1
2362,2362,เมื่อลองใช้ครีมทาสิว ทาทุกคืน ทั้งสมูทอี ทั้งสกินซัมติงก็ไม่หาย สรุป ไม่ต้องใช้เหี้ยไรเลย หายเฉย 😂,negative,0
2363,2363,นั่งกินเหล้ากับเพื่อนครับซื้อ 100pipers นี้แหละมากินกัน หมดไปประมาณ 3 กลมได้ ถึงตอนนั้นจะนอนหงายกันไป 2-3 คนล้ะ ที่เหลือคือสายแข็งแต่งเงินนี้คือหมดกันไปเยอะมาก แต่เรายังเหลือเงินเลยจัดให้เพื่อนไป 2 กลม อือหื้อออ.. ภาพตัดเลย ตื่นเช้ามาเหลือ ขวดเปล่ากะอีกครึ่งขวด 5555555,positive,1
2364,2364,อย่าลืมไปเปลี่ยนเอากะทะแบล๊คดาร์ก้อนออกด้วยนะคะ ที่สาขาลาดพร้าว กินเหมือนไม่ได้กิน หมูติดกะทะไปหมด เห่อ,negative,0
2365,2365,ผิดไรอะที่หิว😣,positive,1
2366,2366,ทีเอมเคแดกได้,positive,1
2367,2367,ต่างประเทศเขาไปถึงไหนแล้ว ตร.ไทยแม่งยังยุในกะลา!!!!!,negative,0
2368,2368,สินค้าแพคดีมาก ได้สินค้าถูกต้องตามที่สั่งค่ะ,positive,1
2369,2369,สาขาโลตัสอยุธยา น้ำซุปหม่าล่สม่เข้มข้นเลยค่ะ ช่วยปรับปรุงด้วยนะคะ ทุกๆน้ำซุปเลยก้ว่าได้ ขอบคุนค่ะ,negative,0
2370,2370,พี่ยุ้ยทำไมมากินช้างตอนนี้! ทีตอนน้องไปกินลีโออ่ะ น้องแพ้ น้องไม่ชอบ5555555,negative,0
2371,2371,ที่จริงผมไม่ได้อยากเลิกบุรี่นะแค่อยากได้ตัวเลือกที่ดีกว่าแค่นั้นเอง บุรี่ไฟฟ้ามันดีกว่าแบบมวนจริงๆ,positive,1
2372,2372,ตรวจฟิคอยู่ แม้หนูจะอารมณ์เสียเรื่องเบียร์หมี 5555,negative,0
2373,2373,ห่อที่อยุ่บนชั้นสีฟ้าเขียว#ลอรีเอะซูเปอร์อัลตร้าสลิมHelloKittyLimitedEdition#บาง1มม#ซึมซับมาก200เท่า,positive,1
2374,2374,อยากลองตัวใหม่ที่สุดค่ะ Laneige white dew vita capsule sleeping mask ใช้มาหลายตัวมันดีมากๆเลยค่ะ ออกตัวใหม่มาให้ผสมสดก่อนใช้มันคือดีมากๆ ทำให้ได้ใช้สดๆคุณภาพดีๆของวิตามินซี ผิวก็จะดี ชุ่มชื้น กระจ่างใส ใช้สองคนกับแฟน นอนฝันดี ฝันถึงน้องหมีกันเลย ❤❤❤❤❤❤❤❤❤❤❤❤❤❤❤❤,positive,1
2375,2375,ควยเหอะ แม่งแค่บุหรี่ไฟฟ้า,negative,0
2376,2376,<Jusme Color> Essence Foundation ส่วนตัวใช้แล้วไม่ดรอปจริงๆ ค่ะ คอนเฟิร์ม แต่ไม่ค่อยควบคุมความมันเท่าไหร่ ยังมันตรงบริเวณทีโซนอยู่ ตัวนี้คิดว่าเหมาะกับคนผิวแห้งและผิวไม่มันมากกว่าค่ะ ตอนนี้ใช้จะหมดขวดแล้ว มีรองพื้นตัวไหนที่ควบคุมความมันกว่านี้มั้ยคะ,negative,0
2377,2377,บลัชออนน้ำของอินนิสฟรีนี้มาแพคเกจเดียวกับยาทาเล็บของเนเจอร์เลยอ่ะ แง้ กลัวเบลอๆรีบๆแล้วหยิบใช้ผิด,negative,0
2378,2378,อยากสวยเหมือนมาร์กี้ค่ะ ดูดีมาก ใส่อะไรก็งาม นั่งท่าอะไรก็สวยไปโม้ดดด #มาส์กโชสวยข้ามคืน #cho_cosmetics #daradaily #ดาราเดลี่,positive,1
2379,2379,ตำรวจ งี้แหละ จะสิ้นปีขึ้นปีใหม่ หาตังกลับบ้านหน่อยย เด่วจะไม่พอแดรกกันแบ่งๆกันไป ตบมือรัวๆเลยค่ะ หาตังเก่งในประชาชน เก่งกับประชาชนที่สุดเลยค่ะ ยกมือไหว้ค่ะ,negative,0
2380,2380,หิวหราาาาาา,positive,1
2381,2381,ชอบแสนสิริมากกก,positive,1
2382,2382,คือแต่บุหรี่ไฟฟ้า มึงยืดรถ แถมยังอ้างไปเรื่อย สนตีนระยำมากตำรวจสมัยนี้ เป็นอาชีพที่ไม่อยากให้ญาติหนือคนรู้จักเป็น เป็นคนดีกลายเป็นคนเร็วได้,negative,0
2383,2383,ปากของwet n wildรู้ว่านานรอดแต่ก็ไม่ค่อยกล้า แม่งอยู่นะ แต่คราบ 5555555555,negative,0
2384,2384,แต่บุหรี่ไม่กลัว แม่งอ้างไปเรื่อยสัส,negative,0
2385,2385,อ๊ากกกก ทำไมพี่ม่ะยุ ของกิน มันน่ากิน เยอะ ขึ้นอ่ะ อ่อย🤪,positive,1
2386,2386,หนูกินเอ็มเคอยู่ ทิ้งไปชะเง้อไม่ได้จริงๆ,negative,0
2387,2387,50% ยังไง หลอกลวงผู้บริโภคป่ะ มันต้อง 42.5 บาทสิ,negative,0
2388,2388,ไม่เป็นธรรมเลย ชายชาติ ชาตรี มีศักดิ์ ศรี แค่บ่ายเบี่ยง ปัดที่จะรับความผิด กระผมไม่เห็นหน้า คนที่ทำเลยครับ ผมคิดว่า เขาคงใหญ่พอตัว จึงไม่มีใคร ปริปาก เพราะจะเดือดร้อน สุดท้ายก็แบบเดิม คำตอบ เดิมๆ กับ คนระยำ เดิมๆ สถุนได้ใจ เลยครับ หลายเรื่องราว แต่ไม่มีคำตอบ ชี้แจงให้ชัด ที บุหรี่ไฟฟ้า ของไม่เสียภาษี ถนัดจับปรับเผา แต่ให้ความเป็นธรรมกับเด็กเพียง หนึ่งคน ความหวังพ่อแม่ คุณพูดได้แค่ หัวใจวาย MF!,negative,0
2389,2389,ถึงจะไม่กินเบียร์ช้างก้ออยากไปค่ะ,positive,1
2390,2390,เซ็นทรัลบางนาร่วมโปรฯ มั้ยคะ,positive,1
2391,2391,ขนาดไปซื้อสเมอนอฟเซเว่นเขายังไม่ขายกุเลย เพราะกุไปตอนบ่าย 3 เขาขาย 6 โมง กลับบ้านมาเปิดตู้เย็นมีแต่ยาคูลท์ โมโหมาก.,negative,0
2392,2392,สีลิปสติกที่ชอบ 💄💄💄 1.สีน้ำตาลออกชมพู(แนวๆวินเทจ) ภาษาของเรา เราเรียกว่าสีหมากค่ะ ทาได้ทุกโอกาสคนสีผิวไม่ขาวมากทารอดแน่นอนสีจางยังดูสวย 2.สีส้ม ออกโทนน้ำตาลค่ะ อันนี้เพิ่มความเปรี้ยวขึ้นมา 3.สีชมพูโอรสค่ะสวยดูออกแนวลุคหวานๆ 4.สีแดงกุหลาบ ดูสวยร้อนแรงค่ะน่าค้นหาค่ะ 😘 ☺️💕,positive,1
2393,2393,กินเอมเคกันนน,positive,1
2394,2394,ติดต่อยากจังครับ,negative,0
2395,2395,โอ๊ยยยยย. อยากกกก😏😩,positive,1
2396,2396,สุดยอดแล้ววว !!!,positive,1
2397,2397,เซ็งงงไม่จัดรายการที่ภูเก็ต,negative,0
2398,2398,ไม่ไปตรงkulovเนี่ยแหละ,negative,0
2399,2399,ลงใด้ทั้งครอบครัวเลยใช่ใหมคับ,positive,1
2400,2400,อีกเรื่องกูกินแสงโสมไม่ได้! 😭,negative,0
2401,2401,วันไหน ขับรถมารับกุที55,positive,1
2402,2402,ฟอร์ดของพ่อผมแพงมากค่าจอดเช็คค่าน้ำมันอีก เรนเจอร์2014 สุดๆจริงๆทำไงก็ขายไม่ออกมันรักเจ้าของมาก,negative,0
2403,2403,ผมใช้ Sylphy อยู่ พับทุกครั้งที่ล็อครถ ก็ไม่เสียนะ รู้สึกเกียร์จะเสียก่อนด้วยซ้ำ 5555,negative,0
2404,2404,#Nissan เปิดตัว #NissanTeana (#NissanAltima) ซาลูนเจนใหม่ พร้อมเครื่องใหม่ Turbo 248 แรงม้า ขายจริงที่อเมริกากลางปีนี้ #NYIAS2018 #Autodeft,negative,0
2405,2405,โดน sephora หลอกกกกกกกกกกก แงงงงงงง กูอยากได้ลิปต้มยำกุ้งจริงๆๆๆๆๆ ทำไมหลอกคนอ้วนนนนนน เกลียดดดดดดดด 55555555555555…,negative,0
2406,2406,กุแพ้กานิเย่เหลืองจ้าาาา 😅,negative,0
2407,2407,ยุคไทยแลนด์​ 4.0 เหอะๆ ตลกว่ะ,negative,0
2408,2408,พาไปกินหน่อยน้าาาาปั๋ววว,positive,1
2409,2409,เปนลูกลาวที่น่ารักคนหนึ่ง ชื่อหนุงหนิงนะ #โสด 5555,positive,1
2410,2410,เด๋วๆ ต้องใส่ชุดไทยอ๋ออออ,negative,0
2411,2411,อันนี้เรื่องจริง เมื่อก่อนคือติดใจข้าวผัดกระเทียมมาก เดี๋ยวนี้ไม่อร่อยเหมือนแต่ก่อน,negative,0
2412,2412,ออกตัวกดคันเร่งปรกติ น่าจะเหมือนคัมรี่ผมแหละได้ยินแต่เสียงมอเตอร์เบาๆ แต่พอขับเกิน 60 เครื่องก็ทำงานขึ้นมาเอง ใช้ควบคู่กับไฮบลิด จะได้ยินก็ตอนเร่งแซงอะครับ เครื่องมาเต็ม,negative,0
2413,2413,ต้องเสียเงินเช่าชุดไปกินข้าวด้วยหรอ เอาๆๆๆ,negative,0
2414,2414,ดูดบุหรี่ไฟฟ้ามาเป็นปีไม่เป็นไร ดูดบุหรี่3ม้วน คอพีงเลย,positive,1
2415,2415,กะเพราน้อยชั่งมันคร่ะ หมูอย่าน้อยก็พอ,positive,1
2416,2416,พนักงานทุกคนต้อนรับและดูแลดี,positive,1
2417,2417,ไปกินมา เห็นป้ายตรงซูชิบอกวาซาบิจะเผ็ดกว่าเดิม แต่เอามากินจริงๆก้อไม่เผ็ดนะเหมือนเผ็ดน้อยลง แต่ซอสนี่เค็มมากกก ทั้งๆที่จิ้มนิดเดียว,negative,0
2418,2418,ถ้าเทอคือคนที่เคยเฮริ์ต เทอจะรู้จักคำว่า เหล้ายกล้อ🍺 สูตร แบน285+ โซดาอันล็อค +น้ำมะนาว =ชิบหาย กูอ้ะ 3วันยังไม่ฟื้นอ่ะ (เพื่อนเคยชงให้กิน),negative,0
2419,2419,แต่น้ำตบที่เดอะเบสของเราคือ Biotherm แต่ราคาไม่น่ารักเท่าไหร่...,negative,0
2420,2420,ชุดตอกไข่ยังมีอยู่ไมคะ,positive,1
2421,2421,อีสัส อีข่าวบาบีก้อนควรออกไปจากไทม์ไลน์กู เห็นตั้งแต่เช้ากูจะอ้วก ล่าสุดก็เห็นอีก จะอ้วก,negative,0
2422,2422,อู้ยยย,positive,1
2423,2423,ข้าวโถละร้อย แพง เพราะตักเป็นจานๆละ15 เต็มที่ก็5จาน คนไทยต้องกินข้าวประเทศทำนาข้าว กินข้าวในประเทศตัวเองหม้อเป็นร้อยเป็นลมดีกว่าค่าฉะเลี่ยถุง5โลไม่เกิน200เป็นข้าวมะลิ ไก่นี่ไม่รู้ว่าเป็นตัวหรือเปล่า แต่ถ้าตัวละ250บาทแพง ไก่ย่างขาย140-160 มีเยอะแยะยังได้กำไร แพงสุดไม่ควรเกินตัว200 ข้าวผัดปูจานใหญ่ 300ร้อยแพง ถ้าผัดเป็นจานๆละ50ผัด4จานก็เต็มถาดใหญ่แล้ว ส่วนเครื่องดืมด้านบนอะไร80ถ้าเป็นชาเย็นแพงมาก น้ำดืมขวดใหญ่ขวดละ50แพง บ้านเราเมืองร้อนอย่าเห็นแก่ตัว30ก็พอแล้ว คนต้องซื้อเยอะ เบียร์ช้างขวดละ120 กำไรครึ่งต่อครึ่งน่าเกลียดมา3ขวด360แพง โค๊ดขวดใหญ่ก็แพง แต่น้ำแข็งพอได้เพราะอากาศบ้านเราร้อนละลายง่ายอันนี้พอเข้าใจคนขาย แต่ทะเลเผาทะเลลวกไม่เห็นหน้าตาว่ามีอะไรบ้างก็กุ้งหมึกปูโละ300 ตัวกลางๆใส่มาอย่าง5ตัวปูสักตัว กำไรบานเบอะ ตำทะเลตำกุ้งสด150ไม่แพง กุ้งชุปแป้งทอดแพงมากๆ ต้มยำหม้อละ300ร้อยถือว่าแพงมาก เพราะมันใส่ได้ไม่เยอะหรอก มันดีตรงที่มีน้ำกับไฟอุ่นร้อน ของกินในบ้านยังแทบแตะไม่ได้ ทั้งที่ประก็อุดมสมบูรณ์ คนในประเทศยังกินไม่อิมส่งออกนอกพอมีน้อยเหลือน้อย ก็ขายให้กันแพงๆ ระบบแย่เอาเปรียบกันเอง ที่บ้านขายอาหารกับข้าวตามสั่งปรุ่งสุกใหม่ แค่จานละ100-150 คนยังว่าแพงทั้งที่บอกว่าอร่อย ถ้าไปเจอแบบนี้สงสัยช็อคตายคาร้านเลยมัง ถ้าต้องไปเจอทั้งแพงทั้งไม่อร่อยสักแต่ทำขาย ใครว่าไม่แพงยินดีด้วยที่คุณเป็นคนมีตัง แต่เรามองจากค่าแรงกลางๆของคนในประเทศนะ ซึ่งส่วนมากคนในประเทศไทยได้แต่ค่าแรงขั้นต่ำกับเบี้ยขยันเล็กน้อย คนจนเยอะกว่าคนรวยด้วย ทำอะไรต้องนึกถึงความสมควร นึกถึงกันและกัน แต่เราไม่ใช่คนเส้นตื้น ชอบมองและคิดจากความเป็นจริง ถึงขายให้ชาวต่างชาติก็เถอะ เหมือนคนไทยเอาเปรียบช่วยโอกาสและไม่ค่อยสัตย์ซื่อ,negative,0
2424,2424,น่านับถือจริงๆครับ,positive,1
2425,2425,ได้ๆ,positive,1
2426,2426,"อันนี้เรื่องจริงนะ นิสสันสมัยก่อนเหมือนอีสุ,โตต้าครับ ถ้าชิ้นส่วนมีปัญหาต่อให้ประวัติไม่ครบเค้าก็เคลมให้ แต่ตอนนี้เช็คละเอียดยิบนอกจากประวัติเข้าศูนย์ครบแล้วเช็คยันของเหลวว่าใช้ของศูนย์หมดรึเปล่า ถ้าไม่ก็ไม่รับเคลม ตอนนี้ศูนย์กุมขมับกันแทบทุกที่ครับ ลูกค้าด่าเละ",negative,0
2427,2427,เมื่อเทียบราคากับฟังชั่นที่ให้มา เปรียบเลยกับมิตซู ฟังชั่นเยอะ ของแถมเพียบ ราคาถ้าเป็นมิตซูได้ตัวท้อป แต่กับโตโยต้า ได้ตัวรองท้อป เทียบกับปิคอัพนะ PPV เหมือนกัน จ่ายเงินเป็นล้านอีกค่ายได้ ดิสเบรค 4 ล้อ แต่โตโยต้า ได้ดรัมเบรคหลัง แล้วจะจ่ายแพงกว่าทำไม,positive,1
2428,2428,ถ้าแปลเป็นสื่อสารการเมืองด้วยภาษาแบบบ้านๆคือ มึงจะนับคะแนนบ้าบออะไร ถึงใช้เวลาตั้ง2เดือนจนดูเหมือนพยายามจะหาช่องโกง ดูรอบบ้านเราซิ ดูทั่วโลกเค้าทำกันซิ ดูใกล้ๆก็ได้อย่างมาเลเซียเนี่ย เลือกตั้งเสร็จวันนี้ พรุ่งนี้ประกาศผลได้ทันที ดูเขมรซิ เลือกตั้งเสร็จวันนี้ 3-4วันประกาศผล,negative,0
2429,2429,Mazda ฟ้องร้องค่าเสียหาย กับคนใช้ CX-5 ที่ไปประท้วงปัญหา ในงาน Motor Expo,negative,0
2430,2430,พึ่งดูข้าวบาบีก้อนมีพยาธิในเนื้อเมื่อเช้า ตะกี้พี่ทักมาบอกอยากกิน ไปกินกัน............,negative,0
2431,2431,วู้วววว ลดทุกวันนนนน,negative,0
2432,2432,"เจ้าของร้านเหล้าฉุนขาด..! เหตุเจ้าหน้าที่จะสั่งปิด ""ข้อหามีป้ายเครื่องดื่มช้างในร้าน""",negative,0
2433,2433,เดียวนี้แพงขึ้นเยอะเลย,negative,0
2434,2434,อย่างนี้ต้องลองสักหน่อย,positive,1
2435,2435,เออ55,positive,1
2436,2436,เรดส์ปลอมนี่สถุนกว่าเหล้าขาว 40 ดีกรีอีก,negative,0
2437,2437,ก็บอกว่าเมาฟูลมูน เอ๊ะ!,negative,0
2438,2438,มันก็ราคาเดิมไม่ใช่นิ อย่าตกเป็นทาสการตลาด อย่าตกเป็นทาสโฆษณา 🤣🤣,negative,0
2439,2439,show dc บอกจะเปิดตั้งแต่ฉัรอยู่จีน จนกลับมาครบปีแล้ว😂,negative,0
2440,2440,ขึ้นภาษีไปเพื่ออะไรกันแน่? เพราะอยากได้คนสูบลดลง หรือเพื่อเอาไว้จ่ายโบนัสให้กับใครบางคน?,negative,0
2441,2441,น่าจะแก๊สหมด โซดาหมด เรียก พนง.เปลี่ยนได้ แล้วมาลุ้นว่าจะซ่ามั้ย 5555,negative,0
2442,2442,ทำไมน้ำจิ้มไม่อร่อยเลยครับ,negative,0
2443,2443,ถ้าจะจับบุหรี่ไฟฟ้า ไปจับหวยก่อน กูเดือดร้อน,negative,0
2444,2444,กฏหมู่อยู่เหนือกฏหมายจริงๆ,negative,0
2445,2445,บาบิก้อนไม่เท่าไหร่ หมูกระทะข้างทางเนี่ย เสี่ยงกว่าอีกไอชิบหาย นี่ไม่ดูอะ แดกอย่างเดียว - -,negative,0
2446,2446,รถเพื่อนผมสรุปคือเครื่องน็อควิ่งจากชลบุรีไปไม่ถึงบ้านเคว้งคว้างกลางทางไปไหนต่อไม่ได้แถมเสียเงินค่าลากรถเข้าศูนอีกคนที่ใช้แล้วไม่พังก็ไม่ต้องมาว่าเจ้าของเม้นเขาหรอกเพื่อนมันใช้มาสด้าบีที50จนเก่าเห็นฟอร์ดสวยเท่มันก็เอาบีทีไปเทินทั้งที่หมดงวดแล้ว4*4ล้านกว่าบาทจ่ายค่างวดไป4เดือนกลับปีใกม่รถพังแล้วถามว่ารถคันล้านกว่ายังต้องมาเสี่ยงดวงอีกหรือไงแล้วถ้าบอกว่าขับไม่เป็นถึงพังแล้วยี่ห้ออื่นใช้จนหมดงวดทำไมไม่พังวะคิดสิคิดนึกถึงตัวเองก็ได้ถ้าเป็นเราจะรู้สึกยังไงออกรถใหม่ราคาหลักล้านแต่ต้องมาใช้รถลากเข้าศูน ทั้งๆที่สภาพรถดูแล้วยังใหม่เอี่ยมเงาวับอยู่เลยแต่ขับไม่ได้แถมต้องพาครอบครัวมานั่งกินข้าวลิงอีกโหคิดแล้วทั้งเหนื่อยทั้งท้อนะแบบนี้รถใครไม่พังคือคนโชคดีแต่ของคนที่เขาพังคือเขาโชคร้ายจะมาว่าเขาขับไม่เป็นมันก็เกินไป,negative,0
2447,2447,นิสสัน จะขึ้นชื่อเรื่อง ออพชั่นจัดเต็ม ออพชั่นแน่นกว่าคู่แข่ง ดูอย่างกระบะนาวาร่า ตอนเดียว มีค่ายไหนบ้างที่ไหนกล้องมองหลัง มีที่เหยียบข้างกระบะสะดวกในการทำงาน ส่วนแอร์แบคคู่หน้ากับกระจกไฟฟ้าในรุ่นกระบะตอนเดียว ตอนนี้อาจจะมีทุกค่ายแล้ว // Terra ก็เช่นกัน ผมว่าน่าจะอัดออพชั่นมาแน่นอีกเช่นเคย around view monitor น่าจะมีแน่นอน,positive,1
2448,2448,ไหนบอกไม่ชอบกินบาบิก้อนไง!!,negative,0
2449,2449,วันไหนดี พี่กลับปีหน้าแล้วจร้า,positive,1
2450,2450,ใต้ตาดำชิบหาย ละยังแพ้การ์นิเย่อายโรลออนอีก ทาคืนเดียวทั้งแสบทั้งแดง เวนนนนน,negative,0
2451,2451,ถามเฉยๆ แม่งซับซ้อน,negative,0
2452,2452,ขอขอบคุณ คุณแอน ที่ไว้วางใจ ใช้บริการรถเช่าหนองคาย มีบริการรับส่งทั้งในเมืองและนอกตัวเมือง เช่าขับเอง หรือเช่าพร้อมคนขับ รับเงินสด มัดจำถูก โทร.0888888888 LINE 0888888888,positive,1
2453,2453,ช่วยด้วย blend 285 2 ขวดตังให้หมด “กิน 4 คน” กูตายยยยยย,negative,0
2454,2454,จัดมา,positive,1
2455,2455,สวยดีครับ จากสาวกนิสสัน รอมาร์ชตัวใหม่ต่อไป 555,positive,1
2456,2456,หมวดเอ็มเคดี เมืองคอนหนูว่ามันไม่ได้ไกลมากนะ,positive,1
2457,2457,บุหรี่ไฟฟ้าน่าจะดีกว่าจริงๆ,positive,1
2458,2458,ปะกินกัน,positive,1
2459,2459,หลังๆรู้สึกว่า #iflix แทบไม่มีอะไรดู ไม่ได้เปิดมาเป็นเดือนๆก็ยังไม่มีหนังใหม่ สู้ #netflix ไม่ได้เลย จนกระทั่งเพิ่งเปิดเข้าไปดูว่าตอนนี้มี #HarryPotter ครบทุกภาค แอร๊ยยยยย,positive,1
2460,2460,สปายแม่งรสชาติอย่างกับน้ำล้างตีน,negative,0
2461,2461,เบยร์ช้างเคลื่องดื่มที่ผมไม่เคยเปลี่ยน เบยร์ที่ผมชอบ แค่ขวดนี้ก็เติมเต็มความอร่อยให้กับผมและเพื่อนๆได้แล้วครับ,positive,1
2462,2462,ใครงบไม่ถึงซื้อนาวาร่าก็ได้ สเปคเดียวกัน ต่างแค่ยี่ห้อ,positive,1
2463,2463,สาขาที่ร่วมรายการน้อยเกินไปเห็นใจคนต่างจังหวัด อดร่วมรายการดีๆแบบนี้เลย,negative,0
2464,2464,แพ้ kiehl's แบบไม่น่าให้อภัย ปกติหน้านี่กระแดะมากเว่อชอบของแพง ใช้ของแพงนี่ไม่เคยเป็นไรจ้า อิเวนแพ้คีลส์ทุกตัวใช้ละ…,negative,0
2465,2465,กู....ประกอบธุรกิจเสียภาษีถูกต้อง....ขับ อัลเมร่าติดแก้สที่ยังผ่อนไม่หมด .......หี,negative,0
2466,2466,ฝากรีกันหน่อย เรืยก Grab ให้ระวังกันด้วยนะ นี่เรียกแล้วไม่มา โทรมาให้ขอให้กดแคนเซิ่ล พอไม่กดให้ มันกดชาร์จเงินเรียบร้อย ทั้งที่ไม่ได้มารับ โคตรชั่ว!!,negative,0
2467,2467,โอ้ยอยาก พันรำ กำลังเพลิน,positive,1
2468,2468,ร้อยกว่าบาท!!!! #แท็กเพือนที่ชอบสีแบบนี้ จริงๆซื้อมานานแล้วได้ใช้สักที มีความ 3ce กรุ้บๆ สีสวยมาก เป็นแบบส้มๆอิฐๆแดงก่ำๆแบบบอกไม่ถูกเหมือนกัน แต่มันสวย55555และที่สำคัญเนื้อดีเกลี่ยง่าย ไม่ใส่น้ำหอมไม่ใส่เคมี ไม่ต้องกลัวปากดำ คนปากดำเม็ดสีกลบมิดแน่นวลมีขายที่Eveandboy บิวเทรี่ยมต่างๆ ต้องรีบนะเขามีโปรลดเหลือ169บาท 2แท่งแค่300บาท พุ่งตัวไปปปป!!!! สี,positive,1
2469,2469,ไอ่สัส ซื้อง่ายจังโว้ย 5555555555555555555555555555 บาร์บีคิวพลาซ่าต้องให้ค่าคอมกู,negative,0
2470,2470,โอเค้!!,positive,1
2471,2471,ขอบคุณอาสาทุกคนครับ,positive,1
2472,2472,ลพบุรีไม่ร่วมมม ไปมาเหมือนกัลล์,negative,0
2473,2473,ส่วนตัวชอบ Biore สูตร Acne Care มากค่ะมีปัญหาสิวแต่ก็ชอบแต่งหน้าเลยเลิฟสูตรสีเขียวมาก เพราะอ่อนโยนต่อผิว ลดการเกิดสิว สูตรสำหรับผิวบอบบางเป็นสิวง่าย มีคุณสมบัติน้ำเกลือธรรมชาติและสารสกัดชิโซะมินท์ที่ช่วยลดการเกิดแบคทีเรีย ไม่อุดตันไม่มีน้ำหอมไม่มีแอลกอฮอล์ อ่อนโยนต่อผิวสุดดีงามค่ะ,positive,1
2474,2474,จะว่าไป ผมจองรีโว่ ตั้งแต่เดือนมกรา นี่จะมีนาแล้วยังบ่ได้เลย,negative,0
2475,2475,ลบเก่งบล๊อคเก่งนะไอ้หมอหงอก,negative,0
2476,2476,ต๊ะล๊อดเรย กินช้างดีกว่า 55,positive,1
2477,2477,อะไรจะดีขนาดนั้น...ไม่เชื่อต้องลอง เป็นผ้าอนามัยที่ต้องซื้อตุน คือดีมาก กาวแน่น สบาย555 ใครยังไม่เคยใช้ไปลองเถอะแล้วจะลืมยี่ห้ออื่นๆที่เคยใช้มา ไม่มีเลอะเปรอะเปื้อนจ้า ใส่นอน ใส่ออกกำลังกายดีมาก #HowtoPerfect #ไว้รีวิวห้ามขายของโว้ยย (Cr : Gopgapthemarie),positive,1
2478,2478,ผิดเพราะอะไรกุงง...บุหรี่ก้อต้องผิด...เหล้าด้วย...มึงเป็นขี้หีอะไรกุงง...,negative,0
2479,2479,การด่าไปเหมือนได้บรรเทาความเครียดเฉยๆ แต่บีทีเอส (รถไฟฟ้า) มันสำนึกมั้ย ก็ไม่อ่ะ 😕,negative,0
2480,2480,ผู้เวลาไปถ่าย innisfree นี่งานดีชิบหายเบย,negative,0
2481,2481,อยากกินเบียร์จุงไม่เอาช้างนะ,negative,0
2482,2482,ที่ไปดูแล้วแบบบ้านพอถูกใจคือเศรษฐสิริ แต่ปัญหาคือเป็นโครงการของแสนสิริ ซึ่งชื่อเสียงเลวมาก 555,negative,0
2483,2483,ไม่ชอบกินอันนี้อ่ะ,negative,0
2484,2484,ถ้าตอนนี้เจอพี่ตำนวดค้นเจอก็โดนจับครับถ้าอยากซื้อเวลาก็ให้ค่าผ่านทางเค้าไป ถ้าอยากสู้ก็ไปจบที่ศาลล่ะครับ อย่างว่าคนมันจะเอา+มีกฏหมายอยู่ในมืออ่ะครับ,negative,0
2485,2485,คนเคยขึ้นรถเบนซ์ บีเอ็ม กินอาหารหรูๆ เสื้อผ้าแพงๆ อยู่ดีให้นั่งtoyota คงไม่ใช่นะ,negative,0
2486,2486,อืม แล้ว​แต่​ครับ​ ถ้าเดิม​ๆมัน​สู้นาวาร่า​ไม่ได้​หรอก​ แต่​ถ้า​แต่ง​แข่ง​กัน​ ยอมรับ​,positive,1
2487,2487,นึกว่าผมรู้สึกอยู่คนเดียววะอีก ผมว่าตำแหน่งมาสูงเกินไป ไฟก็สว่างจ้าเกินไปด้วยครับ ยังไม่รวมไอ้ไฟตักหมอกด้านหลังสีแดงของรถ Vios ที่คนไทยชอบเปิดแยงตามาก ๆ ทำไมรถยี่ห้อนี้ดีไซน์ไฟได้แกล้งรถรอบข้างจริง ๆ,negative,0
2488,2488,"✅✅✅มาแล้วค๊าาาา อายแชโดว์ที่สาวๆไม่ควรพลาด!!!! . 💥💥💥Tarte buried treasure eyeshadow palette (Limited Edition) 💟💟อายเชโด้พาเลทใหม่จาก tarte สีสวยมากๆเลยค่า ❣️❣️เนื้ออายเชโด้เนียนนุ่ม ทำให้การเบลนสีง่ายขึ้น 10 สี มีทั้งเนื้อ matte และ microshimmer แต่งได้หลายลุคจ้าาา🌺🌺🌺 👉👉👉ราคาสุดพิเศษ 1,250-. ปกติ 1,790-.👉👉👉 #โต๊ะเครื่องแป้ง #tohkrengpang #tohkrengpangshop #shop #ขายดี #ของแท้100% #เคาน์เตอร์แบรนด์ #Tarte #Tarteburiedtreasure #eyeshadow #eyeshadowpalette #buriedtreasure #อายแชโดว์ #พาเลทอายแชโดว์",positive,1
2489,2489,Heineken ปีนี้ผูกร้านอาหารกับ greyhound แพงกว่าปีก่อนอีก ที่เป็น s'more อีก,negative,0
2490,2490,พาดหัวข่าวอย่างเหี้ยเนื้อข่าวอีกแบบ อีกอย่างผมอยู่สัตหีบผมยังไม่อยากไปพัทยาเลย แม่งเอาทุกอย่างทุกวิถีทางที่จะได้เงิน จะด่าตำรวจก็ไม่กล้าด่าตำรวจดีก็มี ขอด่าพวกเหี้ยๆที่หาแดกกับประชาชนแทนก็แล้วกัน อย่าว่าแต่บุหรี่ไฟฟ้าเลย ขนาดบุหรี่มวนอยู่ในซองมันยหาว่าผมแบ่งซื้อมาจะปรับเอาตังให้ได้ผมนี่งงเลย หลังจากนั้นผมก็ไม่เข้าพัทยาอีกเลย,negative,0
2491,2491,อย่าไปโทษยี่ห้อรถเค้าเลยมันอยู่ที่คนขับผมก็ขับฟอจูนเนอร์เหมือนกันไม่มีใครเขาอยากจะชนหลอกเพราะผมคิดว่ามันเสียเวลาทำมาหากินถึงจะมีประกันก็ตาม😅😅😅,negative,0
2492,2492,ช้างก็ไม่ได้กินยากนะพี่ แต่เบียร์ยูแม่งไม่อร่อยเลย,negative,0
2493,2493,อ่าวเสาร์หรือออเจ้า 55555555 ไปป ไปหมดอยากกินเอมเค,positive,1
2494,2494,ไปดิวะ,positive,1
2495,2495,ก้อน รับเรื่องข้าวกระเทียมไปปรับปรุงหน่อยน้า มันไม่อร่อยเหมือนเดิมนานไปละจ้า,negative,0
2496,2496,เปลี่ยนเป็นสเมอนอฟ แทน น่าจะอร่อย,positive,1
2497,2497,ใจจริงผมมั่นใจรถตลาดอย่างอิซูซุกับโตโยต้า แต่หลังๆมานี่ ค่ายฟอร์ดมาแรง มีใครพอแนะสำหรับค่ายฟอร์ดมั้ยครับ ดีหรือไม่ดียังไง,negative,0
2498,2498,มิตซู ปาเจโร่ รุ่นใหม่แหง่,negative,0
2499,2499,ไม่ต้องซื้อมันละ Honda Civic พร้อมปรับแต่งเครื่องเสียง (555) นั่ง Taxi นี่ละ มีคนขับให้พร้อม,negative,0
2500,2500,ทำไมเหมือนเพื่อนแท็คว่ามีโปรบุฟเฟ่แล้วอ้ะคะ ตกลงจริงหรือหลอก,negative,0
2501,2501,ไปปปปป อยากมากกกกก,positive,1
2502,2502,ถูกกว่าอีฟแซงอีก,positive,1
2503,2503,...อย่าว่างันนี้ ผีตรงจัดที่โชว์ดีซีนี่แหละ เออะเหอะๆๆๆๆๆ,negative,0
2504,2504,จิ๊บๆเงินโยมเอาไปถวายพระแล้วชื้อรถแล้วมันไม่น่าหนักกะบาลใครน่ะ พระชื้อรถเบนช์มีถมเถไป แค่ซีวิคทำเป็นตื่นเต้น อย่าว่าอิจฉาพระน่ะเดียวนี้มันยุคไหนแล้ว ถ้าพระชื้อเครืองบินทนไม่ได้จะไม่ไปผูกคอตายเหรอปลงๆบ้าง,negative,0
2505,2505,ล่าสุดเอา vit c kiehl's มาทาตีน เพราะใช้ละหน้าแหกมาเป็นสิบหนละ,negative,0
2506,2506,อร่อยยย ชอบมากๆๆๆๆ นี่กินป๋องดำไม่ได้อะจะอ้วกมันรสเหมือนแสงสว่าง กินนี้แร้วฟินนนนนน,negative,0
2507,2507,นิสสันกระบะแกร่งจริงๆ ลุยได้ทุสถานะการณ์,positive,1
2508,2508,อีเชี่ยยย บาร์บีก้อน กลัวแร้วเด้อ,negative,0
2509,2509,แต่ปวดหัวเพราะแดกช้าง,negative,0
2510,2510,ไฮเนเก้นท์ ถูกกินแล้วขมคอ,negative,0
2511,2511,หยุดแดกสักพักน้ะสาสสส 555ตัวจิแตก,negative,0
2512,2512,แม่ง เบียร์ช้างเห็นๆ โฆษณาแอบแฝง ได้กี่บาทวะ,negative,0
2513,2513,ทรัพย์สินพี่เขาซื้อยาริสมึงได้เป็น100ๆคัน,negative,0
2514,2514,"แม่กับพ่อไปกินเอ็มเค แล้วเค้ามีให้ถ่ายรูปครอบครัว พนักงานเอ็มเคบอก ""คุณพ่อคะ ถ่ายรูปกับลูกสาว"" ..พ่อกูหน้าบูดเป็นตูดลิง นั่นเมียพ่อ",negative,0
2515,2515,แล้วที่คุณบอกว่า #ทำเพื่อผลประโยชน์ของตัวเองที่จะตามมาภายหลัง ถ้ามีคนแบบนี้เยอะๆมันจะเป็นอย่างไร ยกตัวอย่าง เบียร์ช้าง เบียร์สิงห์ ทุกธุรกิจอีกมายมาย มีการบริจาค เพื่อสร้างภาพลักษณ์ ทำดีเพื่อหวังผลนั้นแหละ #คุณบอกผมหน่อย มีคนพวกนี้เยอะๆ มันไม่ดียังไง,negative,0
2516,2516,แดกเบียร์บนยอดเขา เสียใจหาซื้อเบียร์ช้างไม่ได้ 555,negative,0
2517,2517,อย่างมัน ต้องล่อด้วยพี่แสงโสมสักกรึ๊บสองกรึ๊บ ใช่ม่ะไอ้เสือ555+,positive,1
2518,2518,ก้อนใจร้าย ไม่มีชื่อไทยเลย 😭,negative,0
2519,2519,น่าสนยุนะ,positive,1
2520,2520,ติดต่อก็ยาก ทั้งเซลล์ ทั้งคอลล์เซ็นเตอร์ รับเรื่องแล้วไม่ติดต่อกลับหาลูกค้า,negative,0
2521,2521,พีคสุดละ!!! ชื่อ : ทูลกระหม่อมหญิงอุบลรัตน์ฯ มหิดล สถานที่ติดต่อ : พระบรมหาราชวัง บิดาชื่อ : พระบาทสมเด็จพระปรมินทรมหาภูมิพล อดุลยเดช มารดาชื่อ : สมเด็จพระนางเจ้าสิริกิต์ พระบรมราชินีนาถ วุฒิการศึกษาสูงสุด : ปริญญาโท ม.แคลิฟอร์เนีย ลอสแองเจลีส USA ยืนหนึ่ง #ทรงพระสเลนเดอร์,positive,1
2522,2522,ลองแล้วเช้ามาปวดหัวหนักมาก,negative,0
2523,2523,น่าจะมีทุกสาขา มีแต่สาขากระทะดำ ต่างจังหวัดไม่ได้กินเลย😭😭😭😭,negative,0
2524,2524,คร๊าบบ☺️☺️,positive,1
2525,2525,5555555 พึ่งเคยเหน “แดก” งู้ยยยย 🤪🤪,positive,1
2526,2526,เต้ ภูริต = ทายาทผู้บริหารเบียร์สิงห์ เพิ่งไปหาจากกูเกิลมาเนี่ย55555555 เป็นไงล่ะคุ้นมาก ถอดหน้ากากออกมา ใครวะ5555 #themasksinger3,negative,0
2527,2527,ปิดแร้ววววว เสียจุย 😭😭😭,negative,0
2528,2528,ตอนแรกก็ว่าจะแดกแค่ฟูลมูน ไอ้สัส... 285ก็มา.. รีก็มี.. เอาให้ตายไปดิ,negative,0
2529,2529,ทำไมให้น้องโฆษณาผ้าอนามัย.....,negative,0
2530,2530,ป่ะไม่ต้องรอวันพุธและ ^^,positive,1
2531,2531,แล้วก็รุ่นนี้ดีมาก ดีกว่า mac ตรงที่ พกง่าย แพคเกจสวย เนื้อ creamy กว่า mac นิดนึง (ยังเหลวอยู่) เติมระห…,negative,0
2532,2532,เสียดายพึ่งวันอาทิตย์ไปทานมาไม่รู้ว่ามีเล่นเกมด้วย,negative,0
2533,2533,รอคำตอบด้วยคนค่ะ,negative,0
2534,2534,คิดถึง KFCครับ มันอร่อยกว่า,negative,0
2535,2535,มันขายได้ไง อะไรที่ขายไม่ได้นิสสันไทยตัดเสียหมาหมดไอ้ชิบหาย,negative,0
2536,2536,ตัวเองกินอันนี้ไม่อร่อย บิวสังเกตหลายรอบละ,negative,0
2537,2537,เบียร์ช้าง6ขวดคนเดียว #อกหักเมื่อกี่เอง #ผญแม่ง...อุสาให้ทุกอย่างที่อยากได้ #สุดท้ายทำกันได้ลง,negative,0
2538,2538,ห้าง #showdc เป็นห้างที่งงเด้ ร้าน k-super มาม่าเผ็ดติดราคาก็ไม่ตรง ติดไว้แพค275แต่คิดมา310งงเด้ แถมแพ็คที่อยู่คนละฝั่งราคาก็ไม่เหมือนกัน(1),negative,0
2539,2539,บาร์บีก้อนนี่ผงชูรสเยอะมากมั้ย กุรอปากเจ่อละ,negative,0
2540,2540,โอเชชชช,positive,1
2541,2541,อิสัส ปีที่แล้วแดกช้างลังนึง กว่าสิมาแดกเหล้า ท้องกูแน่นล่ะ,negative,0
2542,2542,ฉันก็ใช้รายเดือนแต่หลังจากเทื่องคืนถึงสองโมงเช้าใช้เน็ตไม่ได้,negative,0
2543,2543,ไม่มีรสชาติอะไรเลย เสียใจ,negative,0
2544,2544,ตอนนี้มากินข้าวก่อน,positive,1
2545,2545,จริงค่ะ..ไม่ค่อยชอบเลยเหมือนกัน..เปลี่ยนเถอะค่ะ..เหลือทิ้งเสียดาย,negative,0
2546,2546,ผ้าอนามัยลอรีเอะ คูลลิ่งเฟรช จะเย็นอะไรเบอร์นี้ 🙄 ฉี่แล้วฉีดที แสบสันเหมือนมีใครเอายาหม่องมาป้ายฮี ฮือออทรมาน555555555,negative,0
2547,2547,พร้อมมาก เลิกงานสองทุ่ม,positive,1
2548,2548,จับบุหรี่ไฟฟ้า ยึดรถ????,negative,0
2549,2549,มาไม่พอเสือกแพ้ผ้าอนามัยอีกเกาจนHeeจะระเบิดแถมแสบอีก,negative,0
2550,2550,บาบีก้อนนนนนนนนนนนน,positive,1
2551,2551,ศูนย์โตโยต้ามีนกกระจอกเทศขายด้วยอะ รุ่นใหม่ตัวท็อปมีขนด้วย รุ่นเล็กประหยัดน้ำมันกว่าคุณม้าลาย แต่ไม่มีสีให้เลือก,negative,0
2552,2552,กินกุ้งเคล้าเบียร์สิงห์😁,positive,1
2553,2553,ไม่กิน เปลืองพื้นที่ในท้อง,negative,0
2554,2554,สู้ๆค่ะ จิตใจต้องเข้มแข็ง เจ็บแค่ไหน อดทน ร้องไห้สุดๆไปเลยค่ะ เวลาเจ็บ จุดยืนคือตัวเรานะคะ คนไข้มะเร็งทุกคน ยิ้มสู้ๆค่ะ เวลาไป รพ พบเพื่อนๆ ชาวมะเร็งเหมือนกันทำให้มีกำลังใจสู้กับมันค่ะ ดื่มนม เอนชัวร์ โปรชัวร์ อิมแพค ทานไข่ขาว วันละ 6-10 ฟอง ให้ได้ทุกๆวันนะคะ ภูมิต้านทานต่ำ อย่ากลัวนะคะ ปิดมาสค์ ผ้ากันจมูก อย่าอาย ขอส่งกำลังใจถึงชาวมะเร็งค่ะ,positive,1
2555,2555,ต้องใส่ผ้าอนามัยยาวถึงหลังเลยมั้ยถึงจะไม่เปื้อนที่นอน ขก.ซัก!,negative,0
2556,2556,#ลีโอเลยคับ งานนี้😂😂,positive,1
2557,2557,รสชาติเค็มอะปรับหน่อยนะคะ,negative,0
2558,2558,ขอบคุณทุกท่านที่เสียสละเวลาเพื่อพวกเรา,positive,1
2559,2559,โอ้ววววว,positive,1
2560,2560,เพราะเป็นคนไม่กินเหล้า และก็กินเบียร์ไม่เป็น แต่เวลาเข้าสังคม เวลามีงานสังสรรค์ เราจะเป็นคนเดียวที่นั่งหงอย กินแต่กับ แล้วก้ออ้วนอยู่คนเดียว 555 เลยกดหัวใจให้ความเรียบง่ายของ SPY Cooler ค่ะ ชอบระดับแอลกอฮอล์5% ของ SPY และรสชาติหวานนิดๆขมหน่อยๆ ... แค่มี SPY ก้อสนุกแล้ว,positive,1
2561,2561,เป็นดีลที่ต้องจองโต๊ะผ่าน hungry hub นะคะ มีแค่ที่เทอมินอล21 กับวงเวียนใหญ่ค่ะ,positive,1
2562,2562,ที่สุดของที่สุด ชอบๆ ปิคอัพนิสสันนาวาราคือที่สุดในใจเลยย เทคโนโลยีใหม่ มีกล้องมองภาพรอบทิศอีกด้วย สวยย,positive,1
2563,2563,อยากอิเห้ย,positive,1
2564,2564,เลิกกิน 285 กันได้แร้วววว. 😁😁😁,negative,0
2565,2565,ราชบุรีไม่มีชื่อในสาขาร่วมโปรนี้ ...,negative,0
2566,2566,ปัญหาพัดลม ไม่เรียกไปเคลมเลยหลายรุ่น ปล่อยไปพังกลางทาง ใครออก ตจว. โครตซ่วย ครั้งแรกและครั้งสุดท้าย นิสสัน 0บริการก็ค่อยๆปิดไปแล้ว ฮ่าๆ,negative,0
2567,2567,วันๆหาแต่ของกิน,positive,1
2568,2568,ยังรักก้อนเหมือนเดิม แต่ ก้อน !!! เดี๋ยวนี้หมูอ่ะ โคตรบางเลย อย่างกะเศษหมู ย่างแล้วมันติดกะทะนะ โค้กนี่ก็จืดสนิท ไม่ใส่น้ำแข็งมาในเหยือกได้มั้ย บอกตรง ๆ คุณภาพไม่เหมือนเมื่อก่อนเลย ราคาสูงได้นะ แต่คุณภาพขอสมราคาหน่อยเถอะนะ please !!!,negative,0
2569,2569,Ysl กับ bobbi brown น่าใช้จัง ดูเนื้อไม่แห้งเกินไป,positive,1
2570,2570,망원동티라미수 ติดใจจนต้องไปซ้ำ ครั้งนี้ลองมันทุกเมนูเลย สรุปคือชอบแบบออริจินอลกับสตอเบอร์รี่ที่สุด ส่วนถ้าคนชอบหวานน่าตะชอบโอริโอ้ ส่วนเครื่องดื่ม เราชอบreal chocolate สุด มันไม่หวาน แต่ก้ไม่ได้ขม อร่อยดี #รีวิวเกาหลี #อร่อยไปแดก #คาเฟ่เกาหลี,positive,1
2571,2571,toyota ผมแนะนำถ้าใครซื้ออย่าเอารถค้างสต็อคตามปากคนขาย viosผมเจอปัญหาแล้วแต่ camryยังสบายดี,negative,0
2572,2572,น่าสนๆ😊😊,positive,1
2573,2573,แพทไปรายการไหนก็จะเอาDr.jillมา,negative,0
2574,2574,ซัมซุงเขย่ามากๆระวังตัวกันกล้องสั่นพังนะ,negative,0
2575,2575,นี่สมัครายเดือนแต่ได้จ่ายเดือนล่ะ2รอบ. รอบล่ะ400-500ทั้งๆที่สมัคโปร299 เน็ตไม่ลดสปีดนะ ล่าสุดจ่ายตอนสิ้นเดือนไป441บ. แต่ยังไม่ถึง10วันโดนตัดสันยาน คืออะไรค่ะ,negative,0
2576,2576,ถูกศูนย์ Honda กำแพงแสน จ.นครปฐม ย้อมแมวรถไม่ตรงรุ่นและไม่ยอมรับผิดชอบให้ฟ้องศาลเองใครซ...#Honda(รถยนต์),negative,0
2577,2577,Vios 2004 เซ็นทรัลล็อค แอร์ ไฟเลี้ยว ไฟเบรค ไม่ทำงาน แต่สตาร์ทติด #Toyota_Vios,negative,0
2578,2578,กด♥️ให้กับความเรียบง่ายของ Spy Cooler เป็น Spy ที่เห็นมาตั้งแต่จำความได้เลยค่ะจริงๆ ตั้งแต่ป้า มาอา มาพี่สาว จนมารุ่นตัวเอง ก็ยังกิน Spy สีโปรดเลยของหนูคือ classic สีชมพูเลยค่ะ อร่อย อมหวาน อมเปรี้ยว รสชาติถูกใจสุดๆ พูดแล้วก็อยากเลยทีเดียว #จัดไปกับทุกเทศกาล 🎉🎉🎉,positive,1
2579,2579,เจ้าชู้ไม่ผิดแต่ติดตรงเมิงมีแฟนเป็นคนดังเคีลย์ยากอีโก้เยอะดราม่าไม่จบ เมียสาวโรงงานพาไปกินเอ็มเคเลี้ยงหนังช็อปปิ้วนิดหน่อย ก็หายแบ้ววว,negative,0
2580,2580,สงสัยจะไม่ทัน,positive,1
2581,2581,ฮอนด้ากากกว่าโตโยต้าครับ,positive,1
2582,2582,น่ากินจุง,positive,1
2583,2583,น่ารักแสงโสม,positive,1
2584,2584,"มาปลุกสัญชาตญาณของสิ่งมีชีวิต ทั้งระบบนิเวศน์ในป่า.........ตี้! กับ ""ปรากฏการณ์จันทร์เต็มดวงใหม่"" ครั้งนี้ ที่ร้านโกดัง9 พะเยา ร่วมค้นหาไปพร้อมกันกับ T Bone วันที่ 22 ธันวาคมนี้ #เสือ #เหยื่อ #กระต่าย #นก #ชะนี #SangSomNorthmoonป่าตี้ #redefinefullmoon #นกไม่นกรู้กัน #จะเสือหรือจะเหยื่อก็ว่ามา #โกดัง9",positive,1
2585,2585,แพ้ไบโอเธิร์มแน่ๆ เหน่ยจัย,negative,0
2586,2586,ตอนนั้นโยยังไม่โพสรูปคู่เลย MK มันหลังจากวันที่กินสเวนเซ่นเค้าใส่ชุดสีแดง,positive,1
2587,2587,บรรยากาศแบบนี้ที่ครั้งหนึ่งในชีวิตที่ได้มา TBC ไม่เคยคิดว่าจะได้มาใช้ชีวิตอันเฟี้ยวฟ้าวแบบนี้ ไม่เคยคิดว่าจะได้เจอเพื่อนๆที่เป็นใครไม่รู้ แล้วได้มาทำความรู้จักกัน ซึ่งมันเป็นมิตรภาพจริงๆ ศิลปินมากันเพียบบบ และต้องขอบคุณ BLEND 285 จากใจจริงๆครับที่มอบความสุขให้ใครหลายๆคน ส่วนศิลปินที่มาจะมีใครบ้างไปดูกันน!! #ชีวิตดีเรามีได้ #BLEND285 #TBC2018 #ใช้ชีวิตให้กลมกล่อม,positive,1
2588,2588,งี้ต้องจัดแล้ว..ต่อไปนี้ขอเป็ดชิ้นสุดท้าย55😂,positive,1
2589,2589,สิคลูกกกกกกกกกกก......สวยงามมมตามท้องเรื่อง,positive,1
2590,2590,น่าโดนนน,positive,1
2591,2591,เบื่อ ไม่เคยมีหาดใหญ่,negative,0
2592,2592,บุหรี่ไฟฟ้าvs ฆ่าหันศพ,negative,0
2593,2593,ที่บ้านชอบสั่งชุดบาร์บีกอนคัดสรรเชตหมูสไลด์ 🐷ชุดนี้กินอิ่มคุ้มมากค๊า💖👍,positive,1
2594,2594,กินเบียร์สิงห์ เมาอย่างหมา,negative,0
2595,2595,อยากกินช้าง,positive,1
2596,2596,ขนาด เหล้า กับเบียรยังมีคนกินแล้วแต่คนชอบ,positive,1
2597,2597,อีก 1 เสียงคับ วีออส 2013 ผมเป็นมา 2 รอบละคับ เติม 300 เข็มนิ่ง แต่ขับออกมาค่อยๆ ขยับคับ ตอนแรกก็ตกใจคับ แต่ไม่โทษใครคับ ถ้าน้ำมันไม่เข้า มันคงไม่ตัดหัวจ่าย เลขคงไม่วิ่งหรอกคับ,negative,0
2598,2598,ไปเล่นน้ำกัน,positive,1
2599,2599,ใส่ผ้าอนามัยที่สั้นกว่า 35 ไม่ได้เลย นอนแล้วทะลุหลังเปรอะตลอด เบื่อเว้ย,negative,0
2600,2600,ก็ต้องใช้ครีมกันแดด KA UV Babyface กันนะเพื่อนหน้าร้อนแล้วมาหน้าใสหน้าเด็กท้าแสงแดดกัน #KAx7Eleven #KAUVBabyFace,positive,1
2601,2601,"“MF Race Academy” โครงการดีๆโดย BMW MF Motorrad พบกัน 8 พฤษภาคมนี้ ไทยแลนด์ เซอร์กิต, นครัชยศรี #ชีวิตนักแข่งเริ่มต้นที่นี่",positive,1
2602,2602,เราก็แฟนคลับก้อนนะ แต่รู้สึกว่าระยะหลังราคากับปริมาณอาหารไม่สัมพันธ์กันฉันท์มิตร หลายครั้งที่เราอยากกินก้อน ก็ต้องแปรผันไปค่ายอื่น จ่ายเท่ากันแต่คุ้มค่ากว่า พิจารณาหน่อยนะก้อน ลูกค้าบ่นเยอะ,negative,0
2603,2603,มึงๆๆๆ อยากง่า,positive,1
2604,2604,(เหล้าปลอม) ใครชอบกินแบล็คเลเบิ้ล ราคาแพงแต่คุณได้กินอะไร ดูเอาก็แล้วกัน. เลียนแบบเหมือนของจริงทุกทุกอย่าง. ยกเว้นน้ำข่างในใส่อะไรไปลองดู. น่ากลัวคนดืมเหล้า.,negative,0
2605,2605,อู๊ย... พี่น่าโดนเนอะ,positive,1
2606,2606,ป่ะแสงโสม,positive,1
2607,2607,จัดดิ,positive,1
2608,2608,แบบนี้ไม่ดีเลยยย,negative,0
2609,2609,พอเถอะพี่ท่าน ถึงขั้นต้องเช่าชุดไปอีก,negative,0
2610,2610,อีเบียร์นี่คือไม่อร่อยมากกกก เหมือนเอาเบียร์สิงห์มาละลายน้ำ,negative,0
2611,2611,ไปกิงกัง,positive,1
2612,2612,ไปวันไหนอ่า พี่ได้หมด,positive,1
2613,2613,ที่เจอมาคือสาขาบิ๊กซีแจ้งวัฒนะครับ,negative,0
2614,2614,รสชาติดีคับ กินนิ่มกลิ่นไม่แรง หวานๆ เอาง่ายๆกินดีคับ ดีกว่า หงส์ 285 อีก รสชาติเหมือน 100Piper แต่ฉุนน้อยว่า,positive,1
2615,2615,จ่ายเงินตามโปรฯ แต่ได้แค่เนื้อบางๆ,negative,0
2616,2616,บอกตรงๆว่าโตโยต้าเป็นรถที่ช่วงล่างแย่ที่สุดในรถตลาด แต่เครื่องดี ผมว่าพี่เช็คฮอนด้าพี่บ้างนะ ยางวิ่งครบ 4 ปีหรือยัง ดอกยางเหลือไหม ไม่ใช่ยางหัวโล้นหมดแล้วนะ รถผม civic วิ่ง 130+ ยังนิ่งเหมือนวิ่ง 40,negative,0
2617,2617,1/3/2018 ฟอร์ดโฟกัส 2012 ตัวท็อป 5 ประตู ขับๆไปเครื่องดับกลางอากาศ เหตุเกิดเมื่อสักครู่เลย ไม่ทราบสาเหตุเป็นเพราะอะไร ขับไปที่ความเร็วไม่เกิน 100 อันตรายมาก ขอความเห็นและความรู้จากฟอร์ดด้วยว่าเป็นเพราะอะไร เข้าศูนย์เช็คระยะ ตามระบบของฟอร์ดทุกครั้ง ไม่มีปัญหาอะไรให้ทางศูนย์เจอ แต่พอเจ้าตัวเอารถมาใช้ พบปัญหาจุกจิ๊กเยอะมาก #ขอทราบเรื่องที่เครื่องยนต์ดับในขณะที่ขับก่อนแล้วกันครับ หวังเป็นอย่างยิ่งว่าฟอร์ดจะให้ความช่วยเหลือในเรื่องพวกนี้ได้ครับ,negative,0
2618,2618,แต่วันนี้แบบ แดกได้แค่ฟูลมูลสองขวด ซึ่งเล็กน้อยมากจนเจอเอฟเฟกซ์ แง,negative,0
2619,2619,ไม่กินนนนน,negative,0
2620,2620,ชอบจัง,positive,1
2621,2621,หืมม ไปHotpot ที่เพชรกันเถอะ😆😆😋,positive,1
2622,2622,เปรี้ยวปากเลยยย,positive,1
2623,2623,กุเสียปกติก้ได้อึดอัดเสียเวลาย่าง,negative,0
2624,2624,ไปกันนนนนวันนี้ๆ,positive,1
2625,2625,ไปๆๆๆ,positive,1
2626,2626,ไทยแลนด์ ไทยแลนด์ ไทยแลนด์,negative,0
2627,2627,คือกุชอบกินบาบิก้อนอ่ะ แล้วแบบ,negative,0
2628,2628,ยาริสน่าใช้กว่าสวยกว่าทั้งนอกใน note ดูเเรกๆสวยพอดูนานๆเชยนะดูไม่ทันสมัย ยิ่งเรื่องมาตรฐานของรถยาริสก็ใว้ใจใด้มากกว่าเเน่นอน,negative,0
2629,2629,นั่งดูรถไฟฟ้ามหานะเธอ ทำไมขัดใจกับ CG และมุมกล้องแรงมากก ฯลฯ ซาวน์ บางอย่างดูเป็นหนัง นศ มาก ๆ แต่คิดว่าสำหรับยุคนั้นกับหนังไทยนี่น่าจะเริ่ดมาก ๆ,negative,0
2630,2630,ฟอร์จูนเนอร์เหมาะกับคนนั่งด้วยเยอะๆ แต่ถ้าคนโสด..ปาร์เจโร่ ใช่สุดครับ,positive,1
2631,2631,ใครกันที่เสียผลประโยชน์555,negative,0
2632,2632,นิค 55555ทำไมงะ ก็หิว,positive,1
2633,2633,Dongfeng-Nissan ค่ายรถร่วมทุนในจีน..โชว์รถ SUV แนวคิดสุดหรู ดีไซน์ไม่แพ้ค่ายรถยุโรป!!,positive,1
2634,2634,เอิ่ม ค่าชุดแพงกว่าส่วนลด 555,negative,0
2635,2635,ลดอีกแล้วเทอ. แต่เทอก้อยังไม่มาอ่ะ 5555,positive,1
2636,2636,อีผ้าอนามัยcooling fresh นี่มึงจะทำแบบไม่มีกลิ่นออกมาหน่อยไม่ได้หรอ ใส่ทีคนเขารู้หมดว่ากูเป็นเมนส์ อีเวนนนน,negative,0
2637,2637,อ๋อย! แย่จุง!!,negative,0
2638,2638,เออ ทำไมผ้าอนามัยเมืองนอกใหญ่จังของไทยตอนคลอดใช้โกเต็กแบบห่วงตลกมากได้มาใหม่ๆใส่ไม่เป็น,negative,0
2639,2639,เริ่มเบื่อการไทน์อินโฆษณาDr.Jillในรายการทีวีละ คือเยอะเกิน แถมบางทีก็ดูไม่เนียน,negative,0
2640,2640,ผมว่าผู้นำรับรู้ข้อมูลที่บิดเบือนจากความเป็นจริงเหมือนหลายๆเรื่องมากกว่า,negative,0
2641,2641,แล้วตอนนี้มึงก็แดกอะไรไม่ได้เลยอ้อ,negative,0
2642,2642,เกี่ยวกับเงินภาษีล้วนๆ,negative,0
2643,2643,จะกินก้อนนน,positive,1
2644,2644,พีคสุดคือจัดเบน285 ลีโอ เหล้าขาว จ้า อาการวนๆในท้องเป็นงี้เองงงง 😂 แต่นี่กินลีโอไม่ได้เลยอ่ะ กินทีไรอ้วกตลอด แพ้ทาง,negative,0
2645,2645,"Nissan นาวารา คิงแค็บ ดาวน์แค่ 9,999 บาท แล้วผ่อนเพียง 4,500 บาท จริงเหรอ ต้องไปจองแล้ว ฟรีประกันภัยชั้น 1 ด้วย",positive,1
2646,2646,บอนชอนกันมึง กูไม่กินบาบีก้อนแล้วววววว,negative,0
2647,2647,ไปวันนี้ได้มั้ย อยาก,positive,1
2648,2648,ทุกวันนี้แค่ได้ยินชื่อว่าSMIRNOFFก็กลัวละ ล่าสุดจัด SMIRNOFF มิดไนท์ ไป 3กลม กินกัน4คน สติถึงกับหลุด จำไรไม่ได้ แถมยังได้ไปนั้งคุยกับชักโครกอีก ภาพลักษณ์ที่สะสมมาหายไปในพริบตา กินวันนี้ถึงกับเมาข้ามไปอีกวัน,negative,0
2649,2649,ถึงได้บอกไง ว่าผมไม่เข้าใจเลยว่า Nissan ไทย กำลังตั้งใจทำอะไรกันอยู่ จะปลุกปั้นก็ไม่ใช่ จะแก้ไขก็ไม่ทำ,negative,0
2650,2650,วันไหน ๆ,positive,1
2651,2651,สุ้สุ้คับถ้าไม่ยุไกลผมจะไปด้วย,positive,1
2652,2652,เลิกกินสิงห์ละกัน -_-,negative,0
2653,2653,เบื่อจะรีพอร์ตคนแปะเว็บ topicza .com ไรนี่มากเลยอะ ไปทุกแท็กทุกทวีตที่คนรีเยอะ ใครช่วยยิงให้เว็บมันล่มให้มันหายไปเลยได้มะ รำ,negative,0
2654,2654,แพงกว่าซีวิคอีก,negative,0
2655,2655,เสียใจด้วยที่ลพบุรี ไม่ได้ร่วมรายการ 😭😭😭,negative,0
2656,2656,MRT เปิดแอร์บ้างก็ได้นะตอนเช้าๆอะ อิคนที่ต้องยืนมุมๆก็ร้อนจะตายห่า ไม่งั้นจะเสียค่ารถวันละ 100 กว่าบาททำไม ขับรถเอาก็ได้มั้ง,negative,0
2657,2657,รุ่นนี้มันออกแบบไฟมาให้แยงตาพอดีเชียว แสบตามาก #Fortuner #toyota #bad #dosomething #BMW,negative,0
2658,2658,อินนิสฟรีแต่แพงจังเลยนะ,negative,0
2659,2659,สลัดไข่ ใส่หอย คับพี่ถ้าทันไปแน่นอนคับ,positive,1
2660,2660,เยป,positive,1
2661,2661,ถ้าลุงกับพวกกกต.เป็นเด็ก แล้วจับกลุ่มเล่นกัน กูคงเรียกได้อย่างเดียว 'ไอ้เด็กเหี้ย',negative,0
2662,2662,แดกบาบีก้อน แก้นกแม่งเง้ย,negative,0
2663,2663,เรื่องเส้าที่ไม่มีวันลืมคือ peripera ที่พึ่งซื้อมา ใช้ไปไม่ถึง 10 ครั้ง หล่นหาย อีควย,negative,0
2664,2664,หอมไม่พอ ไม่อันตรายด้วยครับ,positive,1
2665,2665,ตปท ช่วยกันให้เลิกบุหรี่ หันมาใช้ ไฟฟ้า แต่ ประเทศกะลา กลัว เสียผลประโยชน์(และมึงไม่ทำให้ถูก ผลิตขายละ ง่ายๆ สึสสสสส),negative,0
2666,2666,อ้าว!!! TAXI CHR. ดีลเลอร์โตโยต้าไต้หวัน โดนปิดกี่แห่งครับ อ.อิอิอิ,negative,0
2667,2667,ความเลวร้ายค่อเปิดดูตอนใกล้เที่ยงคืน.. MK สาขาไหนเปิด 24 ชั่วโมงไหมจะไปกิน!! 🤤,negative,0
2668,2668,ท : กูเคยเจอคนเหมือนเก็บผักมาขาย ‘ขายผักจ้า ขายผักถูกๆ’ ดูน่าสงสารนะ แต่แม่งขับ Accord มาขาย แล้วกูขับ Vios ใครควร…,negative,0
2669,2669,น่าใช้นะ ถ้าไม่ใช่Camry ไม่เคยรู้สึกว่าToyotaน่าใช้เลย คันนี้รู้สึกBalanceทุกอย่างมาโอเค สีเขียวชอบมาก ถ้ามีตังคงลังเลCX3 2.0SPกับCHRเบนซินธรรมดาตัวTop เดี๋ยวจะไปนั่งที่Motor show,positive,1
2670,2670,สงสัยจะอดไม่มีคนดูแจม,negative,0
2671,2671,มึงงงงงง การที่ทันกินเบียร์ช้าง 4ขวดร้อย คือ= เคยได้ชีวิตตอนประเทศอุดมสมบูรณ์นะ ตัดภาพมาตอนนี้จะขวดละ 100 แล้วอ่ะ,negative,0
2672,2672,มันอัตรายมากครับสูบมาเป็นปีแล้ว เลิกบุหรี่มวนมาเป็นปีหลังจากสูบมันมา17ปี ร่างกายสมบูณร์ขึ้นมาก ปวดหายใจได้ดีขึ้น รับกลิ่นได้ดีมากทำอะไรก็ไม่เหนื่อยง่าย,negative,0
2673,2673,ฟังคลิปเสียงอาจารสอน พูดถึง hoegaarden น้ำลายไหลเลยค่ะ ยังไม่สอบเลยใจอยู่กับแก้วเบียร์แล้ววววววววววว,negative,0
2674,2674,ไปกินเมื่อวันที่1ธค.60. น้ำต้มยำรสชาติโอเครอร่อย. ใช้ได้ พอมาวันนี้ไปอีกรอบ น้ำต้มยำ ห่วยแตกมาก รสชาติจืดชืด อย่างกะปลากระป๋องละลายน้ำ จะไปอีกคงคิดหนักมาก!!! โลตัสศรีสะเกษ,negative,0
2675,2675,สาขาเซ็นทรัลบางนาก็เนื้อเยอะนะ,positive,1
2676,2676,ท้าต่อยไปทั่ว แต่พอจำได้ลางๆ กูโดนหลายตีนอยู่นะ จากนั้นรู้ตัวอีกที ก็นอน อยู่โรงบาลละ #เลิกแดกของมึนเมา #ตอนนี้ลองกลับไปกินแปปๆเมาลิมิตกูลดโดนFullmoon2ขวดก็ไปแล้ว #เลิกกินตลอดชีวิต,negative,0
2677,2677,ทำใหม่โปรนะอายุ12ก็เกินหมด,negative,0
2678,2678,จาอ้วกบาบีก้อนแง รักบาบีก้อนมากอย่าทำให้ผิดหวัง,negative,0
2679,2679,แล้วพี่แท็กซี่ก็เปิดเพลงบิ้วไปอีก เออดี,positive,1
2680,2680,ไปๆๆๆ นู๋ศิ ว๊าวแซ่บ,positive,1
2681,2681,ชิ้นเนื้อชิ้นนั้นยังอยู่ให้ตรวจสอบหรือนี่,positive,1
2682,2682,ลงชื่อตรงไหนครับ,positive,1
2683,2683,ออเจ้าอย่าลืมเปลี่ยนเพลงในร้านด้วยนะขอรับ พลพลฟังวน10รอบแล้วนะขอรับ,negative,0
2684,2684,คนพาล ใช้กฎหมายเป็นข้ออ้าง ? ยุคนี้ในปทท.มิใช่เรื่องนี้เป็นเรื่องแรกและจะเยอะขึ้นเรื่อยฯ ยุคโจรครองเมืองรู้ป่ะ ?,negative,0
2685,2685,เมื่อวานดวนเบียร์กะพี่ละยอมแพ้ ความช้างนี่มันไม่ไหว,negative,0
2686,2686,จัดแบบนี้ขอเงินหน่อยสิ show dc,negative,0
2687,2687,ดูเวลานี้ประเทศเราจะไปไกล้ กว่าที่คิดนะครับ คดีร้ายแรง กลับมีค่า แค่บุหรีไฟฟ้าฆ่าตัวเรา 55555กูขำๆสัส,negative,0
2688,2688,อิสัดดด มะต้องกิน เลิกคบด้วย,negative,0
2689,2689,ตูก็ไม่ -_- แต่อ่านเจอข่าวว่าในที่ๆผ้าอนามัยแพงก็ใช้เจ้านี่เยอะ,negative,0
2690,2690,ไฟมันหมดแล้วเหรอนิสสัน ไม่กระตืนรือล้นสร้างยอดขายเลย ดูเนือยๆนะ หรือจะถอดใจจากตลาดไทยแล้ว...,negative,0
2691,2691,ไม่ทันเค้าเลย เข้าไปก็หมดซะละ,negative,0
2692,2692,อี๋พอกัน ไม่ใช่พยาธิอ่ะ แต่คือฝีอ่ะ จะร้องไห้,negative,0
2693,2693,ชุบเยอะขัดเยอะเพลีย#มอดส์ก็จะเหนื่อยๆหน่อย#ถึงเวลารวมพลชาวมอดส์เสาร์นี้#scooterlinebangkok#mods&rocker,negative,0
2694,2694,เลี้ยงสายนี้ป่ะ กุอยากกิน5555,positive,1
2695,2695,ชอบ black lable ที่ เด็คคาร์ด กินกับเค ที่บาร์,positive,1
2696,2696,ไปก่อนดีกว่า ไปพร้อมลูก โดนป่วนแน่ มารอบหน้าสั่งมากินบ้านดีกว่า พ่อกับแม่ได้กินด้วย🤤😋❤️👍🏼,positive,1
2697,2697,ถ้าจะจับจริงๆ ขอเชิญคุณตำรวจไปที่ครองถมกรุงเทพซิครับ เทปผีซีดีเถื่อนหนังโป๊ บุหรี่ไฟฟ้าขายกันเกลื่อน,negative,0
2698,2698,รายละเอียดมิว7ปีไหน เกียร์อะไร ผ่อนดาวน์เท่าไร ถ้ามีรายอะเอียดดูแล้วสนใจผมจะติดต่อกลับขอบคุณ,positive,1
2699,2699,(ต่อ Yves rocher hydra vegetal masque) ใครหน้าแพ้ง่ายก็ผ่านเถอะ แต่ถ้าเอาแค่หน้าชุ่มชื้นก็ได้อยู่แหละ เราใช้แล้วแสบ…,negative,0
2700,2700,สุภาสิตวันนี้เสนอคำว่า กินฟูลมูนร้อนท้อง และก็เอ๋อด้วย,negative,0
2701,2701,เราจัดมาก่อนหน้ามาแระ ไม่ทันย้ายเข้าบ้าน แท๊ก ต่อแระกัน..,positive,1
2702,2702,เมื่อคืนย่าให้ตังมาซื้อสปาย นี่บอกว่าเอา 6 ขวดพอ ย่าว่า6ขวดไม่สาไร จัดไปลังนึงจ้าาาาาา กินกัน 3 4 คน อาก็เปิดให้ไม่หยุด ผลคือตอนเช้าท้องเสีย นุ้งไม่ได้เมา แต่นุ้งไม่มีสติเลยยยยย,negative,0
2703,2703,แบบนี้ปะละ หรือไรดี คิด,positive,1
2704,2704,คือมึงไม่ได้ผลประโยชน์มึงไง เหี้ย,negative,0
2705,2705,เอาจริงๆคัมรี่ก็ไม่ได้สวยเลย แต่ลูกค้าก็หนีไปคัมรี่ ไม่มาอัลติม่าแฮะ,negative,0
2706,2706,เดี๋ยวนี้ไม่เห็นดอยสุเทพเลย มัวไปหมด,negative,0
2707,2707,เมื่อไหร่จะมีบุฟเฟ่ค่ะ,positive,1
2708,2708,ขอบคุณพี่ๆมากๆครับที่ทำตรงนี้ครับ,positive,1
2709,2709,ไม่กินเผ็ดอะ,negative,0
2710,2710,ไม่มีพิษณุโลก😢😢😢😢 ทำไมใจร้ายอย่างนี้😩,negative,0
2711,2711,เกลียดไฟหน้า Revo กะ Fortun แยงตาชิบหาย ส่องเห็นทางแต่ตัวเอง...,negative,0
2712,2712,ไอ้รูปหมูดิบของบาบิก้อนที่เป็นประเด็นอยู่นี่ดูรูปกี่ทีก็ขนลุก จะพยาธิจริงไม่จริงก็ไม่อยากกินแล้วอะ,negative,0
2713,2713,เวรกรรมเลยมาตกกับผู้บริโภคไง,negative,0
2714,2714,อยากกินเบียร์หมี แต่ทำไมแถวบ้านไม่มี😭😭,negative,0
2715,2715,มารับด้วย,positive,1
2716,2716,เน็ตก้อห่วย โทร 1242 ก้อไม่ได้คุยกับพนักงานสักที ยิ่งกลางคืน เน็ตหายไปดื่อๆ โทรก้อมีให้รอๆ เคยโทรไปกลางวัน ช่วงหกโมง รอ 57 นาที ไม่ได้คุย ค่าโทรหมดไปกับ 1242 แต่ล๊เดือนเยอะกว่าโทรหาคนอื่นอีก,negative,0
2717,2717,😘😘😘😘😘,positive,1
2718,2718,แพงกว่าเดิมนิดหน่อย..ลีโอ 51บาท..กูแดกมาตอนเย็นนี้เอง,negative,0
2719,2719,คือว่าของที่คุณพูดมา มันไม่กระทบ ต่อรัฐบาลนี้ครับ มันเลย ไม่เดือดร้อน 5555,negative,0
2720,2720,ต้องใปโดนหน่อยแล้วมึง,positive,1
2721,2721,จะ@พอดี.อยากเหมือนกัน,positive,1
2722,2722,สู้ต่อไปครับนาวาร่า,positive,1
2723,2723,กูงงสกินฟู้ดมาก อิดอก ส่งไปรให้กูเฉย ส่งได้ไงวะ ไปรไม่ปิดเหรอวะ งง,negative,0
2724,2724,คนที่เคยลองไม่รู้จะคิดเหมือนผมไหม รสชาติคล้ายๆเรด แต่กลิ่นจะออกคล้ายๆแสงโสม เอาเป็นว่ามีเอกลักษณ์เป็นของตัวเอง.. ส่วนดีกรีไม่ต้องห่วง 40% Lg. เต็มเหนี่ยวแน่นอน ชงบางๆกินอร่อย ออนเดอะร็อคก็สะท้านตับพอดู ครึ่งกลมคนเดียว(โซดา4ขวด) หัวทิ่มครับ,positive,1
2725,2725,ป่านนี้แล้วก็ยังไม่ได้ลิปอินนิสฟรี 😅,negative,0
2726,2726,ตามข่าวถ้าให้เลือกซื้อผมคงไปคัมรี่หน้าปลาวาฬแหละครับ แอคคอร์ดมันดูแหม่งๆชอบกล,negative,0
2727,2727,แพ้ผ้าอนามัยแทบทุกยี่ห้อ ผื่นชอบขึ้น ไม่แพ้ยี่ห้อเดียวคือวิสเปอร์ห่อเขียว แต่ก็ขายแต่ในห้างไง เซเว่นไม่เอามาขายบ้าง ความลำบากของชะนีมีเมนส์,negative,0
2728,2728,*จัดให้หน่อยสิ,positive,1
2729,2729,จะสมัครสมาชิกทีไรบอกบัตรหมดทุกที พยายามสมัครมา 5 ครั้งละ เซ็ง!!!,negative,0
2730,2730,อยากลองของ canmake ค่าา 😍😍😍,positive,1
2731,2731,รำ สตอรี่อีครีมอะ,negative,0
2732,2732,ถ้าหายดีนะ,positive,1
2733,2733,สนใจอยุ่,positive,1
2734,2734,หาซื้อได้ที่ไหนคะ เราแพ้ผ้าอนามัยทุกยี่ห้อเลย แต่ตัวนี้ยังไม่เคยลอง😁,positive,1
2735,2735,นุ่มลุ่มลึก กูบอกได้แค่นี้,positive,1
2736,2736,แต่แม่งดูดสะเอง ... บางคนเอาไปตั้งบนโต๊ะทำงานบางคนนี่ยืนดูดหน้าโรงพัก งงใจกะพวกมัน,negative,0
2737,2737,กาวผ้าอนามัยติดแน่นกับทุกอย่าง ยกเว้นกางเกงใน,negative,0
2738,2738,ไม่น่าอยากลองแดก Smirnoff electric blue เล้ย,negative,0
2739,2739,ซีคอนมันปิดปรับปรุงอ่าาาา,negative,0
2740,2740,เพื่อนพร้อมใจก้อพร้อมดิ 55,positive,1
2741,2741,การ์นิเย่คือดีสำหรับคนหน้าขาวอยู่แล้วเท่านั้น เพราะถ้ามึงหน้าดำแล้วทา หน้าจะกลายเป็นหน้าเทาทันที,negative,0
2742,2742,รอกูกลับก่อน อยากกินมากกกกก,positive,1
2743,2743,เสียดายจังพิษณุโลกไม่ได้ร่วมรายการ 😭😭😭,negative,0
2744,2744,เกลียดดดดด,negative,0
2745,2745,สนๆๆๆ,positive,1
2746,2746,ดึงออกมาปุ๊บ ยกซดเลยเหมือนลาบเลือด555 เห็นวิธีใส่แล้วลำบากอะ ขนาดผ้าอนามัยแบบสอดยังรำคานอันนี้น่าจะหนักว่า เหมือนอะไรคาหอย😂,negative,0
2747,2747,ต้นเดือนๆ,positive,1
2748,2748,เออ จะชวนไปกินฮอทพอทแก้หนาวก่อน,positive,1
2749,2749,แร้วแต่จ้ะ แต่ไม่มีกุ้งนะคะ,negative,0
2750,2750,ไปกิน MK หรอยม้ายคับ,positive,1
2751,2751,กทม.กูมี..บริษัทแสนสิริ ขออนุญาติกทม.สร้างสะพานข้ามคลองพระโขนง เพื่อเป็นทางเข้าออกโครงการคอนโดหรูของบริษัท แต่กลับเก็บค่าผ่านทางกับประชาชนที่ไม่ใช่ลูกค้าโครงการ..กทม.คิดได้ยังไง,negative,0
2752,2752,เผอิญเราใช้ของลอรีเอะนี่แหล่ะค่ะที่เกิดผื่นคัน 😑,negative,0
2753,2753,โถ่ว คุณตำนวด เขาผิดจริงแต่แค่บุหรี่ไฟฟ้าอะโถ่ว คุณตำนวดต้องพยายามอธิบายข้อกดหมายให้เขาเข้าใจเส้ หรือว่าสมัยนี้ตำนวดมีความอดทดต่ำ ทีจับรถ ก็ยังหาข้อกดหมายมาเอาผิดได้เลย พูดจนน่าลำคานจนต้องเออๆๆมึงปรับไปเหอะ นี้มาลากเหมือนหมา เป็นกุ กุก็ไม่ยอมเข้าห้องขัง หรอกแค่บุหรี่ไฟฟ้า เมิงอยากปรับก็ปรับไปเด้ ทำไมต้องเอาเข้าห้องขัง ถ้าเมาแล้วขับก็ว่าไปอย่าง โถ่วเอ้ยสังคมนี้แม้งอยู่ยาก กูไปล่ะ,negative,0
2754,2754,อยากกิงบัฟเฟ่ต์,positive,1
2755,2755,5555555555555555555 เพื่อนมาเมกาแล้วรีวิวผ้าอนามัยแบบสอด โอ้ยยยยยย,negative,0
2756,2756,ไปกี่โมง,positive,1
2757,2757,วันไหนพูด,positive,1
2758,2758,mazda cx 5 น้ำดัน ปัญญาโลกแตก,negative,0
2759,2759,ซื้อสมูทอีหลอดเล็กมาใช้ หน้าดี ไม่แพ้ แต่พอลงทุนซื้อหลอด400กว่า หน้าแพ้จ้า..เกิดจากอะไร ใครรู้ตอบที เสียดาย #ไว้รีวิวห้ามขายของโว้ยย,negative,0
2760,2760,ร่างกายต้องการบุฟเฟ่,positive,1
2761,2761,หมดอารมไปแดกบาบีก้อนเลยกุ เศร้าอีเหี้ยโอ้ย,negative,0
2762,2762,มันไม่มีเซ็นทรัลเวสเกตนิ,negative,0
2763,2763,จัดมะๆ 555,positive,1
2764,2764,เสียเงินและเสียเวลาทำคับเล่นรีโว่ไปเลยดีกว่าง่ายๆจบในคราวเดียว ดูแค่แรงม้ากับแรงบิดต่อรอบก็ต่างกันลิบลับละคับ,positive,1
2765,2765,แต่ทำไมการผลิตส่งมอบนานสุดๆไม่คิดจะแก้ไขให้มันเร็วแบบค่ายรถญี่ปุ่นเลยเหรอครับเปิดตัวอีกไม่เกิน2-3เดือนก็ได้รับรถแล้วข้อผิดพลาดตอนเปิดตัวเรนเจอร์แล้วกว่าลํกค้าจะได้รับรถครั้งที่แล้วน่าจะชี้ให้เห็นการเสียโอกาสนะท่านผู้บริหารฟอร์ดไทย,negative,0
2766,2766,เราเคยเจอเรียกแล้วไม่มา 3 คันติด เหมือนมันแรนด้อมไปติดคันที่ใกล้ที่สุด เค้าก็จะเนียนไม่หือไม่อือโทไปไม่รับ แย่มากๆสู้เอาระบบเดิมมาดีกว่า มันดูเต็มใจทั้งสองฝ่าย ในส่วนของแท็กซี่นี่แย่สุดติ่งเลย ปรับปรุงด่วนจ้าาา แต่ส่วนของมอไซยังดีอยู่นะ,negative,0
2767,2767,อเมริกาขายตามปั้มเกือบทุกปั้ม ไม่เห้นแปลก,positive,1
2768,2768,เอามาม่าติดไปด้วย ลวกแม่ง,negative,0
2769,2769,เห็นด้วยเหรอค่ะ อุ้ยเขินเลย😁😁,positive,1
2770,2770,คาเฟ่ส่วนใหญ่เดี๋ยวนี้เน้นตกแต่งสวย มีมุมถ่ายรูปเยอะๆ เค้กน่ากิน แต่ไม่อร่อย ไม่อร่อยยย,negative,0
2771,2771,ใช่ วันนั้นไปซื้อรองพื้นเลฟลอน เราถามดีๆ พี่คะรองพื้นเลฟลอนอยู่ตรงไหนคะ มันเอามือชี้แบบไม่พูดอะไรเลย แบบไม่พอใจอะ อีฟแอนด์บอยฟิวเจอร์,negative,0
2772,2772,กลุ่มใหญ่คนเปนแสนก็จริงแต่คนโพสเยอะน่ารำคาญบางคนก็ปิดแจ้งเตือนไม่ติดตามอาจไม่เห็นก็ได้ครับ,negative,0
2773,2773,ใช้โซฟีมานานมากแล้วเบื่อเรื่องแทบกาวและการห่อตัวมากเมื่อก่อนไม่เคยเปนเดี๋ยวนี้แทบกาวก้แทบจะไม่ติดเรยพอใส่แล้วซักพักไปฉี่คือเกือบหล่นลงโถอะ,negative,0
2774,2774,นอก จากเรื่องรถสั่นแล้ว ผมขอเน็นไปที่ความปลอดภัย ให้มากครับ ถ้ามันสั่นตอนแซง แล้วเกิดเหตุ Mazda จะรับผิดชอบยังไง ถ้ามีความ เสียหาย ถึงชีวิต,negative,0
2775,2775,ลูก2คนค่ะ กลัวไปร้านพัง กำลังซนทั้งคู่เลย,positive,1
2776,2776,ขอให้ผ่านไปได้ด้วยดีครับ,positive,1
2777,2777,เมนูเหล้าปั่น jack daniel honey ผสมไอติมวนิลาครับ ดูดลื่นนุ่มคอหอมหวาน เมาแบบไม่รู้เรื่องกันเลยทีเดียว 5555,positive,1
2778,2778,จัดป่าว 379 เอง จ่าย 3 ด้วยย จัดๆๆๆๆ นานๆแจกัน เดือนนนี้เลย,positive,1
2779,2779,มื่ออื่นไป,positive,1
2780,2780,อยากแดก ใอ่สัส!! งงพ่องอ่า,positive,1
2781,2781,นี่โปรใหมา,positive,1
2782,2782,โดนน้องสาวเรียกไปโวยวายว่าไม่ต้องซื้อผ้าอนามัยเย็นจิ๋มมาแล้วนะ เย็นไปหมด เย็นยะเยือก 5555 ทำไมล่ะ เปลี่ยนบรรยากาศไง ตื่นเต้นดีออก,negative,0
2783,2783,ปุ๊กอ่ะ ไปป่ะ,positive,1
2784,2784,อยากกินเลยยยพาไปหน่อยยย,positive,1
2785,2785,เป็นทนายได้ยังไง ความคิดชั้นต่ำขนาดนี้ ว่าคนสูบรกโลก หลงประเด็น เอาแต่ได้ เห็นแก่ตัว ทนายคนนี้มีหมด ผมไม่สูบบุหรี่นะ เลิกแล้ว แต่พึ่งจะซื้อบุหรี่ไ้ฟฟ้ามาใช้ ผมสูบในที่ส่วนตัวนะ ไม่เคยทำให้ใครเดือดร้อน แต่ถ้าผมเจอทนาย ผมอยาก vape jammonster แล้วพ่นใส่หน้าทนายซักที ถ้าทนายเจอใครคนไหนสูบ ไม่ว่ามวน หรือ E-Cig โปรดช่วยไปบอกต่อหน้าด้วยว่ารกโลก ผมจะรอทนายมาบอกนะครับ แล้วเราจะได้เถียงกันซึ่งๆหน้า ปล. มึงอยากถกประเด็นสุขภาพ มึงไปตั้งโพสเอง มึงไม่ต้องสร้างประเด็นใหม่ในโพสนี้,negative,0
2786,2786,อร่อยอ่ะ,positive,1
2787,2787,แต่สปายทำรสไรมาก็ไ่ค่อยอร่อย,negative,0
2788,2788,สุดเลยยย,positive,1
2789,2789,ตลกแม่ว่ะ สปายขวดเดียวเมา 5555555 ไม่ไหวเด้อ,negative,0
2790,2790,เบียร์ช้างต้นทุน ขวดละไม่ถึง 50 บาท เม่งขาย 120 บ้าไปแระ นี้เขาเรียกว่าค้ากำไรเกิน,negative,0
2791,2791,สัสกะเทให้สีเข้ม จะครึ่งแก้วยังสีจาง ห่าลาก // ง้วงเอง,negative,0
2792,2792,299 เอง เอาเงินจากกินบาบีก้อนมาได้สบาย,negative,0
2793,2793,ตอนนี้หิว ไปกินเลยม่ะ 555,positive,1
2794,2794,เห้ยน่าไปๆๆ จิบเบียร์ฟังดนตรี งานดีๆแบบนี้ต้องไม่พลาด #chang,positive,1
2795,2795,เคยใช้ที่เมกาก็ดีจริงเพราะมันก็มีอยู่ไม่กี่ยี่ห้อ มาเดนมาร์กจ้ะถ้าสโตร์ธรรมดาก็นีเวียวนไปดีแบกมาเยอะไม่ซื้ออีกนาน,negative,0
2796,2796,ควรจะลงโทษอย่างเป็นรูปธรรมครับ คิดค่าปรับอะไรก็ว่าไป ไม่ใช่แค่ยกเลิกไม่ให้ทำงานกับ Grab แต่อย่างว่า กฎหมายไม่ได้รองรับอยู่แล้ว น่าจะต้องไปฟ้องข้อหาอื่น ไม่ใช่ในฐานะคนขับรถสาธารณะ,negative,0
2797,2797,พาลูกชายไปกินหน่อย,positive,1
2798,2798,มาเรียนเชียงใหม่ก็นึกว่าอากาศจะดี เป็น pm 2.5 อันดับ2ของประเทศเฉยเลย #ภูมิแพ้,negative,0
2799,2799,เกี๊ยวหมดแล้วยังไงอ่ะ ก็หมดไปซิ อย่างนั้นเหรอ ง่ายไปไหม???,negative,0
2800,2800,ชานมหร่อยมากกก ไปลองมาละ,positive,1
2801,2801,69เอง ได้ยุ,positive,1
2802,2802,จะ3ล้านละ💓👍🎉🎉🎉 #บล็อคละค่ะ #บล็อคดีไม่มีซึม cr.fb/Laurier My Brand #davikah #davikaclub #davikaclubdotcom #DKC,positive,1
2803,2803,เสียงกึกๆ camry hybrid ก็เป็น ผมว่ามันก็ปกติของรถ hybrid ของtoyota น่ะ,negative,0
2804,2804,ตรงสามย่านค่ะ ระบุพิกัดผิด 😂 ลงที่สยามแล้วต่อรถเมล์หรือมอไซค์มาฝั่ง รร.สาธิตจุฬาค่ะ หรือมาใต้ดินขึ้นสถานีหัวลำโพง ก็สะดวกดีค่ะ ร้านมีให้เลือกเยอะเลย 😁😁,positive,1
2805,2805,กลับมาบ้านเหนื่อยๆ พอเจอ Jack Daniel’s ขวดนี้เท่านั้นแหละ,positive,1
2806,2806,ลดได้น่าตบมาก 555555,negative,0
2807,2807,เลือก24กุมภาเลือกแน่นอนนน หืมมมมม อยากจะเอาคลิปไปฉายบนจอLEDหน้าทำเนียบรัฐบาลซะเกิน พลิกลิ้นเก่ง #เลื่อนแม่มึงสิ,negative,0
2808,2808,ทุกอย่าง ยกเว้น oriental princess อ่ะ เกลียดกลิ่น,negative,0
2809,2809,ปรากด แพงกว่าค่าอาหาร,negative,0
2810,2810,ชอบๆ จัดไป,positive,1
2811,2811,เพิ่งรู้ว่าไม่มีรีเจนซี่ ไม่มีลีโอ ไม่มีสิงห์ แล้วเขินจะกินอะไรได้??…,negative,0
2812,2812,กูจะเลิกแดกบาคาดี้ตลอดกาล!!!!,negative,0
2813,2813,ผิวสีลาเต้คือไร ทำไมผู้บริหารนีเวียถึงพูดว่าไม่สวย งงมาก,negative,0
2814,2814,อยากสวย #สายเกา ✨ ต้องนี่เลย BSC White Pink BB Cream หลอดเดียวก็สวยวิ้งได้แบบสาวเกาหลี สะดวกและคุ้มค่าสุดๆ เพราะทั้งปรับสภาพผิว บำรุงผิว รองพื้น คุมมันกันแดด ครบ! #ของดีต้องมีเลย วางจำหน่ายแล้วที่เคาน์เตอร์ BSC Cosmetology ในห้างสรรพสินค้าชั้นนำทั่วประเทศ หรือโทร 02-222-2222 #BSCCosmetology #BBCream,positive,1
2815,2815,โดยส่วนตัวแล้วฉันชอบซานะค่ะ ถึงเธอจะเป็นคนญปแต่เธอคล่องภาษาเกาหลีมาก เอกโยของเธอมันก็น่าเหลือเชื่อค่ะ นอกจากนี้เธอยังเป็นห่วงแฟนคลับมากๆด้วย ฉันจึงชอบซานะที่สุดค่ะ,positive,1
2816,2816,อะไรไม่รู้ รู้แต่ในฉากสไปดี้มีป้าเมย์ ลาบ และเบียร์ช้าง แสดงว่าหนีไม่พ้นยุค 2010 - 2020 แน่ๆ อิอิ,negative,0
2817,2817,“คึกครื้น” ปราศรัยใหญ่ #เพื่อไทย บรรยากาศการปราศรัยใหญ่ครั้งแรกของพรรคเพื่อไทย โดยผู้บริหารพรรคต่างมาร่วมจำนวนมาก สร้างความคึกครื้นให้กับบรรดามวลชน ที่ลานคนเมือง หน้าศาลาว่าการกรุงเทพมหานคร #ไทยรัฐเลือกตั้ง62 #เลือกตั้ง62 #ไทยรัฐ #ThairathOnlinePhoto,positive,1
2818,2818,รีดีสุดละ,positive,1
2819,2819,เราจะไม่แอบรักเพื่อน ถ้าเราไม่มีเพื่อนคบ #FriendZone,positive,1
2820,2820,เหี้ย กุฝากอิมินไปบอกมึงว่ากุว่าง กุคล้านทักแชท,negative,0
2821,2821,มีเนื้ออ่ะมึง แบบ บารบีก้อนก้อทำไม่ได้ 5555,negative,0
2822,2822,อันนี้อร่อยๆ ไปโดนมาแล้ว หวานหอมมม ☺☺,positive,1
2823,2823,ได้ค่ะ ยินดีค่ะ,positive,1
2824,2824,ไม่ชอบกินลีโอแต่กินหมดกระป๋องก่อนใคร55555555,negative,0
2825,2825,ข้ารู้สึกว่าชุดมันอาจจะแพงกว่าค่าข้าวอีกนะเจ้าคะ😅,negative,0
2826,2826,นั่งสบายกว่า hrv หรอครับ น่าสน กำลังจะตัดสินใจซื้อรถเล็งๆ hrv ไว้แต่ช่วงล่างย้วยหน่อย,negative,0
2827,2827,มาทาน MK สาขานี้ พนักงานน่ารักมากๆ พี่ผช.ที่ออกสาวๆหน่อย ใส่ใจลูกค้าทุกโต๊ะเลย,positive,1
2828,2828,ไม่ต้องอะไรมากมาย ขอบคุณจากใจจริงๆคับ,positive,1
2829,2829,"ทำไมหลายคนดูไม่ชอบเสื้อตัวนี้ของพี่ทง นั่น burberry ตัวละ 43,000 เลยนะ 😂",negative,0
2830,2830,😘😘😘,positive,1
2831,2831,cnblueมางานเปิด show dc ไม่มีบัตรขาย คือไร ?? งานเปิด ?? งานปิดแต่ไม่มีบัตรขาย ?? ถ้าไม่ให้แฟนคลับเข้าจะให้มาทำไม?? เดื๋ยวผู้เหงาค่ะ,negative,0
2832,2832,ก้อนอบบาร์บีคิวน่าอร่อยนะครับ,positive,1
2833,2833,MKกับฮอตพอตน่าทำนะ,positive,1
2834,2834,ปกติเป็นสายดิ่ง ลองมากินสเมอนอฟ กินไม่ได้ หายใจไม่ออก แน่นหน้าอก สปาย หรือ ฟูลมูนก็ไม่ได้ ใครเป็นเหมือนกันบ้างครับ,negative,0
2835,2835,ความจัญไรของประเทศไทยก็งี้แหละ,negative,0
2836,2836,เราอยากกินนน,positive,1
2837,2837,เชียงใหม่ไม่ร่วม 555,negative,0
2838,2838,มะวานเห็น suzuki swift 2018 แล้วอยากได้ น่ารักดี แต่ราคาไม่น่ารักเลย ตัวเริ่มต้นจะเท่ารุ่นเราตัวท้อปอยู่แล้ว,negative,0
2839,2839,ยังไม่พร้อม,negative,0
2840,2840,วันอังคารที่ 20 เครป่ะหละ,positive,1
2841,2841,ท้องเสียเข้ารพ ไม่ชอบแล้ว,negative,0
2842,2842,กินสปายทีไร ปวดท้องทุกที,negative,0
2843,2843,ถึงยุค...ผ้าอนามัย..ลายคิตตี้? โฆษณา...บอกอย่าลืมสะสมให้ครบ6แบบนะคะ... เดี๋ยวนะ...,negative,0
2844,2844,@ไปคะๆ,positive,1
2845,2845,เศร้าเพราะฮงวอน ตื้นเต้นสงสัยงุนงงกับกฎของงานกับshow dc และตกใจกับงงค่ดๆกับงานbslกูณตอนนี้,negative,0
2846,2846,ใช่มิตซูเป็นครั้งแรก ไม่คิดเลยว่าจะใช้ดีมากๆคะ 2ปีแล้ว ที่ออกรถ ปาเจโร่ มา ใช้งานเยอะมาก ทั้งทัวร์บุญต่างจังหวัด ขึ้นลง กทม. ลพบุรี สุพรรณ และอีกหลายจังหวัด นั่งกันได้หลายคน ที่สำคัญดูแน่น แข็งแรง ขับสบาย และเคยยางรั่วกลางถนนแถว สระบุรีเลยคะ โทรเข้าศูนย์ ช่วยเหลือ มีช่างที่ใกล้ที่สุดมาเปลี่ยนยางให้คะ ไวมาก รู้สึกดีคะ และ กลับบ้านพาพ่อแม่ ไปเที่ยวตลอด ใช้ดีกว่าทุกคันที่เคยขับมาคะ ..... ความรู้สึกของตัวเองนะคะ,positive,1
2847,2847,vaper มากๆไม่ดีครับจากน้ำหนัก 75 ตอนนี้ 85 แล้วครับ,negative,0
2848,2848,แทะไม่ได้555555,negative,0
2849,2849,ลองไปแล้ว1ขวดนอนตายทั้งวัน. #ปวดหัวมาก,negative,0
2850,2850,ผ้าอนามัยแพงกว่าข้าวอีก,negative,0
2851,2851,ฮิฮิ สรุปจะกินเอ็มเคว่าหมูกระทะเนีย,positive,1
2852,2852,สิ่งหนึ่งที่เห็นได้จากเวลามี crisis ของแบรนด์นี้คือ 1.ผู้บริหารจะรีบลงมากำกับด้วยตนเอง 2.จะมีแผนระยะสั้น กลาง ยาว 3.ไม่รีรอที่จะรับผิด กล้ารับผิด ไม่แถ เช่นตอนน้ำกระทะดำ กล้าปิดร้าน ทำความสะอาด แก้ไขขั้นตอนการล้างตรวจเช็คทำความสะอาดกระทะดำ ถึงแม้ว่าตอนหลังจะพบว่าอีกสาเหตุมาจากกะหล่ำปลีที่ทำปฏิกริยา ทำให้น้ำดำ แต่เท่าที่อ่าน comment หลายๆคน สิ่งที่อยากให้ bar b q plaza แก้ไขเพิ่มเติมคือเรื่องพนักงาน ที่ค่อนข้างปากหนัก พูดขอโทษยาก ทำเหมือนเป็นเรื่องปกติเวลามีปัญหาเกิดขึ้นกับอาหารที่นำมาเสิร์ฟ ซึ่งอ่านมาแล้วหลายๆคนไม่ค่อยชอบนะครับ,negative,0
2853,2853,ไปกินมา สาขาเดอะมอล์โคราช ของน้อยมากไม่เติมของเลย,negative,0
2854,2854,คุณภาพต้องยกให้โตโยต้าแหละครับทุกๆด้านเหนือกว่าทุกค่าย..แต่ถ้าพูดถึงรูปลักษณ์..วีโก้ก่อนจะเปลี่ยนเป็นรีโว้ตัวนั้นถูกใจผมสุดๆ,negative,0
2855,2855,กูเกลียดแสงโสมมม,negative,0
2856,2856,อยาก กินไส้อั่ว กะ เบียร์ สิงห์ เบียร์ ไฮเนเก้น หรือเชียร ก็ได้,positive,1
2857,2857,มีเพจนึงโพสท์รูปผ้าอนามัยเปื้อนเมนส์สีแปลกๆที่มีคนอินบ๊อกซ์มาถาม คนถามว่าไม่ปกติแล้ว อีแอดมินคือเอามาลง public ทำไมไม่เข้าใจ มันอิ้วมากว่อย,negative,0
2858,2858,ก้อนเลือกตอบ เสียใจ/ จากลูกค้าประจำ,negative,0
2859,2859,นี่แพ้โฟมล้างหน้าของพอนด์ส ครีมทาหน้าด้วยแบบใช้ปุ๊บรู้ว่าแพ้เลยปั๊บ เลยไม่กล้าใช้สิ่งอื่นๆของยี่ห้อนี่เลย,negative,0
2860,2860,แสงโสม295แพงโคตรเงิบบบ,negative,0
2861,2861,ใช้ตัวไหนก็ไม่ดีเท่าสมูทอีคะยืนยัน,negative,0
2862,2862,มาา บอนชอนมันคือยาเสพติดล่ะ55555 น้ำจิ้มบาบิก้อนด้วยแงงง มาม่าบ่อยไม่ดีนา../เปิดเถิกโค่ให้ดู--,negative,0
2863,2863,อือหืออออ มันไม่ช่ายยยยย,negative,0
2864,2864,อยากกินง่ะ,positive,1
2865,2865,นิสสัน ออกโปรโมชั่นถูกใจคนรักกะบะ ราคาสุดโดนใจ ชวนคนรู้ใจไปเที่ยวโชว์รูมครับ,positive,1
2866,2866,เออจริงง สิงห์นี่แบบจะอ้วก แต่ส่วนตัวกินได้แต่ คริสตัลกับน้ำทิพย์,negative,0
2867,2867,วันก่อนสั่งกลับบ้านแต่ไม่มีน้ำซุปให้มา เซ็งเลย,negative,0
2868,2868,เบียร์ลีโอ4ขวดก็พอ,positive,1
2869,2869,วิรูปตัวพยาธิในหมูบาบีก้อนอะ แม่งง ทำนี่หลอนมากกกก อิเวง คือวันนี้พททง เลี้ยงหมูปิ้งนมสด ละมันมีมันขาวๆปนในหมู คือนี่แหวะมาก จะอ้วก ไม่กล้ากิน,negative,0
2870,2870,ตัวดีเซลคือไปออกฟอจูนเนอเหอะ crv ทุกตัวความเหี้ยคือแดกน้ำมัน,negative,0
2871,2871,ปกติมารค์จะไม่ค่อยแพ้ค่ะ แต่garnier ใช้แล้วเป็นเม็ดตุ่มขึ้รน่าจะเเพ้นำ้หอม ตัวmask vit c ของ melano cc ดีมั้ยคะ ใช้ได้ทุกวันมั้ยคะ หรือต้องพักบ้าง,negative,0
2872,2872,เราเป็นคนเดียวปะที่ไม่ชอบผ้าอนามัยแบบบางเฉียบ บาง0.1 ทุกบางอะ 😕,negative,0
2873,2873,ตั้งแต่ข่าวตัวตือในหมูหรือเนื้อที่บาบีก้อน ข้าก็ไม่เคยนึกอยากกินอีกเลย ทั้งที่เมื่อก่อนชอบมาก 😭😭😭😭,negative,0
2874,2874,ไปๆๆวันไหน,positive,1
2875,2875,ทำไมประเทศไทยไม่เป็นแบบนี้บ้าง อย่างเกียร์ฟอร์จูนเนอร์มีปัญหาไม่นุ่มนวลมันก็บอกว่าปกติ,negative,0
2876,2876,ถ้าเอาความแรง ช่วงล่าง ฟีลลิ่งพวงมาลัย พี่ CX-3 ชนะ HR-V / CH-R ส่วนตัวเท่าที่ลองมา ช่วงล่างพอๆกับ XV เลยนะ แต่ไม่เท่า mazda 3 2017 ที่มี g-vec หมายถึงช่วงช่างนะ ส่วนเรื่องดีไซน์นี่ cx-3 สวยมากนะ ถ้าไม่ติดเรื่องแคบไปหน่อย คงขายดีมากแน่ๆ เพราะดูในคลับแล้ว ปัญหานี่แทบไม่เจอ defect ประจำตัวแบบ mazda2 / cx-5 นี่ไม่มีให่เหน,negative,0
2877,2877,ผ้าอนามัยมันชอบห่อตัวแล้วหนีบขนหลุดเลย,negative,0
2878,2878,ปะ55,positive,1
2879,2879,ถุกแท้กแล้วน่าน่าถุกเลี้ยง555555,positive,1
2880,2880,ใครดื่มเรด/แบล็ค เราเตือนเพื่อนบ่อยมาก เหล้ามาผสมน้ำ ไม่ปลอม แต่เจือจาง ตระกูลเลเบิลเราไม่ดื่มมาเป็นชาติล่ะ,negative,0
2881,2881,😩😩😩😩😩,negative,0
2882,2882,รุ้นะ...ว่าวันนั้นของเดือนทำให้กังวล เครียดจนนอนไม่หลับ นี่เลย!!! เปลี่ยนมาใช้ลอรีเอะ ซอฟท์แอนด์เซฟ เอ็กซ์ตร้าโพเทคชั่น แอนตี้แบคทีเรีย แบบกลางคืน รับรองหมดกังวล หายเครียด หลับสบายแน่นวล..ใช้แบบกลางคืนเพียง 1 แผ่นก็เอาอยู่ เพราะลดการสะสมของแบคทีเรีย สาเหตุของกลิ่นอับชื้นกวนใจ แถมด้วย ไซด์บล็อกที่ป้องกันการซึมเปื้อนด้านหลัง หายห่วงเปื้อนที่นอน รับรองใช้แล้วหลับสบาย ตื่นมาพร้อมความสดชื่น มั่นใจ จนลืมไปเลยว่าเป็นวันนั้นของเดือน ^__^,positive,1
2883,2883,MG3บางคนวิ่งแสนโลขึ้นไปยังไม่มีใครมีปัญหาเรื่องเครื่องยนต์กับเกียร์นะ จะมีบ้างก็แต่ปัญหาจุกจิกเล็กน้อยๆตรงนั้นนิดตรงนี้หน่อย เช่นกระดุมพรมหลุดอะไรประมาณนี้,negative,0
2884,2884,แม่งถามกินไรป้าวเลยบอกไม่กินลีโอพี่แกบอกมีช้างละไปเอามาให้,negative,0
2885,2885,ไม่กล้าใช้ผ้าอนามัยแบบสอดเลย กลัว กลัวเจ็บ 555,negative,0
2886,2886,กฏหมายไทยไม่มีมาตรฐานอะรัยซักอย่าง กฏหมายไทยหัวดอ,negative,0
2887,2887,เดี่ยวพาไปเลี้ยงย้อนวันเกิด .. 29 ธันวา,positive,1
2888,2888,เฉพาะสาขาที่ร่วมรายการ หาก่อนนะคะ อิอิ,positive,1
2889,2889,ไปกินมาแร่วคะมะกี้เอง อร่อยคะ แต่จืดไปนี๊ดดดด,negative,0
2890,2890,ลุยครับ,positive,1
2891,2891,ยกเลิกรายการอาหารไปสองสามอย่าง...วันก่อนไปกิน..เราชอบกินซากุระเห็ดหอมมากๆๆๆๆๆๆๆ....ยกเลิกทำไมคะ...เด้าใจ!!!,negative,0
2892,2892,กุยอมใช้ผ้าอนามัย ดีกว่า 555,negative,0
2893,2893,ไปค่ะ บุพเพสันคอหมู,positive,1
2894,2894,น่ากิร,positive,1
2895,2895,เคมีภัณ พวกอาหารยาก็ผิดดิ,negative,0
2896,2896,=+10 กุ้งเทมปูระ ก็แหม่งๆรสชาติแปลกๆไปเหมือนกันและบางเมนูก็ลดปริมาณอาหารลงมาก,negative,0
2897,2897,เมื่อก่อนใช้ลอรีเอะประจำ แต่ตอนนี้ไม่ใช้มาจะ 9 เดือนละ,positive,1
2898,2898,กลับมาจะเลี้ยง,positive,1
2899,2899,เราใช้ซีวิค เวลาเช็คระยะทีนึงก็ตกประมาณ 4-5 พันเลยค่ะ ไม่รวมอะไหล่พิเศษต่างๆ เคยได้ยินว่าของโตโยต้าถูกกว่านี้ ฮือ,negative,0
2900,2900,ขอบคุณสำหรับข้อมูลครับพี่เอ แสดงว่าเป็นกันเยอะ แต่นิสสันยังไม่เคยเจอสักคัน สงสัยไม่ยอมเคลือบ อิอิ,positive,1
2901,2901,"มิต = ""ดี สุด ใจ"" มิตดีสุดๆ ประหยัดน้ำมัน ถึก ใช้งานได้นาน แถมแรง และซิ่งได้สุดๆเลยไปเลยค่ะ รักจริง รักมาก มิตซูบิชิ",positive,1
2902,2902,อยากกินบาบีก้อนนนนน,positive,1
2903,2903,วันนี้เมาแสงโสมนะคับ,positive,1
2904,2904,ไม่กล้ากิงแย้ว,negative,0
2905,2905,ตะตังค์ตะตุ้ง ตะติ้ง ตะตุ๋งตะติ๋ง,positive,1
2906,2906,ใครมันแชร์บุฟเฟ่บาบีก้อนในเฟส มันของปีที่แล้ววววววววววววว,negative,0
2907,2907,โปรดระบุ วันเวลา ให้ชัดเจน,negative,0
2908,2908,เฟิมอีกเสียงค่ะ ข้าวแข็งมาก,negative,0
2909,2909,เบียร์ Hoegaarden มันมีวันหมดอายุด้วยว่ะ เลยวันแล้วรสชาติแปลกๆ ไม่อร่อยเลย,negative,0
2910,2910,Nissan X-Trail กล้องรอบทิทาง ใช้งานง่ายแข็งแรงทนทานราคาไม่แพง ผ่อนสบาย,negative,0
2911,2911,เร็วกับผีอะไร ใช้เดือนละ1099 สัญญาณอยากหายตอนไหนก็หาย เล่นเกมส์ก็ไม่ได้ไม่มีสัญญาณ อีผี ขอแชร์ไวไฟวัดยังเร็วกว่าเน็ตมึงอีกอีผี,negative,0
2912,2912,ป่ะ วันเสาร์ 555,positive,1
2913,2913,ภาคเหนือไม่ค่อยมีสาขาเลย สองมาตรฐานมาก!! เพิ่มสาขาหน่อยสิครับ,negative,0
2914,2914,ไปถึงต้องจัดเลย,positive,1
2915,2915,ข้าเสียดายยิ่งนัก มิน่ากลับหัวเมืองเลย,negative,0
2916,2916,เพื่อนๆ คนไหนที่ยังไม่ได้ใช้สิทธิ์ อั่งเปา E-Coupon อย่าลืม!! มาใช้สิทธิ์ได้ที่ร้าน HOT POT BUFFET ทุกสาขา #HOTPOTBUFFET #DIYBUFFET,positive,1
2917,2917,เราว่าบีโอเรกันแดดดีกว่านะ แต่ชอบเนื้อครีมนีเวียเหมือนทาเซรั่มเลย,positive,1
2918,2918,ว่าจะไปกินเป็ดย่างเอ็มเคซะหน่อย อ่าว เป็ดอยู่ใต้ตีนซะแล้ว กินไม่ได้ สกปรก,negative,0
2919,2919,ไม่ไป???,negative,0
2920,2920,หิวใช่มั้ย,positive,1
2921,2921,เพื่อนถามโซจูอร่อยไหม?เหมือนเหล้าขาวไหม?นี่ไม่เคยกินเหล้าขาวแบบเพียวเลยบอกว่ารสชาตดีกว่าหงส์ทองเพียว เพื่อนแม่งไม่เคยกินเหล้าเพียวอีก โวะ,negative,0
2922,2922,หร่อยมากๆ เกี๊ยวซ่าก็อร่อย ลืมถ่ายไว้มัวแต่แซ่บ,positive,1
2923,2923,นี่ไทยแลนด์โอลี่,negative,0
2924,2924,ต้องจัดสาขาลำลูกกาคลอง2มีปะ,positive,1
2925,2925,พรุ่งนี้ก็วันปีใหม่หลายๆคนคงจะแฮปปี้ ยิ้มร่าเริงเพราะได้หยุดยาว พักผ่อนชารต์พลังกาย และพลังใจให้เต็มที่เตรียมพร้อมสำหรับปีหน้า แต่ปีใหม่ทั้งทีให้นอนอย่างเดียวก็คงไม่ไหว วันนี้ #โรงพยาบาลกรุงเทพจันทบุรี ขอเสนอ 5 สิ่งที่ควรทำในวันปีใหม่ จะตรงใจใครกันบ้างตามไปดูกันเลย,positive,1
2926,2926,นี้งัยที่ชวน เยนนี้นะไปกินกัน. 🤤😋,positive,1
2927,2927,พงศกรดื่มเบียร์ด้วยเหรอ ตาเยิ้มเชียว ที่ตาเยิ้มเพราะกินเบียร์ หรือว่าง่วงนอนอ่ะ ร๊ากกกน่ะ 😝😝😝,positive,1
2928,2928,อ้วนนเด้,negative,0
2929,2929,ซื้อลิป Innisfree มา 2 แท่ง ผิดหวังทั้งสองแท่งเลยค่ะ อ่ะ จบกับแบรนด์นี้เรื่องลิป เค😂,negative,0
2930,2930,ฮาดะลาโบะทองคือคันยิบๆ,negative,0
2931,2931,ไปค่ะ โรง 2 ร้านสุดท้าย,positive,1
2932,2932,รู้จักแต่บาบีคิวพลาซ่า,positive,1
2933,2933,อยากอีกละ😭😭,positive,1
2934,2934,ทำไมเป็นมนุดที่ใช้การ์นิเย่ไม่ได้ ใช้กี่ครั้งก็คราบ อดทนลองใช้มาทุกรุ่นก็เป็นคราบ ทำไมมมมมม,negative,0
2935,2935,เดินไปซื้อเจมสันที่เซเว่นหน้าบ้านมารอไว้เลยดีกว่า,positive,1
2936,2936,แบบนี้ต้องจัด ชอบชีสสสสสส,positive,1
2937,2937,มากินที่โลตัสปทุมทำไมพนักงานบอก599อ่ะค่ั,negative,0
2938,2938,วันนี้ไปทาน สาขาบิ๊กซีหัวหมาก พนักงานบริการดีค่ะ แต่เสียแค่เรื่องการเติมอาหาร ช้ามากกกกค่ะ,positive,1
2939,2939,ชอบครับ รถในฝันเลยครับ Honda Accord ไปจองมาเรียบร้อยแล้วครับ,positive,1
2940,2940,ก่อนสิ้นปีแล้ววววววพาจัดแด่,positive,1
2941,2941,เปิดเทอมคราวนี้น้ำหนักจะลดก็ให้มันรู้ไป สัส จะเที่ยงคืนมาหาของกิน ทั้งที่วันนี้...ติ่มซำ mk starbucks แหลมเจริญ........โอ้ชิด,negative,0
2942,2942,ไปกินกันเหอะ,positive,1
2943,2943,X Trail ครับสนใจมาก,positive,1
2944,2944,ผ้าอนามัยมึงไปต้องเพิ่มการซึมเปื้อนหรืออะไรแล้ว แค่เพิ่มกาวที่มันเหนียวหนาแน่นกว่านี้ได้ม่ะ จะเยี่ยวแต่ละทีกูต้องกังวลว่ามันจะหลุดมั้ย,negative,0
2945,2945,Nussan x-trail โดยส่วนตัวแล้วเป็นรถที่ชอบและอยากทดลองขับมานานแล้ว คิดว่ารถคันนี้น่าใช้มาก ราคาไม่แพง แต่ของครบ,positive,1
2946,2946,เจ๊ เอาลีโอขวดนึง นานแล้วที่ไม่ได้กิน 😂,positive,1
2947,2947,มีแค่สาขาเดิมๆที่มีโปร แถมหลายจังหวัดก็จัดพร้อมกัน2-4สาขาเลย,negative,0
2948,2948,Official ปกติใช้บาบาล่าเบอ1 อมชมพู ดูสวยเนียนนนเข้าหน้ามากกกก แต่พอมาใช้เจ้านางเบอ2 คือมันเหลืองมากกกกกค่ะ,negative,0
2949,2949,ก็ดีแต่บ่นแหละ รำ,negative,0
2950,2950,BA ของ MAC และ Bobbi Brown ไม่เหมาะแก่การบริการลูกค้า ไม่อยากหัวร้อนไปซื้อสาขาอื่นเถอะค่ะ จบรีวิว,negative,0
2951,2951,bar bq plaza🐲 สั่งเซ็ตปาร์ตี้หมูมา แบบโปรโมชั่นเดือนเกิดดิฉัน ฟินจ้ะ พนักงานดูเเลดี้ดี (ดีเกิน ไม่ได้ประชด) สาขานี่ยังเป็นเตาทอง ติดมากจ้าหมูติดกระทะหนึบเลย ตักน้ำซุปก็ยากลำบาก ปล. หมูเกือบลวกปากดีออกกกกก #barbqplaza,negative,0
2952,2952,ไม่โอเคกับการเมาแสงโสมเลยอะ,negative,0
2953,2953,กุไม่กล้าขับ เสียว555,negative,0
2954,2954,มึงงงงงงมันคือเม็ดสาคูหมู ทามมายบาบีกอนทามพรี้แบบนี้ #รีล่า,negative,0
2955,2955,ข่าวย้อนหลังมาสด้าเยอะ หลังการขายต้องปรับปรุงอีกเยอะ,negative,0
2956,2956,ไปทานมาแล้ว ไม่ค่อยอร่อยค่ะ,negative,0
2957,2957,มาปุณณวิถีด้วย bts ก็คือใช้เวลาเท่าขับรถมาจากบ้านอ่ะ เยอะกว่านิดนึงด้วย บ้าบอ 555555555555 มันอ้อมอ้ะ ขับรถมาก็ตัดออกเอกมัยแป๊บเดียว ขึ้นทางด่วนก็ครึ่งชม.,negative,0
2958,2958,🙌🙌🙌🙌🙌,positive,1
2959,2959,ไปๆเดียวพาไป,positive,1
2960,2960,ขอให้ผ่านลุล่วงไปด้วยดีครับ,positive,1
2961,2961,เพื่อนดีๆ เพลงดีๆ festival ดีๆ เครื่องดื่มดีๆอย่าง BLEND 285 #TBC2018 #ใช้ชีวิตให้กลมกล่อม,positive,1
2962,2962,จะไปวันไหน ไปกับกุป้าวจะได้หารกัน,positive,1
2963,2963,พ่อกับแม่ไอไม่กินบาบีก้อน พวกนางไม่ชอบน้ำจิ้ม55555,negative,0
2964,2964,อิ่มแล้ว,negative,0
2965,2965,รักกกกก ^^,positive,1
2966,2966,สามี พาเค้าไปหน่อยจิ 😚😚😚,positive,1
2967,2967,ประเทศไทย รัฐบาลไม่รักสุขภาพของประชาชนเลย มีทางเลือกที่ดีกว่าก็ควรจะรับฟังบ้าง,negative,0
2968,2968,สู้ๆนะคับ,positive,1
2969,2969,อยากกินเหมือนกันนนน อยากกินทุกอย่างงง,positive,1
2970,2970,ขอไอดีไลน์เซลล์ด้วยค่ะ ดอกเบี้ยถูกมากค่ะ เค้าคงได้แค่ 1.84 เพราะที่บ้านไม่มีรถยนต์ฮอนด้า สนใจที่ของได้เยอะมากค่ะ,positive,1
2971,2971,อืออออ,positive,1
2972,2972,ปวดหัว กับประเทศ ล้าสมัย,negative,0
2973,2973,ไปด้วย 555 อยากกินบาบีก้อน,positive,1
2974,2974,มาลองอันนี้ๆ,positive,1
2975,2975,บลัชออนที่ปัดซัมเมอร์นี้อินแน่นอนกับ 4U2 LOVE ME MORE BLUSH #M12 I Want To Marry You 😍✨✨ #4u2 #4u2cosmetics #4u2thailand,positive,1
2976,2976,วันที่เมิงว่าง ไม่มีธุระ ปีหน้าดีมะ😂😂😂😂,positive,1
2977,2977,หมดความอดทนเเล้ว กฏหมายสวะดูเเลประเทศเเบบสวะทีกระหรี่เปรี้ยวมึงยังไม่เอาเข้าห้องขังเลยทำไมอะมันให้เย็ดเเรกนอนนอกคุกเอ่อไอสัส สวะหวะตำรวจเเบบนี้ทำได้เเค่ทำร้ายผู้หญิงที่สูบบุหรี่ไฟฟ้ากฏหมายเหี้ยไรไม่รู้มึงใช้สมองระดับ IQ เท่าไหร่คิดเนี่ยมึงกะจะเอาเเต่ได้เข้าตัวเองปากบอกทำเพื่อประเทศเเต่ที่พวกกูเห็นมึงทำเพื่อหีเมียน้อยมึงชัดๆ ไอสัสทนไม่ไหวจริงกฏหมายหีหมา กูบอกเลยนะยาสูบบุหรี่ที่มึงอนุญาติให้ขายกันอยู่ทุกวันนี้อะเหี้ยกว่าบุหรี่ไฟฟ้าอีกไม่ใช่เเค่คนสูบที่โดนพิษ เเต่คนรอบข้างก็โดน บุหรี่ไฟฟ้าต่างชาติเค้าเอามาเล่นควันโชว์กันเเล้ว มีอีกเยอะที่อยากด่านะเเต่ขี้เกียดพิมเเล้ว ปล.ที่ด่าไม่ได้เหมารวมตำรวจหรือทหารทุกคนนะครับ เเต่ไอคนที่ทำน่าจะรู้ตัวมันเอง,negative,0
2978,2978,เน็ตตกช้ามาก youtube ยังโหลดไม่อยากจะไป Wifi เชื่อมอยู่4คนในบ้านก็เล่นไม่ค่อยได้ช้ามาก โทรแจ้งเจ้าหน้าที่ก็ไม่เห็นมีใครสนใจทำนั้นทำนี่ก็ไม่ได้ สมควรยกเลิกใช้ทั้งบ้านเลยดีมั้ย มือถือ เน็ตบ้าน ทรูวิชั่น เสียรายเดือนทั้งหมดรวมๆไม่ตํ่ากว่า7-8 พัน เน็ตช้าทั้งมือถือเดือนเป็นพันทั้งเน็ตบ้าน น่าผิดหวังจริงๆ,negative,0
2979,2979,มาสคาร่า #in2it ตัวนี้กันน้ำ และกัน #รีมูฟเวอร์ ด้วย!!!!!! อีห่า เช็ดจนหนังตาจะแหกแล้ว,negative,0
2980,2980,#พาsmootoไปเที่ยว ไปไหนไปกันไปทุกที่ถึงแดดจะแรงสักแต่ไหนก็ไม่หวั่น หมั่นใจไปได้ทุกที่ที่มี smooto รักเลยค่ะถึงช่วงนี้จะนอนน้อยหน้าโทรม..สมูโตะ.ช่วยได้เจอเเสงไฟก็เหมือนเจอแสงเเดด..เลี้ยงลูกอยู่บ้านไม่ได้ไปไหน...เเต่โป๊ะตลอดเวลาออกไปซื้อของใช้ลูกน้อยกลับมาก็มาโป๊ะเจลมะเขือเทศหน้าชุ่มชื่น สดชื่น หอมจนห้ามใจไม่อยู่อยากกินมากเลยค่ะ รักเลยค่ะ ลองแล้วติดใจเริ่ดมาก,positive,1
2981,2981,กูอยากขว้าง tarte กับ จูเลียทิ้งเลย,negative,0
2982,2982,เออ เจอกัน 6โมงนะ. สัส ถ้าไม่มาไม่ต้องคุย 5555,negative,0
2983,2983,ใครอยากหน้าสวยใสนะ ไปซื้อ estee lauder anr มาใช้ โคตรดี ถ้างบน้อยซื้อขนาดทดลองมาใช้ก็ได้ หรือไม่ก็ใช้ครีมอะไรที่เป็นแบรนด์ที่เป็นที่รู้จักอ่ะ เพราะขนาดครีมแพงๆบางตัวเรายังแพ้เลย นี่อะไรนึกว่าอ้วกหมาที่บ้านมาบรรจุกระปุกขาย อยากสวยต้องลงทุนแต่ไม่ใช่ลงทุนแบบโง่ๆใช้ครีมสุ่มสี่สุ่มห้า หน้าพังพอดี,positive,1
2984,2984,โอ้ย ขนลุก กูแพ้285 กินแล้วขนลุกซู่เลยสัสสสส เกลียดรสชาติสุดๆ,negative,0
2985,2985,ไปวันนี้เลย,positive,1
2986,2986,เจอคนได้อินนิสฟรีเต็มทล แม่มเอ๊ย กูจิตตก,negative,0
2987,2987,บอกสัมว่าสุกแล้วกินได้,positive,1
2988,2988,แพ้ mk ครับ ไม่มีเป็ดกินไม่ได้,negative,0
2989,2989,หิวแล้วววว,positive,1
2990,2990,นิสสันออกแต่ละรุ้นสุดยอดมากๆรุ่นนี้ดีมากๆๆประหยัด นม. สุดยอดมากๆเข้าไปดูด่วนๆ,positive,1
2991,2991,ว้าวววว น่ากิน,positive,1
2992,2992,ลงไปยุในโรงครึ่งตัวละ แต่ยังมาเสือกกับโลกอีก5555,negative,0
2993,2993,น้ำตบ เซรั่ม โอเลย์ แล้วก็กันแดดค่ะ เว้นระยะเวลาการทาแต่ละตัวด้วยทำหมดแล้วไม่ผ่องแถมเทา,negative,0
2994,2994,อดๆๆๆๆๆ,positive,1
2995,2995,จัดเลยเห็นแล้ว,positive,1
2996,2996,จัดไปอย่าให้เสีย #ยกก๊วนชวนซด #ซุปหม่าล่า #HOTPOTBUFFET,negative,0
2997,2997,ชานมไข่มุกจะเยียวยาทุกอย่าง #เสร็จจากยิมก็ยิ้มให้ของกิน,positive,1
2998,2998,Toyata viosพอเพราะถ้าได้รถแพงค่าใช้จ่ายก็แพงพอกัน จอแบบขับได้นานๆประหยัดๆพอ แล้วเราจะไปด้วยกันให้ถึงจุดหมาย,negative,0
2999,2999,พวกคอมเม้นอื่นบอกว่าเป็นฝีหรือหนองวะ,negative,0
3000,3000,แจ่ม แบบนี้จะไปมันทุกวันเลยยยยน,positive,1
3001,3001,เหตุผล ที่บุหรี่ไฟฟ้าผิดกฏหมาย เป็นเพราะ เรือดํานํ้า นาฬิกา !!! รัฐบาล อยากได้เงิน เลยขึ้นราคาบุหรี่ทุกยี้ห้อ ให้ราคาบุหรี่ของรัฐ เท่าราคาบุหรี่นอก ดีดราคาบุหรี่นอกให้สูงขึ้น เพื่อให้คนหันมาสูบบุหรี่ของรัฐแทน บุหรี่นอกก็ได้ภาษีเพิ่มขึ้นอยู่แล้ว ยังขายของตัวเองได้กําไรเยอะขึ้นอีก พอขึ้นราคาบุหรี่ทั้งหมด คนแม่ง หันไปสูบบุหรี่ไฟฟ้า พวกวัยรุ่น นักศึกษา ยิ่งร้ายไปใหญ่ ทําบุหรี่ไฟฟ้าสูบกันเอง อ่าวเวรกํา “ บุหรี่กูขายไม่ออก “ ลุงคนนึง ไม่ได้กล่าวไว้ ออกกฎหมายให้บุหรี่ไฟฟ้าผิดกฎหมายแม่งเลย กูใหญ่ ไม่สนเหตุผล กูจะออก ทําไม ใครจะทําไม เดี๋ยวทุ่มด้วยโพเดียมเลยนิ! เพื่อให้คนหันกลับมาสูบบุหรี่ทั่วไป ยังไงมันต้องลดเกรดลงมาสูบบุหรี่รัฐบาล เพราะบุหรี่นอกกูขึ้นราคาไปไกลแล้ว กูจะเอาเงินไปชื้อเรือดํานํ้า5555,negative,0
3002,3002,ค่าชุดแพงกว่าค่ากินอิ้กกก,negative,0
3003,3003,สิ่งที่ชวยเติมเต็มรสชาติความอร่อยในมื้ออาหารของฉันและเพื่อนคือความจริงใจที่เพื่อนมีให้กันและผลิตภัณฑ์คุณภาพที่มีชื่อว่า ช้าง แต่ที่ขาดไม่ได้คือ เบียร์ข้าง เย็นๆสักแก้ว แค่นี้ก็เป็นมือเย็นที่แสนวิเศษมากค่ะ...,positive,1
3004,3004,หิวๆๆๆๆๆ,positive,1
3005,3005,บางที ผมก็ไม่เข้าใจความคิด หน่วยงานนึงในไทย,negative,0
3006,3006,ทางโน้นก็ให้มาเล่นทางนี้ T-T,negative,0
3007,3007,เบื่อ hotpot แล้ว,negative,0
3008,3008,ขี้โกง ทั่วประเทศมีตั้งหลายสาขา เสือกขายแต่ในกรุงเทพแค่สิบสาขา,negative,0
3009,3009,รอยุ,positive,1
3010,3010,อ้ะ ได้แค่กลางวัน งั้นเสาร์ละกันนะ,positive,1
3011,3011,เมื่อดื่ม jack daniel's แล้ว ก็ต้องเพลงของ jack U เลย เพลง Whare are u now?(ตอนนี้คุณอยู่ไหน) เรียกหา Jack daniel's มาดื่มขวดแล้วขวดเล่า ให้สนุกไปกับเสียงเพลง,negative,0
3012,3012,สาขาใกล้บ้านไม่เคยลดเลย มีโปรทีไรไม่เคยลดเลย,negative,0
3013,3013,มาร์คหน้าด้วยเบนเเซคก็แล้ว bk ก็แล้ว ล่าสุดเอาการ์นิเย่ sleeping yogurt มาทาทับอสักพักแสบหน้าเลยต้องเอาสำลีชุบน้ำ…,negative,0
3014,3014,เอ็มเค อร่อยนะแต่แพง,negative,0
3015,3015,วันนี้ไปทานที่สาขาโลตัสหลังสวน ปลาหมึกสดเก่ามากมีกลิ่น เป็ดก็ทั้งแข็งทั้งเค็มเหมือนอุ่นมาหลายๆรอบ ของสดหลายๆอย่างคุณภาพแย่มากคะ สั่งของไปเยอะแยะ หมดเกินครึ่ง คือไปทานตอน สี่โมงเย็น ของหมดเกิน 10 รายการ ปกติเป็นทาสเอ็มเคมาเกิน 10 ปีนะคะ แต่บอกจากใจจริงรสชาติและคุณภาพของสดของสาขานี้แย่ที่สุด,negative,0
3016,3016,"งานเข้า! ""มาสด้า"" ฟ้องลูกค้า ""เรียกค่าเสียหาย 95 ล้าน"" แจงเหตุผลทำไมถึงฟ้อง ?!",negative,0
3017,3017,จอง,positive,1
3018,3018,เอาจริงๆคือ นอกจาก Passion ทางการเมือง เราก็ต้องศึกษาที่มาที่ไปเหตุผลด้วย แล้วก็อ้างอิง ConspiracyTheoryให้น้อยลงหน่อย เพราะบางอย่างมันมีเหตุผลความจำเป็นยันอยู่ หลายๆครั้งเห็นเด็กๆไม่ศึกษากระบวนการทางกฎหมาย/ราชการ มุ่งแต่จะต่อว่าตามที่ตนเชื่อสมคบคิดท่าเดียว จะไม่โตเอา,negative,0
3019,3019,เบียร์ช้างขมๆๆๆๆ อร้วกๆๆๆๆ,negative,0
3020,3020,ไม่เคยกินเลยค่ะ อยากกินมากกกกก,positive,1
3021,3021,วันก่อนไปกินก้อน ก้อนเปลี่ยนไป ก้อนใช้มะนาวปลอม เหม็นเหมือนน้ำยาทำความสะอาดเลย,negative,0
3022,3022,• ม่อนจองปีนี้ไม่มีผิดหวัง ฟ้าเปิด อากาศโปร่ง แม้จะหวาดระแวงเจ้าของที่อย่างช้างป่าก็ไม่ได้ทำให้ความสุขและความสนุกน้อยลงสักนิด แถมยังกัดฟันลุกขึ้นมาจับช้างเผือกมาใส่เมมโมรี่ได้สำเร็จอีกด้วย คุ้มแล้วที่มาอีกปีกับคนที่เจอกันโดยบังเอิญเมื่อปีที่แล้ว #รีวิวเชียงใหม่,positive,1
3023,3023,เด๋วสิ้นเดือนเอาไปให้ลอง,positive,1
3024,3024,Mazda ควายชัดๆ ซื้อCX5 มาคันนึง ต่อไปเลิกแล้วกับแบรนด์นี้,negative,0
3025,3025,เค้าอยากกินเอมเคคค,positive,1
3026,3026,อยากกินอ่า,positive,1
3027,3027,ชอบอะ,positive,1
3028,3028,ค่ายนี้ มีอะไรให้หลงไหลมาก แต่ทำไม๊ ทำไม ตัวรถในเมืองไทย. ออกแบบมาแต่ละรุ่นสู้ค่ายอื่นไม่ได้เลย หลังยุค 90 รถที่ขายในไทย ไม่น่าใช้เลย ต่างจากค่ายยอดนิยมอย่าง H T แม้กระทั่ง มาสด้า แอสติน่า โครโนส รูปทรงไม่ล้าสมัยเลย นิสสัน b13 14 sunny neo มันดูจืดๆอ่ะ,negative,0
3029,3029,ดูจากรูป ร้านสุกี้ เอ็มเค ไม่ได้เปิดหม้อสุกี้ มีเป็ด มีบะหมี่,positive,1
3030,3030,อยากได้รายละเอียดยาริส,positive,1
3031,3031,ทำตลับชาแนลแตกอ่ะ อิเหี้ย ฮือ แง ลิปก็เลอะ ตลับแป้งกูก็แตก อิเหี๊ยย ฮือ ชาแนล ฮืออ,negative,0
3032,3032,นิสสัน รถแห่งครอบครัว ภายในกว้างขวาง มีหน้าจอที่แสดงสถานะต่างๆๆขณะขับขี่ ขัดเจน ขับขี่ปลอดภัย,positive,1
3033,3033,พี่ก๊อน ฝากบอกว่าใครที่รอ รีฟิว ให้รอจนแก่กันไปข้างหนึ่งเลยครับ😅😅😅😅,negative,0
3034,3034,😍😍,positive,1
3035,3035,นั้นอ่ะดิรออยู่นะ,positive,1
3036,3036,ฝนหยุดตกเเว้ว วันนี้มาชิลกับน้องๆสาวเบียร์ช้าง ตลาดหลบมุม Vintage night Barzaarขุขันธ์ ดึกๆค่อยม่วนกันต่อด้านในโซนโรงเบียร์จ้ะ,positive,1
3037,3037,ชุดนี้แหละค่ะ แต่ที่กำแพงเพชรให้จับสลากเลือกชุดฟรี,negative,0
3038,3038,โอ้ยหงุดหงิดผ้าอนามัย กาวไม่คิดจะติดกางเกงหรอกมั้ง แม่งติดแต่ตัวแม่งเอง อีเหี้ย,negative,0
3039,3039,นึกว่าบาบีก้อน,negative,0
3040,3040,L'Oréal Paris ได้เลยค่ะ พอดีใช้เดย์ครีมอยู่ค่ะ ไม่ต้องใช้รองพื้นหรือBBแล้ว เดย์ครีมเอาอยู่ค่ะ ชอบมาก เลยหาซื้อไนซ์ครีม และมาร์คมาเพิ่มค่ะ,negative,0
3041,3041,วันนี้ลองเมนูน้ำมะพร้าวอัญชันของเอ็มเค หวานมาก ไม่มีกลิ่นทั้งกลิ่นมะพร้าวและอัญชันเลยอะ,negative,0
3042,3042,เคยเจอเหมือนกัน เกือบจะหยิบมาซับหน้าตอนเปิดฝาหม้อแล้วโดนไอน้ำ,negative,0
3043,3043,ผ้าอนามัยแพงมากๆๆๆๆๆเลยแง ขนาดลดราคาแบบกลางคืน6ชิ้น เกือบ150 แบบสอดราคาเท่ากันแต่ได้เยอะกว่านิดนึง me/หาซื้อแบบถ้วยแปป,negative,0
3044,3044,จริงนะ สังเกตหลายคันแล้วฟอร์จูนเนอร์รุ่นใหม่คือเหมือนติดไฟสว่างแยงตาแบบนั้นหมดเลย มันไม่ควรนะ คือมันได้เหรอ? เหมือนผลิตกันมาแบบนั้นเลย,negative,0
3045,3045,พี่ท่าน จงเร่งหาชุดไทยใส่ไปเสีย 😉😉,negative,0
3046,3046,วันนั้นกิน mk เทอก้อเปนน่าาาา,positive,1
3047,3047,ถ้าได้บัตรคนจนนี่จะเอาไว้ไปซื้อผ้าอนามัยค่ะ 5555 แพงเหลือเกิน,negative,0
3048,3048,จัดโปรทานได้ยากเย็นเสียเหลือเกิน,negative,0
3049,3049,อยากกินช้างอ่ะ แงงง u beer 8 ขวดทำอะไรกูไม่ได้เล้ยยยย,positive,1
3050,3050,อหหหห ผ้าอนามัยสูตรคูลลิ่งเฟรชนี่มันนนนนนนน ฟหกกดดเ้้่าาววงงฃงงวงว ว้อยยยยยยย ครั้งเดียว พอ!,negative,0
3051,3051,เด็กปี1โวยวายเต็มเฟสเลยว่าเข้างานช้างไม่ได้ บอกว่าเจ้าหน้าที่เคร่งเกินไปงี้ เอาจริงๆพวกมึงก็ควรอดทนรอให้อายุถึงก่อนค่อยเที่ยว มันไม่ได้เท่ป่ะถ้าอายุยังไม่ถึงแล้วเข้าได้ สารคามมีคอนเสิร์ตเกือบทุกวัน จะตายหรอถ้าไม่ได้เข้า ไม่ได้อัพรูป ลำไย,negative,0
3052,3052,โกรธอะ บะหมี่เอ็มเคไม่ให้น้ำซุปมาอีกแล้วอีเวรรรร,negative,0
3053,3053,มาทานที่สาขา บิ๊กซี สุวินทวงศ์ พนักงานแจ้ง หมด เซงเลยค่ะ,negative,0
3054,3054,👄👄อายไลน์เนอร์มิสทีนรุ่นนี้แน่นอน...แม่หญิงเบลล่าใช้ อายไลน์เนอร์ มิสทีน รุ่น super black fixed eyeliner. นะออเจ้า. ติดชัดทนนาน เส้นสวยคมกริบ อายไลน์เนอร์ดีๆ แบบนี้ สบายกระเป๋า มิสทีนเขาจัดให้จ้า ### 😘อยากสวย จัดเต็มเหมือนแม่หญิงเบลล่า ต้องอายไลน์เนอร์ มิสทีน รุ่น super black fixed eyeliner. นะออเจ้า.😘###,positive,1
3055,3055,สูตรที่ใช่ สูตรที่ชอบ คือ “Biore Perfect Cleansing Water Acne Care” เพราะเป็นสูตรที่เหมาะกับคนเป็นสิวอย่างพวกเรา ที่ใช้เพราะจะช่วยลดการสะสมของแบคทีเรีย ลดปัญหาการเกิดสิว เหมาะกับผิวบอบบาง แพ้ง่าย เป็นสิวง่าย และยังให้ความนุ่มชุ่มชื้นสุขภาพดี แกผิวหน้าของพวกเรา #บอกลาวงจรสิว,positive,1
3056,3056,แต่สำหรับนี่ มันซึมซับไม่ดีอ้ะ555555 เลอะตลอด แต่เพราะแพ้ผ้าอนามัยมาเกือบทุกยี่ห้อแล้วมันจึงเป็นทางเลือกที่ดีค่ะ55555555555555,negative,0
3057,3057,ไปกินเอ็มเคกันมั้ยมีชาชีสนุ้งอยากกิน,positive,1
3058,3058,เคยใช้วีโก้ เกียร์กระปุกตอนเปลี่ยนเกียร์ไม่กระตุ๊ก แต่พอใช่รีโว่ เพิ่งซื้อใช้ตั้งแต่ต้นก็รู้สึก ทำไมตอนเปลี่ยนเกียร์มันกระตุก อะ 1 ไป 2 ไป 3 มีวิธีเปลี่ยนเข้าเกียร์นุ่มๆ แนะนำไหมคัฟ,negative,0
3059,3059,เปลืองชิบหายเลย,negative,0
3060,3060,พุ่งนี้ไหม,positive,1
3061,3061,รอๆๆ,positive,1
3062,3062,ดีใจมีรถยี่ห้อแรกไปทำโฆษณาที่หินสามวาฬบ้านผม ใช้วีออสอยู่ครับ ชอบรีโว,positive,1
3063,3063,ไปจ้าาา อยากที่ไหนนน,positive,1
3064,3064,เห็นข่าวแว่วๆมาว่าพิษภัยเท่า เฮโรอีน เดวจะรวมข้อมูลแฉคนปล่อยข่าว สื่อดีๆก็มีอยู่เสมอครับ,negative,0
3065,3065,จัดแม่ะ 555555555,positive,1
3066,3066,ตำรวจยังดูดเลยบุหรี่ไฟฟ้า,negative,0
3067,3067,มีแต่คนมาเม้นหมูบาง มันบางจริงๆเนอะที่เราย่างแล้วพอจะเอาออกมันแตกละเอียดไม่เป็นชิ้นเลยอ่ะ,negative,0
3068,3068,ฟอจูนเนอร์นี่ตัวดี ไฟมึงสว่างอย่างไฟนีออนเลยนะ😭,negative,0
3069,3069,การยิ้มของคนไทย บางทีมันก็เสล่อไง ดีใจก็ยิ้ม เศร้าก็ยิ้ม ซีเรียสก็ยิ้ม ไม่รู้ตอบไม่ได้ก็ยิ้ม ยิ้มเข้าสู้ แต่ถ้าใครมีเพื่อนต่างชาติเยอะๆจะเข้าใจเอง ว่าบางทีการยิ้มมันก็บ่งบอกว่าคุณไม่มีจุดยืนจริงๆ นี่เคยโดนด่าว่ายิ้มหาพ่อมึงหรอ!! เข้าใจเนอะ!!!,negative,0
3070,3070,พน จะไปเบียร์ช้าง,positive,1
3071,3071,ป๊ะ,positive,1
3072,3072,อ่านแล้วขำตรงข้อ2 วรร 5 ครับ ขาดน้ำยาหาซื้อไม่ทันจะแย่เอานะครับเขาเป็นห่วง ดูดบุหรีดีกว่าหาง่ายกว่าประมาณนั้นรึครับ 555 ไม่ได้ดูดวันหนึ่งคงไม่ถึงกับลงแดงไล่ตีใครต่อใครมั่งครับ ไม่ใช่ยาบ้านะครับ 555 อีกอย่างคนติดมากๆรู้ว่าขาดไม่ได้เขาไม่ปล่อยให้หมดหลอกครับคุณ ไม่ว่าจะบุหรีรึน้ำยาไฟฟ้า 555,negative,0
3073,3073,น้องชายเพิ่งจองมา ของแถมคุ้มเลยคะ ดอกเบี้ยถูกมาก ที่บ้านใช้ honda ทุกคันคะ,positive,1
3074,3074,เล่นครบแล้วพี่ มุกได้ไม่ดีเลย ได้น้ำจิ้ม นั่ง2ชม ฟรีมันกุ้ง,negative,0
3075,3075,วันศุกร์ไปรับเด็กจ้าไม่ว่าง,negative,0
3076,3076,เหมือนคนบ้าอ่ะ555555,negative,0
3077,3077,─ ╱ 🐻╱♡̷ MK นี่ชอบกินจังเปลี่ยนบ้างก็ได้ !!! เบื่อสุกี้แล้วเบื่อเป็ดย่างด้วยแต่ไม่เบื่อเตงนะคะ อิ _ อิ,negative,0
3078,3078,กินกะหนูไงง,positive,1
3079,3079,New fortuner โตโยต้าเขายื่นผ่านขนส่งมาได้ไง ผมงงมาก,negative,0
3080,3080,เรียกเบียร์ปลอมได้เลยอ่ะ แบบรสกลิ่นซ่า คล้ายๆ แต่รวมๆแล้วเหี้ยอ่ะ ราคาป๋องนี้ แทบจะซื้อHeineken ได้ละ,negative,0
3081,3081,อยากไปปปปป,positive,1
3082,3082,แม่ค้ารถเข็นส้มตำผ่านหน้าบ้านกูประจำ กูบังเอิญเห็นค่ำๆวันที่นางไม่เข็นมาขาย อิดอกขับฟอร์จูนเนอร์,positive,1
3083,3083,เพิ่งรู้ว่า smirnoff midnight max คือว้อดก้า ถ้าให้รีวิวก็คือหวานไป๊ หวานชิบ ถ้าคนติดหวานคงกินได้เรื่อยๆ แต่เมาเร็ว เจ้คอนเฟิร์ม ถ้าถามว่าจะกินอีกไหม คิดว่าไม่ ชอบขมๆหอมๆแบบเบียร์มากกว่า,negative,0
3084,3084,คุ้มค่าเช่าชุดมั้ย,negative,0
3085,3085,ขายสินค้าที่เป็นไปได้สิคะ....ใช้สมองเยอะๆ ....แต่ผ้าอนามัยใช้เย็นดีจริงคร่า555,positive,1
3086,3086,"ผมเป็นคนนึงที่ใช้รุ่น CX-5 deisel ที่เขาขยายประกันให้ 6 ปี 180,000 กม. ตอนแรกก็ชื่นชม Mazda ว่ามีความรับผิดชอบ แต่พอเจอเคสพี่ๆ ในคลับน้ำดันต้องเปลี่ยนเครื่องยนต์ใหม่ทางมาสด้าเปลี่ยนเครื่องให้ครับ แต่ต้องโดนจ่ายค่าหัวฉีดสี่หมื่นกว่าบาท ผมนี้งงว่าหัวฉีดมันไม่ใช่ชิ้นส่วนของเครื่องยนต์หรือไง เอาเปรียบลูกค้าเกินไป และค่าอะไหล่แต่ละชิ้นแพงโคตร ตอนนี้ทำใจครับ",negative,0
3087,3087,แนะนำ: เราจะต่อสู้เผด็จการอย่างไร -ปาฐกถาของอาจารย์ปรีดี พนมยงค์ อ่านสั้น ๆ ไม่นานจบ แนะนำสำหรับทุกคน ไม่ใช่กลยุทธ์ ไม่ใช่แผนวิธีใด ๆ แต่เปนหลักการทำความเข้าใจว่าเผด็จการก็ดี ประชาธิปไตยก็ดีนั้น ทำงานอย่างไร และเราจะต่อสู้เพื่ออย่างหลังได้อย่างไร,positive,1
3088,3088,เด่วพาไปกินน่ะจ่ะ,positive,1
3089,3089,ป่ะๆ หิวละ,positive,1
3090,3090,สรุปคือไม่ใช่พยาธิแต่เป็นฝีหนอง... แหวะ...,negative,0
3091,3091,สงสัยเบียร์ช้างเป็นเหตุ กินแล้วภาคภูมิใจ กูได้เป็นนักมวย,negative,0
3092,3092,ไม่กินน้ำมันเลยครับ,positive,1
3093,3093,เป็นเหี้ยไรใช้ครีมลาเนจเอสเต้คลาแรง หีแตดไรก็หน้าสิวผด แห้งไม่หาย พอกูใช้สมูทโตะโง่ๆในเซเว่น หน้านิ่มโนสิวผด เป็นไรอะ,negative,0
3094,3094,เออ เปลืองตังชิบหาย ผ้าอนามัยก็แพงเป็นเม็นแล้วแดกเยอะอีก ผัวก็ไม่ได้แพลนจะมีทำไมต้องมาเป็นด้วยวะ,negative,0
3095,3095,บริการแย่มากกกก ปรับปรุงตรงนี้ดีกว่า ทั้งคอลเซนเตอร์ ทั้งศูนย์บริการ ทั้งเพจ ไม่มีไรดี คิดๆอยู่ว่าจะย้ายค่ายดีไหม เซ็ง ห่วย,negative,0
3096,3096,ครัชรีโว่7หมื่นโลทำไมมันฝืดจังครับ,negative,0
3097,3097,ของจริงไม่คือแบบนิ้ เมื่อวานกุเห็น 555555,negative,0
3098,3098,สักวันเถอะ,positive,1
3099,3099,พน.ไปฉลองวันเด็กกันนนน,positive,1
3100,3100,เอาจิงๆเลย กูเปิดร้านเหล้า กูยังไม่รู้เลยว่าตอนนี้ ต้องขายเท่าไหร่ ร้านส่งก็ยังไม่รู้เลย บอกว่าราคายังไม่นิ่ง มึงบอกมาเป็นยี่ห้อเลย ลีโอ ช้าง หงส์ เบลนด์ จะมาบอกเหล้าผสม เหล้ากลั่น เหล้านอก กูไม่เข้าใจ ปกติราคามันก็ไม่เท่ากันยุ่แล้ว ใครรู้บอกหน่อย ตอนนี้กูยังขายราคาเดิม,negative,0
3101,3101,ชอบลิป 4U2 no.19 อันนี้มาก สีสวยมากๆๆๆๆ ราคายิ่งน่ารัก แต่แพกเกจจิ้งก็จะตามราคาหน่อยๆ เน่าเร็วมาก แต่ยืนยันว่าสีสวย…,negative,0
3102,3102,เพราะบ้านเรามันกะลาครับเลยใช้ไม่ได้,negative,0
3103,3103,อยากกีนนนนน,positive,1
3104,3104,กินแทบทุกวันเลยก้อนเมื่อวานก้อเพิ่งกิน เจอตุ่มๆเหมือนกันแต่คิดว่าเป็นเอ็นกับมันหมูเลยปิ้งกินต่อ ไม่คิดว่าจะเป็นแบบนี้เสียใจมากเลยค่ะ,negative,0
3105,3105,ไปเลยยยย 555 โคตรคุ้มมมมค่า,positive,1
3106,3106,ได้เลย ที่รัก รองดูไว้ก่อนเลย 💕,positive,1
3107,3107,ปลาการ์ตูน #สวยกล้าท้าทุกแสง #คู่หูท้าแดด #kmacosmetics,positive,1
3108,3108,ขอกราบตรงหัวใจผู้บริหารโตโยต้าทุกๆท่านด้วยความเต็มใจที่เห็นคุณค่าของคนไทยที่ทำชื่อเสียงให้กับประเทศชาติ,positive,1
3109,3109,หม่าล่า กินไม่ไหว เพ็ดร้อนแบบ ปากหุบไม่ลงอะจริง,negative,0
3110,3110,อิสัสสสส พวกเธอจะเป็นพรีเซ็นเตอร์ innisfree ทั้งนปซ. ทั้งวนว.ไม่ด้ายยยยยยยยยยยยยยยยยยยยยยยยยยยยยยยยยยยยยยยยยยยยยยยย…,negative,0
3111,3111,พร้อมเสมอออ อิ๊อิ๊,positive,1
3112,3112,สู้ๆนะค่ะเราก้อเป็นมะเร็งเตานมเหมือนกันแต่เราให้คุณหมอตัดออกยกออกทั้งฐานนมเพราะเราไม่อยากเก็บมันเอาไว้คุณหมอก้อแนะนำให้ตัดรักษาเตาเอาไว้ก้อได้แต่เราบอกไม่ต้องค่ะเอาออกไปให้หมดเลยตอนนี้ให้คีโมฉายแสงครบหมดแล้วสู้ๆนะค่ะ,positive,1
3113,3113,Mk Palio เขาใหญ่แย่มากเลยครับ บางทีมาถึง 19.30 หนาร้านเขียนปิด 20.00 แต่พนักงานแจ้งว่าปิดร้านแล้วหลายรอบมาก วันนี้มาถึง 19.10 พนง. แจ้งว่าให้สั่งทีเดียวเลยครัวจะปิดแล้ว จากนั้นไม่เกิน 15 นาทีมีนักท่องเที่ยวจีนมา พนง. เอาป้ายปิดแล้วไปกันหน้าร้าน,negative,0
3114,3114,เห็นดราม่าบาบีก้อนว่ามีพยาธิตัวตืดอยู่ แล้วมีคนถามว่าถ้าสุกจะกินได้ไหมคะ? ไม่เท่าไหร่ มีคนถามว่า ถ้าเคี้ยวละเอียดๆ…,negative,0
3115,3115,จะไปยังไงดี มันใช้เวลานาน,positive,1
3116,3116,แต่เดอะเฟสช็อปนี้เก่งนะเนี้ย เอากัซเปนพซต. เข้าไทยไหมคะ?.ยื่นไมค์5555,negative,0
3117,3117,เมื่อวานกินช้างรุ่นนี้ เมาดีจัง พูดเลย 😅😅,positive,1
3118,3118,พนไปกินกันน,positive,1
3119,3119,กุยอมจ่ายเต็ม555,negative,0
3120,3120,"มาลองร้านชานมไข่มุกเจ้าใหม่ในสยาม TEA65 | จุดเด่นร้านนี้คือ ""ชา"" ร้านนี้จะใช้ชาสกัดจากเครื่องทำโดยเฉพาะ จึงได้รสสัมผัส+กลิ่นชาที่โดดเด่นกว่าร้านอื่นแบบรู้สึกได้ (ความ Handcrafted นี่มันดีจริงๆ) เมนูแนะนำ: Best of Both Worlds 80 บาท --- สยามวัน ชั้น 1 ติดกับ cheevit cheeva",positive,1
3121,3121,เมนูโปรดในดวงใจคือชุดปลาแซลมอนย่างซีอิ้วค่ะ ซึ่งเป็นเมนูที่เพื่อนรักชอบสั่ง ทานกันตั้งแต่นางโสด จนนางแต่งงานมีลูก 1 คน ก็ยิ่งค้นพบว่าเป็นเมนูที่ดี๊ดี (เพราะได้นำเนื้อปลามาบดให้ลูกนางได้ทานด้วย) เมนูนี้ประโยชน์ครบครันมีทั้งโอเมก้า 3 และ โอเมก้า 6 และโปรตีน อีกด้วยค่ะ,positive,1
3122,3122,ไปเลยไม๊,positive,1
3123,3123,ไม่ใช้โจมาโลน เหอะ !!! 555555,negative,0
3124,3124,เบื่อตรงที่ผ้าอนามัยกาวมันไม่ค่อยติดนี่แหละลำบากชีวิตชิบหายย,negative,0
3125,3125,มาดูไฟสวยๆ แต่ดันเจอโคโยตี้,negative,0
3126,3126,Shisedo แบบที่ขายทั่วไปจะไม่แพงมากอ่ะ ถ้าเคาว์เตอร์ก็จะแพงนอกนั้นไม่แน่ใจมี่เคยได้ยินคือ ipsa /พี่สายฝรั่ง,negative,0
3127,3127,หลังจากที่เราดูหนัง netflix original มาสักพัก เราคิดตรงกันกับเพื่อนว่า หนังมันแบบเปิดมาน่าสนใจมาก แต่จะตายตอนจบตลอด ที่ดูๆ มานี่ไม่มีเรื่องไหนจบได้ประทับใจเราสักเรื่อง จบแบบ 5 บาท 10 บาท เดาได้หมดเลย เพื่อนถึงกับให้คำนิยามว่าจบแบบ netfilx อะจะเอาอะไรมาก,negative,0
3128,3128,หงษ์กลิ่นดีกว่า 285 มิดไนท์ที่เป็นวิสกี้นี่ดีสุดเหมือนกินเอ็มร้อยเพลินๆ,negative,0
3129,3129,ผ่านๆๆๆๆๆขอไห้ผ่านคับ สู้ๆๆ,positive,1
3130,3130,นิสสันนี่รถดีแต่ผู้บริหารห่วย ตามค่ายอื่นเขาไม่ทัน เขาออกรุ่นใหม่กันให้โครมๆ นิสสันเงียบกริบ ปล.หมดประกันศูนย์แล้วหาอู่นอกดีๆไม่ง้อก้ได้,negative,0
3131,3131,ควย เปลี่ยนไปแดกลีโอก็ได้วะ,negative,0
3132,3132,กินชีส,positive,1
3133,3133,ข้าวผัดแฉะมากค่ะ ยังไม่โดน,negative,0
3134,3134,จัดๆๆ,positive,1
3135,3135,"ไปทานมาแล้ว 1,2xx เมื่อวันที่ 2/1/61 พนักงานบอกของแจกหมดแล้ว เซ็งเลย",negative,0
3136,3136,จัดไป 🙄❤️,positive,1
3137,3137,หลังสอบบ,positive,1
3138,3138,ดีใจจจจจ ^^,positive,1
3139,3139,หล่อแบบนี้ไม่ต้องบอกก็รู้ว่า Ford Ranger,positive,1
3140,3140,ขับฟอร์ด โฟกัส แรกๆหาที่ปลดเกียร์ว่างไม่ได้...จึงไม่เคยจอดซ้อนคัน.... และก็ไปติดต่อศูนย์บอกการปลดเดียร์ว่างต้องเจ้าไปตั้งในระบบจึงจะทำได้ก็จัดการตั้ง เพื่อไม่ให้เดือดร้อนใคร และเกิดปัญหา....,negative,0
3141,3141,แม่อยากกินนานาลี อืม แม่อยากกินบาบีก้อน อืม แม่อยากกินเอมเคด้วย อืม แม่หิวข้าวอะ อืม กินสิ ไม่ได้ สองทุ่มแล้ว เดี๋ยวอ้วน อืม #คนเย็นชา,negative,0
3142,3142,เคยเจอเสิร์ฟข้าวผัดกระเทียมบูด... พนักงานก็งงๆ ไม่ได้ขอโทษอะไร... จากที่เป็นร้านประจำ ก็เลยห่างๆไป,negative,0
3143,3143,น่าสนใจจ,positive,1
3144,3144,มึงงงงงงง,positive,1
3145,3145,โค้กกครับ ก้อนใช้ จืดสนิท,negative,0
3146,3146,อิหอยย ลังโคมดรอปเว่อออ ตอนนี้หน้ามือกว่าคอไปหลายขุม,negative,0
3147,3147,😣😣😣,negative,0
3148,3148,สนใจนิสสันมาร์ชค่ะ,positive,1
3149,3149,เบียร์ในคอน ไฮนเนเก้น แก้วละ 200บาท แพค4แก้ว600บาท 😤 ไม่กินก็ด้ายยยยย,negative,0
3150,3150,ไปๆแต่สิ้นปีนี้นะ ว่าไง,positive,1
3151,3151,มีสิ่งอำนวยความสะดวกเยอะดี ห้องสะอาด,positive,1
3152,3152,จะไปขายสตอวันอาทิตย์ละ,positive,1
3153,3153,ต้องจัดสักใบทามไงคะ่,positive,1
3154,3154,ปล่อยเน็ตให้เก่งเหมือนทวงเงินหน่อย🖕🏻สัญญาณโคตรเหี้ย,negative,0
3155,3155,เปิด 2018 Mazda3 ใหม่ เน้นเพิ่มออพชั่น ราคาแพงขึ้นอีกเล็กน้อย #Mazda,negative,0
3156,3156,ปีก่อนกิน เป็นเค้กอีกแบบ ไม่หร่อยเลย ปีนี้เลยไม่กินแล้วชุดเบิร์ดเดย์ 😁😁😁,negative,0
3157,3157,อยากแดก🤤🤤🤤,positive,1
3158,3158,พาไปกินหน่อย😊😊,positive,1
3159,3159,พอเถอะ..,negative,0
3160,3160,ตำรวจไทยแม่งยุในกะลา,negative,0
3161,3161,วันที่ทีมครบ,positive,1
3162,3162,เน็ตหัวควยจริงๆ รอบบิลไม่จ่ายัดเลย แต่ตอนมึงกากนี้กูจ่ายครึ่งนึงได้มั้ยไอสัส,negative,0
3163,3163,ไม่ชอบอาหารญี่ปุ่น ลาบ น้ำตก ส้มตำ พอว่า,negative,0
3164,3164,เครื่อง VR38DETT ของ Nissan GT-R (R35),positive,1
3165,3165,ไรนี้,positive,1
3166,3166,ราคาคลล่ะเท่าไหร่,positive,1
3167,3167,เพื่อนเราก็มีค่ะ นางอยากใช้พวก3ce mac แต่ไม่มีงบก็ไปซื้อของก๊อปตลาดนัด เราก็ได้แต่อึ้ง พูดอะไรไม่ได้55,negative,0
3168,3168,...ตัวใครตัวมันเลยเมื่อวาน 555555 เละสัส กูเนี่ย ไม่เอาแล้วอีเหี้ยสเมอนอฟ กูยอมแล้ว,negative,0
3169,3169,ไปๆๆๆๆๆ #KUเลิฟ #KUเลิฟsongkranonyx #KUเลิฟสงกรานต์ #KULOVMAX7,positive,1
3170,3170,สมชื่อจริงๆๆ ไทยเเลนด์แดนกะลา,negative,0
3171,3171,สุดยอดครับนิ่มด้วยพูดง่ายขัลสบายสไตฮอนด้านะครับ,positive,1
3172,3172,ณ. เวลานี้ ทฤษฎีต่างๆมันช่าง ตีกันมะลุงตุงนัง คักกว่า..เบียร์ลีโอ..มื้อคืนนี้อีก 😭 — รู้สึกเพลีย,negative,0
3173,3173,เอ็มเคงี้ แต่พูดตรงๆว่าไปกินเอ็มเคทีไรไม่เคยอิ่มอ่ะ เดินไปซื้อข้าวซื้อชาเขียวข้างบ้านดีกว่า,negative,0
3174,3174,โมเม้น เป็นเมนส์ แล้วผ้าอนามัยขูดดากนิแบบ.....,negative,0
3175,3175,พน.เลยมั้ยจ้ะน้องหลาว,positive,1
3176,3176,สเมอร์นอฟมิดไนท์เล่นกูแล้ว ไอ้ชิบหาย,negative,0
3177,3177,ไม่ดีเรยยย เอาจริงแม่กุแดกแค่สปาย แต่กุเนี่ย เสือกแดกหมด555566,negative,0
3178,3178,ไม่อร่อยยยเเบบที่คิดอ้ะ //ความคิดเห็นส่วนตัวค่ะ,negative,0
3179,3179,เห็นแซลม่อนละแบบแค้นอีฮอทพอทแม่งง เอามาเติมตอนกูอิ่มแล้วกินไม่ไหวแล้ว่ะ,negative,0
3180,3180,เปลี่ยนมาใช้ ลอรีเอะ ซอฟท์แอนด์เซฟ เอ็กซ์ตร้าโพรเทคชั่น แอนตี้แบคทีเรีย แบบกลางคืนดีกว่า จะได้นอนหลับสบาย ไม่ต้องกังวลว่าจะเปื้อนผ้าปูที่นอนอีก เพราะเค้าออกแบบมาเป็นอย่างดี และยังลดการสะสมของแบคทีเรีย สาเหตุของกลิ่นอับชื้น ตอบโจทย์ใช่มั้ยแหละ,positive,1
3181,3181,อยากบอกว่าโค๊กสาขาซีคอนบางแค เดอะมอบางแค หวานมาก ไม่มีความซ่าเลย,negative,0
3182,3182,ปกตินั่งแต่มิวเอ็กจะเหยียดขายังไงก็ได้พอมานั่งซีวิคแล้วแปลกๆหัวก็ไม่ได้ติดนะแต่รู้สึกรถคับแคบไปหมดเลย😂,negative,0
3183,3183,อีดอก กินหมูไม่ได้กินเนื้อ,positive,1
3184,3184,กิน smirnoff ละเป็นงี้ทุกที ลาขาด,negative,0
3185,3185,อินนิสฟรีไม่ซื้อละ เก็บตัง,negative,0
3186,3186,เรากินฝีไม่ได้น้า มันสกปรก,negative,0
3187,3187,CX5 คันละล้านครึ่งยังเก็บเสียงสู้มาสด้า2 ลูกหลานตัวเองไม่ได้เลยครับ จะไปว่าอะไรกับค่ายอื่น,positive,1
3188,3188,ขออนุญาตตอบแทนนะคะ มีนานแล้วค่ะ อยู่ชั้น4 ใกล้ๆเอ็มเค กะยำแซบ,positive,1
3189,3189,น่ากินๆ,positive,1
3190,3190,มาเอา gift voucher ไป,positive,1
3191,3191,กุ้งแน่นอน เด่วนี้ไม่มีแล้ว,negative,0
3192,3192,แจกัน💃🏻🕺🏻,positive,1
3193,3193,หิวๆ ตังมีมั้ย😁😁,positive,1
3194,3194,แต่การบริการหลังการขาย อะหลั่ย ศูนย์บริการ จะสามารถตอบโจทย์ลูกค้าได้หรือไม่ อย่างศูนย์เชฟโรเลต บางจังหวัดก็ยุบไปแล้ว เช่น จ.ตาก,negative,0
3195,3195,รถแนวนี้เหมือน JUKE-R เมื่อ 5 ปีก่อนใช้แพลตฟอร์มของ GTR แถม Nissan ยังทำออกมาขายจริงๆไม่ใช่แค่แต่งเล่น มีคนซื้อไปแล้ว 20 กว่าคัน ราคาเมืองนอกคันละ 18ล้าน แพงกว่า Nissan GTR อีกซะงั้น,negative,0
3196,3196,เป็นครั้งแรกที่ได้นั่งใกล้ขนาดนี้ ขอบคุณสิทธิ์ AIS 👏🏻👏🏻👏🏻👏🏻 กดได้จาก 4G เลยนาาาา ☺️☺️☺️ ขออวย AIS นิสนุง #AISNEXTGXBAMBAMFANMEETING #BamBamBlackFeatherTour,positive,1
3197,3197,กลับไปจัดเลย,positive,1
3198,3198,กูจี้อีเหี้ยเมก555555554 โว้ยยยยย แม่งยังไม่ตื่นแต่ป้ากูบอกให้นางออกไปเหล้า พอเดินไปถึงบอกพี่ครับขอปลากระดี่ขวดนึงครับ อีเหี้ยโว้ยยยยย กูขรรมไอสัส555555 บาร์คาดี้เว้ยไม่ใช่ปลากระดี่ BARCADIอ่ะ รู้จักปุ้5555555555,negative,0
3199,3199,วันนี้มากินเอ็มเคค่ะ ฟาดเรียบข้าวโพด 8 อัน 555,positive,1
3200,3200,อยากเปลี่ยนครีมกันแดดเลย ใช้ยูเซอรีนแล้วปกเสื้อเหลือง,negative,0
3201,3201,เกลียดการใส่ผ้าอนามัยแล้วมันไปเลอะที่ขอบแทนอะ ฮือออไปทำอะไรตรงนั้น แปะตรงขนาดนี้ เลี้ยวทำไมᅲᅲᅲᅲᅲᅲᅲ,negative,0
3202,3202,น่ามีตลอดนะก้อนเพราะบางทีพาเด็กไปกินจะได้สั่งชุดแบบนี้ สั่งแต่ข้าวผัดกระเทียมไม่อิ่มเลยค่ะ,negative,0
3203,3203,น่าจะเป็นเพลง slide ของเฮียคาลวินนะ เพราะ Jack Daniel's รสชาตินุ่มเหมือนกัน กินแล้วไม่ได้กระอักกระอ่วน แต่มันไหลไปตามฟีล 😘,positive,1
3204,3204,สนไม๊😂,positive,1
3205,3205,เอยกลับวันไหน,positive,1
3206,3206,ตอนนี้กำลังรอสั่งอาหาร ไม่มีเจ้าหน้าที่มารับออเดอร์ ไม่สนใจ ทำเหมือนเราเป็นอากาศ คนมาทีหลัง ได้กินสบายใจ เป็นแฟนคลับก้อน แต่เจอแบบนี้ เลิกทานแน่นอนค่ะ #สาขาโลตัสแคราย 4/2/61,negative,0
3207,3207,ปีนี้ขอเลี่ยงสเมอนอฟจ้าไม่มีคนเกบอ้วก,negative,0
3208,3208,ไปๆ กลับกรุงเทพไปเดอะเฟสชอปเลย เล็บผมที่บอกจะทำเลื่อนไปก่อน //ตายๆ อิพี่แม่งสวยกว่ากุอิก ดูจริตนาง😱,negative,0
3209,3209,ป่ะ ตอนนี้อยู่ยูดี,positive,1
3210,3210,รู้สึกแย่กับบาบีกอนมากกก ส่งของช้า เอาของที่ลูกค้า pre มาขายหน้าร้านก่อน ยังไม่พอ pre ตั้งแต่เดือนที่แล้วราคาก็แพง มาวันนี้ลดไป 400-500 คือไรครับกอน,negative,0
3211,3211,เขียนกฎหมายแบบหัวดอ,negative,0
3212,3212,อิเวนแสงโสมเมื่อคืนคือเอาตายมากแต่ทุกคนคือมาเรียนทัน8โมงนี่แหละอนาคตหมอของชาติ,negative,0
3213,3213,คงได้แต่ ลค นิสสันเดิม เพราะคนที่ซื้อโตต้า ฟอร์ด มิตซู เค้าคงไม่ชอบ,negative,0
3214,3214,อันนี้ก็ขึ้นก่ะสันดานคนสูบครับ ถ้าเป็นที่ๆจัดให้สูบก็ว่าอะไรไม่ได้ แต่ถ้าเป็นที่สาธารณะ ก็ไม่ควรสูบทั้งคู่ครับ ของผมนี่ ที่บ้าน ญาติๆ และคนทั่วไป เค้าโอเคก่ะเรื่องควัน ผมอัดลงพื้น ไม่ก็อัดขึ้นฟ้า เพราะมันจะสลายไปในช่วงแค่ 1-2นาทีครับ ผิดกับควันบุหรี่ ซึ่งนานกว่าหลายเท่า,negative,0
3215,3215,285.กินไห้เมาไห้ลืมคนอย่างเธอ แค่ความ.รัก ควาย ควาย,positive,1
3216,3216,แม่งจ้างบริษัทมาจัดการผลเลือกตั้งในราคาแค่ 2.7 ล้าน ตอนนี้อยากรู้ละว่า 5800 ล้านหมดไปกับอะไรบ้าง,negative,0
3217,3217,ไม่ทันแล้ว,negative,0
3218,3218,เฮ้อ ช่วงนี้งานยุ่ง เด่วว่างๆ ก่อนน๊า,positive,1
3219,3219,นี่ล่ะตร.บ้านเราเก่งนักล่ะ มีความชำนาญพิเศษกับคดีแบบนี้แหละ จับไพ่เอย จับหมวกเอย จับใบขับขี่ เราอยู่ในประเทศที่มีแนวคิดที่จะอยู่ร่วมกับยาบ้า เราอยู่ในประเทศที่รณรงค์ให้คนไทยเลิกบุหรี่อย่างจริงจัง ถึงกับเอาภาษีเราไปถลุงเล่นโดยการตั้งหน่วยงานลดล่ะเลิก(ซึ่งแม่งไม่เคยได้สัมผัสกำคุณประโยชน์ของหน่วยงานนี้เลย) แต่มาโอดโอยว่ายอดขายยาสูบตก โรงงานยาสูบจะอยู่ไม่ได้ แล้วที่ไร้ศักดิ์ศรีสุดคือ บุหรี่ไทยสู้เพื่อนไม่ได้ แล้ว ไปขอร้องบุหรี่นอกให้ปรับเพดานขั้นต่ำ แทนที่จะปรับภาษีปรับราคาบุหรี่ไทย เป็นไงล่ะ..?โดนตอกหน้าหงายด้วยวลีที่ว่า เราก็แข่งขันในเพดานภาษีเดียวกับคุณ ทำการตลาดภายใต้ภาษีเดียวกัน คุณจะมางอแงขอให้เราเปลี่ยนแผนการตลาดได้ไง เป็นการบริหารที่โคตรโง่..!!! หมายถึงประเทศ ซิดนี่..!!! จริง ๆ,negative,0
3220,3220,สาขาหาดใหญ่ไม่มี,negative,0
3221,3221,นี้ก้จระเจ้แต่ให้กินลีโอคงไม่ เบียร์ลาวยังจะพอทน,negative,0
3222,3222,แจ้ง ตัวเลข sodium ซิครับ,negative,0
3223,3223,หมดแล้วนิคะ 😂😂😂 ให้น้อยไปป่าว,negative,0
3224,3224,ฝ้ายจะไม่ทน กับคนนิสัยไม่ดี,negative,0
3225,3225,บาบีก้อนก่อน 55555,positive,1
3226,3226,ออฟฟิตผมก็สั่งห้ามล่ะครับหัวหน้ามาสะกิดเมื่อวาน เซงเลย,negative,0
3227,3227,เบียร์ช้างขวดละ120 แพงยุนะค่ะ,negative,0
3228,3228,ขออนุญาติจ้า ยูเซอรีนมา2ตัวนี้จ้าไม่แพงจ้า 790฿,negative,0
3229,3229,น่าลองน๊า,positive,1
3230,3230,พูดแล้วแม่งหงุดหงิดรัฐบาลเลยตอนนี้ น้ำยาตรูหมด แสร้ดๆๆๆ,negative,0
3231,3231,ได้คูปองลด 20% ของบาบีก้อน จาก #11streetth มา แต่ใช้กับสินค้าลดราคาไม่ได้ ก็เข้าใจนะถ้าตอนนี้มันไม่ได้ลดราคาสินค้าทุกรายการอยู่แล้ว คือใช้ได้แต่ซื้อเตาอบ ซื้อเครื่องปั่นของบาบีก้อนงี้ แล้วคูปองมีอายุวันเดียว ฮ่วยยยย,negative,0
3232,3232,Giorgio Armani Acqua di Gioia (EAU DE PARFUM) สำหรับสาวทันสมัยที่ต้องการน้ำหอมชิ้นโปรด แนะนำขวดนี้เลย เพราะด้วยความหอมสดชื่น เย็น สะอาด พร้อมยังซ่อนความเซ็กซี่ ยั่วยวนใจด้วยกลิ่นของ lingering scent และ ดอกมะลิ พร้อมปิดท้ายด้วยกลิ่นหอมชุ่มฉ่ำทำให้รู้สึกสดชื่นสุดๆ ราคาหลอดละ 55 บาท // ว่าง 5 หลอด,positive,1
3233,3233,กว่าจะได้ชุดไทย เสียตังเช่าแพงกว่าค่าก้อนอีก,negative,0
3234,3234,เค้าให้ใส่ชุดไทย สัส ยุดแม่การะเกดตอนนี้,negative,0
3235,3235,กินไม่ได้​ แพ้​ คัน​ 555,negative,0
3236,3236,มี2คันครับ พาลูกไปเที่ยว สบาย นั่งสบาย อีกที เอาแจสไปปากช่อง พ่อเอ้ยแม่เอ้ย เสียงโหยหวนดังมาก แผงข้างประตูเหมือนจะหลุด ลูกอ้วกตลอดทางตอนขึ้นเขา ว่าเทรินเป็นchr ซีวิคก็เคยใช้แปปนึง นั่งข้างหลัง แข็งชิปเป๋ง นั่งไม่สบาย เวลาถนนไม่เรียบ,negative,0
3237,3237,"""ถ้าฉันเป็นแม่คุณแล้วรู้ว่าประหยัดผ้าอนามัยเก้าเดือนแล้วได้อะไรแบบนี้มา คงเลือกจ่ายค่าผ้าอนามัยต่อไป คุ้มกว่ากันเยอะเลยค่ะ""",negative,0
3238,3238,ไม่สวยอย่างแรง นิสสัน จุ๊ก,negative,0
3239,3239,ดิวสวยมาก ขาวมีออร่า #ToyotaBuzz #MOTORSHOWยกมาที่นี่,positive,1
3240,3240,บุหรี่ไฟฟ้าน่าเกลียดกว่า,negative,0
3241,3241,สิงห์แม่ง ปีที่แล้วช่วงปีใหม่ ออก U-beer ปีนี้แม่งออก snowy weizen โครตตตตดี ตลาดเบียร์แม่งจะได้เปิดกว้างง,negative,0
3242,3242,ประเทศเจริญเบียร์ช้างซีพี,negative,0
3243,3243,ณ้องจะเอา MG สีดำแล้วค่ะ สั่งมาจากชุมพร รำคาญอีดอก สีน้ำเงินไม่มีโชว์รูมไหนในประเทศไทยมีรถเลย มะกันตรวจสอบรถยนต์ “ฮุนได-เกีย” หลังพบถุงลมนิรภัยไม่ทำงาน เป็นเหตุให้มีผู้เสียชีวิต #มติชนต่างประเทศ,negative,0
3244,3244,ไหวบ่ คนเยอะเด้ต้นเดือนวันหยุด วันหลังดีก่างับ,positive,1
3245,3245,"ไม่ไปกินอีกแระ,,สาขาโลตัสอุบล บริการไม่ดีเลย จ่ายตังค์นะ ไม่ได้ขอกินฟรี...เด้อ",negative,0
3246,3246,ดื้อเหมือนเด็กทั้งๆที่สมองแก่ความจริงจะปรากฏ,negative,0
3247,3247,กุต้องเสียตังค์ซื้อหรือเช่าชุดไทยแพงกว่าค่ากินไปอี๊ก,negative,0
3248,3248,อยากโดนสักจอก,positive,1
3249,3249,น่ารักจัง,positive,1
3250,3250,สนใจไหม ก่อนกลับเชียงใหม่,positive,1
3251,3251,แพงน่ะ,negative,0
3252,3252,เมื่อวานกินบาบีก้อน ....รู้สึกตัวบวม,negative,0
3253,3253,เรื่องนี้น่าอ่านมากค้าา ออกแนว #allten เหมือนน้องจะเป็นผี แต่ทุกคนทำเหมือนน้องไม่ใช่ เดาไม่ถูกเลย เนื้อเรื่องน่าติดตามมาก แบบน้องงง ดูหนังผีกะเจโน่ยังไงให้เกือบโดนจุ๊บลูกกก ถ้าเข้าไปอ่านก็ช่วยให้กลจนักเขียนเยอะๆน้า เราอยากให้เขาอัพบ่อยๆ 555 #เตนล์ #ten #kun #Lucas#พีเตนล์ตี้รัก,positive,1
3254,3254,บุฟเฟ่ ปิ้งย่าง บาบีก้อนนน,positive,1
3255,3255,หนีไปชิมให้ก่อนดีม่ะ 555,positive,1
3256,3256,แน่จริงก็ไปร้องเรียนโตโยต้ามอเตอร์สิครับ รถมันทำออกมาจากโรงงานแบบนี้ จะโชว์ควายด่ากันทำไม อิกอย่างนะมันไม่ได้มีแค่รุ่นนี้ที่ไฟแยงตา everrest pajero new crv แม้แต่revo มันก็แยงทั้งนั้น อย่าเหมารวมโตๆกันแล้ว #ด่ามากุด่ากลับ #หรือรถมึงเสือกไปโหลดเตี้ยเอง #บางประเภทไม่มีปัญญาซื้อด่าเอามันส์,negative,0
3257,3257,บาบีกอนก็ได้,positive,1
3258,3258,เดี๋ยวจะพาไปกินฮอตพอต,positive,1
3259,3259,อยากกินอ่อเทอววว,positive,1
3260,3260,โกรธหรอ ใช่ชั้นโกรธ อิจฉาหรอ ใช่ชั้นอิจฉา อยากเล่นหรอ ใช่กูอยากเล่น อยากเล่นมากด้วย จอใหญ่ดี สะใจ อีสัส event เบียร์ช้างลานหน้าเซนเฟสฯก้ทำไม่ได้ค่ะ,negative,0
3261,3261,พอรู้ละว่าถ้าซื้อหุ้นจะไม่ซื้อหุ้นบาบีก้อนในช่วงไหน และควรซื้อช่วงไหน,negative,0
3262,3262,ควย,negative,0
3263,3263,โตโยต้าแคมรี่ใหม่ ขายดีกว่าแอคคอดใหม่ มันดีกว่าแค่ถูกกว่า โปรดีกว่า เสียดายแอคคอดจริงๆๆ,negative,0
3264,3264,พ่อบอล ชิชาฎา เบื่อมาก !วันอาทิตย์มีโปรแกรมรึยัง ?,negative,0
3265,3265,จริงๆเเล้วอาจเสียเงินจ้าง ไห้เจ้าเหลมพูดว่าฟอจูนเนอร์เป็นรถในฝันครับ เเล้วก็จ่ายเงิน+ รถ เป็นค่าจ้างคับครับ,negative,0
3266,3266,บุหรี่นอกเกาหลี เขมรซองละ 25 มาไทยซองละ 5-60 ตามความยาก,negative,0
3267,3267,อยากอ่ะ,positive,1
3268,3268,จะเป็นห่าไรก็ช่าง อาหารระดับนี้แล้ว ใครไปใครเจอก็กินไม่ลง,negative,0
3269,3269,ฮอนด้า โนวา แดก(แดกน้ำมันสุดๆ) อิอิ,negative,0
3270,3270,กินเบียร์ต้องใส่น้ำแข็งดิ เย็นๆซ่าบซ่า,positive,1
3271,3271,บางสาขาก็ไมลดดิ,negative,0
3272,3272,ไปกินอย่างอื่นแทน,negative,0
3273,3273,แฟนนางแก้ปัญหาโดยการซื้อรถให้นาง 😦 Toyota Yaris ว้อยยยยยยยยยยยยย จบ อีดอก ไม่เล่าต่อแล้ว แฟนเพื่อนซื้อรถให้เพื่อน…,negative,0
3274,3274,ผมเคยเป็นแฟนพันธุ์แท้ก้อนนะครับ แต่ระยะหลังๆ ปรับเปลี่ยนส่วนเนื้อในชุด ไม่ติดมันแล้วรู้สึกว่า ปริมาณลดลง แต่ราคาเพิ่มขึ้น ผมแนะนำนะครับ คุณปรับราคาขึ้นแล้วให้ของแบบเดิมจะรู้สึกดีกว่านะครับ 🤗🤗🤗,negative,0
3275,3275,เหนือการเมืองประสาทแดกในวันนี้คือ หมอเอ้กหล่อมากกก นโยบายก็ดีหัวสมัยใหม่ดี..ดีทุกอย่างเลยโว้ยย อยากไปเปนคนถือป้ายให้หมอเลยค่ะ แค่กๆ #เลือกตั้งปี62 #ประชาธิปัตย์,positive,1
3276,3276,อยากบอกเพื่อนว่า ขอบคุณที่คอยตามใจตลอดขอบคุณที่คอยเป็นเพื่อนที่ดี ขอบคุณที่คอยไปนั่งกินเบียร์ด้วยเวลาที่ตรูเศร้า ปกติไปก็จะสั่งแต่โปรเบียร์ช้าง5555555 ไหนๆเพื่อนก็เป็นเพื่อนที่ดีของกูมาตลอดทั้งปีแล้ว มีเถียงกันบ้างงอนกันบ้าง ปีใหม่นี่ก็อยากตอบแทนเพื่อนด้วยบัตรงาน tbc เพื่อนจะได้มาสนุกบ้างเพราะอุตสาห์มีสปอนเซอร์ใจดีอย่างช้างมาจัดกิจกรรม😂 จะได้ไปปาร์ตี้กันเนอะะะ อยากไปวันที่31ธ.ค. เพราะจะได้เค้าท์ดาวน์กับเพื่อนพอดี ยังไม่เคยได้เค้าท์ดาวน์กับเพื่อนเลยยย,positive,1
3277,3277,ขอพูดว่าเชียงใหม่,positive,1
3278,3278,เสียใจ,negative,0
3279,3279,เหตุผล คือ มีน้องที่สนิทใช้แล้วหน้าดีขึ้น เลยให้คนไปซื้อมาลองใช้บ้าง ราคาไม่แพง ... ทางน้องๆที่ทำ SnailWhite ทราบเลยขอให้พี่แป้งมาเป็นพรีเซนเตอร์ให้ค่ะ ... 😊,negative,0
3280,3280,การ์นิเย่เลิกขายของได้ละ ใช้แล้วเป็นคราบเป็นขุยเว่อ!!,negative,0
3281,3281,มีเบียลีโอไห้กินด้วยไหมคับ,positive,1
3282,3282,เบียร์ช้างได้กำไลบานตะไท ดีกรีลด ภาษีลด แต่ราคาไม่ลด แดกเข้าไปซิครับ 6-7 ขวดก็ไม่เมา,negative,0
3283,3283,จะยอมเทเฟสติวัลพาเพื่อนไปเปิดตี้ที่บ้านแบบexclusiveเลยครับ Smirnoffจัดให้เต็มที่ขนาดนี้ เดือดแน่ๆ🔥🙌 อยากชวนdj faahsaiมาจัดปาตี้ที่บ้านครับ ชอบสไตล์การเล่นของเขา ดีเจไทยไม่แพ้ชาติใดในโลกครับ🇹🇭 #SmirnoffNonfestival #ไปให้สุดอย่าหยุดแค่เฟสติวัล,positive,1
3284,3284,เพิ่งเคยกินอาชา อร่อยกว่าช้างอีก 55555555,negative,0
3285,3285,โจมาโลนกลิ่นเฟดเรวมากเว่อ,negative,0
3286,3286,ตอนนี้ในกระเป๋าตังค์มีแต่บัตร บัตรโครตเยอะ MRT BTS แอร์พอร์ตลิงค์ ทรูพอยต์วัตสันส์ ซีเอ็ดบีทูเอส คิวท์เพรส โอเรนทอล สปอร์ตเวิลด์เอ็มการ์ดเดอะมอลล์เอ็มควอเทียร์ไรบลาๆรวมบัตรเอทีเอ็มของตัวเองอีกอะไรอีก อะไรมาแม่งก็สมัครเป็นสมาชิกหมด เวงกูจะเผา,negative,0
3287,3287,มะโรง โดนโกงเงินไปแล้ว ถือว่าหมดเคราะห์ หมดโศก หมดโรค หมดภัย,negative,0
3288,3288,ไม่กินแสงโสมค่ะ 5555,negative,0
3289,3289,ตังไหนหละพ่อ,negative,0
3290,3290,รพ.กรุงเทพ แพ้คดี! ศาลสั่งเปิดคลับ 'ไลฟ์พริวิเลจ' คืนสิทธิ์สมาชิก,negative,0
3291,3291,หายใจไม่ออกแล้วโว้ย ดอยสุเทพหายไปแล้ว,negative,0
3292,3292,เดะไปกัน,positive,1
3293,3293,accord ใหม่เหมือนรถไปชนมา,negative,0
3294,3294,เป็นหมอ ที่ไม่มี วิสัยทัส,negative,0
3295,3295,มารับประทานที่ เทอร์มินอล21 อโศก แต่ทำเครื่องรูดบัตรเครดิตเสียประจำคะ และยังคิดราคาผิดอีก รบกวนเปลี่ยนเครื่องรูดบัตรดีกว่านะคะ ขอบพระคุณค่ะ,negative,0
3296,3296,ไปกินม่ะ,positive,1
3297,3297,"Mก็ของซีพี,ส่วนCนี่ก็ของเบียร์ช้าง สรุปว่าต้องซื้อแพงแต่ขายถูก งั้นยกปท.ให้2ตัวนี้ปกครองเลยดีมั้ย🐃🐃🐃",negative,0
3298,3298,วันนี้เห็นดอยสุเทพชัดดี เลยแอบยิ้มเบาๆ คนไม่อินกับวันวาเลนไทน์มีหวัง เพราะความรักไม่กลายเป็นฝุ่นนะง้าบ แฮร่,positive,1
3299,3299,รีวิวรองพื้น Marc Jacobซะหน่อย เมื่อวานไปสอยตัวใหม่มา ขวดแบนๆ Shameless foundation คือตัวนี้ตอนลองแบบ เห้ย ทาแล้ว????? มันหายไปไหน ซึ่งใันต่างกับตัวขวดกลมเดิมมาก อันนั้นหนาเหลือเกินออเจ้า แบรนด์นี้ขุ่นแม่ชอบมากนะ คือมัน simple แต่ดีงาม แต่ปัญหาใหญ่คือ “กูไม่เคยเลือกสีถูกค่ะ!” เฉดสีเยอะงงเว่อร์ ลองที่ Sephora กลับมาใช้ไม่เคยได้ตรงสีหน้า 555 รุ่นใหม่นี้เอาสี y270 มา พอใช้กับหน้า รู้สึก เพี้ยนๆ แต่บางเบาราวกับลืมใส่ กกน ปกปิด กลางๆ ผิวแห้งก็ใช้ได้นะ แต่ไม่ควรลงแป้งตาม ผิวมันก็น่าจะชอบความชุ่มผิว ปัญหาเดียวคือ ไปเลือกสีดีๆ จบรีวิว,positive,1
3300,3300,เคยตั้งไปสิงห์ (เบียร์) มันพาไป สิงห์ (โรงน้ำแข็ง) บ้าชิบหาย,negative,0
3301,3301,โคโลราโดสีดำ สวย เท่ โดนใจมากเลยค่ะ <3,positive,1
3302,3302,สั่งเซต 399 Delivery เมื่อวันจันทร์ที่แล้ว ขาดลูกชิ้นลักบี้ค่ะได้ของไม่ครบ เสียความรู้สึก ควรเช็ครายการอาหารให้ครบก่อนส่งถึงมือลูกค้านะค่ะ ครั้งก่อนสั่งสุกี้ ก็ลืมน้ำจิ้มสุกี้ เป็นบ่อยๆก็ไม่ไหวนะคะ ครั้งแรกยังพอให้อภัยได้ พึ่งจะมาเห็นรูปอาหารว่าในเซตได้อะไรบ้างถึงรู้ว่าได้อาหารไม่ครบ เซ็ง และก็ต้องการคำตอบด้วยค่ะ😠😠😠,negative,0
3303,3303,จะชวนพ่อไปกินเอ็มเค และให้ท่านจ่าย ฮือออ ทำไมกูเลวววว,negative,0
3304,3304,เบอะหมดเขต29 ว่าอีเลี้ยงหิด55555,positive,1
3305,3305,พึ่งซื้อมาถ้าแล้วหน้าเทามากคะเสียดาย เปนที่เฉดผิวไม่ตรงรึป่าวคะ ต้องเป็นเบอร์อะไร ไม่เทา ปกติทาแต่รองพื้นแป้งเด็กหน้าไม่เทา พอมาเปลี่ยนดูเนียนคะแต่หน้าคล้ำไปเรย,negative,0
3306,3306,อินเตอเนตห่วย แจ้งซ่อมมาสามวัน ไม่มาคิวเต็ม คือต้องมารออะไรปัญญาอ่อน พูดได้แค่ไม่มีคิว ก้อจ้างช่างเพิ่มดิถ้ารุ้ว่าเนตตัวเองห่วย ขนาดนี้ ทนมาหลายวันละนะ,negative,0
3307,3307,วันนี้กินมาไม่เห็นลดเหลือ44บาทเลยค่ะ,negative,0
3308,3308,ยึดแค่กระเป๋าพอแล้วมั้ง .... เหมือนมีอะไรแอบแฟง 555,negative,0
3309,3309,"ซึ่งตัวชื่อกฎกระทรวง ก็บอกอยู่แล้วว่า กำหนดเรื่องการแต่งกาย เครื่องหมาย บัตรประจำตัว ฯลฯ ""สำหรับรถยนต์สาธารณะ รถยนต์บริการทัศนาจร รถยนต์บริการธุรกิจ รถจักรยานยนต์สาธารณะ"" พาดหัวไม่ชัดเจนชวนให้เข้าใจผิดว่าหากประชาชนมีรถบ้าน ถ้าไม่ทำตามนี้ก็ผิดด้วย นี่แย่มากเลยนะ",negative,0
3310,3310,เราเป็น fc เอ็มเคไปแล้วอ้อเธอ,positive,1
3311,3311,กำลังนอนดูเมนูเอ็มเค 555,positive,1
3312,3312,ทับทิมกันชนด้านหลัง vios ยิ่งหนักเลย เอาไฟไปใส่ทำไม แสบตาสุดๆ,negative,0
3313,3313,เรื่องมันเศร้า,negative,0
3314,3314,กัดฟันสั่งร้านพรีเพราะสั่งเองค่าส่งแพงเหลือเกิน ตอบดีเอ็มเค้าด้วยนะแม่ค้า ฮื้ออออ😢,negative,0
3315,3315,Honda Civic Type-R มาเฉลยความลับของท่อไอเสีย 3 ช่อง จะทำมาเพื่ออะไร มีคำตอบแล้ว,negative,0
3316,3316,แม่งแดกลีโอแต่เที่ยงเลย 555,negative,0
3317,3317,สุดยอดครับรถดีมาก hrv โดนแซงแน่,negative,0
3318,3318,โห่ เซนพระราม2 ไม่มี😂,negative,0
3319,3319,เลี้ยง?,positive,1
3320,3320,บอกให้เลี้ยง,positive,1
3321,3321,เจ้...อยากกก,positive,1
3322,3322,นี่คือรูปกุ้งที่ไปทานในวันนั้น ทั้งเน่า ทั้งเหม็น ทั้งดำ ทั้งหมด3ตัว เสิร์ฟมาแมลงวัน พนักงานก็ไม่สนใจ ต้องการให้ทางเอ็มเค ชี้แจงด้วย,negative,0
3323,3323,เม็ดสาคูแถมจากบาบีก้อน ช่วงโปรโมชั่นอะ,negative,0
3324,3324,ไหนบอกจะเลิก,negative,0
3325,3325,พรุ่งนี้ เลย เย้ๆๆ ขอบคุณคราฟฟปิ้,positive,1
3326,3326,"มายก้อด ลุงซื้อครีมของยูเซอรีน(อ่านงี้มั้ง) มาให้ เสียไป 9,000 ซื้อไรมาพ่อคุณ5555555 ช้อปแหลกหรอคะ55555",negative,0
3327,3327,ดีกว่าบุหรี่มวนอีก ไม่เหม็น,positive,1
3328,3328,และคงไม่ใช่กฎหมายสำหรับผู้มีไว้เพื่อใช้งานแต่เป็นกฎหมายสำหรับมีเพื่อจำหน่ายหรือให้บริการเสียมากกว่า,negative,0
3329,3329,ราคาแรงไปนะ รถแคบอึดอัด เพิ่มอีกหน่อย เล่น Pajero ดูคุ้มกว่าเยอะ,negative,0
3330,3330,คนแต่งงานแล้ว จะมีความสุขมากเวลาได้ออกมากินเหล้ากับเพื่อน จริงไหมอยากรู้? #100PIPERS #GiveFriends100%,positive,1
3331,3331,เห็นที่มีคนทวิตเรื่องไข่พยาธิในเนื้อหมูบาบิก้อนแล้วขนลุก เป็นกูประเภทแดกไม่ลืมหูลืมตาป่านนี้ไข่พยาธิเต็มลำไส้แล้วอีเหี้ยเอ้ยยย 😱,negative,0
3332,3332,ลงใด้ที่ใหนคับ,positive,1
3333,3333,สวยมากๆ ได้แต่มอง ใช้อัลเมร่าต่อไป 😊,positive,1
3334,3334,ครั้งที่แล้วไปกินกว่าน้ำจิ้มที่เป็นแจ่วจะมาเสิร์ฟให้นานมาก ตอนเอามาให้คืองงว่าเอามากินกับอะไรเพราะกินเนื้อไปหมดแล้ว,negative,0
3335,3335,อย่างงี้ต้องจัก,positive,1
3336,3336,ได้ innisfree แบบไม่เสียเงินกูสักบาท เเฮ่ๆๆๆๆ,negative,0
3337,3337,อีเหี้ยย วาสนาจะได้ขับ mazda 2 คือล่มละ อีช่างแม่งรื้อรถออกมาตรวจสภาพแล้วประกอบกลับไม่ได้อะ หนังหีมาก,negative,0
3338,3338,สิงห์ที่มินิมาร์ทใต้คอนโดหมดตลอดเลย กินมิเนเร่ก็ปวดหัว คริสตัลกินได้แต่ไม่มี ต้องแบกออร่าแทนตลอด แพง 😭,negative,0
3339,3339,อีเหี้ย พึ่งเคยใช้ ผ้าอนามัยแบบเย็น,negative,0
3340,3340,ร่างกายต้องการชาบูวว,positive,1
3341,3341,จ่ายเตมดีก่า,negative,0
3342,3342,ขอบคุณค่ะ,positive,1
3343,3343,ไม่เกิดจากพยาธินะคะ เป็นเนื้อสูตรใหม่มาลองตลาด อิอิ,negative,0
3344,3344,เสียงเรามันเสียงเล็กๆ ได้แต่ให้กำลังใจคนที่เค้าสู้เพื่อทำให้มันถูกกฏหมาย เป็นประเทศหยุดพัฒนาไม่พอ เริ่มจะถอยลงคลองไปเรื่อยละ,negative,0
3345,3345,เดือนหน้าน้าา จะอ้อนกินบาบีก้อน555 อิอิ,positive,1
3346,3346,มีปลั๊กน้อย มีแค่ 2 รู เสียตู้เย็น 1 รู เหลือแค่อีก 1 รู,negative,0
3347,3347,แม่กุโดนแล้วววว เอารถไปถ่ายน้ำมันเครื่องแล้วทำเสร็จตอนก่อนเที่ยงประมาณ 10 นาที แต่ไม่สามารถจ่ายเงินแล้วกลับบ้านได้เลยเพราะพนักงานแคชเชียร์ไปกินข้าว แม่กุนั่งหิวรอพนักงานไปดิ #honda,negative,0
3348,3348,หลังสอบ 👍🏽,positive,1
3349,3349,เดินทางมาจากเกาะสมุย กะว่าจะมากินไข่หวานที่ hot pot central หาดใหญ่ให้เต็มอิ่ม ดันไม่มีให้กิน เศร้าใจ,negative,0
3350,3350,"ปลอดภัยยิ่งขึ้น ด้วยระบบเตือนเมื่อรถออกนอกช่องทาง ในนิสสันโน๊ต ระบบจะเตือนผู้ขับด้วยเสียงและสัญญาณไฟที่บริเวณหน้าปัด เมื่อรถออกนอกช่องทางโดยไม่ตั้งใจ เพิ่มความมั่นใจในทุกเส้นทางของคุณ สอบถามรายละเอียดและทดลองขับได้ที นิสสัน หาดใหญ่ มอเตอร์ โทร.077-7777777 ต่อ 101,102",negative,0
3351,3351,หิว 😞😞😞,positive,1
3352,3352,"ก่อนหน้านี้เคยพูดถึงสิ่งที่ Isuzu D-Max ควรเพิ่มเติมหรือปรับปรุง ถ้าให้พูดแบบง่ายๆก็คือ ""ติ"" นั่นเอง ก่อนหน้านี้ก็เคยกับแบรนด์ยักษ์ใหญ่ญี่ปุ่น 2 แบรนด์มาแล้ว แบรนด์นึงมีองครักษ์มาหาว่าผมโจมตีโน่นนั่นนี่ แต่อีกแบรนด์ไม่มีเลยและยอมรับจุดตำหนิด้วยซ้ำ และก็เคยมีสมาชิกบอกให้ติแบรนด์สามเพชรบ้าง คราวนี้ผมเลยจัดให้บ้าง... ก็ Mitsubishi Triton อย่างที่หลายคนรู้กันดีว่ายอดขายรวมจากเดิมที่เคยอยู่ Top 3 ในตลาดกระบะ แต่ในช่วงปีสองปีมานี้กลายเป็นว่าแบรนด์อเมริกันอย่าง Ford ขึ้นมาเป็นอันดับ 3 แทน เรื่องแรกเลยคือหน้าตาที่หลายคนไม่ค่อยจะชอบกัน (แต่คนที่ชอบก็มี) ยังไม่ยอมปรับโฉมหน้าใหม่แม้จะล่วงเลยเข้าปีที่ 4 แล้ว ไม่อยากให้ยึดตาม Roadmap ของรุ่นเดิมๆว่าต้องปรับนิดๆหน่อยๆหรือไม่ปรับเลยตามแบบรุ่นเก่า เพราะอะไรๆมันก็เปลี่ยนไปตามเวลา คู่แข่งเริ่มมีหลายอย่างน่าสนใจมากขึ้น มันมากพอที่จะมาแย่งส่วนแบ่งยอดขายได้หรือร้ายสุดคือทำให้ตกอันดับลงได้ ฉะนั้นแม้ผมจะไม่ได้ซีเรียสมากเรื่องหน้าตาก็อยากจะให้ปรับโฉมหน้าเหมือนกัน อีกเรื่องก็คือเครื่องยนต์ของรถที่ยังคงกั๊กเครื่องดีเซล Mivec 2.4 ลิตร บล็อกล่าสุดไว้แต่รุ่นบนๆ แต่รุ่นล่างๆอย่างกระบะตอนเดียว หรือตัวเตี้ยทั้งหลายยังเป็นเครื่องเก่าอยู่ ส่งผลให้เครื่องเก่าก็ยังได้เกียร์เดิมนั่นคือ ธรรมดา 5 สปีด ส่วนเครื่องใหม่จะได้ ธรรมดา 6 สปีดแล้ว ถึงเรื่องนี้ไม่ค่อยมีใครคิดมาก แต่ผมว่าต้องมีคนอยากให้เปลี่ยนบ้าง เรื่องสุดท้ายคือระบบความปลอดภัยที่พี่มิตซูเล่นให้แค่เฉพาะตัวท็อป 4 ประตู เกียร์อัตโนมัติขับเคลื่อน 4 ล้ออย่างเดียว ทั้งรุ่นธรรมดาและพิเศษ ในขณะที่ค่ายอื่นยังดีที่ให้ในตัวขับเคลื่อน 2 ล้อบ้าง และอีกอย่างก็คือระบบความปลอดภัยมาตรฐานอย่าง ABS EBD ก็ยังไม่มาครบทุกรุ่นเลย บางคนอาจมองว่าไม่จำเป็นแต่ผมว่ามันจำเป็นมากสำหรับคนอย่างผมเลย ก็มีเพียงเท่านี้ครับ...หวังว่าทุกท่านจะยอมรับสิ่งที่ผมกล่าวมา",negative,0
3353,3353,ผิดกฏหมายข้อไหนก็บอกเค้าไปสิคุณตำรวจ55,negative,0
3354,3354,พาไปเลี้ยงหน่อย,positive,1
3355,3355,เพลินค้ะ,positive,1
3356,3356,รองพื้นกับแป้งศรีจันทร์ลด70%อะแกรรรรรร แต่ชั้นใช้ไม่ได้อะแกรรรร เบอร์ขาวสุดแล้วมันยังเข้มไป เส้าาาาา,negative,0
3357,3357,ไปๆๆกะนั้น พร้อมม้าย555,positive,1
3358,3358,ซึพอนออกเสียงคล้ายชุมพร หรือจะชามเรียงกันเป็นเชียงราย,positive,1
3359,3359,อร่อย,positive,1
3360,3360,หงษ์ทองเราขาย270 จาก250 เบียร์ลีโอจาก55เป็น58 บาท ของเก่าที่ซื้อมาราคาปกติเราเอามาขายวันที่16ยังราคาเท่าเดิม ยี่ปั้วขึ้นเราก็ต้องขึ้นตาม ลูกค้าบางคนเข้าใจก็มีบางคนไม่เข้าใจก็มี ขายของเงียบอยู่แล้วยิ่งเงียบไปอีก,negative,0
3361,3361,คัดจนเกลี้ยง,positive,1
3362,3362,โฟมล้างหน้า Shiseido White Lucent Brightening Cleansing Foam W 30ml ของแท้ โฟมล้างทำความสะอาดผิวหน้าเนื้อเนียนนุ่ม ขจัดสิ่งสกปรกให้หมดจดพร้อมผลัดเซลล์ผิวเก่าอย่างอ่อนโยน คงไว้ซึ่งความชุ่มชื้น **ราคา 350 บาท,negative,0
3363,3363,ถ่างใส่ผ้าอนามัย กะลำบากละ อันนี้ต้องสอด อีก โอ๊ยยย ..,negative,0
3364,3364,อยากจิลองมะ,positive,1
3365,3365,ไปมาแล้วคะ อิ่มมากกกกกกกก,positive,1
3366,3366,อย่าให้เป็นแบบลูกเบียร์ช้างเสียละ,negative,0
3367,3367,ไม่น่าแดกช้างเยอะเลย สัสกลิ่นเต็มคอเลยยยยยย,negative,0
3368,3368,วันที่1มั้ย,positive,1
3369,3369,คนที่ดูบุหรี่ไฟฟ้า ส่วนใหญ่เค้าพยามเลิกบุหรี่มวล พยามเลิกสิ่งเสพติด,positive,1
3370,3370,มาสด้าบริการหลังการขายคือแบบ ............,negative,0
3371,3371,ทำไมชั้นกินสปายแล้วปวดท้อง,negative,0
3372,3372,ตื่นมากะเอาล่ะ,positive,1
3373,3373,นี่เหรอ ที่บอกอยากกิน,positive,1
3374,3374,เคยใช้หมด ไปบักหลายขวดคือกัน สรุปกูแพ้ เลยมาใช้ กานิเย้ 😑,negative,0
3375,3375,เคยบ้าเอ็มเคกับแม่ กินอาทิตย์ละ3-4 วันติด โคตรหนักและโคตรเปลืองงงง,negative,0
3376,3376,นี่ก็แซ่บ,positive,1
3377,3377,ก่อนซื้อเลือกนาวาร่า ซื้อแล้วใช้แล้วคิดผิดน่าจะเลือกดีแม็ค ประหยัดเทพๆ,negative,0
3378,3378,เบียร์เป็นขวดจะถูกลงมั้ยครับ ลีโอถูกคอถูกใจ,positive,1
3379,3379,เหี้ยเอ้ย ต่อไปจะไม่รอใครพาไปซื้อละ ล่าสุดจะมาซื้อกันแดดmizumi อีนี่ก็หมดโปร1/1พอไป laneige ครุชชั่นบรัชlimitetหมด…,negative,0
3380,3380,ห้องใหญ่มาก นอนได้ 4 คนเลย ใกล้แหล่งท่องเที่ยวกลางคืน ถ้าคนนอนหลับอยากอาจจะรำคาญนิดหน่อย,positive,1
3381,3381,ฟอร์จูนเนอร์2.4ถ้าไมเนอร์เชนจะปรับแรงม้าเพิ่มใหมครับ เพราะตอนนี้แรงน้อยสุดในตลาด,negative,0
3382,3382,ผมเปลี่ยนมาใช้ taxi Linemanเป็นหลัก จ่ายสดอย่างเดียว ราคาตามมิเตอร์,negative,0
3383,3383,นิสสันนาวารา มาพร้อมกับนวัตกรรมใหม่ กล้องมองรอบทุกทิศทาง เพิ่มความปลอดภัยในการขับขี่ น่าสนใจมากๆค่ะ,positive,1
3384,3384,กาวผ้าอนามัยมันทำมาเหมือาเหนียวแน่น ยกเว้นกับ กกน.TT,negative,0
3385,3385,เชียร์ NARS นะ,positive,1
3386,3386,กิน ไฮเนเก้น เลยกุ 😂,positive,1
3387,3387,เสือกขึ้นราคาเองช่วยไม่ได้ คนที่อยากเลิกอยู่แล้วพอเห็นราคา เลิกได้ทันที,negative,0
3388,3388,เด็กๆแนะนำให้ใช้ เพราะมันดี มีส่วนผสมคือมีเมือกหอยทาก และมีทอง 24 k ทางsnailwhite จึงติดต่อมาให้เป็นพรีเซนเตอร์,positive,1
3389,3389,สนใจนะแต่ไม่มีเวลา😈😈😈😈😈,positive,1
3390,3390,พน.จัด,positive,1
3391,3391,ถ้าสร้างcampaign ใน change.org จะช่วยได้มั้ยครับ,positive,1
3392,3392,มิโซะ มึงทำกระทะไหม้,negative,0
3393,3393,น้องวอสการ์ น้องชูชิ น้องหงษ์ทอง น้องเมลาเดี่ยน 55+++แม่มันชอบกิน,positive,1
3394,3394,ของเขาดีแพงชิครับแต่ก่อนผมเล่นสามยี่ห้อไม่สองปีมีปัญหาเลยมาเล่นโตโยต้าติดใจมากเวลาแซงสั่งได้ขับวีโก้มาสิบปีแล้วสุดยอดของรถเห็นรีโว่ตัวใหม่ชอบออกมาอีกขับดีคับรถสั่งได้ตามใจผมบางใจไช้โตโยต้ายี่ห้ออื่นให้เปล่า..เปล่า..ผมยังไม่เอา,positive,1
3395,3395,คนที่อยู่นี่ล่ะส่วนมากตอแหล 100ทั้ง100พวกเมิงก็เข้าข้างกันเองทั้งนั้นแหละ ไอ้พวกเด็กติ่งแตดเห่อหมอย ไม่รู้พ่อแม่สั่งสอนมั้ย รึสอนดี แต่แม่งสันดานเหี้ย พอรวมกลุ่มแดกเหล้าก็พากันทำเรื่องชั่วๆ พอโดนคนที่เค้าไม่ยอมก็เอาแต่โทษคนอื่น พวกจังไร พวกเมิงๆนี่แหละไม่มีสมองมา,negative,0
3396,3396,แล้ววันไหนหยุด,positive,1
3397,3397,น่าโดนจังเลย,positive,1
3398,3398,ต้องบุหรี่ไฟฟ้า โทษทันที,negative,0
3399,3399,อยากไปเห็นหน้าพี่ก้อน ที่คอยเราอยู่หน้าร้าน ชอบส่งสายตาให้เราด้วย,positive,1
3400,3400,"กรี๊ดดดด!!!! พ่อมา!!!!!! ""ผมจะไปยื่นกกต.ให้ยุบพรรคพลังประชารัฐ ถ้าไม่ทำ จะดำเนินคดีกกต.ข้อหาละเว้นการปฏิบัติหน้าที่โดยมิชอบ"" พ่อในพ่อ!!!!!!!!!!!!!!!!!!!!!!!!!!!!!!!!!",positive,1
3401,3401,เคยกินข้าวเหนียวมะม่วงจานละ350มาแล้วซึ่งบ้านเราขายกล่องละ60 ปริมาณเท่ากัน คือมีข้อเปรียบเทียบให้เราทานพิซซ่า เคเอฟซี แมคโดนัล เบอร์เกอร์คิง ฯลฯเยอะแยะมากกว่าที่จะตัดสินใจทานอาหารไทยเพราะแพงมากก,negative,0
3402,3402,2018.01.12ช่วงไหนจิตตกคือตกเลย ......เครียดทุกอย่าง....เครียดทุกเรื่อง ใครพูดอะไรเก็บไปเฟลหมด ......แต่ช่วงไหนไม่ดาวน์คือสดใสสุด มีคนมาสาดเลือดหน้าบ้านก็ไม่โกรธสุขภาพจิตสำคัญที่สุดจริงๆ.........#instagood #day #pcnjay #location #vscocam #j2 #instagram #instagramdaily #instagramers #instagramhub #vscocamthailand #vscogood #vsco #style #thailand #thai #drinks #alcohol #marlboro #smirnoff #beer,negative,0
3403,3403,กุแพ้โซฟี,negative,0
3404,3404,"4,000,000 บาท ซื้อรถอีซูซุ มิว7 ที่เหลือ ฝาก ธนาคาร",positive,1
3405,3405,แม่🐨จ๋า​ งุ้ยน่ารักหน้าเด็กจัง​ เพราะกินกาแฟหรือกินเด็กน้อ​,positive,1
3406,3406,ไปเลี้ยงเก๋าโหน่ยยยยย 😂 เก๋าอยากกินง่าาาา,positive,1
3407,3407,รัฐบาลนี้มีแต่ควายบริหารประเทศ โง่ทุกตัว,negative,0
3408,3408,ใครๆ ก็ชอบกินไก่ย่าง! ยิ่งถ้าเป็นไก่ย่างซอสการ์ลิคที่ HOT POT BUFFET ลองแล้วจะติดใจ Cr. สนุกเต็มที่ อร่อยเต็มอิ่ม กับคุณ,positive,1
3409,3409,ตายค่ะ จะเลือกผู้ชายหรือนโยบายดี 🤤 หมอเอ้ก #ประชาธิปัตย์ #เลือกตั้ง62,positive,1
3410,3410,ของที่ไม่ใช่ของต้องห้ามไม่ผิดครับ ถ้าเสื้อผ้าไม่เสียภาษีคุณซื้อเค้ามาจะมาจับคุณไม่ได้ต้องจับคนที่น้ำเข้ามาโดยเลี่ยงภาษีเข้าใจใหม่ ปีะชดอะไรไร้สาระ,negative,0
3411,3411,⚙️ติดบุหรี่ไฟฟ้าสัสๆ,negative,0
3412,3412,บอกตรง ๆ ค่ะทุกอย่างดี แต่ไฟเลี้ยวของอัลติสเนี่ย ขับตามแล้วอันตรายมาก,negative,0
3413,3413,ก็แค่ง่ายรัฐไม้ได้ตังส์,negative,0
3414,3414,คนจนขับ HR-V ส่วนกูนี่แม่งไม่เจียมตัวเลย จนแล้วยังเสือกขับอัลเมร่า,negative,0
3415,3415,แม่บอก ไม่!,negative,0
3416,3416,ว้าวๆ ใช้ Cosluxe พอดีเลย กรี๊ดดด,positive,1
3417,3417,จริงจังเว้อกับบุหรี่ไฟฟ้าเนี่ย,negative,0
3418,3418,Mazda cx-3 ใหม่ คือไม่ไหวอะ เห็นละทนไม่ได้ สวยเว่อ ไม่มีตังโว้ย 😭,negative,0
3419,3419,มึง การ์นิเย่ปุกเหลิองกุใช้ละคือแบบ รู้เลยว่ากัดหน้าอะ ใช้ไปครั้งเดียวแยก,negative,0
3420,3420,อยากกินอะไรจดไว้ๆจ้าา,positive,1
3421,3421,ก้เปลี่ยนมั่งเบื่อหมูท้ะ,negative,0
3422,3422,เบื่อซูชิแบ๊ววววววว🤩,negative,0
3423,3423,ไม่เอา ไม่อยาก,negative,0
3424,3424,เล้งแซ่บยักษ์ ไซส์ XL รสชาติแซ่บถูกปาก น้ำซุปเปรี้ยวเผ็ดเค็มพอดี หอมพริกมะนาว ซดน้ำเพลินมาก กระดูกหมูเปื่อยนุ่ม เลาะเนื้อออกจากกระดูกได้ง่ายดาย,positive,1
3425,3425,ไปค่ะ 5555,positive,1
3426,3426,จัดๆๆๆๆๆๆเลย มาๆๆๆๆ,positive,1
3427,3427,อ่านเมื่อคืนก่อนนอนโคตรบันเทิง 😂😂😂 สรรพคุณล้ำเลิศมาก ลาแมร์ ลังโคม ฯลฯ ชิดซ้ายเลย,positive,1
3428,3428,รอดูต่อไป แต่ถ้าจะไปนะ โชว์ดีซีไปยาก ถ้าไม่มีรถตัวเองก็ไปลำบากนิดนึง ส่วนตัวคิดว่ามันเป็นห้างที่ไม่มีอะไรเลย...,negative,0
3429,3429,ลพบุรีไม่ร่วมม 😭😭,negative,0
3430,3430,เพราะพื้นที่ในโครงการทั้งหมดเป็นของซีพีและเบียร์ช้างโดยอาศัยเงินงบประมาณแผ่นดินมาพ้ฒนาเพื่อสร้างมูลค่าเพิ่มบนที่ดินของนายทุนทั้งสอง,negative,0
3431,3431,เหนแม่งห้ามโพสเหล้า งงหวะ,negative,0
3432,3432,สมัครสมาชิกไม่ไดอ่ะ บอกว่าอีเมลล์นี้เคยสมัครแล้ว ใช้อีเมลล์ไหนก็ไม่ได้,negative,0
3433,3433,ได้รับสินค้าแล้ว สินค้าใช้ดีมากค่ะ ขอบคุณค่ะ,positive,1
3434,3434,100 ชนแหลก ต่อให้อ้วกแตก...ก็ไม่หยุดแดก ไม่หยุดชน,positive,1
3435,3435,กินได้... เกบเราด้วยน่ะ กลับเบียช้างยอมแพ้จิงๆ,negative,0
3436,3436,ชุดอิหยังวะ ยิ่งกว่าพนง.แอร์เอเชีย,negative,0
3437,3437,จะกินได้เน มะพร้าวด้วย,positive,1
3438,3438,โบกแท็กซี่สิบคันไม่ไปซักคัน,negative,0
3439,3439,สู้ครับผม,positive,1
3440,3440,ก็ยึดแนวพอเพียงไง จะมีกด ้กินแบลคกินเรด สู่ไม่ไหวหรอกโยมมันแพง,negative,0
3441,3441,อยากกกกๆๆๆๆๆๆ,positive,1
3442,3442,ต้นเหตุทั้งม่วนมิใช่อะไรอยากเก็บภาษีละสิมึง,negative,0
3443,3443,อายุไม่เกิน12ปี ความสูงมันก็ต้องเกิน130 อยู่แล้วป่ะค่ะ ถ้าจะให้เด็กฟรีไม่ควรจำกัดความสูง,negative,0
3444,3444,วิ่งไปจุดพลุที่ร้านบาร์บีก้อน,positive,1
3445,3445,ความสูงเกินค่ะ,negative,0
3446,3446,"ลองหันมามองลุงแกในแง่ดีดูนะ ...สมัยที่ยังไม่มีอะไรเลย เคยมีผู้ใหญ่มาสอน ว่าผู้หญิงที่ผัวขับกระบะแล้วซื้อซีวิคให้เมียใช้เขาจะยืดกว่าผู้หญิงที่ผัวขับเบนซ์แล้วให้เมียใช้แอคคอร์ด เขาอธิบายมาอีกพอสมควรทั้งในแง่จิตวิทยาชีวิตคู่ , ความเสียสละ/ใส่ใจที่พึงมีให้คู่ของตัวเองที่สะท้อนลงไปในการตัดสินใจยิบย่อย แต่ผมว่าลูกเพจคงตีความกันเองได้",positive,1
3447,3447,ช่วงนี้จน55,positive,1
3448,3448,show dcนี่ยังไม่เปิดจริงจังไปอีกหรอ,negative,0
3449,3449,พร้อมตลอดด5555,positive,1
3450,3450,มันเป็นเรื่องของผลประโยชน์ครับ อะไรที่ยากต่อการควบคุม ไม่ต้องหาเหตุผลเลย,negative,0
3451,3451,จัยรัวๆๆๆๆๆๆๆๆๆ,positive,1
3452,3452,กินสิงห์สองลังไม่เคยเมา เจอช้างไปสองเยือกอ้วกจนหมดท้อง 😂😂😂,negative,0
3453,3453,ไม่ได้มานานคิดถึงจัง ❤️ — ที่ ถนนริมโขง ท่าเสด็จ @ หนองคาย,positive,1
3454,3454,โรงแรมอยู่ข้างจากถนนประมาณ 200 เมตร สามารถเดินออกมาได้ในตอนกลางคืน ไม่ได้เปลี่ยวมาก คนผ่านตลอด,positive,1
3455,3455,อิอิ 555,positive,1
3456,3456,กินสเมอนอฟ กระป๋องเดียวก็มึนแล้วอ่ะ กากจัง T___T,negative,0
3457,3457,เห็นมั้ยป๊า กรุงศรีมันสำคัญ,positive,1
3458,3458,อุดส่าตั้งตาดูนัยเพลงผ้าอนามัยเฮ่ยทำด้ายม่ผ่านเสียงดับละ,negative,0
3459,3459,SpyWineCoolerทานมาตลอดดื่มแล้วสดชื่นรสไม่ขมเหมาะสังสรรค์กับเพื่อนมาก,positive,1
3460,3460,จะดีแค่ไหนถ้าเราสามารถหน้าสด (อย่างมากแค่เขียนคิ้วงี้) ออกจากบ้านได้แบบไม่ต้องกังวลว่าจะโทรม หรือต้องแอบถ้าเจอคนรู้จัก? ส่วนตัวขวันเคยเป็นคนที่ผิวพังมากๆ หน้ามันเกิน ลอกบางจุด แต่งหน้าบางๆยากมากที่จะสวย เรามาดูกันว่าถ้าผิวชุ่มชื้น มีออร่าในตัวของมันเอง ผิวจะดีขึ้นยังไง และเวลาไม่แต่งหน้าจะเป็นยังไง ไปดูเลยค่า #biothermthailand #aquasourceaura #หน้าสดแต่ไม่เศร้า,positive,1
3461,3461,พอเป็นฮุนได ดูราคาแพงไปเลย คิดว่าจะถูกกว่านี้,negative,0
3462,3462,=+1 ย่างเสร็จเหมือนกินเศษหมูเหลือๆ,negative,0
3463,3463,ไม่เกี่ยวกะดัดดาน เพราะคนไม่ได้เดือดร้อนอะไร ถ้าแกไม่สูบตั้งแต่แรกจนติดก้ไม่ต้องมานังเดือดร้อนงี้ป้ะโก้,negative,0
3464,3464,สุ้ๆๆคะ เป้นกำลังอยุ่ข้างหลังเสมอ,positive,1
3465,3465,เงินในเป๋าา 😿,negative,0
3466,3466,เดียวกูนั่งรถเมย์ไปเลย,positive,1
3467,3467,จัดสักหน่อยไม,positive,1
3468,3468,พี่กรแม่งเอาฝีหนองให้แดกหวะ 🤔,negative,0
3469,3469,รอให้ กยส.นึกวิธีหารายได้จาก บร.ฟฟ.ออกก่อนเถอะ อะไรก็ห้ามไม่อยู่ แต่จริงๆแล้วมันก็สิทธิส่วนตัวนะผมว่า ทีคนยืนสูบบุหรี่ทิ้งก้นบุหรี่ในที่สาธารณะไม่เห็นมีหมาที่ไหนมาเห่าเลยนะครับ,negative,0
3470,3470,ก็น่าจะอร่อยนะ ดูจากรูปแล้ว เนื้อน่ากินสุดๆ เหมือนบาบีคิวพลาซ่า,positive,1
3471,3471,รีบจัดสิฮะ,positive,1
3472,3472,อือหืออ ต้องจัดด เดี๋ยวได้เงินละจัดเลยย,positive,1
3473,3473,รถchr โตโยต้า สวยมากๆครับ,positive,1
3474,3474,จริง ยังเขย่าไม่เสร้จบอกหมด,negative,0
3475,3475,Shu uemura สีสวยแต่ไม่ชอบแพ็คเกจดูการ์ตูน แต่คุณภาพดีนะ มันดูญี่ปุ่นไป,negative,0
3476,3476,ไปสอยมาแล้ว the saem multi color ด้วยความรีวิวมันทำให้อยากได้ ก็ไม่ผิดหวังนะสีสวยจริงๆ สีเหมือนที่เห็นในรีวิวเลย ดีทุกอย่างเสียอย่างเดียวคือ ปริมาณน้อยไปไหมเล็กมากเลย อยากได้อีกหลอดเลย ลิปเนื้อกึ่งแมทจร้าติดทนระดับนึง ราคาถูกนะคุ้มก็ได้ #FLLรีวิว,negative,0
3477,3477,อยากกินนะแต่กลัว55555,positive,1
3478,3478,Honda Civic Diesel Turbo ประกาศความเกรียงไกร สามารถให้ความประหยัดมากสุด 29.41 กม./ลิตร ขายในอังกฤษ ที่แรก!!!,positive,1
3479,3479,เบื่อคนเล่นตัว. 5555,negative,0
3480,3480,ก็คือจะเปิดบช scb กับธนชาติ แต่ก็คือไม่มีซักธนาคารในที่แห่งนี้ ครื้อ กุท้อว่ะ,negative,0
3481,3481,พีจิมมีครับ ผมใช้รีโว่ 4*4 ช่วงล่างข้างหลังมันดีดมากเลยครับมีวิธีแก้ไขหรือเปล่าครับขอบคุณครับ,negative,0
3482,3482,ผมครับ สูบและเลิกมาแล้ว2ปี เท่มั้ย ส่วนนึงใช่ครับ เพราะมันคือของที่เราถือ อย่างน้อยมันต้องมีสไตร์ครับในแบบของเรา แต่ที่ผมสูบคือผมตั้งเป้าว่าต้องเลิก และผมก็เลิก หลายคนก็บอกนะ ไม่มาลองไม่รู้ว่ามันเลิกยาก คือไม่ยาก แค่ไม่เลิกกันเองแค่นั้นละครับ,positive,1
3483,3483,เวลาไป ชอบสั่งหนวดหมึกชุบแป้งทอดมากินก่อน อร่อย เพลินดี,positive,1
3484,3484,ห้อยในตู้ตามริมถนนยังหน้าาากินกว่านี้ หน้าตาไม่น่ากินเลย อย่าได้ยอม,negative,0
3485,3485,ลิปอินนิสฟรีทำปากแห้งเว่อๆแพงก็แพงกูจะซื้อมาทำไมเนี้ยยยยยยยย แตกทั้งปากเลยไม่คุ้ม,negative,0
3486,3486,"ถ้าค่าแรงวันละ 700, กระทิงแดงก็จะขวด 50, ข้าวแม่งก็จานละ 100 , เบียร์ช้างขวด 200, บุหรี่ซอง 300 รับได้ ป่วยเป็นหวัดครั้งละ 10,000 , ผ่าตัดเล็กครั้งละ 3-4 แสน, ผ่าตัดใหญ่ครั้ละล้านขึ้น ไหวป่าวล่ะ, ขึ้นค่าแรงไปก็เท่านั้น นายทุนหน้าเลือดทั้งหลายไม่ปล่อยให้คุณเหลือเงินติดตัวหรอกครับ",negative,0
3487,3487,จิงๆครับ ขับเบ็นซ์w210ไปงานวัด รปภ หาที่จอดให้อย่างดี แต่ไม่สนใจ อันติสคันละแปดแสนเลย 555,negative,0
3488,3488,สั่งมาเป็ปซี่ไม่ซ่าเลยยย😔,negative,0
3489,3489,เชฟ กับ นิสสัน กำลังเข้าวิกฤติแล้ว,negative,0
3490,3490,ใช้ Malissa Kiss แล้วคิดถึง เพราะเธอเป็นคนที่สวย มีเสน่ห์ และแซ่บมาก พอได้เห็นลิปสติกสีแซ่บๆ ก็จะนึกถึงเธอคนนี้ ผู้หญิงปากแดงๆ และชอบในการแต่งหน้า แต่งตาของเธอ นี่ถ้าหากเราเป็นผู้ชาย คงจีบเธอไปแล้ว อิอิ 😘😘😘 #beautrium #btgame,positive,1
3491,3491,ออเจ้าไม่เอาหรอก ตักน้ำซุปยากชิบหาย คงต้องใช้ช้อนเด็กเพิ่งเกิดตักกินน้ำซุปอะ 😆,negative,0
3492,3492,ค่าชุดอาจจะแพงกว่าส่วนลด,negative,0
3493,3493,ผมไม่เคยเจอปัญหานี้เลย ไม่ว่าจะเป็น มิตซู โตโยต้า ฮอนด้า เพราะผมดับเครื่องเวลาเติมน้ำมันทุกครั้ง 😆😆😆,negative,0
3494,3494,มีคนบอกว่า เค้าปรับปรุงอร่อยขึ้นนะ,positive,1
3495,3495,ชุดเริ่มต้นก็เกือบๆ3000แล้วครับ รวมถ่านรางชาร์จ ยังไม่นับลวดอุปกรณ์ส่วนควบอื่นๆอีก ซึ่งยากที่เยาวชนจะเข้าถึงอย่างที่เขาเอามากล่าวอ้างครับ,negative,0
3496,3496,เมื่อวานเดินผ่านช้อปโจมาโลนเพิ่งรู้ว่าน้ำหอมอันใหม่ขวดเล็กจุ๊มุมาก,negative,0
3497,3497,กั๊กออปชั่นอยู่นั่นแหล่ะ หนีไปใช้ยี่ห้ออื่นแล้วครับ จากคนเคยใช้โตโยต้า อิอิ,negative,0
3498,3498,อยากกิล555,positive,1
3499,3499,แดกลีโอเหมือนเดิม😂,positive,1
3500,3500,เมื่อวานกูบองกินแล้ว อร่อยเวอร์ สปายหลบไป,negative,0
3501,3501,ฉันใส่ผ้าอนามัยยาว40ซม.ละ มึงยังเลอะ #ฉันรับไม่ได้,negative,0
3502,3502,ไม่อยากก้ไม่ต้องกินเพราะตังของคุนแต่จะมาพูดให้คนที่เขายังกินอยุ่รุ้สึกแย่กันเพื่อ??ต่างคนต่างมีดุลพินิจไม่เหมือนกันปะ,negative,0
3503,3503,พลาดแรงมาก ใช้ค่ายเดิมมา10กว่าปี อุตส่าย้ายค่ายมาเน็ตห่วยแตกกว่าค่ายเดิมอีก เลิกใช้แน่นอนรอบหมดรอบบิลนี้,negative,0
3504,3504,กลุ่มรถซีวิคเป็นกลุ่มที่น่ารำคานมากกกกกกกกก อวดรถกันได้ทุกวินาที อวดทำไมมึงก็ใช้รถเหมือนกันทุกคน ละก็พวกสก๊อยที่บอกว่าอวดรถแต่ถ่ายนมตัวเองชัดละรถเบลอนี่คือ?????,negative,0
3505,3505,"ตันที่ 26/3/2561 นำรถไปเปลี่ยนนำ้มัน ครบ 10,000กิโล ที่ศูนย์honda นครพนม เมื่อเปลี่ยนถ่ายน้ำเครื่องเสร็จแล้ว หลวงปู่ทอด ในรถหายไป ทางศูนย์ honda นครพนม ไม่มีการรับผิดชอบ หรือตรวจสอบใดๆให้ลูกค้าเลย ผู้จัดการศูนย์แจ้งว่าที่นี้ไม่มีขโมย ไม่มีเซียนพระ ระหว่างรับบริการไม่มีการนำน้ำดื่มมาให้บริการ เสียความรู้สึกมากคะ",negative,0
3506,3506,เพราะชอบแสงโสม ไม่ชอบเหล้าหงส์,negative,0
3507,3507,เซฟรูปไว้เลย,positive,1
3508,3508,ดื่มง่าย ดื่มคล่อง ไม่ต้องบีบจมูกเวลาดื่มด้วยจ้า จะไปซื้อกันยังนะ,positive,1
3509,3509,การตลาด nissan ชัดๆ แกร่งจริงๆ ถถถ ทั้งขวาน ทั้งจอบทำไรไม่ได้ ถถถถถถถถถถถถถถถ,positive,1
3510,3510,จะหมดปัญหาเรื่องความกังวล เครียด มีปัญหานอนไม่หลับช่วงวันนั้นของเดือนไปทันทีเลยนะขอบอก แค่มาลองใช้ ลอรีเอะ ซอฟท์แอนด์เซฟ เอ็กซ์ตร้าโพเทคชั่น แอนตี้แบคทีเรีย แบบกลางคืน 1 แผ่นครบทุกความต้องการ ลดการสะสมของแบคทีเรีย สาเหตุของกลิ่นอับชื้นกวนใจ แถมด้วย ไซด์ บล็อก หยุดการซึมเปื้อนด้านหลัง นอนหลับสบายทั้งคืน ยังไงก็มั่นใจเลยจ้า...ลองดูๆ,positive,1
3511,3511,น่าไปลองอะ,positive,1
3512,3512,#innisfree super volcanic pore clay mask น้องคนนี้ช่วยกระชับรูขุมขน ทำความสะอาดสิ่งสกปรกจากรูขุมขน แถมลดความมันบนใบหน้าได้ด้วยน้า 🌿💚 #howtoperfect #ชี้เป้าโปรถูก #ถูกและดี #ripไอดอ #ถูกบอกต่อ #ของมันต้องMe #พื้นที่โปร #ไว้ขายของห้ามรีวิวโว้ย #ไว้ขายของห้ามรีวิวโว้ยย,positive,1
3513,3513,นับถือ Isuzu จริงๆ แค่กระบะอย่างเดียว ขายได้เดือนล่ะหมื่นคัน โหดแท้ ^0^,positive,1
3514,3514,กูว่าเบียร์หมีเลี่ยนไปหน่อย,negative,0
3515,3515,ไม่ดีกว่า,negative,0
3516,3516,อัพเดต Innisfree จากพี่หิ้วนะคะ อาจจะได้ของไม่ตรงตามที่เลือกมาน้า เพราะพี่เค้ากลัวเอาของแถมมาให้ไม่ทัน ถ้ามั่วแต่เลือกคงไม่เลย ตอนนี้ได้บางส่วนนะคะ เดี๋ยวรอตอนดึกๆ จะมาอัพว่าได้เซตไหนบ้างนะคะ #เลิฟcos #รีวิวเลิฟc,negative,0
3517,3517,ไปถึงสาขา ไม่เหนจะลดตามราคาแจ้งเลยค่ะ พนักงานก้อไม่สนใจ คุยแล่นกันอย่างเดียวค่ะ ราคาก้อไม่ตรงกับที่แจ้งไว้ หลายครั้งแล้ว ตอน Nyx ก้อเช่นกันบอกลดพอไปหน้าร้าน ไม่มีสักตัวค่ะ,negative,0
3518,3518,อยากแดกโว้ย,positive,1
3519,3519,นี่คือราคา299จริงใช่ป้ะคะ.... #รีวิวเอ็มเค,negative,0
3520,3520,เพิ่งไปกินมาวันนี้ กลิ่นตุๆค่ะไม่โอเคเลย,negative,0
3521,3521,กินแลบปรกติสุขกันดีกว่า,negative,0
3522,3522,ความแพ้ผ้าอนามัยหนักมาก,negative,0
3523,3523,กัฟเคยใช้เมเบอลีนเอาไม่อยู่เหมือนกันค่ะ😂 ตัวนี้ดีกว่าน้า ปกปิดดีมากค่า,negative,0
3524,3524,เก๋งหลับในพุ่งชนรถสิบล้อ..แต่ข้างหน้ารถเก๋งไม่เป็นไรเลยสักนิด...ฮอนด้าซิตี้..ของเค้าดีจริง..R.I.P.ผู้เสียชีวิตด้วยครับ,positive,1
3525,3525,น้องว่าน่าจะหอมกว่าฮูกาเด้น,negative,0
3526,3526,จะกระจายได้ไงทั้งสื่อทั้งอวตารโพนทนาแต่เศรษฐกิจไม่ดี คนก็เชื่อแล้วขนาดแปะภาษีเบียรขึ้นขวดเป็นร้อยโชวห่วยก็ขึ้นราคาตาม ที่สำคัญคือมีคนไปซื้อไฮเนเก้นขวดละ110 ที่โชวห่วยโดยที่ก็เชื่อตามข้อมูลแปะๆ 🤣🤣🤣,negative,0
3527,3527,เปิดแว้ววววว,positive,1
3528,3528,อย่ามาแท็กกูววววว กูไม่นั่งแดกบาบีก้อนแบบนี้เเน่ๆ55,negative,0
3529,3529,จริงๆแล้วฮอนด้าอะหลั่ยมักจะแพงกว่าโตโยต้าที่มีอะหลั่ยหลายเกรดให้เลือก..จบ!!,negative,0
3530,3530,บุฟเฟ่ต์​กลับมาแล้ว รอบมึให้จัดหนักกันทุกสาขา แต่สาขากระทะดำที่ย่างแล้วอร่อยน้อยกว่ากระทะแบบทองเหลือง มีแต่ชุดแพงนะจ๊ะ #เอากระทะทองเหลืองของดราคืนมา #ดราม่าทำไม 555😂 #ไปกิน,negative,0
3531,3531,เบียร์ไทเกอร์ไม่โอเค ฮือๆๆ,negative,0
3532,3532,ผมเลิกบุหรี่ได้ก็บุหรี่ไฟฟ้านี้ละ แล้วตอนนี้ก็เลิกบุหรี่ไฟฟ้าได้แล้ว,positive,1
3533,3533,เค้าเขียนมาชัดเจนนะคะ ไม่เข้าใจว่าไม่ให้อ่านยังไง,positive,1
3534,3534,เสียดายที่เซนพระราม2 ไม่ร่วมโปรอะ,negative,0
3535,3535,สู้ๆ กูก็เป็น เวลานอนยังหายาก เดี่ยวมันก็ผ่านไป ไฟท์กับมันไห้เต็มที่,positive,1
3536,3536,KFC MK DQ Mdonut โลตัสก็มี เห้อ มีอะไรใหม่ๆให้กินมั่งล่ะ,negative,0
3537,3537,สัสสมัครสมาชิกอินนิสฟรีวันแรกก็ทำบัตรหายเลยกู55555555,negative,0
3538,3538,กลิ่นน้ำยาปรับผ้านุ่มแรงจนกลบกลิ่นโจมาโลนหมดเลย;_; เปลี่ยนร้านซักเลยนิ,negative,0
3539,3539,หรือเข้าที่เพจนี้แหล่ะมีอยู่,positive,1
3540,3540,เมื่อเช้าไปรอซื้ออินนิสฟรีกับเพื่อนแล้วเจอคนอาการไม่ดีแบบน่าจะโรคจิตอะ เป็นผู้ชาย 30-40 น่ากลัวมาก มีแผลเต็มตัวละ…,negative,0
3541,3541,ลองกินใส่ลีโอแล้วเมาเหี้ยๆ,negative,0
3542,3542,พี่หนีทันไหม ช้านไม่รุ้วว่าช้านเมา ช้านกินเหล้าแสงโสม ไปก่อนเด้อ ทุกท่านเลาต้องนอนล้าวว บั้ยยย,negative,0
3543,3543,เมื่อวานไปกินกระเพราเป็ดมาค่ะ อร่อย 😋,positive,1
3544,3544,ไปวันที่เข้ากีราสีไหม กลับละไปต่อจะได้ไม่เสียเวลา,negative,0
3545,3545,ทำ 3ce หายไม่เจ็บใจเท่า dior หายอะ 5555555555 น้องหายยย ᅲᅲ ฮือ,negative,0
3546,3546,ปัญหานี้เกิดกับรถค่ายเชฟ แคปติว่าด้วย เช่นรถผมที่ใช้อยู่รุ่น2.0ดีเชลปี13 ก็เจอปัญหาน้ำมันเครื่องดันเข้าสู่ระบบน้ำหล่อเย็นได้ เนื่องจากตัวออยน้ำมันเครื่องแตก เคลมไปรอบ และยังกลับมาเป็นอีกรอบ ซึ่งมันเกิดจากPartมันห่วยแตกจริงๆ รถวิ่งยังไม่ถึง9หมื่นโล โดน2รอบ นี่แหล่ะเมืองไทย ผู้บริโภคแทบไม่มีสิทธิอะไรในการต่อรอง เข้าไปให้แก้ไขบ่ายเบี่ยง ต้องวิ่งหาศูนย์เพื่อเคลม หลายๆศูนย์ไม่รับเคลม เนื่องจากรถผมใช้น้อย แต่ระยะปีเกินมาประมาณ1อาทิตย์ พอมาประท้วงก็จะโดนฟ้องร้องซะแบบนี้ กรรมของผู้บริโภคประเทศไทย(เป็นกันเยอะนะครับ ไม่ใช่รถผมคันเดียว),negative,0
3547,3547,รีบกลับมา,positive,1
3548,3548,"โปรโมชั่นเดือนเกิด ก้อนแนะนำ ชุดเบิร์ธเดย์ เฮฮา หมู/เนื้อ ราคา 659.- /689.- (จากราคา 999.- /1,072.-) คร้าบ 😊😋😉",positive,1
3549,3549,จะบ่นเป็นรูปที่หกแสนแปดหมื่นล้านว่าเกลียดไฟหน้าฟอร์จูนเนอร์,negative,0
3550,3550,อย่างปั่น55555,positive,1
3551,3551,ควยยย บุหรี่ไฟฟ้าหายยยยย 5555 ไอ้สัสเอ้ยยยย TT,negative,0
3552,3552,แต่ชุดดีมากนะรอบนี้ ดีแบบกราบตีนเลยถ้าเทียบกับอิตู่หรือมาจีมัก เนี่ย พอได้ชุดที่ส่งอะ จากสวยอยู่แล้วก็สวยไปอีก ปั๊วะอยู่แล้วก็ปั๊วะได้อีก วอนสไตลิสต์เลิกจัดชุดแปลกๆ #KILLLTHISLOVE,positive,1
3553,3553,อยากกินก๋วยเตี๋ยวคั่วไก่ที่เยาวราช อร่อยสุดๆเลย,positive,1
3554,3554,ยูเบียร์สดแย่กว่าที่คิด,negative,0
3555,3555,ไม่กิน285,negative,0
3556,3556,เมื่อวานไปซื้อโคน ทำไมยัง 10 บาทละครับ โปรลด 5 บาทบอกเริ่มเมื่อวาน ขอเงินคืนด้วยครับ,negative,0
3557,3557,ก้อนๆ เนื้อถาดใหญ่ได้น้อยมากเลยอ่ะ,negative,0
3558,3558,พนักงานทำงานสนิมสร้อยมาก หรือ #ธนาคารกรุงเทพ #BBL จะใช้พนักงานแก่ๆนั่งเค้าเตอร์เยอะไป,negative,0
3559,3559,เล่นตอนไหนอ่าาาพลาดได้ไงเรา,negative,0
3560,3560,ไม่อร่อยเลยสู้ไก่กรอบแบบเก่าไม่ได้,negative,0
3561,3561,โตโยต้ารีโว่กระจังหน้าใหม่ ขยับความดุดันใกล้ฟอร์ดแระ แต่อะไหล่หาง่าย ซ่อมง่าย ไม่แพง ยังไงคำตอบอยู่ที่โตโยต้า,negative,0
3562,3562,สรุปเช่าชุดแพงกว่าค่ากินค่ะ,negative,0
3563,3563,อยากกกกก,positive,1
3564,3564,ต้องสมัครพันทิปไว้แล้วล่ะ รออ่านดราม่า mazda 2 ของนี่กับศูนย์ได้เลย,negative,0
3565,3565,สาขาเมกกะบางนา ออกคิวช้ำกันมาก่อนแต่ออกบัตรคิวเบอร์เดียวกัน ทำให้เสียเวลาไปรออีกครับ ปรับปรุงจุดนี้นะครับ,negative,0
3566,3566,ชอบ biore ซึมไวมากกกกกกกกก ถูกด้วย อิอิ,positive,1
3567,3567,นิสสัน นาวารา รถสวย สมรรถนะสุดยอด ชอบค่ะ,positive,1
3568,3568,เพลียยยยย ดีละที่ฟ้องจะได้ไม่ใกล้ เคยสนใจมาสด้า3,negative,0
3569,3569,ตากูบวมตั้งแต่แก้วแรก 55555',negative,0
3570,3570,เดี๋ยวตอนเยนไปดีกว่า,positive,1
3571,3571,โซจูครับ รสพีช รสชาติหวานๆซ่าๆ คล้ายพวกสปาย แต่อร่อยกว่าเยอะ กินเพลิน แต่บางทีกว่าจะรู้ตัวก็เมา,negative,0
3572,3572,จัดหน่อยไปๆๆ,positive,1
3573,3573,กินไม่เป็น😁😁,negative,0
3574,3574,พึ่งจะรู้กันเหรอวะ กุแม้งแดกเหล้ากะเอเลี่ยนทุกวันเสาร์เลยสัส คอแข็งมาก มันบอกหงส์ทองนี้ละของดี,negative,0
3575,3575,ตอนนี้ยังไม่มีอะไรครับ เสียวสันหลังหน่อยๆ 😁😊,negative,0
3576,3576,ชอบกระบะนิสสันเพราะช่วงล่างแน่น ตอนนี้มีโปรแรง น่าสนใจมาก,positive,1
3577,3577,กว่าจะผลิตรถขายได้ ฟอร์ดต้องเสียค่าโฆษณา อีกนานเลย,negative,0
3578,3578,พกไปไม่เยอะเงินถึงแค่เบียร์ ละฮาตรงที่เพื่อนลืมยอกว่าไม่กินลีโอ ดวดเดี่ยวเลยค่ะ เซเกือบตาย,negative,0
3579,3579,วันนี้ไป บอกว่าหมดโปร คือรัยงง,negative,0
3580,3580,เดวเผากางเกงแม่งให้หมดเรย,negative,0
3581,3581,เป็นการกินhotpotที่ทรมานมาก ปวดท้องเมนส์ ปวดจนกินไม่ได้ ปวดๆหายๆบ้าๆบอๆ ไม่อยากกินยาแล้วไม่ได้เอายาไปด้วย เลยตัดสินใจไปซื้อแผ่นประคบร้อนแทน แบบมันดีมากอยากมีไว้ซัก10แผ่น 😂,negative,0
3582,3582,มาลองใช้ ลอรีเอะ ซอฟท์แอนด์เซฟ เอ็กซ์ตร้าโพเทคชั่น แอนตี้แบคทีเรีย แบบกลางคืน 1 แผ่นครบทุกความต้องการ ลดการสะสมของแบคทีเรีย สาเหตุของกลิ่นอับชื้นกวนใจ แถมด้วย ไซด์ บล็อก หยุดการซึมเปื้อนด้านหลัง ทำให้หมดกังวลหลับสบายในวันนั้นของเดือนแน่นอนจ้า,positive,1
3583,3583,มันคือเม็ดสาคูมั้ย ตัวอ่อนของพยาธิอะ เเง หมดกันบาบีก้อนของนุ้้้้้้้เ,negative,0
3584,3584,อยากซื้อไว้ขับเล่นสักคันแต่พอดูรายการค่าบำรุงรักษาแล้ว แพงกว่า Honda jazz ผมอีก,negative,0
3585,3585,อยากกกก ป่ะ เอื้อยออกซอย 150฿ 55555,positive,1
3586,3586,ไม่มีอะไรพัฒนาเลยของเดิมเสียหายhonda,negative,0
3587,3587,ไอ้ใครพิมพ์สมน้ำหน้าตะกี้นะ,negative,0
3588,3588,จำกัดอายุผู้ใช้ก็ได้นิครับ,negative,0
3589,3589,ชิสสันนาวาร่า สวยแกร่งบึกบึน กับราคาสบายๆน่าสนใจมากครับ,positive,1
3590,3590,แต่ อ็อปชั่น เยอะกว่า ฟอร์จูนเนอร์ 1700000 อีก,negative,0
3591,3591,อาชญากรรมทางการแพทย์.. หลอกลวงคนไข้ผ่าตัด ตัดหมอนรองข้อเข่าอำพราง รพ.กรุงเทพภูเก็ตปลอมเวชระเบียน ตอนที่๑.,negative,0
3592,3592,แต่งชุดธรรมดาคนก็มองแล้วนี่จะใส่ชุดไทยมองกันตาเหลือกเลยเชียว,negative,0
3593,3593,น้องไส้กรอก + น้องหงส์ทอง 55 ดาวพระศุกร์ ศิษย์ลูกปางป้อมยิม,positive,1
3594,3594,จะข่าวลือข่าวจริง สุดท้ายแล้วต้องยอมรับว่า #ทักษิณ คือ ยืน 1 การเมืองไทย วางแต่ละหมาก เล่นแต่ละเกม มันสมอง คือสุดจริง ได้ทุกกระแสpodcast ชัชชาติ ทษช สนุกจริง เลือกตั้งรอบนี้ #ไทยรักษาชาติ ❤️💙2️⃣🐝1️⃣ 💙❤️,positive,1
3595,3595,ไปๆๆๆอิอิ,positive,1
3596,3596,ถูกกว่าใดๆในโลก คุ้มมาก,positive,1
3597,3597,เสียอย่างนึงไม่มีกุ้ง น่าจะมีกุ้ง,negative,0
3598,3598,ทานที่สาขาโลตัส ปทุมธานี ค่อยข้างบ่อยเพราะใกล้บ้าน พนักงานไม่ค่อยสนใจลูกค้าเลย ยืนเกาะกลุ่มคุยกัน ไม่ค่อยเดินดูว่าลูกค้าต้องการอ่ะไร กล่ำปีหมด สาขาอื่นจะเดินเข้ามาถามว่าเพิ่มมั้ยคะ สาขานี้ไม่เลย ยกมือก็ไม่ค่อยมองกันเลย พริก กระเทียม น้ำจิ้ม ปล่อยให้เหลือน้อยมาก บางทีหมด #เป็นลูกค้ามาเป็นสิบปีละกินเกือบทุกอาทิตย์ ฝากด้วยค่ะ เพราะไปทานบ่อย ก็อยากได้บริการดีๆ :),negative,0
3599,3599,สาขาบางกะปิหายไปไหนอดกินเลย,negative,0
3600,3600,พร้อมเสมอ,positive,1
3601,3601,น่าร๊ากกก เรื่องกินไว้ใจได้ค่ะ,positive,1
3602,3602,ตอแหล,negative,0
3603,3603,นิสสัน นาวารา ใหม่! คือเทคโนโลยีที่เปลี่ยนให้ทุกปัญหากลายเป็นเรื่องง่าย,positive,1
3604,3604,ไปกินมาแล้วค่ะแต่อยากให้ชุดตอกไข่กลับมาอีก,positive,1
3605,3605,ไปๆยังมีเวลาอีกหลายวัน,positive,1
3606,3606,Complain เลยพี่,negative,0
3607,3607,วันนี้สัญญาณแย่มากปกติเล่นได้ไว เป็นไรคะ ระบบมีปัญหารึป่าว งง มากกก,negative,0
3608,3608,โอ้ยยยอยาก,positive,1
3609,3609,เน้ตแม่งโคตรช้า เสียตัง ไม่ได้ขอฟรี แม่ง,negative,0
3610,3610,กินๆๆ,positive,1
3611,3611,ขอบคุณเมียมากคับ555,positive,1
3612,3612,ไปจ้าไปจ้าา,positive,1
3613,3613,อีเหี้ย โครตเสียดายเงิน -.-,negative,0
3614,3614,จะไม่กินเบียร์ยูละ โคตรไม่อร่อย,negative,0
3615,3615,สาขาเซนลาดไม่ร่วมนะออเจ้า,negative,0
3616,3616,ช่วงแนะนำซีรีส์ญี่ปุ่น RE:MIND กลุ่มเด็กผู้หญิง (วง Keyakizaka46) ถูกจับล็อกขาติดกับโต๊ะอาหาร เหลือเก้าอี้ว่างตัวเดียวที่ต้องนึกให้ออกว่าเป็นของใคร ตอนที่มีใครเริ่มนึกอะไรบางอย่างออก จะมีคนหายไป ทั้งเรื่องมีแต่ฉากนั่งโต๊ะคุย ลึกลับดี แต่ตอนจบอาจไม่ว้าวเท่าไหร่ มีใน Netflix เด้อ,positive,1
3617,3617,สมควรไม่ดูราคาก่อนข้าวแพงไม่เท่าไหร่แต่เบียร์ช้าง ขวดล่ะ120กว่าจะเมาคงหมดเยอะกว่า7000-,negative,0
3618,3618,สนไหมๆ,positive,1
3619,3619,ขอบคุณค่ะ💕,positive,1
3620,3620,อยากได้ลิปรววแต่กูไม่ไหวใจอีทูดี้ละ การที่คิ้วกูหายระหว่างวันแม่งไม่ตลก,negative,0
3621,3621,กูเบื่อกาวผ้าอนามัยว่ะอีเหี้ย,negative,0
3622,3622,ไปนะไปปปปป,positive,1
3623,3623,แต่มึงกินแสงโสมไม่ด๊ายยยยย,negative,0
3624,3624,แมงสาบเต็มร้าน,negative,0
3625,3625,ว่างมั้ย ไปกินบาบีก้อนกัน,positive,1
3626,3626,จัดๆ hotpot ไหม 555,positive,1
3627,3627,ไม่มีตังงงง,negative,0
3628,3628,น้ำลายไหล.ีสสสส,positive,1
3629,3629,ถึงไหนแล้ววตัววตอบไลนเค้าหน่อยย,positive,1
3630,3630,Toyota Fortuner ออกแบบมาได้ยังไง โตโยต้าควรคิดสักนิดนะคะ ก่อนจะออกแบบรถมาขาย ส่องมามองไม่เห็นอะไรเลย นอกจากไฟ,negative,0
3631,3631,แพงกว่าดีแม็คอีกนะ,negative,0
3632,3632,ไปจัดทีวันเสาร์,positive,1
3633,3633,ดีนะที่เราใช้การ์นิเย่ พอนด์ ซองยี่สิบบาท ปลอดภัยสบายกระเป๋า,positive,1
3634,3634,นึกตอนทาสมูทอีก่อนนอน ตื่นมาหน้าเยิ้มมาก เพราะเป็นคนผิวค่อนข้างมัน (มาก) อุดตันไปหมด ฮือออ,negative,0
3635,3635,เคยกินเรดปลอม หน้าตามือเท้าบวมหมด แพ้หนักมาก เข็ดจิงๆ😂,negative,0
3636,3636,กฏมีไว้แหก,negative,0
3637,3637,ไหนจะเที่ยวไหนจะของขวัญ55555,positive,1
3638,3638,285เหล้าหมาไม่แดกจร้า,negative,0
3639,3639,อ่านมากี่รีวิวแล้ว มีแต่ไปเทียบกับ HRV ที่ผมคิดว่ามันคนละทรงกัน ไม่มีใครคิดถึง Nissan Juke เลยมันทรงเดียวกัน ด้านหลังถ้าขายาวหน่อยนั่งไม่ได้ครับ,negative,0
3640,3640,ไม่ได้กินเนื้อ😀,negative,0
3641,3641,ผมก็เป็นตอนขับวีออส เติมตอนขีดมันกระพริบ 300บาทขีดแทบไม่ขึ้นเพราะมันเข้าไปแทนที่ส่วนทีหายไปของ10ลิตรที่กระพริบ,negative,0
3642,3642,ลีโอเลิกกินมาเกิน 6-7 ปีแล้วครับถ้าซื้อเองนะ แต่ถ้าไปกินกับคนอื่นก็พอกล้อมแกล้มกินได้ ผมก็ไม่ชอบลีโอที่เปรี้ยวๆ แถมผสมโซดาโครตเยอะ,negative,0
3643,3643,เสียใตไง,negative,0
3644,3644,ผ้าอนามัยที่ใช้ทำไมกลายร่างเป็นcooling freshหมด จะร้องไห้TTTT ได้กลิ่นก็มึนหัวแล้ว,negative,0
3645,3645,นะๆๆๆวันก่อนมันไม่ลดแต่ตอนนี้มันลดไง,positive,1
3646,3646,ไฮเนเก้นเลิกกินไปนานแล้วครับ คิดถึงkroster,negative,0
3647,3647,สเมอนอฟไม่แซบบบบ,negative,0
3648,3648,โปรมา4จ่าย3..แจกใบปลิว..แต่ไม่ยอมแจ้งเวลา..ไปถึง17.00บอกหมดเวลาแล้วค่ะ..เสียอารม..แล้วจะมีโปรนี้เพื่อ..คนทำงานเขาก็เลิกกัน5โมงทั้งนั้น..ตกลงจะขายให้แต่..คนทำงาน8โมงเลิก5โมงหรือไง..กูก็ไม่ใช่ข้าราชการเนาะ..พูดมาแล้วรมขึ้น..โฮมโปร.ศรีราชา..พูดจาหมาไม่แดกอีก..เกิน17.00..ไป5นาทีแล้ว..เข้าไม่ได้..อิปอบ😠😠😡😡😡,negative,0
3649,3649,จะว่าไปเราก็สาวกสมูทอีแทบทุกตัวเลยคร้าาา ดีงามคร้าาา,positive,1
3650,3650,เมื่อกี้ก็ไปถึงสยามละ เสือกลืมเดินไป sephora อีกกกก 🙄,negative,0
3651,3651,มื้อกลางวันนี้ป่ะล่ะ,positive,1
3652,3652,โดยรวมสวย แต่ถ้าได้กระบะท้าย ปั้มตัวหนังสือ ฟ้อนต์ ford ลงไป อาจไม่ต้องเหมือนรุ่นพี่ก็ได้ที่เป็นแถบดำ มันจะได้แตกต่างอีกนิดครับ ประตูคู่หน้า ตัดเว้าตรงที่มองกระจกข้างลงมานิดคล้ายๆ รุ่นพี่ น่าจะเพิ่มต้นทุนไม่มาก ผมว่าจะสุดยอดครับ ไหนๆ ก็ผลิต ออกแบบแล้ว อย่าให้เสียครับ ไม่ต้องรอการตลาด ranger raptor MC ผมใช้ wt ขับ 2 อยู่ ถ้าได้แบบที่ผมคิดนะ...ตัดสินใจง่ายขึ้นครับ,positive,1
3653,3653,บาบีก้อนนนนนนน,positive,1
3654,3654,สาขาโรบินสันเชียงใหม่ไปบอกไม่ร่วมรายการ แต่ทำไมในรายละเอียดบอกร่วมรายการอะ,negative,0
3655,3655,เดียวนี้ไม่ค่อยมีของอะไรเลย,negative,0
3656,3656,อือหือ. น้ำไหล,positive,1
3657,3657,ใช่ๆคันผ้าอนามัยพึ่งเปนครั้งแรกเลยคันมากเมื่อก่อนไม่เคยคันนะ,negative,0
3658,3658,วันก่อนไปกินเอมเคตามน้องฟ้าด้วย กินน้ำจิ้มน้อยลงด้วย,negative,0
3659,3659,ถ้าแบบนั้นคงต้องดูยอดขายของ CR-V ตัวเองว่าดีกว่ามั้ย แต่จริง ๆ ผมชอบโฉมนี้มากกว่า แคมรี่ใหม่นะ แต่ถ้าเป็นในเมืองไทย รถราคาประมาณล้านครึ่งถึงล้านปลายแบบแอคคอร์ท ผมก็คงเล่น SUV นั่นแหละ,negative,0
3660,3660,ฉลองโดนหวยกิน,positive,1
3661,3661,หาซื้ออินนิสฟรีวนวไม่ได้ ท้อใจ,negative,0
3662,3662,เมื่อผู้ใช้โดนตำรวจจับ ให้ทำตามนี้ พูดจริง เสียงจริง ถามเจ้าหน้าจากปากนิติกรของศุลกากร (เปิดเสียงดังๆเลยคับ) #แชร์เพื่อเป็นประโยชน์สำหรับนักท่องเที่ยวต่างชาติและประชาขนผู้ใช้งานที่โดนตำรวจจับและรีดไถ #ขอบคุณพันธมิตรแห่งเงาทุกๆท่าน,negative,0
3663,3663,เบียร์ช้าง52บาท ขึ้นมาไม่เกิน60 ถุ้ย,negative,0
3664,3664,วันนี้กินเอ็มเคแบบน้ำจิ้มน้อยมาก กะจะลดโซเดียม สุดท้ายไปตายกับไอติมทุเรียนที่เดลี่ควีน...,negative,0
3665,3665,เอาตรงๆ คือ เราเคยไปหาหมอ แล้วจู่ๆ หมอก็จับนมโดยไม่บอก ก็สะดุ้งนะ แต่ก็เข้าใจว่า คลำหามะเร็งพอดีเป็นหมอผู้หญิงไง ไม่คลำเปล่าให้ถอดเสื้อหมดเลยด้วย เราว่ามันน่าจะเคสเดียวกันแต่นี่เสือกเป็นหมอผู้ชาย,negative,0
3666,3666,ไม่ได้อยากกินเลยจริงๆ,positive,1
3667,3667,223 2ปีกับ23วัน รักษารถมาอย่างดี มาพังลงก็วันนี้ ไม่ได้อยู่ด้วยไม่ถึง 2 เดือน ยับครับ😡😡 #hrv #hondahrv #hondathailand #05042561,negative,0
3668,3668,กินง่ายเมาง่าว อันนี้แหละ,negative,0
3669,3669,เออเน่อะ คนไทยโดยแท้เลยกู อ่านหนังสือไม่เกิน2บรรทัด,negative,0
3670,3670,อยากกิน พาไปหน่อย,positive,1
3671,3671,ลาบลุงน้อยนี่พวกเหี้ยเลิกคาบเช้า ยกแสงโสมไปกลมนึง น้ำแข็งฟรีน้ำเปล่าฟรี แดกตอนเที่ยงแล้วเมามาเรียนคาบบ่ายต่อ,negative,0
3672,3672,เสียดายจุง เหมียวท้องเสีย,negative,0
3673,3673,วันอาทิตแพง379แนะ,negative,0
3674,3674,ทำอย่างกับบุหรี่ไฟฟ้าเป็นยาบ้ามากันทั้งคณะหมอลำเลย,negative,0
3675,3675,ตัวนี้ดีกว่าเยอะ เบียร์หมีจืดสุดๆแต่ก็หอมอยู่นะครับ,negative,0
3676,3676,หิวๆอยากกิน,positive,1
3677,3677,เมนูฮิตที่ลูกค้าชอบ,positive,1
3678,3678,ลีโอ ต้องนครปฐมครับ สงสัยไปกิน ปทุมธานีเลย จืด,negative,0
3679,3679,เคยใช้ Srichand ค่ะ เนื้อค่อนข้างเหลวเลยนะคะ ไม่ค่อยปกปิดเท่าไหร่ แต่ก็ดีที่ไม่หนักหน้า ปล.เฉดสีมันเข้มน้าาา (อย่างเรา ตอนแรกคิดว่าเราต้องใช้ SC30 แต่พอใช้ไปแล้วมันเข้มเกิ๊นนน แอบเซ็ง),negative,0
3680,3680,มีโปรวันเกิดไรมั้ยค่ะ,positive,1
3681,3681,ผมลงชื่อนานละ เอาใจช่วยครับ,positive,1
3682,3682,ciaz แม่ง ก๊อปบอดี้ city ี้มาทั้งคัน ไอ้ yaris ativ. ก็พยายามให้ไฟท้ายคล้าย mazda2 ทำไมไม่ออกแบบเองว่ะ,negative,0
3683,3683,เทอๆๆไปกินกันเพิ่ม สวย,positive,1
3684,3684,จ.ลพบุรี ไม่มีร่วมรายการ เสียดายจัง,negative,0
3685,3685,แพงไม่กิน หมูบาง ไม่มีตัง จน,negative,0
3686,3686,ออกกกำลังกายมีสี่วัน พังเพราะบาบิก้อน,negative,0
3687,3687,จันทร์-ศุกร์ อี้กกกกก,positive,1
3688,3688,ห้องและบริเวณโรงแรมสะอาดเรียบร้อย เงียบสงบ มีที่จอดรถเยอะ มีกาต้มน้ำร้อนในห้อง ห้องน้ำสะอาดแบ่งห้องเปียกและแห้ง,positive,1
3689,3689,ทำไมคนไทยไม่ชอบใช้ช้อนกลาง กินบิงซู ซาบู เอ็มเค เบื่อหน่ายวัฒนธรรมเกรงใจของคนไทย - Pantip,negative,0
3690,3690,คุมตัวผู้หญิง ใช้ตำรวจชายเหรอ ช่วยตอบด้วย,negative,0
3691,3691,เผยโฉม #LamborghiniHuracan Performante Spyder มาพร้อมหลังคา Soft Touch เปิดได้ใน 17 วินาที #Thaicarlover #รถใหม่ #Lamborghini,positive,1
3692,3692,ชอบนะบาบีก้อนอ่ะ แต่ไม่ค่อยอยากกินหรอกแพง พีคสุดก็ตอนนี้ที่เห็นในทวิตมีพยาธิอีก จบแล้วชีวิต ไม่ไหวแล้ว,negative,0
3693,3693,รอเลย เด่วปิดบาบีกอนเลี้ยง555,positive,1
3694,3694,😩☹️ ทำไมวันนั้นกินแล้วรู้สึกแดกไม่อร่อย หรือคอกูไม่ถึงหรือยังไง,negative,0
3695,3695,เสาร์นี้กะ,positive,1
3696,3696,ใครจ่ายน้าาา..,positive,1
3697,3697,โรงงานยาสูบกลัวขาดทุนครับ ในไทยถึงยังไม่ถูกกฏหมายสักที,negative,0
3698,3698,ถ้าเพิ่มชีสเสียเงินเพิ่มมั้ยคะ??,positive,1
3699,3699,ทำไมอินนิสฟรีที่สั่งในจมก.ยังไม่เริ่มจัดส่งอีกกกกก นานแล้วนะว้อยยย,negative,0
3700,3700,ชอบมิราจ.มิราจเป็นเอกลักษณ์ของมิตซูดี สวีฟมันเลียนแบบมินิออสตินมากเกินไป ไม่เป็นตัวของตัวเองเลยคะ,negative,0
3701,3701,วันหยุดเนอะ,positive,1
3702,3702,ปะปี๊ขา mk มั้ยคะ,positive,1
3703,3703,รัฐไม่สนับสนุนให้คนสูบมีทางเลือกเลิกบุหรี่จริงไหนๆจะป่วยตายก็สูบบุหรี่นอกเลยไม่อุดหนุนบุหรี่ไทยให้,positive,1
3704,3704,อร่อยมากๆๆๆๆ ให้ 10/1.,positive,1
3705,3705,เสียดายคงไปไม่ทันแน่เลย,negative,0
3706,3706,สาขาเดอะมอล์ท่าพระยิ่งกินอาหารเริ่มน้อยลงดูแล้วอาหารไม่มีอะไรเลย,negative,0
3707,3707,Urban decay all nighter concealer นอกจากปกปิดดีแล้วก็ไม่มีอะไรดีอีกเลย จบการรีวิว,negative,0
3708,3708,ช่วงเวลานี้ Netflix อย่างเดียวค่า เป็นตัวเลือกที่ดีที่สุดแล้ว,positive,1
3709,3709,ทำครับ ผม ยอดขาย อันดับ 5 ในกระบะ แซง นาวาร่า ได้ ถือว่าไม่ธรรมดา แถมใช้แต่เครื่อง บล๊อก 3.0 อย่างเดียว ครับ ผม,negative,0
3710,3710,App ห่วยแตก ไปหาทำการตลาดอย่างอื่นเหอะ,negative,0
3711,3711,หิวนะ555,positive,1
3712,3712,ไม่กินลีโอ 555,negative,0
3713,3713,ห้ามนำเข้ามาในราชอาราจักร เลยละครับ,negative,0
3714,3714,แต่จะเผ็ดจนกินไม่ได้ป่าง,negative,0
3715,3715,กลับมาแล้วไปกินกัน 555,positive,1
3716,3716,555555 อิ่มละ,positive,1
3717,3717,เดือนกพมั้งไปกินสองคนกับพี่สาวพาลูกชายวัยสองขวบไปด้วยเรียกพนักงานยากมากไม่มีใครหันมาแล งงนะจนเราเดินไปเติมน้ำเองอะ พนงบอกจะไปเสริฟที่โต๊ะ เอ่อ สรุปฉันผิดหรา เรียกก็ไม่มีใครสนใจ จะเก็บโต๊ะอย่างเดียวเลย สังเกตลูกค้าลุกแล้วจะรีบมาเก็บโต๊ะ แต่ลูกค้านั่งทานในร้านไม่ค่อยสนใจเลย แปลกนะเข้าใจว่าสั่งที่โต๊ะได้มีจอให้จิ้มแต่บางอย่างเช่นเติมน้ำหรือขอพริกกระเทียมเนี่ย ขอไปเถอะจ้ะ กินจนจะอิ่มแล้วยังไม่ได้เลย เคยลองใจพนง เอาแก้วน้ำเปล่าวางริมโต๊ะดูสิมาเติมมั้ย สรุปพนงทุกคน ย้ำว่าทุกคนนะ เดินผ่านจ้า เป็นแค่สาขานี้นะ สาขาบิ๊กซีบริการโอเค,negative,0
3718,3718,อีทูดี้หายอะ เพิ่งใช้ไปนิดเดียวเอง เซ็ง เซ็งชิบหาย,negative,0
3719,3719,ซ้ายตัวเก่าขวาตัวใหม่ ความคิดเห็นส่วนตัวนะคะ คนอื่นอาจใช้แล้วถูกก็ได้ มาเล่าให้ฟังเฉยๆปกติใช้ตัวไหนของSulwhasooไม่ไ…,negative,0
3720,3720,เป็นกำลังใจให้ครับ,positive,1
3721,3721,เรื่องเครื่องเสียหรือเป็นตรงนั้นตรงนี้มีทุกยี่ห้อครับ. ใกล้บ้านออกมาสด้ามาประมาณ1ปี. สตาทส์ไม่ติด ช่างศูนย์มาดูสตาทส์ติด อีกไม่กี่เดือนก็เป็นอีกแล้ว ต้องให้ช่างศูนย์มาดูอีก ผ่านมาประมาณ 2 อาทิตย์เองครับ ผมว่ามันก็ต้องมีบ้างนะครับเรื่องแบบนี้ น่าจะทุกยีห้อนั้นแหละมั้ง,negative,0
3722,3722,แม่งบรรยายซะกูคอแห้งเลย 5555,negative,0
3723,3723,ไปกินกันๆๆๆๆๆๆๆๆ,positive,1
3724,3724,ตูดแอคคอดใหม่ผมรับบ่อได้,negative,0
3725,3725,ยังคงชอบตรงที่กาวกระดาษ เเม่งติดเเน่นจริง ควรไปใช้กับผ้าอนามัย กาวพี่ดีจริงๆ,negative,0
3726,3726,ถ้าเธอเบื่อ ROV เรามี Lovแถมe ให้ด้วยนะฉลองก่อนวันเกิด จุ้ฟๆนะ,negative,0
3727,3727,Fc. นาวาร่า,positive,1
3728,3728,นั่นมึงนะ ที่กินแสงโสมละไปเยี่ยวใส่ศาลน่ะ เพื่อนห้ามแล้ว 😏,negative,0
3729,3729,พวกเราช่วยกันทำได้อย่างน้อยก็ร่วมลงชื่อนะคับ,positive,1
3730,3730,หลังบ้านมีนะ,positive,1
3731,3731,"เมื่อไหร่ AIS จะปิดตัวเองลงไปสักที สันยานเน็ตมีคุณภาพที่ "" ต่ำ "" ลงเรื่อยๆ การบริการก็...แย่ลงเรื่อยๆ คุณภาพเน็ตไม่ดีขึ้นเลย มีแต่แย่ลงๆ คอลเซนเตอร์ก็ตอบไม่ตรงคำถาม คำว่า...รอสักครู่....ผมรอไม่ต่ำกว่า 1 อาทิตย์ อยากรู้ว่าพวกคอลเซนเตอร์เค้าทำอะไรกันอยู่ หรือวันๆนั่งสุมหัวเม้าท์กันแต่เรื่องของชาวบ้าน คือคุณภาพการบริการมันต่ำตมลงเรื่อยๆ บางครั้งส่งข้อความในแชทไปถาม คอลเซนเตอร์อ่าน แต่....ไม่ตอบ !!!!!",negative,0
3732,3732,จัดมั้ยเอง,positive,1
3733,3733,แดกเบียร์เหล้ากูเอียนสปาย,negative,0
3734,3734,คูชั่นบาบาร่า นี่ต้องยอม ยอมหลบทางให้คนผิวขาวเลย คือแบบสีขาวมาก คนผิวคล้ำไม่ตอบโจทย์ นี่ขนาดเบอร์เข้มสุดนะ แต่ปกปิด…,negative,0
3735,3735,23/12🎄🍑💛 - ไปทำผมมา ย้อมให้สีผมอ่อนลงมานิดนึง กลัวผมเสีย5555555555 ตัดหน้าม้ามาด้วย แต่มัน ..... - ได้กินเอ็มเคแล้ววว แต่ไม่ประทับใจหมูชาบูมากๆ🤦🏻‍♀️ - คิดถึงบะหมี่ชายสี่หน้าโรงเรียน🍜,negative,0
3736,3736,ไปกินกัน 55555,positive,1
3737,3737,ดีแม๊กอืด,negative,0
3738,3738,"บุหรี่มวนอันตรายแน่ๆ ล้าน% บุหรี่ไฟฟ้าอันตราย 50,000%",positive,1
3739,3739,หมูทะ ชาบู mk ฮอทพอท ไอติม,positive,1
3740,3740,โดน smirnoff เข้าไป เกือบเอาตัวไม่รอด,negative,0
3741,3741,40++ ผิวแห้ง หน้าหมอง ริ้วรอยเล็กน้อยตามวัย ใช้ sleeping mask ของ l'oreal อยู่ แต่ก็เหมือนไม่ได้ช่วยอะไร มีสูตรอื่นแนะนำป่ะค่ะ อยากหน้าใส หน้าไบรท์ อ่ะค่ะ,negative,0
3742,3742,มันได้โปรแค่วันธรรมดาอ่ะเบล จันทร์-ศุกร์😂😂,negative,0
3743,3743,ทะเล? เห็นหมูไปครึ่งถาดละคะ,negative,0
3744,3744,"แม่อยากกิน บะหมี่,เป็ดย่าง แบบแน่นๆ จัดให้หน่อยย",positive,1
3745,3745,ไม่จ้ะไม่,negative,0
3746,3746,กุว่าตำรวจบางคนก็มีบุหรี่ไฟฟ้า,negative,0
3747,3747,ประจำเดือนมา ผ้าอนามัยหมด เหลือแต่แบบสอด...พ่อออออออมึง,negative,0
3748,3748,กินมาจนนับขวดไม่ได้ของเขาดีจริง. รูปโปรฟายยังเป็นช้างเลย,positive,1
3749,3749,นิสสันแกร่งจริง ทนจริง ถ้าเป็นกระบะที่บ้านวางใจนิสสันเลยค่ะ,positive,1
3750,3750,ไปค่ะ ทั้งโออิชิทั้งบารบีกอน 2อย่างเลย อิอิ😄😄,positive,1
3751,3751,ยาริสรุ่นใหม่ไฟหลังไม่สวยเลย ชอบแบบรุ่นเก่าไฟสองแฏ,negative,0
3752,3752,ไปๆๆคุณนายดา เดี๋ยวเลี้ยงเอง,positive,1
3753,3753,วันเสาร์นี้ม่ะ ไม่ได้กินนานแร้ว 😆,positive,1
3754,3754,อยากกินอะ,positive,1
3755,3755,อีกละ,negative,0
3756,3756,จัดไปสิคะ..,positive,1
3757,3757,คิดถึงตอนม.6 อีฉันจะเข้ารรสายแบบชิบหายตายห่าพร้อมกับถือถุงโจ๊กแม็คหมูเข้ารรเป็นอาหารเช้า พอถึงห้องก็จะเปิดกินแบบโนสนโนแคร์กูหิว,negative,0
3758,3758,laurier the best!,positive,1
3759,3759,คุนหลอกดาวอีกแล้ว,positive,1
3760,3760,ปกติทานอาทิตย์ละ 2 ครั้งแต่พอเห็นภาพที่แชร์ไปทานไม่ลงจริงๆค่ะ T T หวังว่าจะได้คำตอบโดยไวนะคะ,negative,0
3761,3761,https://www.ilaw.or.th/node/5123 คู่มือการเลือกตั้ง 62 ilaw ทำดีมากเวอร์ #เลือกตั้ง62,positive,1
3762,3762,อยากดูนิสสันมาร์ช ครับบบ,positive,1
3763,3763,ไปช้อปด้วย อึดอัดมาก,positive,1
3764,3764,ชอบทานมากคะ แต่เดี๋ยวนี้ราคาสูงขึ้นเยอะเลยคะ ฝากดูราคาให้เข้ากับปริมาณเซททีนะคะ,negative,0
3765,3765,นิสสันไทยน่าตามไปด้วย,negative,0
3766,3766,จัดดิ รอไร,positive,1
3767,3767,ไม่ !,positive,1
3768,3768,ไปทานมาไม่ได้เลย,negative,0
3769,3769,ว้าวๆๆๆ,positive,1
3770,3770,อยากฟังข่าวดีคราบบ สู้ๆนะครับทุกท่าน,positive,1
3771,3771,อร่อยน่ะแต่ปริมานได้น้อยเกินแพงด้วย,negative,0
3772,3772,สเมอนอฟ เหล้าเหี้ย,negative,0
3773,3773,กินมั้ยเทอ,positive,1
3774,3774,ขั้นต่ำสูงจังครับ ขอบคุณครับ,negative,0
3775,3775,เบื่อยัง..อยากกิน ไม่แพง,negative,0
3776,3776,เข้าใจเว้ย เก่งมาจากไหนก็ต้องมาแพ้285อ่ะจีง กินครั้งเดียวเข็ดจนไม่กล้าแตะเลย เป็นเหล้าที่ได้เมาแล้วเสียหมามาก สตงสติอย่าได้ถามหา,negative,0
3777,3777,กินเอ็มเคทีไรขี้แตกทุกที,negative,0
3778,3778,พนักงานไม่มีมารยาทมาก แย่มากมากินก็เสียเงิน มีโปรโมทอะไรก็เหมือนไม่อยากจะอธิบาย สาขาแฟชั่น ถ้าเปลี่ยนนิสัยไม่ได้แนะนำให้เปลี่ยนพนักงานนะคะทำนิสัยแบบนี้ไล่ลูกค้าชัดๆ แล้วก็ให้หมูดูน้อยๆด้วย รู้สึกไม่คุ้มแต่ก็กิน,negative,0
3779,3779,สเมอนอฟพี่ว่าไม่อร่อย 5555,negative,0
3780,3780,เชียงใหม่ ดอยตุง ภูชี้ฟ้า -ดอยผาตั้ง เชียงของ เชียงราย ถึงสุราษฎร์ธานี หายห่วง และ ประหยัดน้ำมันสุดๆ กับ แคปติวา,positive,1
3781,3781,เงินในกระเป๋าอ่ะไม่ไหวแล้ว555,negative,0
3782,3782,กาวผ้าอนามัยคือเสื่อมหรอคะ,negative,0
3783,3783,เทออออออออออออออออออออออออออ,positive,1
3784,3784,บาบีกอนรออยู่น๊าาา,positive,1
3785,3785,ถามก่อนว่ากุจะผอมไหม😂😂😂,positive,1
3786,3786,เบื่อฉิบหายผ้าอนามัยหวงกาวเนี่ย,negative,0
3787,3787,อยากได้ยาริส,positive,1
3788,3788,อ่านเม้นดิมีเจอแมลงสาปในเตาด้วย บางคนก็เจอไต่อยู่ใกล้ๆ,negative,0
3789,3789,ฉันไม่กินแสงโสม,negative,0
3790,3790,อยากให้ทุกคนได้ดูรูปนี้ สรุปออกมาดีมากๆ • กรอบสีแดงกับส้มคือ ”ไม่สนับสนุนเผด็จการ(คสช.)” • เขียวคือ ”สนับสนุนเผด็จการสืบทอดอำนาจ” • น้ำเงินคือ “พร้อมแปรพักตร์ตลอดเวลา” สรุปง่ายๆคือ ถ้าเราเลือกพรรคกรอบแดงกับส้มมากพอ ประยุทธ์และคสช.จะไม่มีทางได้เป็นรัฐบาลอีก #เลื่อนแม่มึงสิ,negative,0
3791,3791,หายคนมารับแล้วไปส่งที่คอนโดหนึ่งอัตรตรา เมาคืนเมาไอเหี้ย เมาขนาดนี้ล่าสุดก็สี่ปีที่แล้ว พ่อมึงเป็นเจ้าของโรงงานabsoluteหรอไอสัส แดกกลัวโรงงานเจ๊งไง,negative,0
3792,3792,เอมเคเป็นไรที่เบื่อที่จะกินมาก อยากกินซูชิกับหมี่เยนแต่คือแม่กับน้องชอบกินง่ะ แล้วประเด็นแม่เลี้ยงเลยเออๆกินก็ด่ะ5555,negative,0
3793,3793,ปะกินฮอทพอท555,positive,1
3794,3794,อ่านกติกางาน #BreezerTH ที่ให้ถ่ายรูปแล้วแชร์ลงfbน่ะ คือเป็นเครื่องดื่มแอลกอฮอล์ แล้วเราสงสัยว่าไม่ผิด พรบ.ควบคุมเครื่องดื่มแอลกอฮอล์ มาตรา 32 เหรอคะ,negative,0
3795,3795,เลิกใช้กานิเย่ถาวรอะบอกเลย,negative,0
3796,3796,ไม่อร่อย..,negative,0
3797,3797,รสชาตแย่มาก เหมือน 285 แต่แย่กว่าาาาา,negative,0
3798,3798,• Jack daniels สองกรมหัวจะระเบิด #เถ้านี่มะ !!!!!,negative,0
3799,3799,กระแสเพื่อไทยมาแรงมากแม้กระทั่งในภาคใต้ ตั้งแต่ชูนายกชัชชาติ,positive,1
3800,3800,น็ตหลุดบ่อยมากครับเล่นเกมส์อยู่ดีๆก็หลุดสักพักก็หลุดอีกเเล้วสักพักก็หลุดอีกหลุดเเล้วหลุดอีกจนต้องมาใช้wifi3bbเเทนถึงหายหงุดหงิด,negative,0
3801,3801,มันไม่มีเหตุผลที่จะคิดไปแนวอื่นแล้วนอกจากรายได้ของโรงงานยาสูบที่แม่งขยับแต่เรื่องภาษี..มัดมือชก....เมื่อไหร่แม่งจะเปิดหูเปิดตาดูชาวโลกเขาบ้างก็ไม่รู้,negative,0
3802,3802,เค้ายุเซนนิ55,positive,1
3803,3803,คี่เหมือนเป็นคนเดียวที่ไม่อินบาบีก้อน;-; น้ำจิ้มมันถั่วอ่ะ ไม่ชอบ เกลียดกลิ่นถั่ว ไปกินได้ แต่ไม่จิ้มน้ำจิ้มอ่ะ...,negative,0
3804,3804,ทำไมกินแล้วแม่งแฮงค์ กว่ากินช้าง กินลีโอว่ะ หรือลิ้นไม่ถึงก็ไม่รู้,negative,0
3805,3805,ไฮเนเก้น ชิวๆ,positive,1
3806,3806,พรรคเพื่อไทย ควรพิจารณาว่าพงกนักเลงควรจะอยู่ในพรรคต่อไปมั้ย ...,negative,0
3807,3807,ดราม่าจุงช่วงนี้ วีคหน้าบาบิก้อนมั้ย,negative,0
3808,3808,กลับมาเลี้ยงๆ,positive,1
3809,3809,สักแก้วมะ,positive,1
3810,3810,เทอเลี้ยงเรานะ,positive,1
3811,3811,พรุ่งนี้พาไปกินหน่อยน้าาา,positive,1
3812,3812,เฉพาะสาขาที่กระทะดำ 🙄 แต่หนูไม่ชอบกระทะดำเลย อีเวง,negative,0
3813,3813,♥️ 😬สุขสันต์วันเกิดค้าบคุณพ่อ😬 ♥️ ... มีเวลาแค่พักเที่ยงพ่อมาถึงบ้านพอดี จัดเสื้อลายสวย ๆ jaguar ( พ่อไม่ชอบใส่สี ๆ) บวก น้ำดื่มมีประโยชน์ jackdaniel’s พร้อมรับประทานอาหารนาน ๆ ได้กินที mk’ ... 😳😳😳😳😳😳😳😳 😂พ่อร้องไห้ 😂 🎈🎉🎊🎉🎊🎉🎊🎉🎊🎉🎈 “ คำอวยพรของแม่พ่อล้ำค่าที่สุด “,positive,1
3814,3814,แค่ผ้าอนามัยยังต้องเอาน่ารักด้วยหรออ !!!,positive,1
3815,3815,ส้มและแตงโม #ดี๊ย์ดี #สะดวกสุดๆ #anitechxbarbdon,positive,1
3816,3816,ออกลายเพื่อให้สะสมซองผ้าอนามัยเนี่ยนะ คือ,negative,0
3817,3817,อ้าวลูกชาย9ขวบ ดันยาว140ซม. จ่ายเต็ม,negative,0
3818,3818,อาการหนักมาก ตั้งแต่เมื่อคืน มาวันนี้ใช้งานไม่ได้ตั้งแต่ช่วงบ่าย inbox ไม่แม้แต่จะอ่าน เจอแต่น้องมะลิ (iService ก็เช่นกัน) วันหยุด มาเจอเน็ตใช้งานไม่ได้อย่างเซ็ง..,negative,0
3819,3819,เปลี่ยนเป็นโพสใบเสร็จแทนดีกว่ามั้ยครับ มันเสี่ยงมากอะ เกิดอะไรขึ้นมาใครรับผิดชอบ ㅠ ㅠ #breezerth #LiveLifeInColour,negative,0
3820,3820,เอาเวลาไปทำอย่างอื่นเถอะครับ ชาวบ้านจะอดตาย โจรเต็มบ้านเต็มเมือง ข้าวของราคาแพง ไปไล่จับบุหรี่ไฟฟ้าประชาชนก้อไ่ม่ได้อยู่ดีกินดีขึ้นหลอกครับ,negative,0
3821,3821,สาขากาญจน์ของก็คงน้อยตามเคย,negative,0
3822,3822,โทดนะครับ แอด เน็ตล่มหรอครับ เน็ตเน่ามากก ใช้รายเดือนครับไม่ลดสปีด 4M ขึ้น3G เน็ตไม่วิ่งเลย 😤😤😤,negative,0
3823,3823,ไม่เอากลัว,negative,0
3824,3824,เคยเห็นคดีเมื่อ 10 ปีก่อน สาวทุบรถ HONDA CRV ตัวเอง เพราะรถมีปัญหา ไปขอเปลี่ยน HONDA ก็ไม่ให้เปลี่ยน ไม่รุ้เรื่องจบยังงัย,negative,0
3825,3825,อีดอก ฟูลมูนครึ่งขวดคือหน้าร้อน ทีหลังเขินใครก็แกล้งทำมุกน้องดื่มแอลกอฮอล์มาค่ะ หน้ามีความระเรื่อค่ะะะะะะะ,negative,0
3826,3826,แสงโสมกุเลิกไปนานละ,negative,0
3827,3827,รีวิว มาสคาร่า เมลินดา รุ่นแมกซี่ เคิร์ล นางกันน้ำได้จริง ให้คะแนน7/10 หักตรงที่ตัวเนื้อมันมากองอยุ่ที่แปรงปัดเยอะ…,negative,0
3828,3828,อยากๆๆ,positive,1
3829,3829,ธันวาเจอกันค่ะ55555,positive,1
3830,3830,มีแต่ในกรุงเทพคนจังหวัดอื่นเขาแดกไม่เป็นมั้ง,negative,0
3831,3831,จริงๆ ที่บ้านมีหงษ์ทองพอดีเลยนะ แต่เข็ดหลาบกับหงษ์ทองมาก ความเหม็นของนางยังอยู่ในความทรงจำเช้าวันขำเหล้า,negative,0
3832,3832,เห้ยแกรรรรรร!!!!!!!!!! นังอินนีสฟรี เทอว์จัมทำแบบนี้มะด้ายยยยยยยยย,negative,0
3833,3833,มาสด้า 3 รุ่นแรกก็เป็น นานแล้วจำไม่ได้อะไรเสีย อาการคือขับๆ ไปเหยียบไม่ขึ้น แล้วพวงมาลัยก๊บังคับไม่ได้ พอลองดับเครื่องก็สตาร์ทใหม่ไม่ติดเลย,negative,0
3834,3834,คุณแม่,positive,1
3835,3835,จัดชีวาสเร็วๆเลย,positive,1
3836,3836,ชอบสนามบิน Schiphol อัมสเตอร์ดัม ตรงที่ดูเหมือนจิ๋วๆ แต่มีทุกอย่างที่จำเป็นและควรมี จะไปแท็กซี่ รถไฟใต้ดิน โฮเทลบัส คือเดินไม่กี่ก้าวก็ถึงละ ตัดภาพมาที่ดอนเมืองบ้านฉาน เวิ้งว้างล่ะเกิน,positive,1
3837,3837,ขนาดของคิวเพลส 200 กว่าบาท กูยังว่าแพงเลย 😂😂😂😂,negative,0
3838,3838,ตู้วหู้วววววววววววววววว,positive,1
3839,3839,อ้วนพาเค้าไปกินหน่อย,positive,1
3840,3840,หืออออออ ส-อ นี้ ต้องกลับบ้านนนน,negative,0
3841,3841,55555 แสงโสม กลิ่นแรงงงงง่าาา,negative,0
3842,3842,ของเรามีไม่กี่น้ำจิ้มเอง,negative,0
3843,3843,ส่ายเอว ส่ายเอว 😁😀 #ubeer,negative,0
3844,3844,รสชาตินุ่ม ดื่มลื่นคอไม่ค่อยฝืน สำหรับใครที่ไม่ชอบกลิ่นวิสกี้ แนะนำนำเลยROYAL STAG รับรองไม่มีกลิ่นฉุน,positive,1
3845,3845,เยลลี่กาแฟอร่อยจริงคอนเฟิร์ม กินประจำ แต่เราคาก็แอบแรง,negative,0
3846,3846,MK delivery จากบิ๊กซีติวานนท์นะคะ ส่งช้ามากและทำอาหารผิดแบบน่าเกลียดมากเลย 😰 สั่งอาหารตอน 18:08 น. ได้รับตอน 19:30 น. โดยสั่งเมนูอูด้งหมูห่อชีส ตกใจตั้งแต่คนส่งบอกว่ามีเขาส่งอยู่คนเดียวทั้งร้าน! ให้เช็คอาหารก็บอกว่ามั่นใจว่าถูกต้อง พอเปิดกล่องมาตกใจเลยค่ะ ไม่มีหมูชีส ไม่มีกุ้ง ที่สำคัญไม่มีเส้นอูด้ง! มีแต่เศษอะไรก็ไม่รู้ ทานไม่ได้เลย! คือแบบนี้รับผิดชอบยังไง เสียเวลาและก็เสียความรู้สึกมากเลย เป็นลูกค้าเอ็มเคมานาน ปรับปรุงด่วนค่ะ!!!!,negative,0
3847,3847,ซ้อกวางไปกินกานนมุย,positive,1
3848,3848,เดี๋ยวนี้ทำไมรู้สึกว่าโมเดสกลางคืน(ห่อม่วง)หาซื้อยาก แถวบ้านคือหาซื้อไม่ได้ ต้องซื้อห้างใหญ่อ่ะ,negative,0
3849,3849,อร่อยนะคะ ทานมาแล้ว,positive,1
3850,3850,ต้องไปลองกันนะ,positive,1
3851,3851,โซฟีนี่ด็ติดแน่นมากๆดึงออกมานี้กาวติดกางเกงในจนกางเกงในจะขาด,negative,0
3852,3852,บ้านติดเอ็มเค บ้าเอ้ย เบื่อเป็นนะ,negative,0
3853,3853,ผมเลิกบุหรี่ ได้ เพราะ บุหรี่ไฟฟ้า นี่แหละครับ,positive,1
3854,3854,มั่วแต่จ้องจะจับแต่บุหรี่ไฟฟ้า,negative,0
3855,3855,น่าสนมาก,positive,1
3856,3856,เตรียมท้องไว้ละนะ,positive,1
3857,3857,รอนาวาร่าก่อนเห็นว่าเครื้องยืมเบนซ์มาv6 /300+แรงม้า/550นิวตัน,positive,1
3858,3858,อิชิบหาย กำลังคิดว่าจะสั่งเอสเคทู 75 ml เพื่อหน้ากู ...,negative,0
3859,3859,ที่งงอีกอย่าง ก็คือแค่ท่านแนะนำให้เลือกคนดี มันหมายความว่าท่านแนะนำให้เลือกลุงตู่หรอ? ทำไมคิดแบบนั้นหรอ งง มีหลักฐานอะไรว่าคนดีที่ท่านพูดหมายถึงลุงตู่ หรือแค่มโนไปเอง ถ้าคุณคิดว่าคนดี=ลุงตู่คนเดียว ก็แสดงว่าพวกคุณคิดว่านักการเมืองคนอื่นไม่ดีหรอ นี่งงคนในทวิตมาก #โตแล้วเลือกเองได้,negative,0
3860,3860,ไม่ได้กินบาบีก้อนมา 7 เดือน !!!!!,negative,0
3861,3861,กำลังจะย้ายค่ายเร็วๆนี่ละ โฆษณา กับ ความจริงต่างกันลิบลับ,negative,0
3862,3862,ไม่เคยได้เลย T^T,negative,0
3863,3863,ที่เรานัดกันไว้ล่ม หรือไปต่อ55555555,positive,1
3864,3864,20ปีแล้วเหรอ แก้ว #ชานมไข่มุก ทรงนี้ คิดถึงมากกกกกก,positive,1
3865,3865,ทำไมได้น้อยเหมือนไม่ได้ลด,negative,0
3866,3866,ไปกันมั้ย😅😅😍😍,positive,1
3867,3867,หายข้องใจ!! ซื้อฮอนด้าซีวิค มาทำแท็กซี่ แต่เจอดราม่า กูรูรถเฉลยชัด..? ค่ายรถมีสิทธิ์ซื้อคืนได้ จริงหรือ!?,negative,0
3868,3868,รัก Chevrolet Captiva มากครับ ลูกสาวนอนตั้งแต่เด็ก ตอนนี้ 5 ปีกว่าแล้ว ไปเที่ยวมาเกือบทั่วประเทศแล้วครับ,positive,1
3869,3869,ใช่รุ่นพี่เราหลายคนหันมาสูบบุหรี่ไฟฟ้าจนเลิกบุหรี่ได้หลายคนเลย,positive,1
3870,3870,อร่อยมากจิงๆๆต้องลอง,positive,1
3871,3871,บิ๊กซี มหาชัย ไม่มีเหรอออ เสียใจ,negative,0
3872,3872,#ผ้าอนามัยโซฟี บางลงไปเยอะมาก คือเอามาเปรียบเทียบกับรุ่นเก่า กูเดิน2ที สำลีในผ้าอนามัยแยกออกจากกันแล้ว อารมณ์เสีย ขอสำลีหนาๆทำให้ได้ไหม ตอบ!,negative,0
3873,3873,ขอบคุณทุกท่านที่เป็นปากเป็นเสียงเพื่อคนอื่นครับ ความดีที่ทำไม่แพ้ตูนที่วิ่งขอเงินบริจาคเลยครับ,positive,1
3874,3874,ข้าวเม็ดหักๆป่ะครับ แบบไม่เต็มเม็ด แต่จ่ายเต็มราคานะ โครตทุเรศเลย,negative,0
3875,3875,ต้องรุ่นนี้เลยครับ Honda Civic มันเป็นรถที่มีเสน่ห์มากๆ ผมไปเดินงาน MotorShow ทีไรต้องมองและเข้าไปลองสัมผัสทุกที แต่ยังเก็บเงินซื้ออยู่ครับ รุ่นนี้บอกเลยผมต้องซื้อมาขับเป็นคันแรกแน่นอน (ขอเก็บเงินอีกหน่อย ใกล้แล้วๆ) ปล.ไม่มีภาพคู่กับรถ แต่อีกไม่นานครับ ฝันน....ให้ไกลไปให้ถึง #ฮอนด้าที่รัก #EnjoyHondaThailand,positive,1
3876,3876,พยายามไม่ตามข่าวบาบีก้อนอะ เพาะเปงสายกินสุกๆ ดิบๆ จะร้องไห้แล้ว,negative,0
3877,3877,ชุดหมูก็599แล้ว น้ำยังไม่ได้กินเลย,negative,0
3878,3878,ว่างๆไปจัดกัน 😄😊,positive,1
3879,3879,ว่าไงงงงง,positive,1
3880,3880,ทำไมความผิดแค่นี้ต้องยึดโทรศัพท์ด้วย ต่อไปนี้ต้องอ้างแล้วมั้ง ว่าจะติดต่อญาติที่รับราชการ......ตำแหน่ง.....แล้วยิ่งเป็น อปภร เนี่ย ติดต่อญาติได้เมื่อไหร่ จะเอาให้หนักเลย,negative,0
3881,3881,Primer ของ Revlon ไม่ดี แต่ของ golden rose ดี,negative,0
3882,3882,อดแหลกตามระเบียบ,negative,0
3883,3883,แค่นิสสันมาร์ช จะไปแข่งไรกะรถพ่อมึง น่าแข่งนักนิ,negative,0
3884,3884,คืออีทูดี้เปิดกู้ดติง ฮือ คือต้องเสียเงินแล้ว,negative,0
3885,3885,ดาราขาย dr.jill เว่อวี่ว่าาาา,negative,0
3886,3886,หมูสาขาเดอะมอบางแค / เซนทรัลบางนาเล็กมากกกกก #อ้าวเฮ้ยไม่เหมือนที่คุยกันไว้นี่หว่าาาา,negative,0
3887,3887,เฮียเขาจะถอยดีแม็ค,positive,1
3888,3888,แกๆ อยากกินแบบนี้,positive,1
3889,3889,ไปสิค๊าาาาาาาาา 55555,positive,1
3890,3890,แสงโสมนี่นำกุสู่ความชิบหายตลอดเลยนะ อิเวง,negative,0
3891,3891,ขอบคุณล่วงหน้าที่จะเลี้ยง❤️,positive,1
3892,3892,ยังไม่ได้ทวน203เรย มัวแต่เอมเค จำเยอะสัด 😰😢🤯,negative,0
3893,3893,แพงไปหน่อย drum ลงนิดเท่าชาวบ้านหน่อยนะคนระดับบ้านจะได้ชิมบ้าน..แถวๆ ตจว.ที่เลิกกินแบร์นสิงห์,negative,0
3894,3894,น่ากินอ่ะ 😉,positive,1
3895,3895,ขอบคุณพี่ที่เข้าใจ,positive,1
3896,3896,บะหมี่หยกน่ากินอ่ะ,positive,1
3897,3897,ไปกินมาเมื่อวานช้าอะไม่ค่อยอร่อยด้วยมันจืดๆไม่เข้มข้น,negative,0
3898,3898,สัส กูแดกเหล้าสเมอนอฟ สติเตลิด,negative,0
3899,3899,Innisfree วิตซี it's skin เราหน้ามันใช้แล้วมันกว่าเดิมจ้า,negative,0
3900,3900,จริงค่ะ แต่บารบีก้อนกลับอร่อยเนอะ,positive,1
3901,3901,ดีไซน์ดูลงตัวกว่า แอคคอดตัว g10จริงแหละ,negative,0
3902,3902,ดีจุงงงกล้ายอมรับและปรับปรุง,positive,1
3903,3903,เกินไปคับแค่บุหรี่ไฟฟ้า,negative,0
3904,3904,ตอนนี้กูเม็ดใหญ่ๆเป็นหย่อม จะขาดใจแล้วแอม เนื่องจาก แพ้ครีม loreal อีดอก,negative,0
3905,3905,เมื่อไหร่จะได้กินวะ,positive,1
3906,3906,บอกไร,positive,1
3907,3907,กำลังจัยคับป๋า,positive,1
3908,3908,วันที่6/3/61 เสียอารมณ์มาเร้ย. อาหารช้ามากกกกก นั่งคอย ประมาน20 นาที พนักงานยกน้ำจิ้มมาโดยไม่ใช้ถาด เอาถ้วยซ้อนๆกันออกมา จนเช็คบิล ตับหวานก้อไม่ได้,negative,0
3909,3909,นิสสัน นาวารา สวย แกร่ง ดีจริงๆครับ ปิคอัพอัฉริยะพลังแรง ชอบมาก,positive,1
3910,3910,ต้อวไปกินสะแล้ว,positive,1
3911,3911,เคยลองเอาลีโอทำ ออกหวานๆ(ใส่เยอะไปหน่อย) แต่มีเท็กเจอร์ในการกินหนึบๆ เคี้ยวได้ ช้างน่าจะเหมาะกว่า,positive,1
3912,3912,ถ้าประเทศไทยอากาศแบบ 10-20 องศาบ้าง นี่จะดีมาก จะเดินขึ้นรถเมล์ ต่อรถลงเรือแบบไม่หงุดหงิดเลย อยู่ญี่ปุ่นคุยกับพี่ว่าแบบ เออตอนอยู่ไทยไม่เดินต่อรถเยอะขนาดนี้หรอก แท็กซี่จบ(เดินขึ้นรถเมล์ ต่อรถไฟ 2-3 สาย) แต่มันไม่เหนื่อยเลย เพราะ อากาศเย็น แล้วไม่มีกลิ่นควันรถเลย อากาศดีมากๆๆๆ,positive,1
3913,3913,กู ไม่ กิน ช้าง,negative,0
3914,3914,น่าจะหยุดบังคับใช้กฎหมายไว้ก่อน,negative,0
3915,3915,เราหน้ามันค่ะ ถ้าใช้ biotherm คงรำคาญอะ 😂,negative,0
3916,3916,อีเหี้ยยยยยยยยยยยยยยยย โซฟี คูลลิ่ง เฟรช มึ๊งงงงงงงงงง เหมือนโบกมองเล่ยะไปเต็มๆน้องเลยอ่ะ,negative,0
3917,3917,เห็นด้วยครับ อย่าว่าแต่ข้าวผัดกระเทียม ข้าวขาวยังแข็งมากจนกินไม่ได้เลยบางครั้ง ฝากก้อนด้วย,negative,0
3918,3918,นัวพอมั้ยเจ้าคะ #ฟินเหมือนดังฝันไป #Guruอิ๊งค์พาชิม #TheMallThailand #TheMallShoppingCenter #TheMallGuru #ไม่ดูยูเอ้าท์ #บาร์บีคิวพลาซ่า #BarBQPlaza #บุพเพสันนิวาส,positive,1
3919,3919,กินดิๆๆๆๆๆ,positive,1
3920,3920,ที่บ้านก็ใช้นิสสันใช้งานดีกี่ปีเครื่องก็ไม่รวนสุดยอดค่ะในราคาที่เป็นเจ้าของได้,positive,1
3921,3921,แค่ฝีกับซากแบคทีเรียที่ต้มสุกเท่านั้นเองมิ้ม แอว้ะะะ 5555,negative,0
3922,3922,เบียร์ช้างขวดละ 120บาท !!!!!!!!,negative,0
3923,3923,นั่งแท็กซี่แม่งเลยอิผี,negative,0
3924,3924,ตะเองงงงงงงงไปกินกันนไหมมมมมมม,positive,1
3925,3925,Vr ของ wannaone ที่ innisfree ดีงามมากมึงกูนน้ำตาคลอเลยอีดอก คุณแดนมานอนตักกู จับมึงดูด้วยกรี้ดดดดด,negative,0
3926,3926,กินไปน้องรับน้อง คือแบบ สุด จะไม่แดกอีกแล้วแสงโสม,negative,0
3927,3927,หว้ายยยน่าลองงงจัง เรื่องสุขภาพเนี้ยยย,positive,1
3928,3928,เมื่อกี้ไปกินแล้ว ไม่ยักกะบอกว่า เป๊ปซี่ลดราคา พึ่งทำบัตรสมาชิกด้วยซำ้,negative,0
3929,3929,อยากลอง แต่แพ้โซฟี,negative,0
3930,3930,เพิ่มราคาเน็ตอีก ยังไม่พอยังจำกัด จำนวนGBอีก 55ระวังคนจะเลิกใช้นะครับ ผมคนหนึ่งแล้วที่จะเลิกใช้ 555ใช้เน็ต2วันความเร้วหมด,negative,0
3931,3931,"บางคนหน้าสด ก็โดนทักว่าหน้าเหมือนศพ แต่ของเรานี่ ""ทำไมหน้าไม่เหมือนรูปโปรไฟล์?"" โห หน้าสดวันเดียวแต่โดนทักเสียเซลฟ์ไปทั้งชีวิต ไม่คิดว่าชีวิตนี้จะกล้าหน้าสดออกจากบ้านอีกแล้วจ้า อยากจะมีประสบการณ์หน้าสดแต่ไม่ศพบ้างงง 😂 คิดว่าผลิตภัณฑ์คุณภาพดีๆจาก Biotherm น่าจะช่วยได้เย๊อะะะะะะะเลยค่ะ555555555555 ให้หนูเถอะน้าาาพี่เจลลี่จูนจู๊นนนน <3 #ประสบการณ์หน้าสด #หน้าสดแต่ไม่เศร้า #BiothermThailand #AquasourceAura",positive,1
3932,3932,เช่าชุดอีดอกกกก,negative,0
3933,3933,สั่งชุดนี้กินคนเดียวยังไม่อิ่มเลยอ่ะ 5555 บ้าจริงกินเยอะอะไรเบอร์นั้น หรือหมูเขาบางเกินไป ลองเปลี่ยนใจเอา 599 ไปลิ้มลอง แบรนอื่นมันอิ่มกว่า ม๊ากมากอ่ะ,negative,0
3934,3934,จัดๆๆเรย,positive,1
3935,3935,แพ้ผ้าอนามัยอีกแล้ววววว ขนาดเปลี่ยนบ่อยจนยายด่าละนะ,negative,0
3936,3936,รักเจ้ บิวตี้บ๊อคเกอร์คนต่อไป,positive,1
3937,3937,โฆษณาdr. Jillอีกละ,negative,0
3938,3938,เป็นตาแซบ,positive,1
3939,3939,ซีนเต้นรำ​ ดวินหล่อจริงๆนะ​ รอยยิ้มและสายตาที่มองเจ้าหญิงมันแบบว่าคืออยากกลืนกินไปเลยอ่ะ​ คือโทษทีนะพี่ไม่เคยใช้คำนี้กับแบร์มาก่อน​ คือมีออร่าความผัวมากกกกก​ สุภาพๆก็สามีอะ😂😂​ คือบุคลิกแบร์พร้อมแต่งพร้อมเป็นเจ้าบ่าวแล้วนะเว้ยเฮ้ย​ #ลิขิตรักTheCrownPrincess #ณเดชน์ญาญ่า,positive,1
3940,3940,"เป็ดย่างโฟร์ซีซั่นตัวละ 1,200 ค่ะ #พูดลอยๆ #FYI",positive,1
3941,3941,แล้วเสือกขับ 4*4 ไปขี่บริโอ้ หรือไม่ก็มิราจ โน่น ดีนะไม่ตาย,negative,0
3942,3942,ที่เซ็นปิ่นมี Clarins Skin Spa ด้วยอะ อยากทำมากแต่ราคาแพงแน่นอน,negative,0
3943,3943,จะได้คุณแดนไหม innisfree อย่าใจร้ายกับเรานะ 😂😂😂😂😂,negative,0
3944,3944,#เมอา สั่นๆง่ายได้ใจความ ภาษาติ่งเค้าบอกให้ผมเรียก นูกู 55555555555555555555555555555555555555555555555555555555,positive,1
3945,3945,วันพุธนี้ไปกินกันมั้ย #เวสเกต,positive,1
3946,3946,ลองผ้าอนามัยแบบสอดละ บอกได้คำเดียว,negative,0
3947,3947,ไปกัน555,positive,1
3948,3948,โปรสุดคุ้มครับเอาใจสายพันธุ์แกร่งที่ชื่นชอบกระบะนิสสันบอกเลยว่าตัวนี้แกร่งมากๆๆ,positive,1
3949,3949,ทุกวันนี้กินข้าวไม่ลง เหมือนกินกันตายไปงั้น เมื่อกี้ก็กินข้าวกระเทียมบาบีก้อนไม่หมด เสียดายมาก เกิดอะไรขึ้นกับชั้นนน,negative,0
3950,3950,เป็นการแก้เกมร์ที่ถูก ถ้าคุณเน้นราคาแพงไม่มีคนใช้คุณก็ไปต่อไม่ได้ ถ้ามีปริมาณคนใช้เยอะราคาถูกตลาดโต เดี๋ยวเรื่องราคามันจะมาเอง เรื่องแค่นี้ไม่น่าจะเป็นปัญหาระดับโตโยตาต้องเอามาคิดนะ.........???,negative,0
3951,3951,เอาเลยครับสนับสนุน,positive,1
3952,3952,ม่ะบุฟ ม่ะไป 🤣🤣🤣,negative,0
3953,3953,ช : ไปกิน บาร์บีกอน ทีไร ต้องสั่งใหม่ ทุกที ญ : อร่อยมาก ละสิ! ช : ได้น้อย!,negative,0
3954,3954,"ฝากชื่นชมและขอขอบคุณผจก.สาขาซีคอนบางแคด้วยนะคะ เมื่อวาน (25/1/61) พาคุณป๊าไปเลี้ยงวันเกิด แต่เพราะบัตรปชช.ของป๊า ไม่ได้ระบุเป็นเดือนนี้ (ตามแบบคนสมัยก่อนไง) เราจึงไม่ได้ไอติมและการถ่ายภาพวันเกิด อันนี้มาจากการเรียกพนง.มาสอบถามรอบแรกนะคะ. เราก็จิ้มหน้าจอ สั่งไอติมและของหวานให้ทุกคนไปตามปกติ ไม่ว่าไร...จากนั้นไม่นาน คุณพี่ผจก.ร้านก็เดินมาบอกว่า ไอติมบานาน่าสปลิทนั้นเดี๋ยวจะแคนเซิลบิลให้ แล้วขอแค่ให้เราเขียนชื่อ+ ว.ด.ป.เกิดของป๊าเท่านั้นเอง น่าจะมาจากการที่พ่อลูกเขย แอบซื้อเค้กแล้วเอามาฝากไว้ก่อน กินเสร็จค่อยเซอร์ไพร์ส...... จึงทำให้คุณพี่ผจก.มั่นใจอยุ่แล้วว่านี่เป็นการเลี้ยงวันเกิดแน่นอน ขอบคุณมากค่ะ ที่คุณพี่ตัดสินใจแบบนี้ ไม่ใช่มายึดติดกับบัตรปชช.แข็งๆใบเดียว....คุณพี่ผจก.แคร์ความรู้สึกของลูกค้ามากกว่า ปล.สิ่งที่ประทับใจ. ไม่ใช่ไอติมบานาน่าสปลิทถ้วยนั้นแต่เป็น ""รูปภาพ ใส่กรอบกระดาษ"" ที่ให้มามากกว่าค่ะ มันสามารถทำให้คนแก่คนนึงนำมานั่งมอง แล้วยิ้มได้ตลอดเวลาเลยค่ะ. ขอบคุณพี่ผจก.และน้องพนง.สาขานี้นะคะ. #MKSeaconBangkae #เอ็มเคซีคอนบางแค #MKซีคอนบางแค",positive,1
3955,3955,พี่โมรีวิวทั้ว bobbi ทั้ง dior จะไม่ซื้อแล้ว เงินไปญี่ปุ่นอยู่ไหน 🦁,negative,0
3956,3956,ค่าเช่าชุดแพงกว่าค่าของกิน555,negative,0
3957,3957,ไม่ชอบแพกเกจ jo malone อันใหม่เรยว่ะ เมืลราคาถุก คิวเพรส ออเรียนทอล,negative,0
3958,3958,ชุดพี่หมื่นไม่สะดวก ออเจ้าไปได้เลย 😅,negative,0
3959,3959,"ใช่ค่ะ ฮอนด้า เป็นรถ แบบว่า ดูไม่เบื่อ ดูดี ล้ำสมัย และเกาะถนนเยี่ยมเหมือนปาเจโร่ เพราะทีใช้แต่มิตซูปาเจโร่มาตลอดค่ะ และ รถฮอนด้า ทุกแบบ และเอสยูวี พอ วันแรกที HRV เปิดตัว ก็โทรซื้อที่ กรุงเทพเลยค่ะ ไม่ได้ไปดูตัวจริงเลย ไม่ได้ทดลองอะไร เลยโทรซื้อกรุงเทพเลยค่ะ โอนมัดจำ 10000 ค่าขาวมุข และตกลงดาวน์ 500,000 บาท เขานัดรับรถทัน ไม่นาน ก็ไปขับมาเลยค่ะ ขับสนุก ไม่ร่อน เกาะถนน เข้าโค้งเยี่ยมค่ะ ตัวอื่นไม่รุ้นะ แต่เราชื้อท๊อปสุด cx3 .ไม่ชอบค่ะ บอดี Honda ดูดีกว่า",positive,1
3960,3960,บริษัทที่ส่งน้ำให้ #showdc เอาน้ำมาให้ สำหรับแฟนคลับน้องสิงโต ขอบคุณสำหรับน้ำใจนะคะ ที่นั่นน้ำแพง.555 😁…,negative,0
3961,3961,ปะ จันทร์นี้จัด,positive,1
3962,3962,show dc เงื่อนไขไรเยอะแยะมาก อ่านแล้วงงเด้ งงเด้,negative,0
3963,3963,เกลียดดดดด ไม่เข้าใจกูววว 🙄🙄🙄,negative,0
3964,3964,โปรนี้กับหม้อ4 ช่อง ไม่ทุกสาขานี่,negative,0
3965,3965,หน้าห้างเซ็นทรัลเวิลด์​ คนออกมารอรถเมล์​บนถนนแล้ว​ รถตุ๊กๆ​ รถแท็กซี่​ จอดขวางไป2เลน,negative,0
3966,3966,กดว้าวได้มั้ยเนี่ย,positive,1
3967,3967,บริการมึงห่วยมาก เปลี่ยนแพ็คเก็จผมโดยไม่ได้แจ้งเจ้าของและยังม่เรียกเก็บอีก 400 กว่าบาท ใครจะใช้ทรูคิดให้เยอะๆไ,negative,0
3968,3968,พอเพียง พอเพียง ขับ d-max ตัวท๊อป 4 ประตู เลยนะ พอเพียงจริงๆ ไม่ขับตอนเดียวสองประตูละวะ,negative,0
3969,3969,😋😋😋,positive,1
3970,3970,เลื่อนสอบ GAT/PAT เพราะตรงวันเลือกตั้ง แล้ว #เลื่อนเลือกตั้ง อีกครั้ง...คงยิ่งทำให้เด็กรุ่นใหม่มีความทรงจำแย่ๆกับการเมืองมากขึ้น #dek62 #เลื่อนแม่มึงสิ,negative,0
3971,3971,"Mazda ทำแบบนี้ แย่มาก พูดในฐานะลูกค้า Mazda (Mazda 3, CX-5)",negative,0
3972,3972,อยากกิน ก้อรีบหายดิอิเน่า🤣,negative,0
3973,3973,เมียมึงแดกช้างไอ้สัส,negative,0
3974,3974,ก็ทำบุหนี้ไฟฟ้าให้ถูกกฏหมาย เหมือนพวกกระเป๋าของใช้ทั้งหลาย แล้วก้เสียภาษีนำเข้า จบไหมครับ,negative,0
3975,3975,ถ้วยอนามัย ทางเลือกใหม่ของสาวๆ ที่ใช้แทนผ้าอนามัยได้ อ่อนโยนต่อจุดซ่อนเร้น มาน้อยมามากก็เอาอยู่!!,positive,1
3976,3976,ไปไหนอีดอกซื้อหนมมาฝากหน่อย,negative,0
3977,3977,รอไม่ไหวแร้ว,positive,1
3978,3978,เซ็ง😏 เนื้อติดกะทะ🙉 #barbqplaza #wagyubeef,negative,0
3979,3979,หมวดอายไลเนอร์ bbia เขียนง่าย ติดทนในระดับนึง เรื่องแพนด้าไม่แน่ใจเพราะสีไม่เข้มเลยเห็นไม่ชัด / maybeline ได้มาแพค…,negative,0
3980,3980,ป๊ะๆ,positive,1
3981,3981,รอฉันกลับก่อนนน,positive,1
3982,3982,อย่าไปคิดมาก..... ฟอร์จูนเนอร์1.7ล. เบนซ์3-4ล. คนซื้อไม่เคยบ่นเลย,positive,1
3983,3983,ต้องไปลองค่ะ,positive,1
3984,3984,หน้าเมิงตอนชวนกุกินพิซซ่าแต่กุอยากแดกเอ็มเค,positive,1
3985,3985,จัดชุดนี้เลย,positive,1
3986,3986,จะกินนน,positive,1
3987,3987,Ep นี้เถื่อนสุด ep บราบีก้อนเหมือนชวนลูกมากินข้าวเย็น555,negative,0
3988,3988,อันดับ 1 ร้อยละ 26.06 ระบุว่าเป็น พลเอกประยุทธ์ จันทร์โอชา รองลงมาอันดับ 2 ร้อยละ 24.01 ระบุว่าเป็น คุณหญิงสุดารัตน์ เกยุราพันธุ์. ลุงจะส่งคนตามคุณหญิงสุดารัตน์อีกปะอะ ระวังคุณหญิงแม่เอาหมัดดามหน้านะลุง😏(ยิ้มแบบสุดารัตน์) #นิด้าโพล #เลือกตั้งประเทศไทย2562,positive,1
3989,3989,หลังจากที่ตอนแรกนางต่อรองว่า B+ ได้ไหม นี่บอกไม่ได้ สุดท้าย ได้ rastaclat เฉย อีดอก ขนาดลด40%ยังแพงกว่าบาบีก้อนอีก!!!!!!!!,negative,0
3990,3990,ลองหันมาใช้ ฮุนไดดู คม,positive,1
3991,3991,แพงกว่า moschino burberry ไม่เอาแล้ว,negative,0
3992,3992,ชอบ MG5 Turbo มันใช่ทั้งดีไซน์ภายนอก ไดรฟ์วิ่งไดนามิคการขับขี่ต่างๆ โอ้ยยฟิน!!!!!,positive,1
3993,3993,เคยชิมละ หมาไม่แดก เหรดเดียวกับพวกเบน285 ขายเซเว่น ยัน ร้านของชำ,negative,0
3994,3994,ผมโทรไปถามแล้วเห็นถามกันเยอะเรื่องลิขสิทธิ์ห้ามนำรถฮอนด้ามาทำแท็กซี่นั้นไม่เป็นความจริงทางบริษัทฮอนด้าบางนาแจ้งว่าทำได้ไม่มีนโยบายห้ามทำแต่จะมีผลตรงที่รถที่นำไปทำแท็กซี่บริษัทจะไม่รับผิดชอบต่อการประกันรถโดยทันทีถ้ารถเกิดการเสียหายใดใดก็แล้วแต่ทุกระบบจะไม่ประกันให้โดยเด็ดขาด,negative,0
3995,3995,เสียดายตัง,negative,0
3996,3996,สภาพหลังจากโดนฟอร์จูนเนอร์ขับตามตูดตลอดทาง,negative,0
3997,3997,กราบเพื่อนตอนนี้ใช้มะกรูดของ bsc กลิ่นไม่ได้ดีขึ้นเลย😩,negative,0
3998,3998,👌🏼,positive,1
3999,3999,ไอติมโอ่ง (สงขลา) 📌ถนนนางงาม ร้านเก่าแก่ ร้านดั้งเดิม กับไอติมโอ่ง หนีความร้อนมากินไอติมโบราณ เสริฟมาในโอ่งน่ารักๆ มีทั้งแบบใส่ไข่ แบบปกติ และอื่นๆ สามารถสั่งลูกชิ้นกินเล่นได้ ไม้ละไม่กี่บาท มาสงขลาอย่าลืมแวะมา,positive,1
4000,4000,จัดไป55,positive,1
4001,4001,อันดับ1ได้แก่ Nissan Note,positive,1
4002,4002,ชอบความรู้สึกตอนติดฟิล์มหน้าจอมือถือใหม่ๆ,positive,1
4003,4003,Nissan รถห่วยไม่ทนเลยขายไม่ดี,negative,0
4004,4004,cheers !!! 🍺 ชอบมากกว่า rosée แฮะ #hoegaarden,negative,0
4005,4005,คุณภาพแย่ลงมากมาตรฐานก็เช่นกันสาขาซีคอนบางแคนะสั่งอาหารเรียกพนักงานรอนานกว่าจะมาและอีกอย่าเราขอผักเพิ่มรอบ2-3เริ่มหน้าไม่ดีใส่แล้ว ราคาก็แพงเกินเหตุบอกเลย,negative,0
4006,4006,สรุปเม็ดที่อยู่ในเนื้อหมูบาบีก้อนไม่ใช่เม็ดสาคูแต่เป็นฝี ซึ่งถามว่าทำให้แดกได้สบายใจขึ้นไหมก็ไม่...,negative,0
4007,4007,ดื่มเบียร์ช้างทีรัยปวดหัวทุกทีเลย 😢😢😢,negative,0
4008,4008,มีสาขาอิมสำโรงห่วยแตกสุด,negative,0
4009,4009,เกลียดกาวผ้าอนามัยไม่ติดเหี้ยไรซักอย่างเป็นกาวที่กากมากเว่อร์ ต่อไปนี่ควรแถมกาวสองหน้ามาด้วยนะ 😒,negative,0
4010,4010,หงุดหงิดที่เขียนคิ้วมิลเล่ ไอสัส ฝืดชิบหาย กลับไปใช้อีทูดี้อย่างเดิม,negative,0
4011,4011,โห...เอาไปเก็บอีกหราาาา,positive,1
4012,4012,10 คำขี้บ่นจากชาวคลับรถ CHR เวอร์ชั่นไทย #รถยนต์ไฮบริด,negative,0
4013,4013,ลับ ลวง พราง อิตาเลียนไทย หน้ะ มันกลืนกินสังคมมานาน ล้ะ ก็คล้ายๆกับ CP เบียร์ช้าง คนทำงาน ถวายชีวิตให้กับองค์การ ไม่ทำก็ไม่มีแดก ยืมจมูกพวกชั่วหายใจ ทำอะไรไม่ได้ ยกเว้น ต้อง ทำแบบ Set Zero กันใหม่ ถ้าไม่งั้นก็เหมือนเดิม ตามเวร ตามกรรม ก็ว่ากันไป,negative,0
4014,4014,วันสุขไปกินบาบีก้อนน,positive,1
4015,4015,ไม่เอาแล้วโซจู แล้วตบท้ายด้วย smirnoff คำแรกที่ออกจากปากหลังถูกปลุกให้ตื่น คือ fuck คือฟัคจริงๆ จะอ้วกมาก,negative,0
4016,4016,พอลองกินแล้วมันนุ่มกว่าลีโออ่ะ พอเทียบกันลีโอเปรี้ยวไปเลย😆,negative,0
4017,4017,สังคมไทยมีค่านิยมเรื่องการประสบความสำเร็จในชีวิต คือการเป็นคนรวยใจดี สิ่งนี้เป็นสาเหตุของกับความเหลื่อมล้ำ อย่างไร หากใช่ควรทำอย่างไร ลับสมองกันได้ที่มติชนรายสัปดาห์เล่มล่าสุดโดย kamphaka เขียนไว้ดีมาก,positive,1
4018,4018,เหมือนกินเบียร์ กินไฮเนเก้นขวดละ 100 แต่ลีโอดันราคามาขวดละร้อยเท่ากัน แล้วใครมันจะกินลีโอ กินไฮเนเก้นไม่ดีกว่าเหรอ ข่มขืนก็ประหาร ฆ่าก็ประหารเท่ากัน ก็ฆ่ามันซะเลยยังไงก็ประหารอยู่ดี,negative,0
4019,4019,เลื่อนอ่านอยุ่หลายสิบเม้น เจอเม้นนี้ไม่แวะคงไม่ได้ ถ้าผมขับวีโก้นี่เผลอๆมีขายทิ้ง5555,negative,0
4020,4020,เอาๆ,positive,1
4021,4021,ล้างยากไปอีก ชิสติดหม้อเนี่ย ล้างจนมือแตก😭,negative,0
4022,4022,วันนี้ไปกินมาที่สาขา เอกมัย เป็น MK Gold ส่วนตัวไม่เคยโกรธ เท่ากับวันนี้ ผมไปกิน อาหารก้อมาไม่ครบ สั่งไปตั้งแต่รอบแรก จนผ่านไปเป็นขั่วโมงก้อไม่ได้ จะทวงถาม พนักงานบริการ ก้อไม่มาให้ทวงถาม ในส่วนที่นั่งกินอยู่ แล้วพอได้คุยกับพนักงาน ก้อตอบว่า เดี๋ยวตามให้ จนผ่านมา เป็นชั่วโมง ก้อไม่ได้ แล้วบอกกลับมาว่า วันนี้ลูกค้าเต็ม งั้นทางร้าน ก้อไม่ควรรับลูกค้าเพิ่มสิครับ ถ้าตอบแบบนี้ ผมกินที่นี่ เพราะคิดว่า จะได้รับการบริการ และ คุณภาพของอาหาร ดี แต่วันนี้ไม่โอเค เลย จนไม่อยากจะกลับไปทานอีก ถึงแม้ผมทำงาน อยู่ในซอยเอกมัย ผมก้อคิดว่าจะไม่ไปใช้บริการ ต่อไป ราคา 5xx ซึ่งราคาไม่ใช่ หมูกะทะ แต่วันนี้ทำให้ผมเข้าใจว่า มากินหมูกะทะ เลยครับ เกินจะรับได้,negative,0
4023,4023,ลวกสุกี้ กับบะหมี่เป็ดย่างนานขนาดนั้นเลย หรือกำลังไปจับเป็ดอยู่คะ,negative,0
4024,4024,วันนี้มีนัดกับสาวๆ เธอคอลมาบอกว่าเธอก็มีนัดกับคุณแม่ ออกไปหาอะไรทานช่วงนี้คนเยอะแน่ๆ สู้นะเธอ สู้ๆนะตัวเรา อยากเสนอเอ็มเคให้สภาเพื่อนพิณา แต่ดูทรงแล้วไม่น่ารอด คิวต้องทะลัก,negative,0
4025,4025,อร่อยมาก ควรมีตลอด,positive,1
4026,4026,ไม่กล้าซื้อskin food etude แล้วอ่ะตั้งแต่มีข่าวสารตะกั่วเกินมาตราฐาน....,negative,0
4027,4027,อร่อยสุดๆไปเลยก้อนน,positive,1
4028,4028,มันก็อย่างที่เห็นอะครับ คนบ่นไม่ซื้อ คนชื้อไม่บ่น อย่างสมมติผมจะซื้ออีกคัน ตั้งงบ สองล้าน แคมรี่ แอคคอร์ด บีเอม มันก็ทั่วไป นี่ไม่เกินสองล้านได้เทคโนโลยีช่วงล่างขับสนุกผมก็เอาคันนี้จบ,negative,0
4029,4029,ใส่นาวาร่าราคาเท่าไหร่ครับ สแตนดาดกระด้างมาก,negative,0
4030,4030,น่ารักทุกอัน #ลอรีเอะซูเปอร์อัลตร้าสลิมHelloKittyLimitedEdition #บาง1มม #ซึมซับมาก200เท่า,positive,1
4031,4031,Wet n wild mega last lip color สีชัดมากก เนื้อดี ทาง่าย ไม่ตกร่อง แต่แพ็กเกจมจะก๊องแก๊งหน่อย 139 บาท สี Coral-ine เ…,negative,0
4032,4032,อยากเด้,positive,1
4033,4033,อย่าว่าแต่ต่างชาติเลย ผมจะไปเที่ยวจังหวัดอื่น ยังไม่อยากไป ขี้เกียจสูบบุหรี่มวน,positive,1
4034,4034,ก้อจะบอกว่าแล้วแต่ดุลยพินิจของเจ้าหน้าที่ผู้จับกุม,negative,0
4035,4035,ชอบ Biore สูตร Acne Care ค่ะโดยส่วนตัวมีปัญหาต้องรบกับสิวบนใบหน้าเป็นประจำ ไม่ว่าจะเจอฝุ่น หรือช่วงมีประจำเดือน สูตรนี้น่าจะเหมาะสำหรับผิวบอบบางเป็นสิวง่าย เพราะคุณสมบัติในขวดนี้จะน้ำเกลือธรรมชาติและสารสกัดชิโซะมินท์ที่ช่วยลดการเกิดแบคทีเรีย ไม่อุดตันรูขุมขน ไม่มีน้ำหอมและไม่มีแอลกอฮอล์ แถมยังอ่อนโยนต่อผิวด้วยค่ะ,positive,1
4036,4036,เชี่ย อ่านบาร์บิก้อนแล้วกุจะอ้วก🤢🤮,negative,0
4037,4037,พี่ตูนกับ MK HAPPY LUNCH คล้ายกันยังไง ? อยากรู้ก็มาอิ่มอร่อยได้ที่ MK HAPPY LUNCH #ให้มื้อเที่ยงสุขกว่าที่เคย #MKHappyLunch . *ตั้งแต่วันที่ 24 มกราคม ถึง 15 มีนาคม 2561 นี้ *วันจันทร์ ถึง วันศุกร์ เวลา 11.00 – 15.00 เท่านั้น *บริการ MK Happy Lunch เฉพาะสาขาที่ร่วมรายการ *ไม่ร่วมบริการ MK Delivery,positive,1
4038,4038,ถ้ามีรถไฟฟ้าไปถึงเราก็ไปปป แต่นี่คือไปยากอะ,negative,0
4039,4039,ขายไม่ได้คับ วีออสแรงมาก แรงจนล้อแตก,negative,0
4040,4040,อยากพาพ่อแม่ไป,positive,1
4041,4041,ใส่ชุดไทยไปติ..เงินซื้อชุดไทยแพงกว่าส่วนลดอีก..,negative,0
4042,4042,เดินทาง🚝🚌🚖 #bchilldayandnight -จากBTSช่องนนทรี -ลงมาต่อด้วยBRTลง​ B7วัดปริวาส (ออกทางวัดเลยนะคะ) ต่อด้วยแท็กซี่หรือวินก็ได้นะคะ. ไปหลายคนแนะนำแท็กซี่จะดีกว่า -บอกไปบ้านอิฐมอญ เข้าซอย จะมีลานจอดรถ. ร้านจะอยู่ชั้น2. ไปนะคะไปกันร้านบรรยากาศดีเฟ่อ. อาหารก็อร่อย👍🏼😉🎶,positive,1
4043,4043,แบบน้ำดำ ยังไม่เคยลอง,positive,1
4044,4044,คิดถึงก้อน!,positive,1
4045,4045,สวยมากครับ Honda Civic ชอบๆกำลังจะไปจองพอดีเลยครับ,positive,1
4046,4046,บาบีก้อน มึงขึ้นราคาบุฟ กูรู้นะ เริ่ทแพงไปละ,negative,0
4047,4047,เหมือนเสียงจะเบาไปน่ะครับ,negative,0
4048,4048,เมนูไหนกะอร่อยยค่ะ,positive,1
4049,4049,วันไหนจ้ะ,positive,1
4050,4050,ปัดตั้งแต่เช้าตอนเย็นสียังแน่น ปัดแล้วแก้มดูบ่มแดดตลอดเวลาเว่อร์😍😍😍😍 #4u2 #4u2cosmetics #4u2thailand,positive,1
4051,4051,เบื่อติ่งค่ายตลาดชิบหาย ยอดขายcity yaris สู้ mz2 ไม่ได้ไงก็ที่1อะนะ เซทเม้น ถถถ กูเห็นมันพึ่งมี ควันออกจาก mz2คันแรกด้วยซ้ำ พยายามโจมตีชิบหาย กูขรรม แค่รูปเดียวมโนไปชิบ แยกแยะหน้อย มีสมองนะหรือโง่ ว่ามันคนละรุ่นกับ คดีฟ้อง95ล้าน ไม่ใช้เหมารวมหมด ใครอยากไปขี่ รถขายแต่แบรนด์ กั๊กสเปคขายแพง,negative,0
4052,4052,ผมเช็คราคา0มาสด้ากับข้างนอกดูราคาต่างกันมาก ข้างนอกจบที่ไม่เกิน7000ทั้งชุด แต่ของ0มาสด้าได้แท่นขวาตัวเดียว ลาขาดกับ0,negative,0
4053,4053,บุฟเฟ่ต์​บาบีก้อนจืด ไม่ค่อยหย่อย...,negative,0
4054,4054,จิงคะ,negative,0
4055,4055,เข้ mg แซงนิสสัน เห้ย ทำอะไรสักอย่างเหอะนิสสัน,negative,0
4056,4056,ผ้าอนามัยเอลิสที่เป็นลายริลัคคุมะคือกาวเหนียมาก ติดแน่นมาก แน่นจนกุแกะไม่ออก โว้ยยยยยยยยยยยยยยยยย,negative,0
4057,4057,ออกแบบเองป่าวจับรถยี่ห้ออื่นมาใส่ chrดูดีๆมีซีวิค มาสด้า เอ็มจีกอฟชัดๆๆ,negative,0
4058,4058,ฟอร์จูนเนอร์สองคันตามหลังกูตากูบอดแน่ๆ,negative,0
4059,4059,ใช่เลย ไม่ออกมาสู้ เราก็อยู่ใต้ดิน,positive,1
4060,4060,งดบุฟเฟ่ต์กันเถอะ,negative,0
4061,4061,กูคงไม่เหมาะกับแสงโสมจริงๆ จะมากจะน้อยกินทีไรปวดหัวทุกที,negative,0
4062,4062,ไม่เอาลดความอ้วยยุ แตกจนตัวแตกล่ะ,negative,0
4063,4063,Toyota Yaris รถออกจะดี ทำไมถึงเลือกวิธีนี้,negative,0
4064,4064,อยากกินนนนนนนนนน,positive,1
4065,4065,ฟอร์ดโฟกัส ตัวท๊อปครับ ถุงลมมีรอบคันครับ แต่ไม่ทำงาน มีน้องคนนึงเพิ่งผ่าตัดสมองเมื่อคืนคับ,negative,0
4066,4066,ไม่เห้นมีสาขาแถวบ้านเลย,negative,0
4067,4067,ทำไมที่เรากินไม่มีใส้,negative,0
4068,4068,กำลังไปจร้า..รอแปบนะนู๋ก้อน,positive,1
4069,4069,งั้นๆแหละค่ะ,negative,0
4070,4070,อยากกินฮะเก๋า แม่ง MK พนมสารคามเสือกไม่มีอี๊กก,negative,0
4071,4071,ฟ้องเลยครับ ให้ขัอมูลอันเป็นเท็จ ว่าแต่ใครจะเป็นคนฟ้องล่ะ,negative,0
4072,4072,นี่หรือ..all new accoed ออกแบบได้...มากเสียดายที่เป็น FC honda ทำดีมาตลอด. เศร้า,negative,0
4073,4073,มาสด้าคิดดีรึยัง ฟ้องลูกค้า,negative,0
4074,4074,11.01หมดแล้ว ทำการลบแอปได้จ้า,negative,0
4075,4075,ส่วนตัวมองว่าประเทศเราศักยภาพในการคุมเยาวชนยังมีไม่เพียงพอ,negative,0
4076,4076,มึงมาาาา,positive,1
4077,4077,ไม่มีขนมจีบแล้วเหรอครับ,negative,0
4078,4078,Kulov แม่งเมาค้างมากก,negative,0
4079,4079,อันนี้เมาหงส์ทองละ 5555,negative,0
4080,4080,ป้ะ เย็นนี้,positive,1
4081,4081,โลกมันหมุนเร็วไป หรือนี่ตามไม่ทัน อยู่ในจุดๆที่ #ASTRO เป็นพรีเซ็นเตอร์ผ้าอนามัย #งงนิดหน่อยแต่ไม่เข้าใจมากๆ 5555555555555555,negative,0
4082,4082,ทำไมถึงแพ้สกินฟู้ดวะ เคยใช้ไลน์อื่นมาก็ไม่แพ้ หรือว่าแพ้ทุกอย่างที่เป็นอีมัลชั่น เสียดายย,negative,0
4083,4083,เอาจิงๆเราว่าไม่แพงนะ เราไปกิน MK 15 คนหมดเป็นหมื่น ถ้าอยากได้ถูกๆก็ซื้อมาทำเองคะ ความเห็นส่วนตัวงดดราม่า,negative,0
4084,4084,ค่าเช่าชุดแพงกว่าไปกินอีกนะออเจ้า555,negative,0
4085,4085,หงส์ทอง10กว่ากลม เตกิล่า5ขวด รีเจนซี่อีก4กลม โอ้โห 😂 ต้องหนีกลับ กูโดนไป4ช๊อตกะ3แก้ว ยอมจ้า😂 เจ้าของงานแม่งจะล้มละ…,negative,0
4086,4086,รอหน่อยนะมาสด้า 2ขอเก็บตังค์แป๊ป😁😁😁,positive,1
4087,4087,อยากกินเหรอครับ😽,positive,1
4088,4088,ยุบทิ้งเถอะ องค์กรนี้ ที่คดีบุหรี่ไฟฟ้าแม่งทำยังกะฆ่าคนตาย,negative,0
4089,4089,กุเกลียดแสงโสมมากกกก ทำแสงกุดับเลยยับมากเมื่อคืน ตอนนี้ยังไม่ส่างดี ลาก่อยยย,negative,0
4090,4090,น่าตบให้คว่ำ !! ค่าบาร์บีก้อน 55555,negative,0
4091,4091,มีนิสสันซิลฟี่หรือไม่ครับ,positive,1
4092,4092,ไม่ค ว ย ไรไร้สาระจริงมันไม่ใช่ไปทำรายไครและมันไม่ไดทำให้สังคมเดือดร้อนนิว่าถ้าเป็นยาม้ายาไอซ์แม่งนั้นมันก็เรืองหนึงมันมากไปวะสัตร....?????,negative,0
4093,4093,นานแค่ไหน ก้อนก็จารอ :),positive,1
4094,4094,วันนี้มั้ยย,positive,1
4095,4095,เรื่องกินขอให้บอก,positive,1
4096,4096,เห็นข่าวแล้วอุทานได้อย่างเดียว ชิบหายละพึ่งสังอะตอมมาด้วย,negative,0
4097,4097,มีความอยาก,positive,1
4098,4098,ขณะนี้ มหาวิทยาลัยอยู่ระหว่างซ่อมแซมสัญญาณ Fiber Optic ทำให้บางหอพักใช้ Internet ไม่ได้ ต้องขออภัยในความไม่สะดวกด้วย ::จากสำนักงานทรัพย์สิน,negative,0
4099,4099,เออ ตรงโลตัสนะ👌,positive,1
4100,4100,นาวาร่าเอาเรื่อง😘,positive,1
4101,4101,ครั้งโน้นใช้วิสเปอ มาหลังๆโซฟี แรงกว่าเดิมอีก เป้นผื่นคันมากต้องใข้แป้งทา,negative,0
4102,4102,พรรคประชาธิปัตย์ ก็โกหกมดเท็จประชาชนไปวันๆ เหมือนรัฐบาลคสช.นั่นแหละ ไม่รู้หรือไง ประชาชนเขาดูข่าวย้อนหลังได้อย่างง่ายๆแล้ว,negative,0
4103,4103,สิ้นเดือนน่ะตัวเอง😁😁,positive,1
4104,4104,เม็ดเลือดขาวที่ตายแล้ว เคๆๆ,negative,0
4105,4105,สาขาบ้านเราก้อไม่มีเหมือนกันกุ้งอ่ะ,negative,0
4106,4106,กูจะเกรี้ยวกราดใส่กาวผ้าอนามัยแล้วนะ,negative,0
4107,4107,I'm truly fine🌿 (: ไม่พบพยาธิ แต่พบฝีหนองที่มีแบคทีเรียรวมอยู่ตรงกลางอะ...,negative,0
4108,4108,เกลียดความรู้ทันของเพื่อน😅,positive,1
4109,4109,กินอาหารจีนกันมั๊ย ที่ Mayflower รร ดุสิตก่อนที่ 6 มค นี้ รรเค้าจะทุบแล้ว ร้านนี้เมนูประจำคือพักทองชุบไข่เค็มกับปลาหมึกเหล้าแดง อร่อยที่สุด!!!,positive,1
4110,4110,ให้มีตังก่อย,positive,1
4111,4111,งานไม่ช่วย ยังจะชวนกินอีก,positive,1
4112,4112,สามีอยากไปกิน,positive,1
4113,4113,นี่บอกเลยว่าเลิกกินบาบีก้อนแล้ว เราไปกินครั้งก่อนท้องเสียกระจายยยย,negative,0
4114,4114,จัดไหมมมมมม,positive,1
4115,4115,พี่แท้ปด่าว่าเบลนด์แม่งเหล้าแมลงสาบ5555555555555555ไอเฟี้ย แต่ก้เหี้ยจิง,negative,0
4116,4116,กุ้งๆๆ เมื่อไหร่จะมีกุ้ง,negative,0
4117,4117,คนนี้นิที่ไลฟ์สดด่าช่างโตโยต้าที่ทำให้ล้อรถเค้าหลุด หนึ่งในนั้นก็คือเพื่อนผมด้วย เพื่อนบอกเค้าโทรมาที่ศูนย์ให่ออกไปดูรถ ไปถึงก็ใส่ไม่ยั้งเลยทั้งๆที่เพื่อนผมไม่ได้ทำรถเค้า ถ้าจะด่าทำไมไม่ไปด่าที่ศูนย์ จะมาไลฟ์สดด่าโชว์ทำรวยอะไร,negative,0
4118,4118,จริงๆอาหารจานหลักเค้าก็รสชาติดี แต่ปริมาณน้อยอ่ะ ยิ่งเจอเกี๊ยวใน set เข้าไป คือทำให้ทุกอย่างดูแย่ไปกว่าเดิมอีกง่ะ #MK ทานที่ยูไนเต็ด สีลม เวลาเที่ยงครึ่งค่ะ แต่คิดว่าน่าจะเหมือนกันทุกสาขาหรือเปล่าคะ เพราะขนาดแผ่นเกี๊ยว มันเล็กจิ๋วมากจริงๆ ตอนแรกดูในรูปนึกว่าคิดว่าขนาดเท่าๆเกี๊ยวซ่าค่ะ หมูก็แบนมากเชียว,negative,0
4119,4119,คันต่อไปก็นาวาราเล็งไว้แล้ว,positive,1
4120,4120,ไม่ใช่เราแน่นอน เราไม่แดก 100,negative,0
4121,4121,ได้ครับ,positive,1
4122,4122,ไปมุงดราม่าในห้องคสอมา คือแบบคนที(เหมือนจะโกง) ประวัติดีแต่วนรูปขายซ้ำๆ แล้วขายแบบ ลาแมร์ anr ราคาถูกกว่าปกติ คนโดนโกงยอด 1k-2k แล้วแบบมีคนนึงทักแชทเฟสไปหาพ่อค้า ประมานว่าถ้าไม่มีของก็คืนเงินมา รู้ใช่ไหมว่าพี่เป็นใคร นี่รีบใส่ใจเลยจ้า เข้าไปดูก้เออ คืนเงินเค้าเถอะ จะได้มีชีวิตยาว,negative,0
4123,4123,แม่หญิงใช้อายไลน์เนอร์ มิสทีน รุ่น ซุปเปอร์ แบล็ค ฟิคซ์ อายไลน์เนอร์ กรีดตาให้สวยงามเฉียบคมทั่วพระนครเจ้าค่ะ ข้าอยากลองใช้บ้างเจ้าค่ะ เพราะ ใช้ยี่ห้ออื่นๆมา ทำให้ขอบตาข้าดำอย่างกับแพนด้าแถมติดไม่ทนนานเขียนอะไรก็เยิ้มเป็นหมีแพนด้า เห็นแม่นางเขียนแล้วง่ายจัง สีชัดมากค่ะ และ อยากสวยเหมือนแม่นางด้วยเจ้าค่ะ ถึงกับสมัครสมาชิกมิสทีนเลยทีเดียวค่ะ,positive,1
4124,4124,เนอะๆน่าจะเอาเปนเสริมเอาถามลูกค้าว่าเอาแบบไหน,negative,0
4125,4125,เรื่องกินขอให้บอก 😂,positive,1
4126,4126,ชอบ Honda Civicค่ะ ดูสปอร์ตวัยรุ่นดี แถมการออกแบบทั้งภายในภายนอกที่ดูทันสมัย โฉบเฉี่ยวน่าขับมากค่ะ #TheFuturelsWhatWeCreate,positive,1
4127,4127,นิสสันมีดีที่เทคโนโลยีที่ล้ำหน้า แต่ดันไม่ยอมทำการตลาดให้ตรงจุดเด่นของตัวเอง ก็เลยขายไม่ได้ แถมบริการหลังการขายห่วยอีก อย่างที่เป็นข่าวรถใหม่ป้ายแดงเป็นสนิมถ่ายน้ำมันเครื่องออกมาเป็นโคลนกลับปัดความรับผิดดันโยนให้เจ้าของรถ ก็แย่นะ ใครๆๆก็กลัว,negative,0
4128,4128,เชียร์ทีมนี้เพราะโฆษณาเบียร์ช้างไทยไปเอฟเวอร์ตัน เสียดายไม่ได้เป็นสปอนเซอร์แล้ว อีกอย่างทีมนี้มันเข้าสไตล์ผม ทีมไม่เก่งมากแต่ทำผลงานดี แต่ปีนี้ไม่ไหว😂,negative,0
4129,4129,วันไหนดีกว่า,positive,1
4130,4130,หงุดหงิดละนะพนักงานเอ็มเค นั่งรอซักพักไม่มีใครมารับออเดอร์ อีเวง!!,negative,0
4131,4131,31.ชอบกินช้างมากกว่าลีโองับ,negative,0
4132,4132,ไม่ใช่บุฟน้า,negative,0
4133,4133,งามอย่างมีคุณค่า นิสสันเอ็กซเทรลยนตรกรรมสำหรับอนาคตจริงๆ,positive,1
4134,4134,นี้ไงที่บอก อยากลอง,positive,1
4135,4135,อยากกินจังเรย 😭,positive,1
4136,4136,เค้าให้ลา??,positive,1
4137,4137,ปาย แม่งขี้โม้ว่ะ.,negative,0
4138,4138,รสชาติเปนยังไงคะ,positive,1
4139,4139,สหายแสงโสมว่าไง😂😂😂😂,positive,1
4140,4140,บ่ 👿,negative,0
4141,4141,หิวแต่ไม่อยากกินไก่แมคอะ กำ,negative,0
4142,4142,ตกวดตัวเหี้ยตำรวจดีๆก็มีเยอะนะแต่ไม่ค่อยเจอๆแต่เหี้ยๆ,negative,0
4143,4143,อีแป้งพอกศรีจันทร์นี่กระดิกหน้าไม่ได้เลยสัส กระดิกทีแป้งร่วงอย่างกับหิมะตกเมษา,negative,0
4144,4144,น้องไม่ซื้ออินนิสฟรีให้ ร้องไห้,negative,0
4145,4145,เบียร์ช้างรสชาติแม่งเหี้ยลงป่ะวะ รู้สึกแม่งไม่อร่อยเลยหลังๆ,negative,0
4146,4146,ทหารยังมานั่งไลฟขายน้ำยาเลยคับ,negative,0
4147,4147,ข้อเสนอน่าสนใจมาก บริการดี แถมมีโปรโมชั่นดีๆอีก ชอบนิสสัน,positive,1
4148,4148,Mamonde จะมาแล้ว อีเหี้ย ลิปจะหมดแล้ววววว รีบมาโว้ย,negative,0
4149,4149,โอ้ยย อยากไปคลอด บำรุงราษ สมิติเวช น่ารักหมดเลยอ่า,positive,1
4150,4150,สาขา เมกา จะมีลดอะไรแบบนี้บ้างไหม 555 ไปกี่ครั้งก็ไม่ลดแบบนี้เลย อยากบอก จริง ๆ 4 ช่อง ร้อนช้ามากนะคะ เสียเวลารอมาก กว่าจะเดือด ***จัดโปรให้เมกาบ้างนะคะ ที่อื่นไกลเหลือเกิน,negative,0
4151,4151,ใช้มิตซูบิชิอยู่ 2 คันคือปาเจโร่สปอร์ตโฉมใหม่ และ แอททราจชอบทั้งคู่ใช้งานได้ดีจริงๆ,positive,1
4152,4152,อยากกินสตอเบอรี่อัญชัน,positive,1
4153,4153,สวยกว่าแอคคอร์ดG10อีก,negative,0
4154,4154,Hondaห่วยมากๆๆทุกที่คับ,negative,0
4155,4155,การ์นิเย่ สกิน แนทเชอรัลส์ ไมเซล่า วอเตอร์ ลบเครื่องสำอางค์ได้ทันใจวัยรุ่น สุดยอด โอ้วพระเจ้าจอร์จมันยอดมากกกกก ไม่มีส่วนผสมให้ระคายเคืองผิว ให้ผิวแอบงอนโมโหจนขึ้นสิว มั่นใจผลิตภัณฑ์การ์นิเย่ เพราะอุดหนุนตลอดค่ะ,positive,1
4156,4156,ดื่มจอนบาร์ ค่ะ สุราต้านนายทุนที่ผูกขาด นำเข้าจากสวิตฯ เสียภาษีถูกต้อง จากแว็บนักดื่มทั่วโลก ให้จอนบาร์ เทียบเท่า ดับเบิ้ลแบล็ค,negative,0
4157,4157,ผมเลิกไฟฟ้าละ,positive,1
4158,4158,ไปนั่งรอที่โต๊ะเกือบครึ่งชม.ครั้งสุดท้ายแล้วค่ะ จะไมไปกินอีกแล้ว โมโหหนักมาก,negative,0
4159,4159,ตาม super market แผนกเหล้าค่ะ ถ้าถูกหน่อยก็ duty free แสงโสมก็เป็นเหล้ารัม แต่กลิ่นแรง ไม่แนะนำเท่าไร เราใช้ตัวนี้,negative,0
4160,4160,เราใช้บาบาร่าเเล้วเเพ้ง่า สิวขึ้นหน้าแห้งหน้าสากมาก ปกติหน้ามันมากกกกกกกก ตอนแรกไม่คิดว่าเพราะเเป้ง เเต่พอหยุดใช้สิวก็หยุดเห่อ พอกลับมาใช้อีกก็เป็นอีก เสียดายเงินเเง้งง มีใครเป็นแบบเราบ้าง,negative,0
4161,4161,โอ้ว.....💜💜,positive,1
4162,4162,ใครดูดบุหรี่ไฟฟ้าวะแม่ง,negative,0
4163,4163,ล่าสุดแพ้ผ้าอนามัย อิสัส,negative,0
4164,4164,งงใจแค่บุหรี่ไฟฟ้าจะยึดรถ,negative,0
4165,4165,เบื่อกับความคิดพวกควายๆ ถามมาได้ดูดเพื่อ !! ไอควายเพราะมันมันเป็นทางเลือกอีกทางสำหรับการเลิกบุหรี่,positive,1
4166,4166,299มั้ง วันพุธอ้ะ,positive,1
4167,4167,ต้องจัดด,positive,1
4168,4168,ทำไม netflix ไม่มีเรื่องนี้ Serial Experiments Lain เคยดูสมัยละอ่อน ดูไม่รู้เรื่อง ตอนนี้กินหญ้าเยอะจนวิชาแก่กล้าแล้วอยากหามาดูใหม่,negative,0
4169,4169,Honda CRV เหมาะสำหรับรถครอบครัว เทคโนโลยีใหม่ๆ เข้ามาเติมเต็มอีกสุดยอดเลย,positive,1
4170,4170,"การที่ผญ.ผิวแพ้ผ้าอนามัยเป็นอะไรที่แบบเหี้ยมากในช่วงที่มีประจำเดือน =_=""",negative,0
4171,4171,ดีงามคับ...รองแล้ว จ๊าบ !!! เลยคับ,positive,1
4172,4172,กลับกันเลยค่ะ เรากินสิงห์ได้ เเต่กินเนสเล่ไม่ได้ ไม่ชอบ มันจางๆจืดๆ กินเเล้วเหมือนไม่ได้กิน 5555,negative,0
4173,4173,หายอยากบาบีก้อนเลยอีเวนเอ้ย,negative,0
4174,4174,หมูอ้วน กับ มากินด้วยกันอีกเนอะ,positive,1
4175,4175,แงงง อยากกิน,positive,1
4176,4176,รู้สึกผิวตรงที่เช็ดโทนเนอร์นุ่มน่าสัมผัสขึ้นค่ะ,positive,1
4177,4177,พิษณุโลก ไม่มีโปรนี้สักสาขาเลยครับ น่าเสียดาย,negative,0
4178,4178,จะซื้อดีลก็มีแค่2สาขา ก้อนเอ้ยลำเอียง,negative,0
4179,4179,เหมือนจะหลอนไปเอง นิสสันน่าจะแต่งติดกล่องซิ่งมาจูน ปุ้ง ปั้ง มาด้วยเลยเหมือนเสียงยิง,negative,0
4180,4180,แท็กงี้ ตังก็หมดแย่ดิ 555,positive,1
4181,4181,เมิงเลี้ยง ป่ะๆๆๆๆๆๆๆๆๆๆๆๆๆๆๆๆๆๆๆๆๆๆๆๆๆๆๆๆๆๆๆๆๆๆ,positive,1
4182,4182,ลองออกสำรวจยังครับ..ข่าวมั่วนะใช่...แต่มันปรับขึ้นจิงๆเมื่อวานพวกผมไปซื้อหงส์ทองกลมละ290....ตอนเย็นไปถามซื้อเบียร์ที่ร้านขวดละ87...เรื่องจิงแต่บางร้านก้อยังราคาปกติขยับบ้างนิดหน่อย,negative,0
4183,4183,เพิ่งเคยเข้า sephora เด๋อมะ 5555 ตอนแรกไม่กล้าเข้าไงเพราะเห็นมีแต่คสอ. แพงๆ แต่ไปลองเล่นได้เค้าไม่ว่าเลยอะ สนุกม๊ากกก,negative,0
4184,4184,วันไหนบอกด้วยเด้อ,positive,1
4185,4185,เตือนภัย Grab อย่าผูกบัตรเครดิต เพราะเรียกรถแล้วโดนตัดบัตรทันที แต่ถ้ารถไม่มา ต้องทำเรื่องคืนเงิน/ปฏิเสธรายการเอง ผลักภาระให้ผู้บริโภค ไร้ความรับผิดชอบที่สุด,negative,0
4186,4186,หลังจากที่เล่นคุชชั่นมาหลายๆแบรนด์ เล่นทั้งวัน จบที่ laneige ราคาเบาๆ แต่ได้มาหลายชิ้นสุด ทั้งรีฟิล ทั้งคุชชั่น กะจะจบแค่นี้ โดน BA เป่าหู La mer ต่างๆอีก อีดอกกก เกลียดตัวเองงง,negative,0
4187,4187,เมื่อไหร่แผลมุมปากจะหายเนี่ย ง้างปากแปรงฟันทีน้ำตาจะไหล ทั้ง laneige กับ vasline ไม่มีอะไรช่วยชีวิตดีขึ้นเลย ฮือ,negative,0
4188,4188,ไปไหมมมมม,positive,1
4189,4189,"ไปกินสัก 27,28. กะได้",positive,1
4190,4190,เวลาเหนตำหนวด หรือ เจอด่านที่นี้ แทนที่จะอุ่นใจแต่กลับรุ้สึกอีกแบบ ไม่รุ้ว่ามันจะหาเรื่องอะไรไถ่ ปชช. 5555555,negative,0
4191,4191,อยากไปนะ,positive,1
4192,4192,ทำเลดีนอกนั้นไม่ผ่านค่ะ,negative,0
4193,4193,กินไปเรื่อยๆจะอ้วก,negative,0
4194,4194,Ford Ranger Wildtrak X ตัวท็อปแต่งเข้ม สเต็ปแต่งสไตล์ผู้ดีอังกฤษ ที่คนไทยได้แต่มอง,positive,1
4195,4195,ขออย่างเดียว อย่าปลอมหงส์ทองนะคับ ผมชอบกิน!! อิอิ,positive,1
4196,4196,อยากมี fenty ใช้ เลยได้แท่งนี้มา ไม่ได้คาดหวังไรว่าจะต้องดีต้องเป๊ะ สรุปคือ ชอบมากกกกกกกกกกก เนื้อดีมากกกกก ติดทนพอสมควรนะ แบบกินกาแฟจากหลอดหมดแก้ว จิบน้ำทั้งวันยังหลุดนิดเดียว ต้องกินข้าวอ่ะ ถึงหลุดหมด เราซื้อ spanked มา สีชมพูเข้ม เซฟสุด 😘 ตอนเราซื้อคือแท่งละ 600 จ้า,positive,1
4197,4197,ก่อนหยุดยาว ป่ะๆๆๆๆ,positive,1
4198,4198,น่ารักมากๆ จะเอาแบบนี้,positive,1
4199,4199,ขอบคุณของรางวัลมากนะคะ,positive,1
4200,4200,เคยสั่งละ ไม่เยอะเท่าในจานนี้เลย น้อยมากจริงๆ,negative,0
4201,4201,คือบั่บอิผ้าอนามัยเย็นนี่ แผ่นยาวความเย็นมันแรงขึ้นปะ คือตอนนี้เย็นแบบทรมานอะ อิดอก 555555 กลัว,negative,0
4202,4202,เบื่อพวกชอบสูบแล้วพ่นขี้ปากตัวเองออกมาให้คนอื่นดม แล้วก็มีหน้ามาบอกว่าหอม สะอิดสะเอียน,negative,0
4203,4203,เมื่อคืนจัด 285 ไปสามแก้ว หนึ่งแก้วเพียว ไม่เมาอีผี ได้หรอ 5555555555555 คือไม่ได้กินมานานแล้วด้วยนะ เบียร์เอยเหล้าเอยเด็กเวรกันแท้ๆ 🥃✌🏻,negative,0
4204,4204,ควรปรับปรุงในเรื่องคุณภาพของเนื้อนะคะ 2 วันก่อนไปกินมาสาขาเมกา บางนา ไปกินตอนบ่ายสามไม่มีอะไรตกถึงท้องมาก่อน สั่งชุดหมูมิโซะไป ตอนเย็นท้องเสียหนักมากค่ะ ถ่ายเกือบ20รอบ ถ่ายจนเป็นน้ำ จนต้องเข้าโรงพยาบาลให้น้ำเกลือเลยค่ะเพราะเสียน้ำมาก หมอบอกอาหารเป็นพิษได้รับเชื้อไวรัส นี่เพิ่งได้ออกจากโรงบาล คงเข็ดไปอีกสักพัก แค่อยากให้ระวังไว้ค่ะ,negative,0
4205,4205,ทำอะไรอย่าให้มันทุเรศมาก นี้หรือ?เน็ต1Mbpsไม่ลดสปีด,negative,0
4206,4206,เราเป็นคนเรื่องมากกับผ้าอนามัยมากเว้ยต้องมีหลายๆขนาด คือไม่มีใครเข้าใจฮรือออ โดนด่าว่าอีบ้ามาสองคนแล้วภายใน10นาที 😭😭😭😭😭,negative,0
4207,4207,เห็นเป็ดตัวนี้แล้วคิดถึงสติกเกอร์ไลน์ของเอ็มเค น่ารักมากๆ ;w;),positive,1
4208,4208,รยส กับ กระทรวงการคลังจะเสียผลประโยชน์ได้ไงล่ะครับ มีแต่ได้กับได้ตะหากล่ะครับ เพราะถ้าถูกกฏหมายเราก็ต้องเสียภาษี เงินเข้าคลัง แล้ว รยส ก็ลงตลาดแน่นอน,negative,0
4209,4209,พูดถึงลิปก็เศร้า ล่าสุด peripera airy ink เบอร์5น้องหมดอายุแล้ว ;_; กลิ่นเพี้ยนไปเลย ตอนนี้ไม่รู้จะทำยังไงดี จะทิ้ง…,negative,0
4210,4210,ตู้หูวว,positive,1
4211,4211,โอยสงสารรรร ขอให้ได้เงินคืนนน นี่แบบจะสั่งเซ็ตอินนิสฟรีคือดูแล้วดูอีกหลายร้านมาก กลัวววว ฮือ 😭,negative,0
4212,4212,โดนแท้ละ,positive,1
4213,4213,หลังรับนายกเสร็จ แน่นอนที่รัก,positive,1
4214,4214,ไม่ได้ไปก็นอนแดกสเมอร์นอฟอยู่บ้านละกันไอสัส อุส่าห์เตรียมพร้อมหมดแล้วอหเอ้ย,negative,0
4215,4215,รัฐกลัวแพ้ คงไม่กล้าทำประชาวิจารน์,negative,0
4216,4216,อยากกินนมสตรอ+ อัญชัน อ่ะ,positive,1
4217,4217,Navara ppv ก็แชมป์ตลาดวายนะครับน้าหนุ่ย นิสสันนี่ตัวใหม่ออกตั้งแต่ยังไม่จัดไฟแนนซ์555,negative,0
4218,4218,ไม่เจียมไงเสือกแดกลีโอ,negative,0
4219,4219,การกินเอ็มเคในวันนี้ มันไม่ใช่วันสำหรับเราㅠㅠ ของทุกอย่างพร้อมใจกันหมด เตาพังอีกกก โอ้ยยย,negative,0
4220,4220,😄😄,positive,1
4221,4221,ไม่น่ากิน,negative,0
4222,4222,แพ้ผ้าอนามัยเหมือนกันค่ะ 😣😣,negative,0
4223,4223,เล่นน้ำแบบไม่กลัวแดด เพราะ บีโอเร เป็นครีมกันแดดที่มี spf 50 ++++ ซึมเข้าสู่ผิวได้ดี ไม่เหนียวเหนอะหนะไม่เป็นคราบ และกันแดด กันน้ำได้ดี ไม่ว่าแดดจะแรงแค่ไหนก็มั่นใจได้ตลอดทั้งวัน #BioreUVEssence #BioreFunlnTheSun #SongkgkranFunFest #กันแดดกันแก่ที่ดีที่สุด #กันแดดอันดับ1จากญี่ปุ่น,positive,1
4224,4224,ดีเหมือนกัน,positive,1
4225,4225,"รถคันแรกเซฟ โคโลราโด้ ปี2011 ปีที่แล้วจะไปดาวน์รุ่นนี้ เซล ไม่สนใจ ให้ใบราคา มา ดูเองไปสามรอบ ก็ได้มาสามรอบ ตอนนั้นเงินดาวน์มี50,000. ไม่ให้คำแนะนำอะไร จนแฟนบอกสาขานี้ไม่ต้องเข้า ที่ขายไม่ได้ก็เพราะเซลนี้ละ ... วาสนาเฮาบ่สมกันแล้ว",negative,0
4226,4226,ไม่รู้ไม่เข้าใจ,negative,0
4227,4227,ผมบอกแล้วไง ว่าไม่ได้หมายถึง เมฆ มังกรบิน #คนที่ทำดีแล้วออกสื่อสร้างภาพเพื่อประโยชน์ของตัวเองตามมาภายหลัง ที่คุณกล่าวถึงว่าไม่ดี ตรงนี้ต่างหากที่ผมถาม อย่างเบียร์ช้าง สนับสนุนทีมชาติปีละ100ล้าน เพื่อสร้างภาพให้องค์กรตัวเองดูดี ลงข่าวใหญ่โต #ผมถามนักบุญจอมโพสต์แบบนี้ ไม่ดียังไง ตอบผมหน่อย,negative,0
4228,4228,นอกเรื่องนะคะ : สาขาแพลทฟอร์มบริการแย่มาก ขอบคุณค่ะ,negative,0
4229,4229,เปิดกะลาออกมาสักทีเหอะ,negative,0
4230,4230,ไปจ้าอาทิตหน้าเลย,positive,1
4231,4231,ข้าวเที่ยงเรา,positive,1
4232,4232,"รีวิวกันอย่างต่อเนื่อง หลายท่านแอบบอกว่า ""ขนแปรงอ่อนนุ่ม ละเอียด ไม่ระคายเคืองผิวหน้า สิวนี่หายไปเลย "" ว้าวๆ ของดีไม่ต้องพูดเยอะ ไม่ลองไม่รู้น้า 👍💖 #Kuron #KuronSkinInnovation #BeautifyItYourself #KuronMiniSonicBrush #KuronBrush #PerfectSkin #หน้าสะอาดคือจุดเริ่มต้นของผิวสุขภาพดี",positive,1
4233,4233,เสียดาย Esteeeeeee T T,negative,0
4234,4234,ชาชีสเอ็มเคไม่อร่อยเลยว้อย,negative,0
4235,4235,"หลายคนอาจจะไม่รู้ ว่าที่บาร์บีคิวพลาซ่าเมนู""ลาบ""อร่อยมากกกกก เค้าจะใส่ทั้งหมูสับ ตับหมู หนังหมู หนังหมูของที่นี่เค้าจะเหนียวๆหน่อย กรึบกรับๆ แล้วรสชาติเค้าแซ่บมาก ทั้งเผ็ดทั้งเปรี้ยว ชอบกินกันทั้งบ้านเลยคะ โดยเฉพาะคุณแม่ กินคู่กับชุดครอบครัวหมู เพิ่มรสชาติให้มันอร่อยยิ่งขึ้นคะ😊",positive,1
4236,4236,วันนี้ปาร์ตี้ dj by u beer ที่สปีดสุรินทร์นะคับมีแขกรับเชิญ น้องเอิร์ท จากภาพยนต์ suck seedมาสร้างความสนุกให้กับพวกเราคืนนี้นะคับสปีด สุรินทร์ พร้อมกันรึยัง 😉😉😉,negative,0
4237,4237,"HELLO MG! แรงไม่หยุด NEW MG ZS ดันยอดจองรถยนต์ เอ็มจี พุ่งทะลุ 1,994 คัน โตขึ้นจากปีที่แล้ว 77%",positive,1
4238,4238,Lauren Wasser นางแบบที่ต้องเสียขาขวาตอนอายุ 24 เพราะ toxic shock จากการใส่ผ้าอนามัยแบบสอดข้ามคืน ปัจจุบันอายุ 29 และยังเป็นนางแบบอยู่,negative,0
4239,4239,เชิญเพื่อนกินเอ็มเคไปคร่าาาา,positive,1
4240,4240,สนใจมาสด้า2ห้าประตูค่ะ,positive,1
4241,4241,ซื้อมาไม่ใช้ ซื้อมาเก็บเพื่อ สะสมอย่างอื่นดีกว่ามั้ย เมื่อก่อนเคยซื้อมาบ้ามากไปห้างซื้อทุกครั้ง แล้วพอมาดูอีกทีเยอะมากๆๆใช้ปีนึงไม่หมดเลย จนแถบกาวมันไม่ติดกับกางเกงเลย ทิ้งไปหลายห่อเลยเซ็งเสียดายเงินที่บ้าซื้อผ้าอนามัย บ้าซื้อมาตุน ตอนนี้เลยซื้อเฉพาะเวลาใกล้จะมา สะสมอย่างอื่นดีกว่า,negative,0
4242,4242,บาบีก้อนก็ได้ ปะๆ 555,positive,1
4243,4243,ถ้าลงทะเบียนแล้ว เวลาจะรับสิทธิ์ต้องทำอย่างไรบ้างครับ,positive,1
4244,4244,สนับสนุนการปรับปรุง เห็ดกินแค่สองคำหมดไม่คุ้มราคา,negative,0
4245,4245,พาไปหน่อยน้าา,positive,1
4246,4246,เพราะฤทธิ์ smirnoff แน่ๆ,negative,0
4247,4247,เป็นความผิดพลาดในการออกแบบดีไซน์ตัวรถ ให้ออกแนวเป็น Sedan sport car แต่มันไม่สวยและไม่ลงตัวเลย​ กะเปลี่ยนลุคใหม่ให้กับ Accord 😁😂🤣😆,negative,0
4248,4248,ชั้นลำไยพวกที่มีปัญหากะน้องชั้นเหลือเกินทู้พันทิปงอกเงยกว่าดอกเบี้ยในธนาคาร วิเคราะห์นี่นั่นโน่นไปเรื่อย ชั้นถามเทอคำเดียว เทอถามให้ได้เหี้ยไรอะ รำ,negative,0
4249,4249,ถ้าถูกจะเลี้ยงเอ็มเค แคบเลย,positive,1
4250,4250,เคยไปลอง eyeliner ของ kat von d แล้ว ก็ไม่ได้ขนาดนั้นอ่ะ ฮื่อ แต่ eyelid เรามันมาก ละก้น้ำตาไหลบ่อย,negative,0
4251,4251,เป็นโฆษณาที่ฮามาก ไม่กดskipเลย 😂😂 #บร๊ะเจ้าโจ๊ก #นีเวีย,negative,0
4252,4252,มาอิ่มอร่อยกันที่ Bar B Q Plaza พร้อมรับเครดิตเงินคืนสูงสุด 600บ.*24 พ.ย. 60 - 31 ม.ค. 61 สำหรับสมาชิก ซิมเพิล วีซ่า คาร์ด คลิ๊กเลย https://goo.gl/BpgtV2,positive,1
4253,4253,ขอบกินมากเลยค่ะหงส์ทองกับแสงโสม อ่ะแสงโสมเป็งของแถม,positive,1
4254,4254,L'Oréal Paris แต่ทาได้สักพักประมาณ 2-3 นาที มันก็หายแสบอ่ะค่ะ หรือเป็นเพราะเรามีสิวค่ะ,positive,1
4255,4255,เค้าขอโทษสำหรับการกระทำที่ไม่ดีและเค้าสัญญาจะทำตัวใหม่และอยู่ใปทุกๆปีนะ❤️,negative,0
4256,4256,พกเหล้าไปเองได้ป่ะกลัวเจมสันน,negative,0
4257,4257,ปะ 55,positive,1
4258,4258,กุเอาลิป holika holika ไปไว้ไหนวะ ชิบหายละ,negative,0
4259,4259,ลาจากเบียร์ช้าง มาโซยลีโอ,positive,1
4260,4260,โอยยยอีกนิดจะมิ้วคำพยาธิกับบาบิก้อนแล้ววว ติดตาตรึงใจภาพวนอยู่ในหัวมากเว่อ กินไรก็ระแวงไปหมดดTT,negative,0
4261,4261,อย่าหวังคะ รถเราเพิ่งเสียขับดับกลางอากาศติดไป ทั้ง0+ฟอร์ด บอกติดต่อกลับเงียบหาย ขบวนกานกฏหมายเท่านั้นถึงจะเหมาะกับฟอร์ด,negative,0
4262,4262,ดีหยออ 555 #หิวบาบิก้อน,positive,1
4263,4263,หุ้นพวกกลุ่มสุขภาพเล่นตัวไหนก็รอด นี่เล่นกลุ่มของ รพ.กรุงเทพอยุ่ นี่ว่านี่ซื้อแพงละนะ หุ้นก็ยังขึ้นนนเรื่อยๆ👍,positive,1
4264,4264,อยากกินลีโอเว้ยยยยยย55555,positive,1
4265,4265,น่ารักมากㅠ_ㅠ เป็นเด็กที่ชอบทำหน้าแบบนี้จริงๆเลยอ่าเนอะ มันเป็นยังไงอ่ะน้องงงง มันแบบโอ้ยปวดหมองโวยวายเยลลี่ในตู้เย็นหมดหรือมังเครียดมากเพราะนมผงขาดตลาด ไหนบอกหน่อย มันเป็นยังไงฮึ้น้งอ้วงงง,positive,1
4266,4266,โดยส่วนตัว ผมก็ชอบตระกูล Johnnie Walker.,positive,1
4267,4267,เจอแมลงจิ๋วไปที,positive,1
4268,4268,มาสด้า2ดาวน์เท่าไร,positive,1
4269,4269,ดาราไทยโปรโมทสินค้า เป็นพรีเซนเตอร์จนดูน่ารำคาญไปเลย เอาจริง เราดูป๊อกกี้ ตอนโปรโมทDr.jill นี่กรอตลอด 😖,negative,0
4270,4270,เรียน ผอ โรงพยาบาลกรุงเทพอุดร ถึงเรื่อง มารยาทพนักงานฝ่ายต่างประเทศในการพูดคุยกับลูกค้าให้ดีหน่อย ลูกค้าไมใช่ตาสีตาสาจะพูดคุยอ่ะไรให้มีนํ้าเสียทีดีหน่อยคับ ไมงั้นจะเขียนถึงสำนักงานใหญ่ทีกรุงเทพ ถึง นพ ปราเสริฐ ปราสาททอง,negative,0
4271,4271,พรุ่งนี้ไปกินบาบีก้อนก่อนเถอะออเจ้า,positive,1
4272,4272,แบบวอดก้าชอตก็ไม่อร่อย เบลนผสมก็ไม่อร่อย เบียธรรมดาก็ไม่อร่อย แดกยากเนอะ,negative,0
4273,4273,คือดีอ่ะ,positive,1
4274,4274,แนะนำให้เคธี่ Biore UV Aqua Rich Watery Essence SPF 50+ PA++++ รับรองแดดแรงแค่ไหนก้อเอาอยู่ค่ะ^^ #midnightsun #BioreThailand,positive,1
4275,4275,บทความที่สะท้อนหลายๆอย่าง,negative,0
4276,4276,อุ้ย!! หนาวจริง ป๋องดำ,positive,1
4277,4277,ผมเงินเดือน5หมื่นยังไม่กล้าซื้อเลย...เสียดายเงินที่ผ่อน...ใช้แอคคอดล้านกว่าบาท สำหรับผมก็พอละ..,negative,0
4278,4278,กานิเย่ทำหน้าวอกมากๆๆๆๆ,negative,0
4279,4279,อยากบาบีก้อน,positive,1
4280,4280,เรดเลเบิล ใส่โค้ก ปีโป้ นี่เยี่ยมสัด แดกแก้วเดียวละเมาคือไร คออ่อนละหรอ,negative,0
4281,4281,ผู้บุกตลาดครอสโอเวอร์ B-Segment ตัวจริง คือ Nissan Juck แต่รถไม่ตอบโจทย์กว้างได้เท่า H-Rv,negative,0
4282,4282,กินเอ็มเคเหอะ 555,positive,1
4283,4283,สิงห์เชียงราย ขายให้ ลีโอ ปทุม เอาน่าาา ขอละกัน เบื่อแค๊บหมู มากินเตี๋ยวเรือบ้าง,negative,0
4284,4284,มาลองใช้ ลอรีเอะ ซอฟท์แอนด์เซฟ เอ็กซ์ตร้าโพเทคชั่น แอนตี้แบคทีเรีย แบบกลางคืน 1 แผ่นครบทุกความต้องการ ลดการสะสมของแบคทีเรีย สาเหตุของกลิ่นอับชื้นกวนใจ แถมด้วย ไซด์ บล็อก หยุดการซึมเปื้อนด้านหลัง จะได้หมดความกังวล เลิกเครียด นอนหลับสบายตลอดคืน,positive,1
4285,4285,ไม่ใช่เรื่อง,negative,0
4286,4286,หัวหน้าผม ตอนจนๆ ก็อยากได้รถแพง พอมีรถแพงแล้ว แกก็เห่อขับอยู่พักใหญ่ แต่ตอนนี้เอาไว้จอดครับ แล้วแกไปซื้อ MG3 มาขับแทน พร้อมชนทุกคัน,negative,0
4287,4287,รถก็มีข้อผิดพลาดด้วยกันทุกค่าย... แต่ดูแลลูกค้าอย่างไร ตรงที่ mazdaเป็นปัญหาอยู่เนี่ย ดีเซล cx5 mazda 2 อดีตช่างพอมีข้อมูลอะไรเพิ่มเติมไหมครับ เผื่อได้ความกระจ่าง ผมถาม mazda ไปไม่เห็นตอบอะไรเลย ... แกล้งตาย ซะงั้น,negative,0
4288,4288,เผ็ดไป ขอแบบเดิมได้ไหม,negative,0
4289,4289,ป่ะๆ กินๆๆๆ,positive,1
4290,4290,เพิ่งเห็นว่าเป็นซุปเกี๊ยวหมู,positive,1
4291,4291,ข้าวคำแรกของปี 2018!!!,positive,1
4292,4292,สรุปคือโสด แต่รักษาสถานะให้มันคลุมเคลือไว้เพื่อประโยชน์ของทั้งสองฝ่ายงี้เหรอ ฝ่ายการเมืองก็เข้าใจว่าคนนี้เขยเจ้าสัว ฝ่ายธุรกิจก็เข้าใจว่าเจ้าสัวมีเขยมีตำแหน่งทางการเมือง เริ่ดนะเนี่ย,negative,0
4293,4293,อยากไป ไมอามี่ ขึ้นมาทันที,positive,1
4294,4294,ไม่มีบัตรจ้า,negative,0
4295,4295,good idea !,positive,1
4296,4296,บีทีเอสคือมีความพยยทำป้ายแบบที่เกา แต่คืองงมากเกือบขึ้นผิด.....,negative,0
4297,4297,เห็นไอ้พวกค้ายาบ้า เวลาโดนปปส.จับยังต้องยึดทรัพย์สินไว้ตรวจสอบเลยเรื่องเส้นทางการเงินก็ให้ ปปง.จัดการเห็นสืบกันทีได้ยกขบวนการทุกที กะ อีแค่แหวนกะนาฬิกา คงกระจอกมาก !!!!! ว่าที่มามาจากไหน จริง บ่ แต่ก็อย่าว่ามันคนละเรื่องกัน คดีทุจริตบ้านเราโทษมันแทบไม่มี บุหรี่ไฟฟ้า โดนหนักกว่าต้องเอาไปติดคุกไม่จ่ายภาษีต้องเอาไปประหาร555,negative,0
4298,4298,ขอเหล้าขวดนึงไม่เอา 285,negative,0
4299,4299,ดูนิสสันหน่อยคับ,positive,1
4300,4300,อยากได้มาร์ค. Sulwhasoo ด้วยค่ะ,positive,1
4301,4301,เออไปหมดละตอนนี้กูหิว,positive,1
4302,4302,อย่ามาชีส,negative,0
4303,4303,พาไปกินหน่อย,positive,1
4304,4304,น่ากินเนาะ,positive,1
4305,4305,อันนี้มันไม่บุฟง่ะ555555,negative,0
4306,4306,พน,positive,1
4307,4307,แยกย้าย,negative,0
4308,4308,ใช่ครับ ควรจะใส่ ไฟโปรเจคเตอร์ ในตลาดรถกระบะ มีมาครบเกือบจะทุกเจ้าล่ะ พอไม่มี มันเหมือนจะล้าหลังไปหน่อย ถอยหลังตามเพื่อน ยิ่งในรถเทรลเบลเซอร์ไม่มีมาด้วย รถระดับนั้น ราคาเท่านั้น ทำไมถึงไม่มี,negative,0
4309,4309,สู้ๆครับดันๆ,positive,1
4310,4310,แพ้ยีสต์ เอสเคทูคงไม่ซื้อ,negative,0
4311,4311,บาคาดี้เมื่อคืนติดลมมาก วันนี้แฮงค์ทั้งวันยังไม่หายเลยเนี่ย คุณหลอกดาวสั่ดๆ555555555,negative,0
4312,4312,55555 เย้,positive,1
4313,4313,มหชัยข้าวใหญ่กว่าปลาดิบอีก555,negative,0
4314,4314,ของเรายังไม่ทันได้คนขับเลย แอพตัดเงินผ่านบัตรไป พอโทรถามว่า เรายังไม่ได้รถเลยนะทำไมตัดเงิน คอลเซ็นเตอร์บอกว่าเหมือนเป็นการตัดเงินล่วงหน้าก่อนเพราะกลัวเราเเคนเซิล ถ้าไม่ได้รถจริงๆจะรีฟันคืนให้ คือเเบบได้หรอ ตอนนั่งอูเบอถ้าเรากดเเคนยังไม่เสียเต็มราคาเเบบนี้นะ,negative,0
4315,4315,น้ำตาจิไหลพึ่งเห้นคำว่าถึง29ธันวา😭,negative,0
4316,4316,จะขึ้นจะลง ช่างหัวมัน ดูดบุหรี่ไฟฟ้าดีกว่าสบายใจ,positive,1
4317,4317,5555 แฟนน่าก็ชอบกิน เป็ดเอ็มเค,positive,1
4318,4318,ทำไมต้องใช้ของ Burberry กันจังวะ แพ้งงงงง,negative,0
4319,4319,ทำไมทั้ง​ #ประชาธิปัตย์ และ​ #พลังประชารัฐ​ ถึงต้องโหนกระแส​ #ฟ้ารักพ่อ​ ของ​ #อนาคตใหม่​ มันทำให้ดูว่าไม่มีปัญญาคิดคอนเท้นต์หากระแสของตัวเองนะ​ เราว่าทีมงานควรไปทำการบ้านใหม่​ พอดูแล้วมันไม่ได้ทำให้น่าเลือกขึ้นอ่ะ​ จะเป็นฟ้าหรือต่อให้ไม่ใช่ฟ้า​​ เพราะแค่นี้ยังต้องโหนกระแส,negative,0
4320,4320,ต่างจังหวัดไม่มีเซงไป,negative,0
4321,4321,แค่15บาท,positive,1
4322,4322,ลงทะเบียนเรียบร้อยค่ะ,positive,1
4323,4323,เสียงผู้ชายเรียกฮยอนจินนี่เป็นเพื่อนหรือแฟนบอยอะ5555555555555,positive,1
4324,4324,จะโอเคก่ต่อเมื่อกินเอ็มเค,positive,1
4325,4325,รอโปรดีๆ ของเดือนนี้ อยู่นะคะ,positive,1
4326,4326,โห cx3 นั่นมาสด้า2ชัดๆ แคบกว่านี้ คงหายากแล้วครับ 😆😆😆,negative,0
4327,4327,น่าโดน5555,positive,1
4328,4328,ตอบแทนแอดคับ มันโหลดช้านิดนึงนะคับ ตอนนี้ยังลงชื่อได้ปกติ,positive,1
4329,4329,เมื่อคืนกินสเมอนอฟไปป๋องนึง หน้าร้อน วิ้งๆที่หัว ง่วงนอน แต่พอนอนแล้วดันไม่หลับ รู้ตัวอีกทีก็ตอนเพื่อนขึ้นมานอนด้วย แต่ช้าแต่ ดันรู้สึกว่ายังไม่ได้นอน,negative,0
4330,4330,ยาสีฟัน pleasia ดีไม่ดีไม่รู้แต่สั่งซื้อไปแล้ว กรีนทีซีดซีรั่มเซ็ทของ innisfree ก็เช่นกัน ซื้อเพราะพรีเซ็นเตอร์ เวง,negative,0
4331,4331,ไปกินบาร์บิกอนครั้งแรก จำได้ว่าหิวน้ำมาก พนง.ก็เดินมาวางเหยือกกะแก้ว อินี่ก็เทน้ำใส่แก้ว และรีบกินทันทีเพราะหิวน้ำมาก กินหมดแก้วก็สงสัยทำไมน้ำมันเค็มๆจังว่ะ พอหันไปมองโต๊ะข้างๆ อ่าวอิเหี้ย นั่นมันน้ำซุป คือแบบทำไมโต๊ะอื่นพนง.เทให้เลย ละโต๊ะฉันเขามาวางเฉยๆอ่ะ #เรื่องมันช่างหน้าอาย,negative,0
4332,4332,ที่แย่สุดคือ เอมเค จืดสัด,negative,0
4333,4333,เหี้ยยยกูหยุด30-2,negative,0
4334,4334,ตั้งใจไปกินแต่ของหมด #จ้ะ,negative,0
4335,4335,อุสา ออกมาห้างจะกินเอมเค แม่ง ปิดละ อะไรว่ะ ปิดเรวเวอรรร,negative,0
4336,4336,สั่ง mk มากินที่บ้านอีกแล้ว แพงแถมยังต้องต้มเองล้างหม้อเองอีก,negative,0
4337,4337,โป๊บไม่กินช้างหรอก เชื่อสิ,negative,0
4338,4338,ไม่เอาาาาช้าง จะกินhite,negative,0
4339,4339,ขอบคุณมากครับพี่ จะได้ตัดสินใจได้จากผู้ใช้จริง ผมก็ตั้งใจหาเอาไว้ใช้เป็นรถครอบครัว ส่วนตัวใช้มาสด้า2อยู่ แต่เวลาไปเที่ยวไหนกับเพื่อนไกลๆ ก็อยากได้รถโปร่งๆแนวครอบครัวไปได้ทีหลายๆคน ที่สำคัญราคากำลังดีด้วย เลยมองๆตัวนี้ไว้ ขอบคุณมากครับ,positive,1
4340,4340,โนคะอีดอกเงินก็ออกเหมือนกัน,negative,0
4341,4341,ไม่เอาเบียร์ยูอ้ะ ไม่หย่อย,negative,0
4342,4342,บอกเองเลย ที่บ้านไม่ชอบกินบาบีก้อน,negative,0
4343,4343,กินป่าว,positive,1
4344,4344,สมูทอีเป็นบ้าไรไม่รู้อ่ะ ใช้แล้วแสบชิบหาย แต่ถามว่าสะใจมั้ย เออ เช้ามาสิวหายเรย,negative,0
4345,4345,ยังไม่ทันได้เลือกตั้ง ก็ออกมาสตาร์ทรถถังรอซะแล้ว 🙄 #หนักแผ่นดิน #เลือกตั้ง62,negative,0
4346,4346,น้องอิง คำแพงขอพาเด็กไปได้ไหม,negative,0
4347,4347,ทาลิป Tom Ford สี Bare Peach แล้วทับด้วย Shu uemura สี OR 520 สวยมากจงลองค่ะ #cinnamongalmakeup,positive,1
4348,4348,หนูหายปวดท้องรึยังคะ ดุด,negative,0
4349,4349,ชอบแดกลีโอ หรือ เปล่า,positive,1
4350,4350,อยากใช้ eyeliner ของ mistine ที่พี่ เบลล่ากำลังใช้อยู่ เพราะทำให้ดวงตาของเราสวยและคมกริบ ติดทนนาน ไม่เลอะ และเราสามารถเลือกเส้นตามที่เราต้องการได้ จากดวงตาของพี่เบลล่าที่ใช้ eyeliner ของ mistine แล้ว สวย และอยากลองใช้เพื่อจะสวยเหมือนพี่เบลล่าค่ะ,positive,1
4351,4351,C-HR เก็บเสียงไม่ MAZDA 2 มันจะดังขนาดไหนเนี่ย เพราะ M2 ก็ขึ้นชื่อเรื่องลมเข้าห้องโดยสาร ขับ 100 เมื่อไหร่เสียงงี้อื้ออึงเลย,negative,0
4352,4352,ติดต่อแล้วค่ะ แจ้งว่าต้องรอ รอ และรอ ไม่มีกำหนดชัดเจน เพราะเป็น minor change ไม่รู้จะเข้าเมื่อไหร่ และ delay อีกนานแค่ไหน,negative,0
4353,4353,ไปกันมั้ย,positive,1
4354,4354,ได้เยอะจนแบบกุไม่เอามาสด้า2ละ,negative,0
4355,4355,เสาร์นี้ที่รอคอย อิอิ,positive,1
4356,4356,Cheek Stick No.2 Coral โดนฉีดน้ำทั้งหมด 3 ครั้ง ค่ะ ชอแป้งเซซานมาก ทาออกไปเล่นสงกรานต์เปียกเท่าไหร่ก็ยังสวยยย มันเริ่ดสุด,positive,1
4357,4357,อีกหนึ่งความก้าวหน้า ไม่ช้าคงประสบผลสำเร็จตามที่ต้องการครับ ขอบคุณทุกท่านที่ช่วยดำเนินการให้ครับ,positive,1
4358,4358,ต้องลองให้ลอรีเอะ ซอฟท์ แอนด์ เซฟ #บล็อกล่ะค่ะ #บล็อกดีไม่มีซึม เมื่อวันนั้นของเดือนมาถึง จะนอนท่าไหนก็ได้เลย ;),positive,1
4359,4359,มีแต่หมูกับเนื้อ อาหารทะเลมีแต่ปลาหมึกกรอบ นี้คือราคาที่สมควรมากคะ,negative,0
4360,4360,พรีอุส ทำไว้ดีครับ ทนทาน ปัญหาน้อย,positive,1
4361,4361,เป็นกาวติดผ้าอนามัยทำไมมาอยู่ตรงนี้ หื้ม..,negative,0
4362,4362,ลองใช้เจ้าผ้าอนามัยคูลลิ่งเฟรชครั้งแรก ไม่เย็นแบบสบายด้วยแต่เย็นแปลกๆอะ ไม่เวิร์คกับเราเหลย ดีแค่ชอบตรงแผ่นกลางวันแต่บ๊างบางเนี่ย,negative,0
4363,4363,ดีมากสุดยอดเลย,positive,1
4364,4364,ไหนว่ามึงไม่ปฏิเสธผู้โดยสารวะ!!! แม่งอ้างรถติดไม่มารับเลย #lineman แท็กซี่แม่งเหมือนกันหมด มึงอยู่ประเทศนี้จะเลี่ยงรถติดยังไงวะ อ้อ!!! นึกออกแล้ว เรียกสุเทพมาเป่านกหวีดสิวะ,negative,0
4365,4365,คนจะไม่ด่าว่าตอแหล ถ้ายกเลิกบุหรี่มวนไปด้วยพร้อมกัน นี่มันปากว่าตาขยิบ,negative,0
4366,4366,ขาดันมาแล้ว. ดันซิครับรอรัย,negative,0
4367,4367,โอ้ยยยย โคตรดีอ่ะคุณจิตติ รักในความกากของพี่อาร์คความเกรียนและโง่ของน้องอาร์ม ชอบตอนอิน้องงอแงสุดๆ บ่นทุกอย่างที่มีออกมาหมดไม่มีกั๊ก อิพี่คนกาก ใช้โควต้าความกากเต็มแม๊กมาก จีบน้องมานานน้องยังไม่รู้ตัวกากแค่ไหนถามใจดู,positive,1
4368,4368,หมดตั้งแต่นาทีแรก เว้อละมั้ย?,negative,0
4369,4369,และ 25 ประเทศที่ The Face Shop เปิด ไม่มี Austria!!! เซงเบย T T #GOT7 #GOT7Official,negative,0
4370,4370,ปะ จัน,positive,1
4371,4371,ในรูปกับความเป็นจริง,negative,0
4372,4372,เข้าไปกดทำตามขั้นตอน ได้บะหมี่ฟรี อิอิ,positive,1
4373,4373,แสงโสมนี่เวลาตื่นจะรู้สึกเหมือนโดนกระทืบหน้า,negative,0
4374,4374,😚😚😚 ลองอันนี้สิคะ ลอรีเอะ ซอฟท์แอนด์เซฟ เอ็กซ์ตร้าโพรเทคชั่น แอนตี้แบคทีเรีย แบบกลางคืนกังวล เครียด มีปัญหานอนไม่หลับช่วงวันนั้นของเดือน ลอรีเอะ ซอฟท์แอนด์เซฟ เอ็กซ์ตร้าโพเทคชั่น แอนตี้แบคทีเรีย แบบกลางคืน 1 แผ่นครบทุกความต้องการ ลดการสะสมของแบคทีเรีย สาเหตุของกลิ่นอับชื้นกวนใจ แถมด้วย ไซด์ บล็อก หยุดการซึมเปื้อนด้านหลัง สุดยอดไปเลย 💖 หลับสบายตลอดคืน ตื่นมาสดชื่น 😊😊😊😊😊,positive,1
4375,4375,นี่มันอะไรกัน หยุดปีใหม่กูไม่ได้เที่ยวอยู่แต่บ้านแถมยังทำงานบ้านทุกสิ่งอย่างขัดห้องนํ้ายันตัดต้นไม้ บาบีก้อนก็ไม่ได้กิน ร้องหั้ยยย,negative,0
4376,4376,Ba hao 八號 บาร์จีนดีๆ ในซอยนานา เบียร์นุ่ม อาหารอร่อย นี่สั่ง Jian Bing กับเกี๊ยวเป็ดไป น้ำซอสคือดีมาก เป็นซิกเนเจอร์ของร้านเลย บรรยากาศร้านก็ดี ให้อารมณ์หว่องเข้ากับบรรยากาศในคืนฝนตก จะกลับไปอีกแน่นอน,positive,1
4377,4377,ลาดไหม,positive,1
4378,4378,นิสสันนาวารารุ่นใหม่สวยดูแข็งแกร่ง สีสันโดดเด่นชอบคะ,positive,1
4379,4379,ถ้าไครเห็นตำรวจดูดบุหรี่ไฟฟ้าถ่ายรูปแล้วแจ้งความเลยครับเอาคืนซะบ้าง,negative,0
4380,4380,ไม่ได้โดนบาบีก้อนนานละ #พูดลอยๆ,positive,1
4381,4381,น่าจะควาย อ่ะครับ เดี่ยวนี่ ควายเยอะ ควายแก่ด้วย,negative,0
4382,4382,อย่าไปใช้เลยครับไอ้เหี้ยเน็ตtrueส้นตีนโคตรห่วย,negative,0
4383,4383,กินคริสตัลเหมือนกัน เลิกกินสิงห์,negative,0
4384,4384,หิวเนอะ,positive,1
4385,4385,เป็นการตอบคอมเม้นที่ดีที่สุด โตโยต้าอึด ทน ขนเยอะ ฮอนด้าอะไหล่แพง แล้วก้อไม่เหมาะเพราะศูนย์บริการน้อย ฮอนด้าเหมาะกับใช้งานแบบลูกค้าที่เปนการใช้งานส่วนตัว ไม่เหมาะกับเชิงพานิชย์เครื่องเค้าอึดสู้โตโยต้าไม่ได้,negative,0
4386,4386,ซื้อผัก2ก้อน,positive,1
4387,4387,กุพึ่งกินมาเอง,positive,1
4388,4388,อยากขาวและผิวนุ่มชุ่มชื่นใช้ของนีเวียค่ะดีมากๆๆใช้มาตั้งแต่สาวรุ่นๆๆจนตอนนี้41แล้วผิวยังดีอยู่เลย,positive,1
4389,4389,ถูกใจอีออยเลยยยยย,positive,1
4390,4390,แพ้กานิเย่โฟมค่ะ ร้องห้ายยย ผดเต็มหน้า,negative,0
4391,4391,อยากกินเลี้ยงหน่อยค่ะ😌😍,positive,1
4392,4392,คัมรี่ พวกซื้อมาโคตรเสียใจเลยบอกเกือบพาตายหลายครั้งละ,negative,0
4393,4393,ว้าววววว,positive,1
4394,4394,แดกละไง...ไม่ใช่รสชาติของเรา,negative,0
4395,4395,เห็นขายกู๊ดอินนิสฟรียัยลูกแล้วลมแทบจับ ราคาเกือบเท่าซื้อเซรั่ม+กู๊ด 55555 เชี่ย นี่ความจริงคือซื้อกู๊ดแถมเซรั่มใช่…,negative,0
4396,4396,ผมแกล้งถามไปในโพสโฆษณา C-HR ของเพจ TOYOTA ว่ารุ่นใหม่ที่ออกมา จะมีปัญหาเหมือน Fortuner ไหม ก็เงียบกริบครับ มีแต่ตอบคำถามคนที่สนใจจะซื้อเท่านั้น,negative,0
4397,4397,ถ้าไม่มีตัวเลือกจริงๆพักได้แต่ถ้ามีตัวเลือกอื่น แนะนำว่าอย่าพักดีกว่า,negative,0
4398,4398,ก็คือ Sold out 😭😭😭😭 เจ้าแม่โซลเอ้าท์ที่แท้ทรู #LALISA,negative,0
4399,4399,เบื่อคนมีคู่เด้เนาะยายจอย,negative,0
4400,4400,พาไปหน่อยครับพี่,positive,1
4401,4401,ที่ไหนมีขาย ผ้าอนามัยในฝันกูเลย,positive,1
4402,4402,MG รถมันคุ้มจริงๆ แต่เห็นใช้จริงรถมี defect เยอะเหมือนกัน เคยเกือบถอย MG3 ละ 5555 ค่ายนี้ให้ระวังเรื่องศูนย์บริการเพราะช่างไม่ค่อยเก่ง และเบิกอะไหล่นาน,negative,0
4403,4403,กระโหลกกะลาไอ้ควย เหมือนดูดบุหรี่ซองปลอดภัยชิปหาย กุเลิกได้เพราะมันมีสิ่งทดแทนกุไม่ต้องทนกับควันเหม็นๆกลิ่นตัวเน่าๆ บอกมาได้อย่าหลงเชื่อกูแดกข้าวน่ะครับไม่ได้แดกหญ้าเหมือนพวกมึง การศึกษากู ป.ตรี ภาษาอังกฤษกูอ่านออกเขียนได้น่ะโว้ย กูไม่ได้โง่ที่ไม่รู้แตดรู้หีอะไรเลย กระโหลกชิปหาย เป็นตั้งนายแพทย์ มึงไม่ได้ศึกษาผลวิจัยในต่างประเทศบ้างรึไง รึ ว่ามึงรับไม่ได้ รึ รัฐจ้างมึงให้ปล่อยข่าวผิดๆเท่าไหร่ล่ะ คนเขาไม่ได้โง่หมดทุกคนหรอก,negative,0
4404,4404,แข่งที่2คะ,positive,1
4405,4405,ต้องจัดเลย,positive,1
4406,4406,เบียร์ช้าง 3 ขวด 360 นี่ก็แพงเกิ้น,negative,0
4407,4407,รอนานมากยังไม่ได้ทานไม่ไหวค่ะขอบอกสาขาพลัสมอลอมตะชลบุรีปรับปรุงด้วยโต๊ะว่างก้อไม่เคลียร์ให้ลูกค้าเข้าปล่อยโต๊ะว่างให้ลูกค้ายืนรอไหวไหมค่ะแย่ค่ะ,negative,0
4408,4408,โห่ทั้งห้องคงมี3-4คนสูงไม่เกิน130,negative,0
4409,4409,ไม่กิง ใส่เกงไม่ด้ายยยย!!!,negative,0
4410,4410,ป้ายแดงก้อแค่ยาริส นึกว่าBMW,negative,0
4411,4411,จอดรถตรงทางเท้าแบบนี้ผิดกฎหมายมั้ย ต้องเสียค่าปรับป่ะ,negative,0
4412,4412,นิสสันนาวาร่า รถปิคอัพล้ำสมัยด้วยเทคโนโลยีอัจฉริยะพร้อมกล้องมองภาพรอบทิศทาง ซื้อตอนนี้มีโปรโมชั่นพิเศษนะคะ,positive,1
4413,4413,คนอื่นต้องหา 375 เสียง แต่ พลังประชารัฐต้องการ 126 เสียง ถ้ารวมภูมิใจไทย ชาติไทย ชาติไทยพัฒนา พลังชล 126 เสียงจะไปอยากอะไร,negative,0
4414,4414,บุหรี่ไฟฟ้าดีกว่าประหยัดกว่า..,positive,1
4415,4415,คือเบียร์ยูมันไม่อร่อยไง -3-,negative,0
4416,4416,555555 สัสไปม่ะ,positive,1
4417,4417,กินหม่าล่าไม่เป็นๆ,negative,0
4418,4418,ช่วยๆกันครับ ผมเป็นอีก1กำลังเล็กๆ ทำไม่ได้ยากอะไร เพื่อความถูกต้องครับ,positive,1
4419,4419,Spy เปงเครื่องดื่มแอลกอฮอร์ที่หวานสุดยอด หวานจนแสบคอ ถึงกับต้องผสมโซดากินเลยอะ น้องมะปลื้ม,negative,0
4420,4420,พรรคพลังประชารัฐ โดนร้องเรียน จะย่างเข้า 3 เดือนแล้ว ยังไม่มีผลใดๆเกิดขึ้น แต่พรรคไทยรักษาชาติ โดนร้องไม่ถึงอาทิตย์ พิจารณาและมีมติเรียบร้อย และเรื่องที่ควรร้องอีกเรื่อง พรรคพลังประชารัฐ ให้ลุงตู่เป็นเคนดิเดตก็ขัดต่อกฎหมายไม่ต่างกัน #เลือกตั้ง62,negative,0
4421,4421,ผมกินเบียร์สิงห์ครับ,positive,1
4422,4422,ประเทศอเมริกา ยุโรป ญี่ปุ่น มีวิธีแก้ปัญหาการขับรถของผู้ใช้รถใช้ถนนอย่างไร ช่างมัน ประเทศสารขัณฑ์ ทั้งหน่วยงานราชการ และท้องถิ่น มีวิธีแก้ปัญหาแสนง่าย ถนนสร้างมา 4 เลน กรูก็เอากรวยไปตั้งบีบเข้าให้เหลือ 1 เลนซะ ปัญหาอย่างอื่นจะตามมา ช่างแมร่ง #ประเทศกูมี,negative,0
4423,4423,ชอบปลานึ่งซีอิ้ว,positive,1
4424,4424,เมื่อกี้ไปเดิน ETUDE ที่สยาม ละก็เสียงใครวะคุ้นๆ อ๋อออ เสียงผู้นี่เอง เพลง take your hand ฮือออ คิดถึง ปล.วิกซ์จะคั…,negative,0
4425,4425,สู้ๆๆครับผม,positive,1
4426,4426,เอ็มเคไง มึงอยากกินไม่ใช่หรอ,positive,1
4427,4427,ผ้าอนามัยแบบเย็นนี่กลิ่นมันหอมแต่แรงนะ แบบ เพื่อนนั่งข้างๆนี่รู้เลยเป็นเมนส์และแบบเย็น กลิ่นนี่ลอย,negative,0
4428,4428,แค่ชื่อก็น่ากินแล้ว,positive,1
4429,4429,ไปกินขนมอันนั้นกัน5555555,positive,1
4430,4430,อยากอะ,positive,1
4431,4431,นอ้งซิตี้สีดำคันโปรด ลุยไปด้วยกันตลอดทั้งที่ทำงานและสถานที่ท่องเที่ยว ไกลแค่ไหนก็ไปมาแล้ว พร้อมครอบครัว ไม่เคยทำให้เราผิดหวังเลย แม้จะแก่แล้ว หวังว่าจะพาไปดูหนังรอบพิเศษนี้อีกนะ #ฮอนด้าที่รัก#EnjoyHondaThailand,negative,0
4432,4432,มีดีแม็กปี2016ใหมครับ,positive,1
4433,4433,แม่งสังคม Vape เหี้ยๆก็มีนะ ไม่นั่งดูถูกคนอื่นว่าใช้อุปกรณ์กากบ้าง ควันน้อยบ้าง มึงวัดขนาดของควันเหมือนมึงคิดว่าควยใครเล็กใครใหญ่งี้หรอ ควย,negative,0
4434,4434,เปลี่ยนใจจากยาริสแล้ว,negative,0
4435,4435,คือกูเกลียดเบียร์ช้างอ่ะ เป็นเบียร์ที่ควรลบออกไปจากประเทศนี้แต่ทำไมเพื่อนๆชอบกิน น้องอึดอัดใจเวลาไปตี้,negative,0
4436,4436,อห.แบบคนมันถึงไม่อยากเสียภาษีไง อีดอกกกก นี่ถ้าเอามาอุดหนุน bts mrt ยังดีกว่า,negative,0
4437,4437,เมื่อไรจะแก้เตาใหม่ทุกสาขา ตักน้ำชุปยาก,negative,0
4438,4438,รีวิวชาชีสเอ็มเค กล้าเรียกตัวเองว่าชาชีสหรอ5555555555555555555555555555555555,negative,0
4439,4439,จะคุ้มไนซ์ไหม5555,positive,1
4440,4440,อยากไปเค้าดาวกับคนรู้ใจฟัง knife party ดีเจคนโปรด ดื่ม blend 285 แสนอร่อยคนจะมีความสุขหน้าดูในวันเค้าดาว,positive,1
4441,4441,กูว่าเอ็มเคไม่พัง พวกเรากินน้อย ไม่คุ้ม,negative,0
4442,4442,ผอมมม,negative,0
4443,4443,กินอะไร กินอะไร ไปกินเอ็มเคคคค 😂,positive,1
4444,4444,อันนี้อร่อยป้ะ อีป๋องดำแดงแดกแล้วไม่ชอบเลย,negative,0
4445,4445,เจนนี่เกลียดเพื่อนมากค่ะ เกลียดมากๆ จริงๆนะคะ🙃 #จนค,positive,1
4446,4446,เมื่อมีชาวบ้านประท้วงการสร้างเหมือง รัฐตั้งกรรมการ 5 ฝ่าย ประยุทธ์ใช้วิธีง่ายๆ โดยใช้ ม.44 หยุดเหมือง ประยุทธ์ไม่ได้ห่วงชาวบ้าน แต่แก้ปัญหาแบบตู่ เพราะ พรบ.แร่ ฉบับใหม่ยังงอกออกมา (ฉบับบนี่ลดการมีส่วนร่วม ไม่ต้องศึกษา EIA ใช้เสียงข้างมากก็ผ่าน) (3) #เหมืองทองอัครา,negative,0
4447,4447,ใข่ครับ,positive,1
4448,4448,เบียร์ไทเกอร์รสชาติ”👣”มาก,negative,0
4449,4449,จะพาไปกินป่าวว,positive,1
4450,4450,Jo malone กลินแจฮยอนใช้คือ ทุกครั้งที่ฉีดจะปวดหัวแรงมาก ละน้ำหอมติดทนเหลือเกิน กุจะตาย,negative,0
4451,4451,ชอบนะ Heineken ถ้าร่วมวงกับเพื่อนๆจะต้องมีพี่เขาอยู่ในวงด้วยตลอด,positive,1
4452,4452,โอ้ยขนาดบาบิก้อนในห้างยังมี แล้วเนื้อย่างธรรมดานี่จะไม่เต็มหรอวะ,negative,0
4453,4453,อยากกินน,positive,1
4454,4454,อิสัส นั่งแดกแมคเจอผช.คนนึงหน้าคุ้นๆแต่งตัวโคตรชิวนึกว่าคนแถวนี้ เจอผกก.ฟรีแลนด์,negative,0
4455,4455,ของหวานเมนูใหม่จากเอ็มเค 69.- ได้ส่วนลดดีแท็ก 15.- อืมมมมม อร่อย! ...แต่ก็ยังแพงอยู่นะ😅,negative,0
4456,4456,หนูอยากกินมากนะค่ะ ที่รัก 😗😗😗,positive,1
4457,4457,ที่เขาว่าคือไม่เก็บอารมณ์ อธิบายเขาไปสิว่าสาเหตุแบบนี้ นี้อะไรมันก็โวยวายแสดงว่าไม่มีความรู้ส้นตีนอะไร เลย ถ้านานทุ่นเบียร์ช้าง ซีพีจะเอาอะไรแทบจะก้มให้เขา คนดูเขาเข้าใจครับ เขาเอามาว่ากันก็คือการกระทำที่บ้าอำนาจ ขอญาตินะครับที่เข้ามาเม้น มีผู้นำแบบนี้รุ่นลูกรุ่นหลานคงต้องไปรับจ้างพม่าเวียดนามละ หรือคุณจะเอาเรือดำน้ำจีนไปทำเพาะประการัง,negative,0
4458,4458,สเมอนอฟนี่จัดเป็นแอลประเภทเบียร์หรือเปล่า ไม่มีความรู้ด้านนี้ รู้แค่ไม่หร่อยเลยย 😑😑😑,negative,0
4459,4459,ชอบแสงโสมนะ แต่ช่วงนี้โดนช้างตลอดเลยวะ,positive,1
4460,4460,พนมะ,positive,1
4461,4461,เบลนแม่งเหี้ยยยย รสชาติหมาไม่แดก,negative,0
4462,4462,แล้วถ้ามีพี่ๆตำหนวดเสพหรือครอบครองจะโดนอะไรมั้ยครับ,negative,0
4463,4463,เบียร์ช้างปรับลดแอลกอฮอล์เหลือ 5% จ่ายภาษีลดลง 530 ล้านบาท #จบข่าว,negative,0
4464,4464,ในเชิงบริหารผมว่าพรรคนั้นไม่ควรขึ้นไปนั่งนะ ดูแล้วไม่น่ารอด แต่ควรเอาดีทางด้านส่งเสริมกิจกรรมมากกว่า ถ้าบริหารต้องเลือกอีกพรรคนึงที่ชื่อ*แบะๆ*ถึงจะโอเค,negative,0
4465,4465,อยากจิน,positive,1
4466,4466,ไม่มีป้ายบอกหน้าทางเข้าซอย ห้องน้ำไม่ค่อยสะอาด เครื่องทำน้ำอุ่นน้ำไม่อุ่น(คาดว่าเพราะอากาศค่อนข้างเย็น พักช่วงปีใหม่),negative,0
4467,4467,ชุดเดียวอิ่มอ้วก,positive,1
4468,4468,วันนี้เลย555,positive,1
4469,4469,ทำไมเดี๋ยวนี้ hotpot ไม่มีกุ้งแล้วอ่ะคะ,positive,1
4470,4470,รีวิวเหล้าฮันเดรด กินแล้วภาพตัดของแท้ ตื่นมาอีกทีตอนอ้วกอ่ะ ตอนตื่น ปวดหัวมากโอ้ย,negative,0
4471,4471,ไปกินกานนนน,positive,1
4472,4472,ระเบิดปรมณูลงทรู หรืออย่างไร เน็ตหลุดกระจาย ตั่งแต่เช้า โทรไปถาม บอกว่าจะแก้ไขเสร็จตอนตีหนึ่ง บ้าหรือไง,negative,0
4473,4473,พร้อมครับ,positive,1
4474,4474,ผมเลิกบุหรี่แล้วเพราะบุหรี่ไฟฟ้า,positive,1
4475,4475,วิธีหลบเลี่ยงไม่ต้องจ่ายภาษีให้แม่งเอาไปผลาญ พวกเอ็งย้ายลงมาอยู่หาดใหญ่ เหล้า บุหรี่หนีภาษีเพียบ บุหรี่ซองละ 20-25 บาท เหล้าแบล็กเลเบิ้ลขวดลิตร 750 เรดลิตร 450 เครื่องใช้ไฟฟ้าอีกเพียบ,negative,0
4476,4476,อยากให้หลังเลือกตั้งแล้ว บ้านเมืองจะดีขึ้นจริงๆ พรรคเพื่อไทย ไทยรักษาชาติ นอนมาแน่ๆ รู้สึกมีความหวังแบบเหงาๆ นะครับ,negative,0
4477,4477,ณ.เวลานี้ Isuzu สุดยอดครับ,positive,1
4478,4478,พาไปกินหน่อยวันมีเงิน คนละ ทร ว่ะ,positive,1
4479,4479,สอบถามครับ ผมใช้เบอร์ true move อยู่ดี มีSMS แจ้งมาว่า ผมได้สมัครบริการ horo love 3บาท ต่อ SMS ทั้งที่ไม่ได้สมัครเอง ทำไมถึงเป็นแบบนี้ ระบบการหาเงินแบบนี้พวกคุณทำกับลูกค้าไปแล้วกี่ราย ส่งSMS กินเงินแบบเงียบๆ,negative,0
4480,4480,ผ่านมากี่ยุค กี่สมัย เอาจบ ป.4 มาดูแลกันหรือไง หรือพวก ลอกข้อสอบเพื่อนมาเป็น ภาครัฐ,negative,0
4481,4481,ลุย!!,positive,1
4482,4482,ไม่นะมึงงง ฮอทพอทแหลมทองแม่งเจ๊งไปแล้ว,negative,0
4483,4483,ผู้บริหารระดับบน รึฝ่ายการตลาดของนิสสัน มันจะเข้ามาอ่านบ้างรึป่าว ความเห็นของลูกค้า นะ ถ้ามันมาอ่านแล้วนำไปปรับปรุงฟังเสียงลูกค้าบ้าง ป่านนี้ยอดขายมันคงดีกว่านี้แล้ว,negative,0
4484,4484,ก่อนกินเอมเค5555555555,positive,1
4485,4485,เกลียดคำว่า บุคคลสาธารณะอะ คนนะอีสัส ไม่ใช่ส้วม จะด่าจะเสือกวิจารณืเรื่องส่วนตัวเขายังไงก็ได้ ศิลปินดารา หน้าที่เขาคือแสดงละครให้ดู ไม่ใช่เป็นคนดีในอุดมคติให้มึงเทิดทูน ฟินน้ำแตกกันหน้าทีวี,negative,0
4486,4486,อย่าสนใจ ชิวๆๆไปดู มั่ว ยัง 35เลย,negative,0
4487,4487,กินบาบีก้อนก่อน,positive,1
4488,4488,บาคาดี้ยังหลอนปากกูอยู่ ไอ้เหี้ย ขมขื่นจริงๆ,negative,0
4489,4489,อยากสวยเหมือน พี่เนย โชติกาสิค่ะ สวยไม่เปลี่ยน #มาส์กโชสวยข้ามคืน #cho_cosmetics #daradaily #ดาราเดลี่,positive,1
4490,4490,> ป่ะเรา,positive,1
4491,4491,ผมก็เป็นอีกตนที่ไม่ชอบ...กลิ่นแก๊สเสียรถยนต์...แต่ยังต้องทนดมกลิ่นมัน...เพราะตนเขาให้กันหรือครับ...มันก็อันตรายยิ่งกว่าบุหรี่จริงๆเสียอีก,negative,0
4492,4492,จำแสงโสมอ้วกได้มั้ยอิควย,negative,0
4493,4493,อร่อยจุง,positive,1
4494,4494,พี่สั่งห้ามกินของแพงแล้วนิ,negative,0
4495,4495,แบตลูกละแสน แต่ถามว่ามีใครต้องเสียเงินเปลี่ยนเองหรือยัง ตอบได้เลยว่ายัง เพราะcamry hybrid รุ่นแรกเปิดตัว 7/2009 คนที่ซื้อคันแรกในตอนเปิดตัว ก็ยังไม่หมดประกัน สิ่งที่น่ากังวลก็ตามเม้นบน ที่ว่ากังวลกับ ปั้มเบรค Inverter คอมแอร์ดีกว่า เพราะราคาแสนสาหัส แต่ผมใช้มา4แสนโล เคลมแบตhybridไปแค่ลูกเดียว อย่างอื่นไม่มีปัญหาอะไรเลย,negative,0
4496,4496,กินกัน,positive,1
4497,4497,ทางเท้า...มีที่ให้คนนั่ง กว้างขวางไม่มีวินมอร์ไซค์ขึ้นมาวิ่ง,positive,1
4498,4498,สมควรอ่ะเจ๊ ผมกินแทบทุกอาทิตย์ผมยังไม่กินอีกเลย 😂,negative,0
4499,4499,มันจะไม่สวยล่ะมั้ง,positive,1
4500,4500,ในตัวเมืองโคราชขายเบียร์ช้างขวดละ 90 ลีโอ 100 นี่ขนาดขายฟรีค่าที่ไม่ต้องเสียนะเนี้ย,negative,0
4501,4501,พวกนี้โง่เง่าจริงๆ ที่นั้นคือสนามบินสุวรรณภูมินะโว๊ย มีคนมีความรู้มีระดับจากทั่วโลกผ่านไปมานะ มึงยังไปโชว์ความโง่ให้โลกดูซะงั้น เค้าเป็นยักษ์ในสนามบินนานาชาตินะ มึงมาถวายเหล้าขาวน้ำแดงได้ไงวะ อย่างน้อยก็ต้องแบล็คเลเบิ้ลเว้ย ถ้าจะให้ดีก็ต้องไวน์แดงขวดหลักแสนนะ เข้าใจมัย!!!,negative,0
4502,4502,นัดหมาย เราไม่ชอบขัดใจใคร 555,negative,0
4503,4503,นิสสันถ้ามีของในสต็อกสั่งวันนี้พรุ่งนี้ได้ของครับ ถ้าเป็นโชว์รูมในเขตกรุงเทพบางทีสั่งเช้าบ่ายมาถึงแล้วก็มี,negative,0
4504,4504,บางสาขาให้ไอติมนิดเดียว งอล,negative,0
4505,4505,ช่วงนี้ท้องออกเจ้าไม่ค่อยดี,negative,0
4506,4506,ใช้เป็นส่วนลดได้ที่7-11นะคะ,positive,1
4507,4507,เอาตัง800ไปสั่งเป็ดย่างเอ็มเคกิน ฟินกว่าเยอะ มีทอนอีกนะ,positive,1
4508,4508,ไม่เอาละแดงซ่ายังไม่หร่อย,negative,0
4509,4509,ง่อววววว เด่ะพี่พาไปนะน้อง 🤣🤣🤣🤣,positive,1
4510,4510,สะอาดดีไม่เปนนิ่ว,positive,1
4511,4511,พึ่งได้ดูโคนันเดอะมูฟวี่22 คุณอามุโร่ตอนเป็นสันติบาลแซ่บมากกก โฮรรรรTwT,positive,1
4512,4512,นี่อยากไปพรุ่งนี้พุ่งตัวไปซีโฟร่าเลยหนาแต่ท่าพน.ต้องบีทีเอสเพราะไม่มีที่จอดหนาวันอาทิตย์ 555,positive,1
4513,4513,จาอาววววววว Jack Daniel,positive,1
4514,4514,อีดออกกก ฟังเพลงล้ะมีโฆษณาเอ็มเคชีสซิ๊ดเเซ่บคือเหี้ยใร,negative,0
4515,4515,มาดูสาขาแจ่มฟ้าลำพูนบ้างนะคะช่วงเที่ยงไปกินของแทบไม่มีเลย,negative,0
4516,4516,ยุคไหนแล้วครับนี้คนนะไม่ไช่ควายความรู้รอบตัวมีเยอะจู่ๆจะมาบอกว่าเป็นงั้นเป็นงี้(ไปหลอกเด็กอนุบาลไป),negative,0
4517,4517,ที่จอดรถ มีน้อยมากๆ มีแค่5 ที่ได้ ต้องจอดข้างถนน,negative,0
4518,4518,บาบิก้อนหรือไรก็ได้จ้า,positive,1
4519,4519,นิสสันตูดเป็ด แก้ด้วยคับ,negative,0
4520,4520,ไปๆ วันจันนะ,positive,1
4521,4521,ได้ค่าาา ^^,positive,1
4522,4522,มิตซูผมหิ้วน้ำมันไปเองตลอด เครมได้ มาสด้าพ่อเปลี่ยนน้ำมันเครื่องที่ปั้ม รถมีปัญหา เครมได้,negative,0
4523,4523,ความโง่คือปกติก็ใช้แป้งเจ้านางเบอร์02อยู่ละแล้ววันนี้ไปซื้อเสือกซื้อ03มาคือไรรรรรรรรรห้ะะะะะะะง่าววววว,negative,0
4524,4524,"กิจกรรมมาอีกแล้วครับ Royal Stag ขอชวนเพื่อนๆ มาร่วมแชร์ไอเดียใต้โพสที่คุณคิดว่าปาร์ตี้แบบนี้ล่ะที่ ""เอาอะไรมาแลกก็ไม่ยอม"" ไอเดียไหนตึ้ดสุด!! โดนใจกรรมการ!! รับของที่ระลึก หมวก Royal Stag ที่ทุกคนถามหากันไปเลย!! 10 รางวัล ระยะเวลากิจกรรมวันที่ 12- 15 ธันวานี้ ประกาศผล 21 ธันวาครับ",positive,1
4525,4525,ควยเอ้ย ไปเที่ยวกลับมาจากหัวหิน ทำน้ำหอม ck หาย หายได้ไงวะ 😂,negative,0
4526,4526,ถ้าไม่ดื่มน้ำตราสิงห์โดนกระทืบแน่,negative,0
4527,4527,มันไม่อร่อยอ้ะ สำหรับหญิง 5555 ถ้าสิงห์ดราฟท์ก็กินได้แหละ แต่หางตาเห็นมีช้างก็สั่งช้าง,negative,0
4528,4528,ไปดิไปๆ,positive,1
4529,4529,หากฉันซื้อทอมฟอร์ด ฉันต้องกินมาม่า 3 เดือน.,negative,0
4530,4530,เท่าที่เคยเห็นข่าว มาสด้า2 และ CX3 น่าจะยังไม่มีคิว all new เร็ว ๆ นี้ครับ ปีหน้า 2019 น่าจะเป็นคิว มาสด้า3 ก่อน (ผมใช้ตัว 2016 เตรียมตกรุ่นไป T-T),negative,0
4531,4531,"เธอเป็นคนเดียวที่ไม่ควรเสียใจ ขอไลน์ (alright) แล้วมาแลกไลน์กันวันพุธที่ 10 มกราคมนี้ !! faah x polycat ticket : 300฿ : จำกัดจำนวน 4-6 คนต่อโต๊ะ หรือ ***package จองโต๊ะ 2,500 ได้ 1 โต๊ะ บัตรเข้างาน 4 ใบ + jameson 1 ขวด ซื้อบัตรเพิ่มคนละ 300 บาท ได้ไม่เกิน 2 คน ต่อโต๊ะ ซื้อ package หรือจองโต๊ะผ่าน 2 ไลน์นี้เท่านั้น line id : nseek , #faahxpolycat #faah #faahbkk",negative,0
4532,4532,บอกตรงๆว่าไม่ถูกกับหงษ์ทอง,negative,0
4533,4533,ไม่เวิคเค้าว่า 5555,negative,0
4534,4534,อีเหี้ย ผ่าน etude เปิด twilght อีก,negative,0
4535,4535,เข้า Sephora กะจะไปสอยรองพื้น Makeup forever 43 เหรียญ ลืมไปว่า sales tax ค่อดแพง รูดไป 47.41 ถูกกว่าช็อปไทยไม่ถึง 300 😭😭 เจ่บปร่วด,negative,0
4536,4536,ทำไมที่บ้านเราไม่มีแบบนี้,positive,1
4537,4537,แม็คโดนัลด์เป็นของฝรั่งสองพี่น้อง เพราะความเชื่อใจเลยตกเป็นของคนอื่น,negative,0
4538,4538,หยุดก่อน,negative,0
4539,4539,น่าสนแคปติวา,positive,1
4540,4540,เข้าเช้ามากิน,negative,0
4541,4541,หรูอะไรแค่ยาริสคันไม่กี่แสน,negative,0
4542,4542,เขาใช้ Focus Diesel เกียร์พัง ไอ้พวกคอมเม้นเฮงซวยแนะนำ ใส่เครื่องโตโยต้าเลยครับ วีออสบ้างอัลติสบ้าง ถ้ากูเป็นเจ้าของรถกูรู้สึกเหมือนโดนดูถูกเอาตีนเหยียบหน้าอะ เหมือนตอบ หาเครื่องใหม่ใส่ๆไปให้แม่งวิ่งได้เหอะ,negative,0
4543,4543,ได้เวลา55,positive,1
4544,4544,น่าสนครับจะเอามาใส่mu xครับของผมพึ่งออกมาอาทิตยกว่าเทรินได้เท่าไหร่ครับ,positive,1
4545,4545,อ่าน reply ละสงอ่าาา,negative,0
4546,4546,มีแบบนี้ด้วยหรอ เราไม่เคยรู้เลย พนักงานไม่เคยบอกเลย,negative,0
4547,4547,ที่บาบีก้อนไม่มีบุฟเฟต์,negative,0
4548,4548,ชอบรูปนี้เพราะมันจะคอยเตือนสติกูว่าอย่าเเดก Red Label อีก!!!!!!,negative,0
4549,4549,ขอแม่ซื้อแอลกอฮอล แม่ซื้อสปายให้ บอกดีกรีน้อยดี เอาไปแค่นี้ 5555 คือปกติไม่เคยจะให้,negative,0
4550,4550,นี่ก็แบบฝากสเมอร์นอฟดำไป ด้วยความที่ลื๊ม ลืมว่าแม่งมีขวดด้วย ละนางก็ไม่รู้จะเอาขวดหรือป๋องมาให้เลยเอามาสองอัน จากความยั้งใจที่จะไม่กินเยอะ,negative,0
4551,4551,ขับอีโค่ของฮอนด้า แล้วไปขับกระบะของบริษัท เป็นดีแมกซ์พวงมาลัยพาวเวอร์แข็งมาก ช่วงยูเทิร์นหมุนจนปวดแขนเลยทีเดียว,negative,0
4552,4552,ตอนนี้รู้สึกว่าหน้าเฉยเฉยกับbiothermไปแล้ว เลยจะลองพักการใช้สัก7วัน ถ้าหน้าไม่เปลี่ยนแปลงอะไรก็จบ จะไม่ไปต่อ แฮ่,negative,0
4553,4553,เกาหลีนี่คนสถุลมากนะคะบอกเลย ให้ไปเกาหลี 10 ครั้งกับไปญี่ปุ่น 1 ครั้ง เลือกไปญี่ปุ่นค่ะ อีกอย่างสำหรับ skincare เกาหลีใช้ดีเหรอคะ ห่วยมากค่ะ ใช้ Olay สูตรของอเมริกายังเห็นผลกว่าอีก อีกอย่าง ถ้าไม่ไปเปลี่ยนเครื่องหรือมีบินเข้าอเมริกาเวลาดีหรือตั๋วราคาประหยัดก็ไม่ใช้นะคะสายการบินเกา อีกอย่างเพื่อนร่วมงานคนเกานิสัย rude มาก โครตเกลียดเลย,negative,0
4554,4554,งื้ออออ เข้าใจแล้ว ขอบคุณมากค่ะ คุณมู่หลาน หวานเย็น,negative,0
4555,4555,หิววววววว555555,positive,1
4556,4556,รถสวยมากๆเลยค่ะ #ToyotaBuzz,positive,1
4557,4557,มีบัตรตั้งกี่ใบล้ะน้ากวาง😂😂,positive,1
4558,4558,ร่าเริงท้าแดดเล่นน้ำแบบไม่กลัวแดด เพราะใช้บีโอเร ครีมกันแดดที่มี spf 50 ++++ ซึมเข้าสู่ผิวได้รวดเร็ว เนื้อครีมทาแล้วแห้งไวมาก ทำให้เล่นน้ำสงกรานต์ได้อย่างมั่นใจ เพราะ ทาครีมกันแดดหน้าไม่เป็นคราบ ไม่เหนียวเหนอะหนะ กันน้ำได้ดี สามารถป้องกัน UV จากแสงแดดได้ค่ะ ❤🎉❤ สวยมั่นใจตลอดทั้งวันด้วยบีโอเร #BioreUVEssnce #BioreFunInTheSunอ #SongkranFunFest #กันแดดกันแก่ที่ดีที่สุด #กันแดดอันดับ1จากญี่ปุ่น,positive,1
4559,4559,ไปสยามมาวันนี้ได้เห็นรถเมล์เตนล์แล้วววววว!!! ออกมาจากอินนิสฟรี เห็นรถผ่านไประยะนึงแล้ว เซ็งมาก ถ่ายรูปไม่ทัน 😭😭😭😭😭😭 แว๊บเดียวเท่านั้นนนน,negative,0
4560,4560,เกลียดการเป็นเมน แล้แพ้ผ้าอนามัย กูต้องใส่อะไร๊ค่วย!,negative,0
4561,4561,โอ๊ยโปรมันน่าโดน,positive,1
4562,4562,หมูกระทะชาบูเอ็มเคจะเยียวยาทุกสิ่ง,positive,1
4563,4563,มันเกินไปครับ เงิบก็เงิบไปแต่ตำรวจทำไมแก้ปัญหาที่ปลายเหตุ คนขายบุหรี่ไฟฟ้าเต็มพัทยา คือ ถ้าไม่จ่ายเงินพวกมันก็คงขายไม่ได้ ได้เงินส่วยไม่พอ มาเที่ยวจับหาค่าเหล้าอีก เข้าใจครับว่าช่วงนี้หากินกับประชาชนลำบาก ทางไหนได้เขาก็ต้องเอา ตำรวจทุกคนกล้าพูดได้เต็มปากรึป่าวว่าไม่มีคนในองกรค์ เอาบุหรี่ไฟฟ้าที่จับได้ออกมาโพสขายต่อ ถุยยยย เกือบทุกที่ พวกตำรวจส้นตีน,negative,0
4564,4564,แลกกับแอปโซลูทอ่ะอีดอก ยอม,negative,0
4565,4565,แสงโสมเล่นกุแล้ว ไอสัด ไม่กินละเหล้าถูก,negative,0
4566,4566,คิดถึงแม่รุ้งอีกแล้ว,positive,1
4567,4567,กินเบียร์ยูทีพอมากินไฮนีเก้นนี่ไม่อร่อยเลย,negative,0
4568,4568,เนี่ยลองใช้ ลอรีเอะ ซอฟท์แอนด์เซฟ เอ็กตร้าโพเทคชั่นดูดิ ชื่อก็บอกอยู่ว่าทั้งนุ่มและป้องกันการซึมเปื้อนได้ดี ตอนนอนจะได้ไม่ต้องกลัวเปื้อนด้วยพลิกตัวก็สบายไม่ต้องหวั่นแม้วันมามาก แถมยังป้องกันแบคทีเรียด้วย หาซื้อก็ง่าย 7-11 ก็มี เคนะ ตามนี้ #พ่อบ้านใจกล้าเดินไปซื้อผ้าอนามัยให้มึงเนี่ยทุกรอบเลย 😰 #ลอรีเอะ,positive,1
4569,4569,เคยลอง SKII นะ เเบบไซสมินิละ ก็เฉยๆ แต่กลิ่นนี่แม่มทำกูเครียด 5555 ส่วนbio ไม่น่าเหมาะ ไม่รู้ ยังไม่คิดลอง anrใช้อยู่ๆ,negative,0
4570,4570,สีประตูสวยทุกยี่ห้อครับ ส่วนตัวผมนะ แต่มิตซู นิสสัน มันดูเด๋อๆ นอกนั้นเทห์หมดหละ,negative,0
4571,4571,ไปๆๆๆๆๆๆๆกันนะ,positive,1
4572,4572,ไม่ได้อวยและดิตเครดิตนะิผมใช้ 3bb เรียกช่างมาจนมันจำบ้านผมได้ละ เนตดอปโคตรบ่อย เปลี่ยนมาใช้ทรู ไม่เคยเห็นหน้าช่างสักคน เปิดไม่ปิดทั้งเดือน ยังไม่เคยดอปเลย,positive,1
4573,4573,ไม่ชอบเลยดูแก่ ๆ คล้าย ๆ Hyundai Sonata Honda มักออก Accord สลับกันเสมอ พอรุ่นนี้สวย รุ่นต่อไปจะไม่สวย แล้วรุ่นต่อไปก็จะสวย สลับไปมาตลอด,negative,0
4574,4574,55555555 เอาแดดไปก่อนได้ไหมตอนนี้,positive,1
4575,4575,เมืองนอกต้องนิสสันกับโตต้า. บ้านเรา. ตัวผมเองยังไม่รู้คุณภาพเท่าเมืองนอกไหม,positive,1
4576,4576,Eucerin ultra sensitive micellar water ดูดจับเครื่องสำอาง สิ่งสกปรกอุดตันผิว มากกว่า 2เท่า*** พร้อมฟื้นบำรุงผิวให้ชุ่มชื้น,negative,0
4577,4577,น้องจากินนน,positive,1
4578,4578,ป่ะพรุ่งนี้เลย,positive,1
4579,4579,ไม่ได้ไปอะ,negative,0
4580,4580,เงียบฉี่,negative,0
4581,4581,ชนแก้วโฮการ์เด้น กันหน่อยคะอาจารย์... (สุดยอด)5555++,positive,1
4582,4582,รถผมเคยเปนคับ เดวสักพักมันก้อขึ้นคับ วีออสเหมือนกันคับ ผมแนะนำคับ ลบเหอะ เดียวจะเสียหมา,negative,0
4583,4583,แนะนำสั่ง ทองดี 1 ชุด กุ้งเผา 1 โล ดีก่า,negative,0
4584,4584,ป่ะๆๆ พี่แม้ว,positive,1
4585,4585,เหตุผลที่อยากใช้ NAMU LIFE SNAILWHITE GOLD เพราะลดริ้วรอยชะลอวัยให้หน้าดูเด็กลง ผิวสวย ไร้ริ้วรอย จนใครๆก็ทักว่าหน้าเด็ก หน้ากาก นางฟ้า,negative,0
4586,4586,กาวผ้าอนามัยมันติดโต๊ะติดกระดาษติดแทบจะทุกอย่างยกเว้นกางเกงใน555555,negative,0
4587,4587,Vios กะล๊อคอัตโนมัติเลย. ถ้าลืมกุญแจในรถงานเข้าเลย.,negative,0
4588,4588,มันเป็นแบบนี้,positive,1
4589,4589,ก็hotpot ไหนบอกว่ามี,negative,0
4590,4590,เอา mini review เครื่องสำอางที่ใช้แต่งหน้าใน look เมื่อวานมาฝาก งานผิว Illamasqua Thailand skin base Foundation #6.5 ราคา 💰 1750 บาท ตัวนี้ราคาสูงหน่อยแต่ใช้ดีมาก แบบผิวกริบ และไม่คราบ Chuchukiss_cosme Diamond HD Compact Powder #02 ราคา 💰 390 บาท ช่วงนี้อากาศร้อนอีฟเลยชอบตบแป้งบางๆกันหน้าเมือก แป้งตัวนี้ดีมาก คุมมันดี แถมผิวแห้งอย่างอีฟยังใช้ได้ Wet n Wild Thailand Highlighting powder E322B ราคา 💰 390 บาท ไฮไลท์ wet n wild ให้ลุคฉ่ำวาวแบบเป็นธรรมชาติ คิ้ว COSLUXE browsup gel eyebrows pencil ราคา 💰 235 บาาท ช่วงนี้ติดใช้ดินสอเขียนคิ้วเนื้อเจลมาก เพราะเป็นหน้าร้อนกลัวคิ้วเยิ้ม ชอบดินสอเขียนคิ้วอันนี้เพราะหัวเล็ก เขียนง่าย และติดทนมากกกก ตา MEILINDA เครื่องสำอางเมลินดา Super frosting mini palette #02 ราคา 💰 199 บาาท พาเลทของเมลินดาอันนี้คือคุ้มในคุ้ม ราคาไม่แพง แถมสีสวย ใช้งานได้จริง ช่วงนี้ใช้บ่อยมาก Meilinda matte ink pen liner #02 Happy Brown ราคา 💰 199 บาาท อายไลเนอร์ก็เมลินดาเหมือนกัน เพิ่งออกมาใหม่เลย นี่หยิบมาใช้ครั้งแรก เขียนง่ายเพราะเป็นหัวฟองน้ำ ใครมือใหม่แนะนำเลย cosluxe natural 1-03 ราคา 💰 300 บาาท cosluxe Lash Adhesive ราคา 💰 250 บาาท ลุคส์นี้ขอติดขนตาปลอมซะหน่อย เป็นของ cosluxe อีฟเลือกเบอร์นี้คือดูเป็นธรรมชาติ ไม่เวอร์วัง ใช้กาวของ cosluxe เหมือนกัน เห็นเค้าว่ากันว่าดี ติดทน อีฟลองแล้วก็ติดทนจริงๆนั่นแหละ แนะนำใครชอบติดขนตาต้องมี essence cosmetics satin touch blush #10 ราคา 💰 145 บาาท ตาแน่นแล้ว ปากแน่นแล้ว แก้มขอเบาๆ หยิบของ essence มาใช้ อันนี้สีชมพูอมส้มแบบธรรมชาติ ปัดบางๆก็สวยแล้ว YSL Beauty Liquid Matte Lip Stain #1 1395 บาาท ลิปสติกอันนี้คือเป็นสีแดงที่สวยมาก แถมเนื้อดีมากด้วย เรียกได้ว่าสมราคาจริงๆ,positive,1
4591,4591,อยากแดกบาบีก้อนโว้ยยยน,positive,1
4592,4592,หน้าโคตรไม่ถูกกับกานิเย่เลยอะ เหมือนมันแรงเกิน /หน้าด้านสุดๆแร้วววว,negative,0
4593,4593,"สำหรับเรา เครื่องสำอางแปลกๆที่ขายตาม FB, IG ราคาแพงนะคะ แพงกว่า OP, the face shop บลาๆ ที่มีมาตรฐานรับ…",negative,0
4594,4594,เหล้าต้ม กระแช่ | เหล้าขาว หงส์ทอง | ทำกูแย่มากเมื่อคืน🤮,negative,0
4595,4595,ไปกิน(สิ่),positive,1
4596,4596,ครับ ทานมาจนได้บัตร แพลตตินัท รุ่นแรกเลยครับ ได้มาเป็น 10 ปีแล้ว ครับ,positive,1
4597,4597,ทางหัวหน้างานได้โทรมาแล้วนะคะ ขอบคุณที่ทางMK ใส่ใจในปัญหาของลูกค้าและพร้อมจะรับผิดชอบและแก้ไขไปในทางที่ดีขึ้นค่ะ,positive,1
4598,4598,อ่อครับขอบคุณครับ :),positive,1
4599,4599,ชัยภูมิราคาปกติ ดูลูก่อนมั้ยอยู่นิ่งๆให้15นาทีได้รึเปล่า555,positive,1
4600,4600,ฟลุ๊คศรีจ่อฟ้องกลับตำรวจพัทยา โดนเกินกว่าเหตุ+ด่าพ่อ,negative,0
4601,4601,ขอบคุณมากค่ะ ได้รับจากติดต่อแล้วนะคะ แต่ไม่ใช่พนักงานเอ็มเค สาขางามวงศ์วาน แต่เป็นเพื่อนของพนักงานเอ็มเคสาขานั้น ซึ่งไม่ได้มีสาวนเกี่ยวข้องอะไรกับทางเอ็มเคเลย เป็นการทำงานที่น่าประทับใจมากค่ะ พนักงานที่มีส่วนเกี่ยวข้องไม่เป็นคนติดต่อมาเอง แต่กลับให้เพื่อนที่ไม่รู้อิโหน่อิเหน่เป็นหนังหน้าไฟติดต่อแทน นี่คืออีกหนึ่งวิธีการแก้ปัญหาของเอ็มเคเหรอคะ,negative,0
4602,4602,แพงไปหน่อยนะครับ,negative,0
4603,4603,มามุกนี้อีกละหรอคะ / adคือการพูดความจริงเพียงแค่ด้านเดียว แต่อันนี้มองไม่เห็นสักด้านเลย การ์นิเย่ คุณไม่จริงใจกับลู…,negative,0
4604,4604,คือแดกมิดไนท์กันอยู่ดีๆเหล้าหมด ละเหลือแต่แสงโสม คืออิเปรต กูนึกกลิ่นก็จะอ้วกละอ่ะ เหล้าค่ายในตำนาน,negative,0
4605,4605,มึงงง555,positive,1
4606,4606,จะกินวันนี้ตื่นนนน,positive,1
4607,4607,เจ้าอ้วน ตัวกลม มม อยากกิน,positive,1
4608,4608,MGB MKI ตอนแรกคิดว่า จะทำโช๊คเดิมให้สมบูรณ์ แต่ ด้วย ยุคสมัยเปลี่ยนไป และ สภาพถนนประเทศไทย ไม่เอื้ออำนวย จนทนไม่ไหวจึงต้อง จัดชุดเสริม เพื่อใส่โช๊คแบบรถรุ่นปีใหม่ ให้ขับบนถนนได้อย่างเต็มประสิทธิภาพของเครื่องยนต์ 1800ซีซี #telescopicos #shockabsorber #mgb #mgc,negative,0
4609,4609,เออใช่มะ กุเล็งหมูกรอบกับเป็ดย่างละ คลีนๆ,positive,1
4610,4610,ปกติกินเบียลีโอ-ช้าง4-5ลัง ไม่เอื้อมไม่เมา พอเจอเบียร์ยู 2ขวดเอื้อม เมาเฉยย555,positive,1
4611,4611,ใช่ค่ะ อ่านแต่ไม่ตอบ,negative,0
4612,4612,ขึ้นชื่อว่า HOT POT BUFFET ต้องมีทีเด็ดที่หาไม่ได้ทั่วไปแน่นอน หนึ่งในเมนูแนะนำของแอดคือสลัดโรลชิ้นงาม หน้าตาดี แถมมีประโยชน์ เพราะผักสลัดต่างๆ ทั้งช่วยบำรุงสายตา บำรุงผิวพรรณ และบำรุงกล้ามเนื้อด้วยนะ มาลองกันได้แล้วที่ HOT POT BUFFET ทุกสาขาค่ะ #HOTPOTBUFFET #DIYBUFFET #สนุกเต็มที่อร่อยเต็มอิ่ม,positive,1
4613,4613,"เบียร์ดีหรือไม่,,,แดรกให้เมาแล้วตื่นเช้านั้นล่ะจะรู้เอง//สิงห์กับไฮเนเก้นผ่าน. หมีกับเชียร์ก็หอมดี,,ตื่นเช้ามายังกับโดนทุบ!!",negative,0
4614,4614,สายลมแห่งรัก ธรรมมะติดปีก ห่างกันสักพัก คือการหมดรักเนียน จัดเลยไหม,positive,1
4615,4615,อยากกกกกกกก,positive,1
4616,4616,ใครว่าจะเลี้ยงกันแน่,positive,1
4617,4617,ตำรวจสูบบุรี่ไฟฟ้า และมีติดตัวเท่ากับครอบครองไม่โดนปรับหรอ?????,negative,0
4618,4618,แคบหมูเซเว่นไม่อร่อยเหมือนแคบหมูจริงๆแบบออริจินัลอะ มันมั่ยชั่ยอะ!!!!!!!,negative,0
4619,4619,#โจรเหี้ย...ม ชายอ้วนดำทำทีมาถามหาลูกชายป้าว่าอยู่มั้ยป้าบอกว่าไม่อยู่เลยขับรถกลับ มาอีกครั้งมาถามหาเบียร์ว่ามีกี่ขวดราคาเท่าไรป้าบอกถ้ายกลังให้ไปร้านเจี๊ยบมินิมารท์ คนร้ายบอกว่ากลับไปเอาเงินก่อน ใช้เวลาไม่ถึง10นาทีคนร้ายมาอีกรอบทีนี้พาเพื่อนมาด้วยลักษณะผอมขาวเข้าทางด้านข้างร้านค้าขณะป้ากำลังอยู่หลังร้าน ได้ยินเสียงขวดกระทบกันจึงรีบเดินออกมาดูพบคนร้าย2คนกำลังลักเบียร์ลีโอไปหมดตู้จำนวน9ขวด คนร้ายทั้งสองกระโดดข้ามโต๊ะรีบวิ่งขึ้นรถ จยย ที่จอดไว้หน้าร้าน ป้าจึงตะโกนออกไปว่าทำไมทำกับป้าแบบนี้คนร้ายทั้งสองได้หันหน้ามาเยาะเย้ยและหัวเราะด้วยความซะใจแล้วรีบขับรถหลบหนีไปทางแยกป่างิ้ว หลังจากสอบถาม คุณป้าให้การทั้งน้ำตาต่อเจ้าหน้าที่ตำรวจว่า #เมื่อวันเสาร์ที่ผ่านมาก็โดนคนร้ายเข้ามาลักบุหรี่จนหมดหีบ #และวันอาทิตย์เข้ามาลักโทรศัพท์มือถือ #จนมาวันนี้วันจันทร์โดนลักเบียรไปหมดตู้ ชุดสืบสวน สภ.เมืองอ่างทองเร่งติดตามตัวคนร้ายมาดำเนินคดีเหตุเกิดตรงข้ามร้านจับดูดก่อนถึงแยกป่างิ้ว,negative,0
4620,4620,บาบีก้อนอีกละ เพิ่งจะกินวันก่อน เบื่อความกินไรซ้ำๆ,negative,0
4621,4621,"ไอ้เหี้ยวาฬนี่ กวนตีนไม่เลิก ""ยึดสำนักงานทรัพย์สิน""ทำพ่อมึงหรือ!! ไอ้สลัด",negative,0
4622,4622,เราใช้ตัวนี้จ้าของ sivanna ใช้มาสองปีแล้ว เคยเปลี่ยนใจไปลิปแมตซ์ แต่ไม่รอด555,negative,0
4623,4623,อันดับ1เบียร์ช้างครับและลีโอเบียร์5555,positive,1
4624,4624,ถ้ากินคนเดียวก็หยิบไม่สิงก็ช้างนี่แหละ ฮูกาเด้นไว้กรณีออกสังคม แต่ถ้าไปกะเพื่อนก็จำใจกินลีโอ ไม่ชอบเลยง่ะ มันจืด ชีวิตพี่มันขมกว่านี้ไอน้อง,negative,0
4625,4625,พริตตี้ผู้ชายใช่ไหมสัส // งิ้วเอง,negative,0
4626,4626,ยังเสือกไปซื้อโจมาโลน,negative,0
4627,4627,อยู่ในเมือง หายากหน่อยถ้าไม่มี googlemap เก่าโทรม renovate เฉพาะจุดเลยทำให้สภาพเหมือนจะใหม่ก็ไม่ใหม่ กึ่งเก่ากึ่งใหม่ ห้องน้ำโทรม ตัวห้องดูใหม่,negative,0
4628,4628,ชีวิตติดแสง..ส่องแสงมา.. คนไทยตั้งใจทำอะไรไม่แพ้ชาติใดในโลก #แสงโสม,negative,0
4629,4629,เอาแค่ MG3 ตัวท๊อบกะพอ,positive,1
4630,4630,ลงแล้วครับ เราจะไม่หยุด,positive,1
4631,4631,ง้าาาา,positive,1
4632,4632,พยาธิบาบีก้อนทุกคนต่างบอกกันว่าย่างให้สุกก็กินได้แล้ว แต่ประเด็นไม่ค่อยมันใจว่าย่างสุกทุกครั้งไหมอะ คือแบคฮยอนตอนย่างไส้นางก็ย่างไม่สุกอะ อารมเราประมาณนั้น 555,negative,0
4633,4633,ดีกับใจจจจจ ^^,positive,1
4634,4634,ไอ่สัด เกียดเบียร์ช้าง,negative,0
4635,4635,สู้ๆๆเป็นหนึ่งในพนักงานนเบียร์ช้าง,positive,1
4636,4636,张丽霞 อ้อออ ผ้าอนามัยแบบสอดอ่ะนะ กุกลัวมาก 5555555,negative,0
4637,4637,สักเหยือกไหมเมิง,positive,1
4638,4638,เซฟสุดๆ สำหรับคืนมามาก ด้วยลอรีเอะ ซอฟท์ แอนด์ เซฟ ไนท์ เลยค่า ;),positive,1
4639,4639,สู้ๆครับพี่,positive,1
4640,4640,ปัญญาอ่อน แค่นี้ติดคุก งง ไอควายกับคดีฆ่าหั่นศพต่างกันชั่วโคตร หน้าส้นตีน คำพูดปัญญาอ่อนคิดบ้างป่ะวะ รถแม่งคงดูดบุหรี่ไฟฟ้าอ่ะเลยยึด หน้าหนังควย,negative,0
4641,4641,ประเทศที่นาฬิกา รมต เป็นของศพ #ประเทศกูมี #นาฬิกาหรู,negative,0
4642,4642,หากสามารถสวยได้เพียงข้ามคืน อยากสวยเหมือนแม่เนยค่ะ เพราะดูแม่เนยไลฟ์ทุกครั้งตอนแต่งหน้า หน้าแม่เนยสวยใสมาก เด้งเหมือนผิวเด็กเลย คือชอบจริงๆค่ะ อยากจะมีหน้าขาวใสแบบแม่เนยบ้าง ถ้าได้ใช้มาร์คcho จะได้สวยเพียงข้ามคืนแบบแม่เนยจริงๆละค่ะ #มาส์กโชสวยข้ามคืน #cho_cosmetics #daradaily #ดาราเดลี่,positive,1
4643,4643,เมืองเบียร์ช้าง บ้าบอคอหมูย่างน่ะแอด,negative,0
4644,4644,พอเลยคราวที่เเล้วก็หลอกให้กิน เมาอย่างหมาเลย ทิ้งเจ้กันหมด สภาพตอนนั้นน่าสงสารมาก,negative,0
4645,4645,พุธไหนจะได้เจอกัน,positive,1
4646,4646,ตอนนี้ผมว่าไม่น่าจะเกี่ยวกับหมอแก่ๆและเพราะผมว่าน่าจะเปนรัฐมากกว่าที่ยังกลัวเสียผลประโยชน์กัวยาสูบเจ๋ง,negative,0
4647,4647,"พอๆกับ, Juke : รถอะไรวะ ทรงประหลาด CHR : สวย ล้ำ คุ้ม",positive,1
4648,4648,คนเชียงใหม่ ควร เรียกร้องให้มีการ ตีเส้น ถนนใหม่ให้มันชัดเจนนะ ไม่ใช่บอกว่าคนพื้นที่เค้าจะรู้กัน ....,negative,0
4649,4649,หัวร้อนกับร้านอินนิสฟรีที่เกามาก,negative,0
4650,4650,mamondeเราใช้ก็รู้สึกแห้งมากเหมือนกัน ใครว่าดีเราว่าแห้งมากอะ,negative,0
4651,4651,เปิดแอร์ฉ่ำๆ กระดกป๋องดำ นอนดูซีรี่ย์,positive,1
4652,4652,โนๆๆๆ,negative,0
4653,4653,อะกวนตีนตอนลดไม่กิน30-2ไม่ลด พอวันที่3มันกลับมาลดอีก อีดกทง555555,negative,0
4654,4654,แค่ป๋องดำก็หัวทิ่มละ😂,negative,0
4655,4655,เชิญแม่นาง กะละมัง เถิดข้าจ่ายต็มราคาแล้วกัน,negative,0
4656,4656,ไม่คุ้มบางอย่างเรากินแค่พวกหมู ไอเกี๊ยวไม่กินเสียดาย,negative,0
4657,4657,หาเวลาไปกินกันบ่สู,positive,1
4658,4658,อ้วนนน,negative,0
4659,4659,ไม่คุ้มมม,negative,0
4660,4660,มันไม่ดีตรงที่กูไม่ถูกกะเบียร์ช้างเนี่ยแหละ,negative,0
4661,4661,อยากได้จังแต่คงแพงน่าดู สงสัยแพงกว่าดีแม็ค เรโว่ตัวใหม่ และไททั่น,negative,0
4662,4662,รสชาติไม่เท่าไร,negative,0
4663,4663,คงจะลดเหลือ299 แค่สมาชิกค่ะ มะวานไป379อยู่ค่ะ แต่คุ้มค่ะอร่อยเวอร์,positive,1
4664,4664,นิสสัน ค่ายนี้สุดยอด..! ของเขาดีจริงๆ สนใจแล้วไม่ควรพลาด สอบถามรายละเอียด ถูกใจมากๆ,positive,1
4665,4665,จัดป้าวว,positive,1
4666,4666,จะโทษใคร ก็ต้องโทษ ตัวเองนั่นแหล่ะ เห็นว่าเนื้อไม่สวยก็ไม่ควรเสริฟให้ลูกค้าแล้ว คนดีแก้ไข คนอะไร แก้ตัว,negative,0
4667,4667,ป๊ะชอบสีไหน,positive,1
4668,4668,ทำให้คน ตจว. ใช้ พร้อมเพย์ ได้ก่อนไหม? สังคมไร้เงินสด? app สแกน QR จ่ายได้ แต่พอจะกดจ่ายบอกให้ไปยืนยันที่ตู้ แต่ตู้ที่ยืนยันเอาไปกองใว้ที่ กทม. #เยี่ยม !!! คือต้องถ่อไป กทม. เพื่อยืนยันไหม? ใช้ app ของธนาคารง่ายกว่ารึเปล่า ?,negative,0
4669,4669,วันนี้มีปัญหานิดหน่อยเลยไลฟ์ไม่ได้ แต่เซ็ต innisfree x wannaone ได้ครบทุกออร์เดอร์นะคะ^^,negative,0
4670,4670,ทำไมกุซื้อแพง 😂😂😂,negative,0
4671,4671,น่ารักง่าาา,positive,1
4672,4672,ลงชื่อดูโพสที่ปักหมุดหน้าเพจ,positive,1
4673,4673,อีโซฟีสีแดงนี่มึงเลิกเรียกตัวเองว่าผ้าอนามัยเถอะ แถบกาวนี่แห้งยิ่งกว่าทุ่งนาหน้าร้อน อีควาย!!!! 😡😡😡,negative,0
4674,4674,ช่วงนี้คือผิดหวังบ่อยมาก เหมือนอกหักซ้ำแล้วซ้ำเล่า สั่งโกโก้เย็น ได้มอคค่าเย็น อยากกินบาบีก้อนแบบบุฟ แต่สาขาที่ไปไม่บุฟ สั่งต้มเลือดไม่เอาไส้ ได้แค่ไส้กับตับ ทั้งหมดนี่ คือกินได้หมด ยกเว้นมอคค่า เพราะกินกาแฟไม่ได้,negative,0
4675,4675,ชาเย็นธรรมดาโลกไม่จำ ชอบลองของใหม่ เห็น #AllCafe ออกเครื่องดื่มใหม่เป็นชาชีส แต่กดชาเย็นมากละอ่ะ5555 เลยถามพี่พนักงานว่าเพิ่มเพิ่มชีสอย่างเดียวได้ไหมพี่เค้าบอกว่าได้ เพิ่มเงินแค่ 15฿ จัดไปสิค่ะจะรออะไร😂 รสชาติชีสคือเข้มมาก มันๆ ไม่เลี่ยน อร่อยมากไอเลิฟฟ,positive,1
4676,4676,เมอเรซก้า &gt; คอสลุก &gt; เมเบอลีน 0.5mmเท่ากัน แต่เมอดีสุดตกไม่หัก คอสดีเหมือนกันแต่หักง่…,negative,0
4677,4677,ว่าจะไม่กินอะไรแบบนี้แล้วนะ 😂,negative,0
4678,4678,20.00น.ทุกวันจร้า แอร์เย็น เพลงเพราะ 🍷มิกซ์ 25฿🍷 Smirnoff 2 ป๋อง 100฿ ทุกค่ำคืน,positive,1
4679,4679,สินเดือนไปกินกัน,positive,1
4680,4680,"ฝากพวกพี่หยิบยกเรื่องวิสัยทัศน์ของผู้นำไปแนะนำเข้าหน่อยครับ บุหรี่ไทย ตีตลาดโลกไม่ได้ แค่เพื่อนบ้านเราเค้าก็ไม่สูบกันแล้ว ""เป็นภาษีบาปที่บังคับขายได้แค่คนในชาติ"" ในทางตรงกันข้าม น้ำยารวมถึงตัวmod ค่อนข้างเป็นสากล น้ำยาไทย ติดตลาดเมกา อินโดไปกี่ตัวแล้ว แล้วยังอีกหลาย ๆ แบรนด์ดังที่ผลิตโดยคนไทยแต่ต้องกลายเป็นน้ำยาสัญชาติอื่น ไหนจะรสชาติของไทย เช่นชาไทย ข้างเหนียวมะม่วง เอ็มร้อย ยาคลู แต่กลับไม่ใช่ของคนไทย พวกนี้มันควรจะเป็นของเรา เราควรเป็นผู้ส่งออก ไม่ใช่มัวแต่หวงแหนภาษีบาป วิสัยทัศน์ตื้นเขิน ไม่คิดจะแข่งขันกับตลาดโลก วัน ๆ หาแต่วิธีจะควักกระเป๋าคนไทย เป็นแบบนี้ต่อไป ประเทศจะชิบหายเพราะผู้มีวาสนาพวกนี้ ช่างฝีมือไทย ศิลปะไทยเป็นสิ่งที่ทั่วโลกรู้และค่อนข้างยอมรับ ทั้งความละเอียดและความวิจิตร ผมว่าถ้าพลักดันจริง ๆ ไทยติดอันดับต้นของโลกได้ไม่ยาก ต้นทุนมันก็ไม่ได้สูงอะไร แถมยังดีกับสุขภาพ พวกพี่ ๆ ช่วยเตือนเต่ากับลาพวกนี้ทีเถอะครับ ตื่นได้เเล้ว ก้าวตามโลกไปได้เเล้ว ถึงวันนั้นภาษีบาปที่มันหวงแหน ผมว่ามูลค่าคงไม่ต่างจากตังค์ทอน",negative,0
4681,4681,แจ้งปัญหาให้ทาง ล็อคเทค วิสิฐล็อค ได้รับทราบ เนื่องด้วยผมได้ติดตั้ง ล็อกเทคกล่องฟ้า กับทาง วิสิฐล็อค ในรถรุ่น Toyota Fortuner TRD 2017 มีปัญหาตรงสายตัด Start รถ อาการ คือ ทำให้ไฟหน้าปัดรถแจ้งเตือนระบบ TRC+ABS แจ้งเตือนขึ้นมา ผมได้ให้ทางศูนย์ Toyota ตรวจสอบ และทำการแก้ไข ทาง Toyota แก้โดยต่อสาย Start รถเดิมๆ เข้าปุ่มกด Start รถให้เหมือนเก่าที่ออกจากโรงงาน ใช้งานได้ปกติ ไฟเตือนไม่โชว์ แล้วครับ จึงแจ้งมาให้ทราบครับ,negative,0
4682,4682,0% 48 เดือน บวกส่วนลดสี่หมื่น++ รวมสองเครื่องสี่ตัวถังลองเอามาแยกออกเหมือน yaris ก็ไม่ได้ว้าวเท่าไหร่,positive,1
4683,4683,ซีรี่ย์ netflix คือถ้าดราม่าๆ แฟนตาซีอ่ะสนุก แต่พวกความรัก คอมเมดี้ดูไปได้สักพักคือเบืาอ ส่วนหนังคือไม่ไหวจริงดูมา 2 เรื่องแล้ว เริ่มต้นคือดี แต่จบแบบอะไรของเมิงงง,negative,0
4684,4684,สนม่าย,positive,1
4685,4685,ว้าว่าจะถอยมาสด้า3เสียหน่อยฟ้องมาจะเอาเงินที่ใหนผ่อนล่ะ555,negative,0
4686,4686,บริโอ้ สวย,positive,1
4687,4687,ไปกินวันเกิดกัน,positive,1
4688,4688,อยากไปผิงไฟชมแสงจันทร์จิบแสงโสมข้างๆแฟน 👫👌,positive,1
4689,4689,สาขาอื่นมันไม่ร่วมไง,negative,0
4690,4690,อบาก,positive,1
4691,4691,แพ้ผ้าอนามัยมีผื่นขึ้น,negative,0
4692,4692,ผมรบกวนสอบถามหน่อยครับ ผมใช้รถรุ่นนิสสันเทียรน่า ปี2010อยู่วันนี้ขับขึ้นเขามา พอลงมาสักพักเกิดอาการเร่งไม่ค่อยขึ้น รอบเครื่องขึ้นแต่ ความเร็วไม่ค่อยขึ้น ปัญหาเกิดจากอะไรครับ และมีวิธีแก้ไขอย่างไรครับ ขอบพระคุณล่วงหน้าครับ,negative,0
4693,4693,ฮื้ออออ เค้าสับเพร่า เค้าสับเพร่าาาาา เค้าจ่ายเต็มมมมม แต่อร่อยเด้ออออ ฮื้อออ,negative,0
4694,4694,#ZAAPROOM #ROOM1 #BACARDIHOUSEPARTY อยากไป,positive,1
4695,4695,เค้าไม่กินช้างงง,negative,0
4696,4696,ทำยังไงก็ไม่ชอบโฮการ์เด้น,negative,0
4697,4697,ออเจ้า รู้แล้วว่า เกลียด,negative,0
4698,4698,อยากได้ลิปอีทูดี้ที่ออกใหม่นะ แต่แม่งโคตรแพง55555555555555,negative,0
4699,4699,ทำไมพอเวลา มีข่าวรถHonda ออกใหม่ ต้องมีคน มาระบาย มาบ่น เรื่องห่วยแบบนั้น แบบนี้ ทุกที ถ้าเป็นเรื่องจริง ก็น่าเห็นใจอยู่ แต่ควรไประบายที่ 0 เลยไหม ไปโวยวายที่ 0 บริการนุ้นเลย เอาให้ระเบิดไปเลย แต่...ถ้าเป็นเรื่องแต่งขึ้น เพื่อบัพค่ายนี้ ก็ขอให้เจริญลงๆๆ ทำกับใคร ขอให้ได้แบบนั้นกลับไป เพี้ยงง,negative,0
4700,4700,ไม่ชอบนิสสัน,negative,0
4701,4701,โดนมาเหมือนกันค่ะ,negative,0
4702,4702,มากะเฮีย ไม่มีเสีย พาป่ยกินหน่อย,positive,1
4703,4703,เจอที่แจ่มฟ้าเหมือนกันเลยครับ หมึกยัดไส้ต้องขอจากพนักงาน งง ว่าทำไมไม่เอาใส่จานวางบนเชลฟ์,negative,0
4704,4704,ราคาไม่แพงสนใจ,negative,0
4705,4705,ไป show dc กัล,positive,1
4706,4706,สาขาเดอะมอลบางกะปิเช่นกันค่ะ บางจนเอาตะเกียบแคะ,negative,0
4707,4707,ผมว่า ลีโอ รสชาด เวลาเย็นๆ ดื่ม แล้วมันจะกลมกล่อมหวาน ไม่ข่ม ดีสุด,positive,1
4708,4708,อยากเกิดมาเป็นแมคโดนัลมากอิสัส อยากโดนจงออบหลงไหลคลั่งไคล้ เนี่ยพูดแล้วจะร้อง ทำไมชีวิตกูต้องเกิดมาแล้วอิจฉาแฮมเบอร์เกอร์ด้วยว่ะ,negative,0
4709,4709,ห้ามเบี้ยว,positive,1
4710,4710,เมายับหลังจากแดก ......อิ้เหี้ยยยย เหล้านี้แหละ เปนไงล่ะกู #หน้ากากถุงยางก็มา #อ้วกพุ่ง,negative,0
4711,4711,แต่ละโฉมเทียบกับฮอนด้าไม่ได้เลย หน้าบานเป็นปลากระโห้,negative,0
4712,4712,ไหนเพื่อนๆ ช่วยพอทจังหาจิ๊กซอว์ที่ขาดหายไปหน่อยซิ,positive,1
4713,4713,น่าจะจำกัดอายุมากกว่า,negative,0
4714,4714,เค้าเเพ้สเมอร์นอฟ​อ่ะตัว,negative,0
4715,4715,ทำไงดี ไดอารี่ สีชมพู ซื้อไม่เป็น,positive,1
4716,4716,Mazda นึกยังไงถึงไปฟ้องคดีลูกค้าของตัวเองที่ร้องเรียนเรื่องปัญหารถ CX-5 หรือว่ากำลังจะเลิกค้าขายในประเทศไทยแล้ว ถึงทำอย่างนี้กับผู้บริโภค,negative,0
4717,4717,ขอน๊ะค๊ะอยากไป อยากดื่ม blend 285,positive,1
4718,4718,ไม่กินฮอตพอต,negative,0
4719,4719,เบียร์สิงห์ขวดเล็กขวดเดียวสามารถทำให้กูนอนทั้งวันได้,negative,0
4720,4720,ขนาดลอรีอัลที่กูใช้มาตั้งนานนมยังให้ผลกูเท่านี้ ไม่ต้องหวังพึ่งครีมอะไรก็ไม่รู้อะค่ะ เราจะไม่ด่าคนที่หลงเชื่อ แต่อย…,negative,0
4721,4721,แม่งลืมบารบีก้อน,negative,0
4722,4722,"อยากใช้เพราะเป็นคนที่ผิวมัน เป็นสิวง่าย ทั้งสิวผด สิวอุดตันขึ้นบ่อยมาก บวกกับเราชอบแต่งหน้ามากๆ แต่งแบบจัดเต็มทุกวันด้วย คราบเครื่องสำอาง ความมัน สิ่งสกปรกต่างๆ ตกค้างอยู่บนผิว ตัวนี้เลยตอบโจทย์กับเรามากค่ะ เพราะช่วยทำความสะอาดผิวและเตรียมผิวก่อนบำรุง (ใช้แทนโทนเนอร์) ใน 1 ขั้นตอนเลย และมีสารบำรุงจากธรรมชาติ 14 ชนิด ป้องกันการสูญเสียความชุ่มชื้นจากการทำความสะอาดค่ะ ทั้งยังปราศจาก 5 สารระคายเคือง อาทิ Alcohol,Paraben,Mineral Oil,Fragrance,Color และผ่านการทดสอบ ""Hypoallergenic"" และ ""Dermatologically Tested"" แล้วด้วย คือดีมากเว่อร์ อยากเป็นผู้โชคดีได้ลองใช้พิสูจน์ผลลัพธ์ที่ดีด้วยตัวเองค่ะ",positive,1
4723,4723,ผมสนใจ mazda 2 ดีเซล มือสอง ที่มีปัญหา จะพอแก้ไขได้ไหม,positive,1
4724,4724,กลางวันมีแต่ฝุ่นควัน แต่กลางใจฉันอ่ะมีแต่เธอ,positive,1
4725,4725,เออนี่พึ่งเป็นไป ท้องเสียเพราะกินอาหารเป็นพิษ ที่เป็นไข้ก็นี่แหละจ้าาา ทั้งท้องเสีย ทั้งอ้วก ออกหมดจนแห้งเลยกู คือตอนนี้ก็ยังงงอยู่ว่าสรุปคือแฮงค์อีสเมอร์นอฟหรือกูแดกอะไรผิดสำแดง,negative,0
4726,4726,ผมก็เห็นด้วยครับ,positive,1
4727,4727,ชอบ toyotabuzz จัดกิจกรรมตลอด คืนกำไรให้กับลูกค้า,positive,1
4728,4728,กูก็เลิกบุหรี่ได้ก็เพราะบุหรี่ไฟฟ้านี่ล่ะสาดดด,positive,1
4729,4729,ร่วมลงชื่อด้วยครับ ยังไงบ้างครับ,positive,1
4730,4730,ตะเกียบแบบใหม่สวยจริงแต่คีบยากมาก ลื่นปื๊ดลื่นปื๊ด ตลอด ยิ่งคีบเส้นอุด้งด้วยนะอยากจะเฟี้ยงตะเกียบทิ้ง😭😭,negative,0
4731,4731,ลิปMamondeรอบแรกที่มาแล้ว ขอจัดส่งหลังกรานต์นะคะ กลัวค้างที่ ปณ. มีโอกาสสินค้าเสียหายสูงมาก ไม่อยากให้ค้างนาน,negative,0
4732,4732,กาวผ้าอนามัยนี้ติดทุกอย่างยกเว้นกางเกงในจริงๆ,negative,0
4733,4733,วันนี้แม่ไปซื้อเบียร์ลีโอที่เป็นแพ็ค3ขวดมา กลับมาถึงบ้าน มีขวดนึงก้นขวดหายไปไม่มี น้ำสักหยดเลยค่ะ,negative,0
4734,4734,สิ้นค้าชิ้นนี้คือ ลอรีเอะ ซูเปอร์ เจนทิลพลัส ขนาด 25~30 เซนติเมตร 6~7ชิ้น ราคา 21บาท,positive,1
4735,4735,ชอบ Biore Perfect Cleaning Water Soften Up ค่ะ เพราะสูตรนี้ช่วยเติมความชุ่มชื้นให้กับผิวแห้งขาดน้ำอย่างดิฉัน ให้กลับมามีผิวใส สะอาด สุขภาพดี นุ่ม ชุ่มชื้น อย่างที่ต้องการเลยค่ะ และที่สำคัญปลอดภัยต่อผิวแพ้ง่าย ลองแล้วรักเลย😍,positive,1
4736,4736,จริงๆมันไม่เยอะนะเว้ย โดนรูปกะทะหมูข้างๆหลอกแล่ว,negative,0
4737,4737,ตึงเหล้าขาวตึงหงส์ทองมตีกันไปหมดแล้วววววววว,negative,0
4738,4738,หน้าพี่แบคตอนโดนเพื่อนลากไปตีคือกุวงวารมาก ฮือ หน้าแบบนี่กุต้องโดนเหรอ สติหลุดไปแล้ว5555555555555555555,positive,1
4739,4739,จับบุหรี่ไฟฟ้ายัดตูดแม้ง,negative,0
4740,4740,แจ้งความก่อน ธนาคารบัตรมึงแม่งจะไม่ทำเหี้ยไรเลย ไม่ดำเนินการใดๆทั้งสิ้น,negative,0
4741,4741,ราคาลูกปืนถูกครับคุณภาพคงตามราคา ผมใช้นาวาร่าบอกเลยค่าอะไหล่ จุก! แต่ก็ได้9ปีนะต่อการเปลี่ยน1ครั้ง,positive,1
4742,4742,มีโปรดีมาก แต่ระงับวอเลท เบื่อ,negative,0
4743,4743,กินเบียร์ยูทีไร เมาเป็นหมาทุกที,negative,0
4744,4744,ตอนนี้ลีโอก็แดกๆไปเถอะอีเหี้ย,negative,0
4745,4745,สัส ไม่,negative,0
4746,4746,เครๆ,positive,1
4747,4747,เออ ควรเชื่อน้องพายตั้งแต่แรกอ่ะ ไม่น่าอ่านเลยกู,negative,0
4748,4748,ใช้กานีเย่ไม่ได้อ่ะเจ้,negative,0
4749,4749,อยากผิงแม่แก้หนาวว จิบแสงโสมเบาๆ ถ้าบัตรฟรี เดี๋ยวเลี้ยงเหล้าเอง อิอิ,positive,1
4750,4750,ผ้าอนามัยแบบสอดก็ใช้ไม่เป็น กลัว 5555,negative,0
4751,4751,ความอร่อยเหมือนเดิมแต่ติดตรงหมูแผ่นบางเกินไป,negative,0
4752,4752,สาขาไอทีสแควร์หลักสี่ ไปตอน6โมงเย็น ผักไม่มีมาเติม หมดลูกค้ารอจนงง บริการไม่ทั่วถึงทั้งๆ ลูกค้าค่อนข้างน้อย เบค่อน หมูสไลด์ ออกช้าหรือของหมดก็งง ไม่เติมเรื่อยๆ,negative,0
4753,4753,มิโสะๆ,positive,1
4754,4754,ผมชื่นชอบครีมกันแดด Biore UV Essence สูตรใหม่ตัวนี้ เพราะเนื้อบางเบาซึมซาบเร็ว ไม่เป็นคราบ ไม่เหนียวเหนอะหนะ ปกป้องแแดดทั้ง UVA UVB และกันน้ำได้ SPF สูง PA+++ ((((((( 😍😎😘ช่วยปกป้องให้หน้าเด็กอ่อนวัยสดใสเด้งดึ๋ง😝😆😉))))))) สะใจไชโยโอ้โหดีเว่อร์ กันน้ำได้ กันฝนก็ได้ เหมือนสวมเกราะป้องกันทุกสภาพอากาศ แบบนี้ต้องลอง จัดมา!!! #BioreUVEssence #BioreFunInTheSun #FunInSongkran #กันแดดกันแก่ที่ดีที่สุด #กันแดดอันดับ1จากญี่ปุ่น,positive,1
4755,4755,เป็นเมนส์นี่เหี้ยตั้งแต่กูแพ้ผ้าอนามัยละ โอ้ยเชวิต,negative,0
4756,4756,ปะตั้ม,positive,1
4757,4757,ประเทศเรา ล้าหลัง ครัพ มั้วเเต่ เเดกงบ ไปวันๆ ครัพ ไม่ใสใจ ปปช เลย,negative,0
4758,4758,บาบีก้อนรออีก37คิว อีดอกกก,negative,0
4759,4759,ภาษีบุหรี่ไทยขึ้นเยอะน่ะ...แต่บุหรี่นอกไม่ขึ้น...จับไฟฟ้าอีก...น่าจะมีเงี่ยนงำน่ะ,negative,0
4760,4760,ไปจัดดดด,positive,1
4761,4761,โอ๊ยยยย ข่าวบาบีก้อนอะ เป็นสาขาที่เรากินบ่อยสุด .......................................แผ่นดินไหวแต่นี่ไม่ไหวแล้วจะอ้วกของจริง พะอืดพะอม,negative,0
4762,4762,ต้องไปเช่าชุดอีกกกกก แพงกว่า 555,negative,0
4763,4763,ส่วนผสมสำคัญจากธรรมชาติ(Active Ingredient)ของ Smooth E Acne clear Makeup Cleansing Water คือ 1.Mango Steen Extract สารสกัดธรรมชาติจากเปลือกมังคุด มีคุณสมบัติช่วยสลายต้นตอของการเกิดสิว ป้องกันและดูแลปัญหาสิว สิวอุดตัน 2.Centulla Asiatica Extractสารสกัดธรรมชาติจากใบบัวบก มีคุณสมบัติช่วยลดเลือนริ้วรอย รอยดำ รอยแดงจากสิว #สมูทอีคลีนซิ่งวอเตอร์,positive,1
4764,4764,ตอนแรกก็ชอบหงส์ พอภาษีขึ้น ชอบแสงโสมดีกว่า,positive,1
4765,4765,ทาลิปมันทอมฟอร์ดอีกแย้วววว ทำไมที่ไทยหายากจัง วันนั้นไปที่ดคาเตอร์เขาบอกไม่เข้ามาเลย งืมๆๆๆๆๆๅๅๅๅๅๅ,negative,0
4766,4766,มีใครเอียนไทอิน dr. jill มั่งคะ,negative,0
4767,4767,อ่าวว เธอใช้ดีแทคด้วยนี่ ดีเลย 😄,positive,1
4768,4768,อยากแดกแสงมากกว่า,positive,1
4769,4769,สมัครเน็ตไมาได้งับ เป็นอะไรอะ นี่แอบใช้ไวไฟเพื่อนบ้านอยู่#AIS,negative,0
4770,4770,เบือสิงห์และจะกินลีโอแทน,negative,0
4771,4771,อยากกินฮอตพอต วันพุธลด 20%,positive,1
4772,4772,เชี่ยยย อิเนื้อหมูบาบีก้อนที่มีไข่พยาธินี่เห็นแล้วขนลุกมาก,negative,0
4773,4773,ทีมงานต้องขออภัยเป็นอย่างยิ่งครับ เนื่องจากรถยนต์รุ่นดังกล่าวได้รับความนิยมและมียอดการสั่งจองค่อนข้างมาก จึงทำให้อาจเกิดความล่าช้าในการส่งมอบ ทั้งนี้ ทาง MG กำลังดำเนินการอย่างเร็วที่สุด เพื่อตอบสนองทุกความต้องการของทุกท่านครับ,negative,0
4774,4774,สวัสดีค่ะ ตอนนี้คือสุดๆอ่ะ เติมเน็ตรายวันอันนู้นก็ม่ได้อันนี้ก็ไม่ได้เพราะเบอเพิ่งเปิด คือแร้วพอกูเติมแบบ19บาทใช้งานม่ถึงชั่วโมงแม่งไม่โหลดเหี้ยไรเรยกูก็เปลี่ยนเป็น22บาท ชิบหายไม่ต่างกันเรย คือวันๆๆๆกูต้อวสมัคร2-3รอบ อีกเหี้ยเสียเงิน4-50บาทม่ได้เหี้ยไรเลยคือกูต้องทำไงมาบอกกูสิ,negative,0
4775,4775,ก้ไม่โอเคอยุ่ดี,negative,0
4776,4776,เกลียดเซโฟร่าเมกามากอะตอนนี้ ทำไมทำกันงี้?!!! ตูผิดที่ใจร้อนเองช่ะ 😭😭😭😭😭😭😭😭😭,negative,0
4777,4777,งื๊ออออออ มันลดราคาน้าา,positive,1
4778,4778,พอเป็น Eucerin มันก็จะแพงหน่อยๆ😂,negative,0
4779,4779,เป็น ขี้เปียก บาบีกอน แน่ ๆ,negative,0
4780,4780,คิดถูกหรือคิดว่ะที่ซื้อรีโว่เห็นอีซูซุแล้วอยากเอาไปคืนจริงๆไม่น่าเชื่อคนอื่นเลยเฮ้อ....,negative,0
4781,4781,ช่วงนี้ กระบะนาวาร่า เจ๋งสุด ดังสุด,positive,1
4782,4782,อยากไปดวนกะพี่ช้างคะ ชอบดื่มช้างเปนชีวิตจิตใจ,positive,1
4783,4783,ผมกินมอลลี่ครับ แดกสิงห์โง่ๆ ไพน์ละ 150 //ร้านซอยผมแม่งรีโนเวทไม่เสร็จสักที เซ็ง,negative,0
4784,4784,ไปลองเทสต์กับตัวเองก่อน เซ็นทรัลมีเคาน์เตอร์อยู่ โดยส่วนตัวเจ้ไม่ชอบกลิ่นของ YSL 55555555 รองพื้นคลินิกก็ดีนะ หรือจะลองลอร่า,negative,0
4785,4785,ผ้าอนามัยติดทุกอย่างยกเว้นกางเกงในค่ะ,negative,0
4786,4786,ต่อไปนี้ไม่กล้ากินบาบิก้อนละ😣,negative,0
4787,4787,แถวพระราม2ค่ะ,positive,1
4788,4788,แสงโสมไง ละกูไม่ชอบไง,negative,0
4789,4789,แต่งไทยมากินเกรงว่าจะไม่ถนัดนะเจ้าค่ะ เด่วจะกินไม่เต็มที่เจ้าคะ,negative,0
4790,4790,อยากกินนนนนกับเตง,positive,1
4791,4791,ใช่ดีมากเรยค่ะ,positive,1
4792,4792,อยู่ชมแพมีไหม,positive,1
4793,4793,ถ้าเป็นมาสด้าสวยทุกแบบทุกรุ่นค่ะ,positive,1
4794,4794,แฉเลยคับพี่ึืแบบนี่แหละคือช่องว่างของกฎหมายที่พวกตำรวจไม่ดีใช้หากินคับคือถ้าจับแล้วเอาไปดำเนินคดีตามกฎหมายแบบถูกต้องจิงๆผมไม่ว่าคับแต่ถ้าจับแล้วเอาไปขู่เอาไปไถเงินอันนี้ผมรับไม่ได้คับ,negative,0
4795,4795,มาทำงานไม่ได้มาอ่อย มาหาเค้าหน่อยเค้าอยู่วันเมา 😜😛 #ubeer นุ่ม ละมุน ลิ้น ดื่มง่ายไม่ขม😎,positive,1
4796,4796,ตั้ง700,negative,0
4797,4797,ตัวเองจะเลี้ยงหรอ,positive,1
4798,4798,ตังยังไม่ออก,positive,1
4799,4799,สนใจ Nissan March ต้องมีฐานเงินเดือนเท่าไหร่ถึงจะดาวได้,positive,1
4800,4800,555 ฉันไปได้แต่ฉันกลับไม่ได้,positive,1
4801,4801,อร่อยมากค่ะ...วันนี้ไปทานมามีไอติมวันเกิดไห้ด้วย,positive,1
4802,4802,เคยถามคอเซนเตอร์ พูดแบบกอนเลย แต่พอไปต่อจริง พนง.บอกทำไม่ได้ ยังไงก็ไม่ได้ เลยไม่ต่อ และงอนกอนถึงทุกวันนี้ แต้มเยอะทำไมไม่ได้ ☹️🙄,negative,0
4803,4803,หยุด! กูเอียนแล้ววว🙄,negative,0
4804,4804,เอาฮุนไดเลยหรอพี่ 😆😆,positive,1
4805,4805,ใช้ได้จะ,positive,1
4806,4806,อี๋ Almera 1.2 S ขับตัวโลวไม่คุยอะค่ะ ต่รรม,negative,0
4807,4807,น้องหงส์ทอง😂😂,positive,1
4808,4808,คริสต์มาส สโนว์ คือ ดีอะ,positive,1
4809,4809,เซ็งเป็ด,negative,0
4810,4810,ประเด็นคือ ไม่ได้มีทุกสาขา มาดูแถวมีนบุรีสิ ตั้งแต่ตลาดมีน ข้างเทคนิกมีน ใกล้แยกมีนอีกสองสาขา มีขายแค่สาขาเดียว ส่วนใหญ่ขายโซฟีมากกว่าลอลิเอะอีก ที่ลดราคาหาซื้อยากมากๆ,negative,0
4811,4811,กินบ่อยกว่าข้าวที่บ้านก้อเอ็มเคนิงายยย,positive,1
4812,4812,น่ากินมาก ๆ เลยค่าา ^^,positive,1
4813,4813,มีความสุขทุกปีที่ได้ไปบิ๊กเมาเท่น แต่มันจะขาดไปไม่ได้เลยคือเพื่อนที่รู้ใจ และเข้าใจกันทุกอย่าง ขอบคุณบิ๊กเมาเท่น ที่ทำให้พวกเรามีความสุขกับเสียงดนตรี และสุดท้ายนี้ขอบคุณBLEND285 ที่จัดกิจกรรมดีๆแบบนี้ แล้วเจอกันที่งานครับ #BigMountain #ชีวิตดีเรามีได้ #BMMF2017,positive,1
4814,4814,"ลาเนจก็ดี แต่ลาเนจตัวนึงก็แพงแหง่ะ แบบ20,000วอนไม่มีจริง",negative,0
4815,4815,อยากกกกกกิน,positive,1
4816,4816,ส่วน B ค่ะที่หายไป ชอบความปราดเปรียว สีแดง หรูหรา เจ็บเปรี้ยวเข็ด #Rama3honda,positive,1
4817,4817,เป็นโทนสีที่สวยแบบไม่ไหวแล้วอะ พกติดเป๋าทุกวันไม่ผิดหวัง รุ่นนี้เนื้อแมทผสมครีมติดทนดีเบย NYX Lip Lingerie Liquid L…,negative,0
4818,4818,คนถือสายควรระวังคำพูดเวลาส่งโทร.อ่ะ โทรหาฮอนด้าหลายรอบมาก เขาดูไมล์ผิดเป็น80k เราดันนึกขึ้นได้ว่ามัน90kช้าไปชม.นึงเลยโทรไปท้วง เขาก็ยืนยันว่าถูกแล้ว สักพักโทรมาบอกว่าดูผิดเอง แล้วมันเช็คต่างกันมากกก เปลี่ยนไปหลายอย่างแล้วก็ขอคืนบางอันไป ล่าสุดโทรไปคนรับพูดกับอีกคนว่าโทรมาอีกละ,negative,0
4819,4819,ร้านยาดองปิดไพแระ นี่ว่าป๋องขาวน่าจะเหมือนสะไป้อ่ะ แอลน้อยขนาดนั้น,negative,0
4820,4820,ชิ้นส่วนนี้คือรถ TOYOTA C-HR,positive,1
4821,4821,หนังเลิกตอนนี้ก็แท็กซี่อย่างเดียวแล้ว 😑,negative,0
4822,4822,ที่กระบี่ ดีแมกซ์ใหม่เห็นค่อนข้างเยอะเลยตอนนี้,positive,1
4823,4823,เป็นป้ายหาเสียงที่ไม่รบกวนคนเดินเท้า ชอบๆ #เลือกตั้ง62 #อนาคตใหม่,positive,1
4824,4824,ขอพรุ่งนี้ ที่รักออกเวรพอดี,positive,1
4825,4825,เตียงใหญ่มากพอที่นอนสามคนได้สบาย,positive,1
4826,4826,นิสสัน เอ็กซ์ เทรน สวยทั้งภายในและภายนอก ชอบค่ะ,positive,1
4827,4827,กิน MK ตั้งแต่เด็ก ช๊อบชอบ ทั้งในเรื่องอาหาร และการบริการ มากี่ครั้งก็ประทับใจ แต่วันนี้กลับรู้สึกไม่อยากมาอีก (MK เส้นพระรามสอง ถ้าเลยไปก็เกือบถึงโลตัสมหาชัย) การบริการของพนักงาน พูดจาไม่ค่อยดี การใส่ใจน้อยมาก ตั้งแต่เรื่องเมนูมากัน3คนให้มา1เมนู ต้องชะเง้อมองดูเมนูของอีกฟากหนึ่ง ถ้าไม่ขอเพิ่มอีกนิดก็จะเดินไปขอโต๊ะอื่น ถามเรื่องอาหารอย่างอื่น สั่งของ บอกน้ำหมด ก็พูดจาไม่ดี โดยรวมไม่โอเคเลย,negative,0
4828,4828,มีทั้งบัตรเครดิตและบัตรเดบิตครับ บัตรเครดิตแนะนำของกสิกรครับ ส่วนบัตรเดบิตแนะนำของกรุงเทพครับ,positive,1
4829,4829,ว๊าว โรบินสันกำแพง เสร็จแล้ว เค้าอดไปเลย 555,positive,1
4830,4830,555 ช่วยกันจ่ายไหม หรือ จะให้เราจ่าย ครับ,positive,1
4831,4831,ว่าแต่ทำไมถึงเลิกหรอครับ ผมก็โคตรชอบเลยช้าง export พอมันเลิก ผมเลิกหมด ช้าง สิงห์ รสชาติน้ำล้างตีนแถมวนเวียนความเป็น Lager กากๆ ที่ไม่พัฒนา เวลาไปญี่ปุ่นหรือยุโรปนี่กูเลือกเบียร์จนตาลายเพราะตลาดเค้าเปิดกว้าง เมืองไทยแม่งครองกันอยู่สองแบรนด์แล้วใช้วิธีบีบคู่แข่งเอา ควยออล,negative,0
4832,4832,กูยังไม่ใช่เลยการ์นิเย่ โคตรแรง ใช้แล้วหน้าแหก,negative,0
4833,4833,เหล้ามันดีจริงครับ,positive,1
4834,4834,เราก็เห็นในเพจอื่นโปรโมทค่ะ เเต่เพจก้อนไม่โปรโมท งง,negative,0
4835,4835,มีแต่ของอ้วนๆ ไม่เอาด้วยหรอก,negative,0
4836,4836,อ่อย...น่ากินนนนน,positive,1
4837,4837,ทำไมไม่ร่วมให้เหมือนกันหมด M K เหมือนกัน,negative,0
4838,4838,ใช้มึงปราบม้ากับไอให้หมดก่อนเถอะยังใงก็มีแต่กูพูดไม่ได้กูกลัวตายกูหว่งลูกหลานกู,negative,0
4839,4839,เสียดายไม่มีจุก,negative,0
4840,4840,แพ้อากาศผื่นขึ้นไม่พอแพ้อากาศขึ้นตา แพ้เหงื่อ ล่าสุดแพ้ผ้าอนามัย นี้เกิดมาทำไม เสียชาติเกิด,negative,0
4841,4841,ใช้เองดี ทีมชวนเป็นพรีเซ็นเตอร์ เหมาะกับวัย เพราะเป็น snail white gold aging ผสมทอง 24 k ลดริ้วรอยให้ตื้นขึ้น,positive,1
4842,4842,ชอบมาสด้ามาก แต่ถ้าำปลักอินไฮบริดได้เหมิอนค่ายอื่นนะ ยิ่งชอบที่สุดเลย,positive,1
4843,4843,เจอลีโอป๋องสองร้อยแดกไม่ลงเลย,negative,0
4844,4844,ม่ายยล่ายเลยคับ ควรไปนอน,negative,0
4845,4845,ครอบครัวที่สมควรสมัครที่สุด,positive,1
4846,4846,ไป!,positive,1
4847,4847,แสนสิริโครตใส่ใจอ่ะ ตอนแรกนึกว่าจะไม่ได้แล้วแต่เขาก็หาทางให้เราจนได้ น่ารักมากเลย💖,positive,1
4848,4848,มาสด้ากินน้ำมัน,negative,0
4849,4849,ด้วยๆๆๆๆ,positive,1
4850,4850,ไม่อร่อยอะ,negative,0
4851,4851,มีหลักฐานนะไอมูกเปียก,positive,1
4852,4852,23 มี.ค.61 ถามพนักงานว่าไม่เห็นเหมือนในรูป พนักงานก็ยิ้มตอบ แล้วเดินจากไป,negative,0
4853,4853,คนดี ไม่มีทางชนะคนมีอำนาจ มีแค่ในหนังในละคร เท่านั้นแหละ!,negative,0
4854,4854,ของเบียร์ช้าง. ของเหล้าขาวมีที่ดิน เป็นแสนไร่ตรวจกันมั่งม้าย,positive,1
4855,4855,ปล หมูบางไปนิด อย่างกับ bbq plaza,negative,0
4856,4856,4คนพอดีรุยยย ฟ้าต้องส่งพวกเราให้มากินอันนี้แน่ๆ 5555555555,positive,1
4857,4857,กูเขดและเน๊าะ โปรวันพุธ มะเติมของเลยต้องรอคิวเปิดโซนเดียว5555 ถ้าคิดเตมๆเปิดเตมโซน รอจนไส้แห้ง,negative,0
4858,4858,ถึงว่าเเถมแป้งทาร์ต เซ็งเลอออ,negative,0
4859,4859,เบียร์ลีโอ กินแล้ว เสียงดี กรางดี,negative,0
4860,4860,กูไม่ชอบน้ำจิ้มบาร์บีก้อน,negative,0
4861,4861,😍😍😍😍,positive,1
4862,4862,แสดงว่าป้าไม่ชอบเบียร์ช้าง,negative,0
4863,4863,ม่างงงง ละบอกนึกถึงเบียร์ช้าง เกียดด 555555,negative,0
4864,4864,คิดถืกคับที่กินลีโอคูมื้อ55,positive,1
4865,4865,"กู้ดอินนิสฟรีแจฮวานในอีเบย์ขาย 45,99$ ...นี่ปาดเหงื่อไม่พอ ปาดน้ำตาอีก โง้ยยยยย ทำไมอัพราคาแพงแบบนี้ 😭😭😭",negative,0
4866,4866,Yaris 1.2 ใสพักกลางแคปซูลจำไม่ได้ใส้ไร ปลายสั้นใส้เยื้อง ต้นอืดมาก รอบมาช้า ควรเปลี่ยนรึเพิ่มตัวไหนคับ อยากเหยียบติดเท้าคับ,negative,0
4867,4867,ตอนนี้ช้อตว้ะ555,negative,0
4868,4868,ยี่ห้อนี่ เขาชอบตั้งชื่อ ลงท้ายด้วย สระอา เทียน่า อัลเมร่า นาวาร่า เทอร่า พัลซ่า ยามาฮ่า แฮร่,positive,1
4869,4869,อันนี้มันมีเวลา อ่านดิ้ข้างบน👆🏻,positive,1
4870,4870,ชีวาสนี้เมา,negative,0
4871,4871,ขอบคุณน่ะ ออเจ้า 5555+,positive,1
4872,4872,โลโก้นี้ มันมีของพลังและความทนทาน ผมมั่นใจใน Suzuki เรื่อยมา,positive,1
4873,4873,ดูแล้ว สุพรีมมี จัดไปปปปป,positive,1
4874,4874,โซฟี ก็ดีนะ แต่แปลก รุ่นที่ใช้ดีๆ ชอบเลิกผลิต แผ่นอนามัย ก็เช่นกัน,negative,0
4875,4875,ปิดบชสมาชิก ไม่ไปกินตลอด,negative,0
4876,4876,เจออีกระป๋องดำก็แย่ละ ไม่ใช่เมาแย่นะ รสชาติแย่อะอีเหี้ย,negative,0
4877,4877,กลมๆมี บะหมี่ยก ล้อมไว้ ข้างในเป็น หมู และมี ชีส อยู่ด้วย 😀,positive,1
4878,4878,🤤,positive,1
4879,4879,เอาผลวิจัย เหี้ยงไส่หน้าแม่ง,negative,0
4880,4880,ไม่เข้าใจ หม่า มาได้ไง,negative,0
4881,4881,กระทืบไลค์เลยครับ กฎหมายหัวควย 👎👎,negative,0
4882,4882,กู ยังเห็น มืงดูด อยู่ เลย ตอแหล จริมๆ,negative,0
4883,4883,เหยยยย ทุกคน นี่มันมาส์กลดสิวว ตื่นเต้นจริงๆนะ คือปกติเราจะใช้มาส์กโคลนลอรีอัลสูตร detoxify (ใช้จนเหลือครึ่งนึงแล้ว ดูจากรูป555) ก็ว่าชอบมากแล้ว รู้สึกหน้าสะอาด ใสๆขึ้น พอลองอีกสูตร ที่เป็น anti-pores ที่ช่วยกระชับรูขุมขนกับลดสิวลดหน้ามัน คือมันดีมากกก เข้ากับผิวเรามากไม่รู้ทำไม ล้างออกแล้วผิวเนียน ผดๆดีขึ้น ดูแบบไบรท์ๆขึ้นเลย คืองงมาก หน้าไม่มันเลยด้วย ชอบอะ ไปลองๆ หน้านี่แต่งหน้าติดดีเลย ไม่มันแล้ว กรี้ดมากก5555 คือมาส์กโคลนแบบนี้จะเหมือนดีท็อกซ์ผิว ล้างออกจะรู้สึกสะอาดมาก เหมือนผิวได้ล้างสิ่งตกค้าง ใช้ง่ายด้วย อาทิตย์ละครั้งสองครั้งก็พอ เราติดมากอะ ราคา 399 บาท ที่วัตสันกับห้างทั่วไปเลยย ไปตำาาา,positive,1
4884,4884,เบียร์สปายสเมอร์นอฟเป๊บซี่ ยังไง เข้าห้องน้ำสามรอบแร้ว,negative,0
4885,4885,ไม่ได้กินเรดดิ,negative,0
4886,4886,อีกอย่างค่ะ พนักงานไม่ค่อยใส่ใจสนใจลูกค้าเท่าที่ควรนะค่ะ ยืนคุยกันไม่ใส่ใจสนใจเลยต้องยกถาดอาหารที่หมดแล้วไปวางเอง ควรใส่ใจนิสค่ะ,negative,0
4887,4887,เพจสังคมอักเสบไม่ให้ราคาจานเจษ แม่งเถียงกะกูพาโยงไปโน่น บั้งไฟพญานาคอีก ลองเข้าไปอ่านเองเหอะ,negative,0
4888,4888,กูทำ Kaizen ที่รถไฟฟ้าใต้ดินได้ไหมวะ คือเสียค่าบัตร16บาทแล้วถอน4บาท มันเสียเวลาหยิบสุดๆอ้ะ ควรมีตระกร้าแล้วผูกติดไว้ให้หยิบไปไ่ม่ได้อ้ะ ทอนมาก้เทตระกร้าใส่มือ จบ,negative,0
4889,4889,เหล้ายาดอง หงส์ทอง เบียร์ช้าง จัดมายกลัง เซ็นไว้ค่อยจ่าย เลี้ยงส่ง กับจากไป ของคนไม่รักดี,negative,0
4890,4890,ก็ปากดีกับตอแหลไง การทำงานมันเลยต้องต่างกัน,negative,0
4891,4891,เท่าที่อ่านดราม่าของฟอร์ด และแฟนใช้มา รับรู้ได้ว่า รถคุณภาพแย่ ขับๆอยู่เกียร์พังงี้ หาสาเหตุไม่ได้อะ และบริการหลังก…,negative,0
4892,4892,เมื่อไหร่จะพัฒนา ยิ่งใช้ ยิ่งช้า โทรไปก้อเฉย ต้องให้ทำไง ต้องให้ย้ายค่ายใช่มั้ย,negative,0
4893,4893,ป่ะหิว,positive,1
4894,4894,แพงมากค่าถ่ายนำ้มันเครื่องที่ศูนย์มาสด้าแพงเพราะไรแอดมิน?,negative,0
4895,4895,สรุปไม่ใช่ แต่ผบห.เรียกคืนทั้งล๊อตเพื่อความสบายใจ คนจริงสัส 55,positive,1
4896,4896,เตรียงดูมีขนาดเล็กไปนิด,negative,0
4897,4897,ตอนพันธมิตรถอนตัวออกจากทำเนียบรัฐบาล จนท.ได้เข้าไปตรวจในทำเนียบ พบขี้เต็มห้อง รัฐมนตรี ถุงยางอนามัยใช้แล้วเกลื่อนห้องเต็มไปหมด ปืนของ ตร. สันติบาล หายหมด โดยเฉพาะปืนกลอูซี่ โต๊ะข้าราชการถูกงัด ของมีค่าทั้งของส่วนตัวและของหลวงหายหมด พบอาวุธบางส่วนอยู่ในท่อระบายน้ำ สนามหญ้าเละเทะ,negative,0
4898,4898,กินมาแล้วค่ะเมนูใหม่ได้รูปด้วย พนักงานบิ๊กซีสะพานควายบริการดีที่สุดชอบไม่หยิ่งละเอาใจฝากชมแต่สาขาบิ๊กซีวงสว่างปรับปรุงด่วนนะคะไปกี่ครั้งก็บริการด้อยไปค่ะ,negative,0
4899,4899,ลองละไม่อร่อย รสชาติเหมือน285เลยอะ,negative,0
4900,4900,เบื่อ #iqos สีเดิมๆ ใช่ไม๊คะ วันนี้มีปลอกมาให้ชมจ้าาาา #iqosholder #iqosthailand,negative,0
4901,4901,เมื่อวานพึ่งไปทานมา สาขาโลตัสท่านา นครปฐม น้ำจิ้มไม่เหมือนเดิม ดำเข้มขึ้นและเค็มมาก ไม่รุ้แต่ละสาขาน้ำจิ้มสูตรเดียวกันป่าว,negative,0
4902,4902,เบียร์ช้างไมรสชาติแย่ขนาดนี้.,negative,0
4903,4903,"Suzuki ปลื้มยอดขายรถยนต์ปี 2560 ทะลุ 25,011 คัน เติบโตเกินเป้า 9% พร้อมประกาศเตรียมเปิดตัวรถใหม่อีก 2 รุ่น",positive,1
4904,4904,เคี้ยวเม็ดหนอง แตกละลายในปาก เนื้อสัมผัสที่ลืมไม่ลง แบบนี้ก็ได้หรอ,negative,0
4905,4905,สู้ๆครับ เป็นกำลังใจให้ทุกท่านครับ,positive,1
4906,4906,สามารถใช้ได้ตามปกติทุกตัวค่ะ ซึ่งผลิตภัณฑ์ Hada Labo ทุกประเภทผลิตภายใต้มาตรฐาน GMP และ PICs ปราศจากสารปรุงแต่งที่ส่งผลกระทบต่อผิวหน้า จึงเป็นผลิตภัณฑ์ที่อ่อนโยนปลอดภัย แม้ผิวแพ้ง่ายก็สามารถใช้ได้ และในกรณีของคุณแม่ตั้งครรภ์ หากกลัวว่าจะเกิดการแพ้ อาจจะนำผลิตภัณฑ์ไปปรึกษาคุณหมอเพื่อความมั่นใจมากยิ่งขึ้นด้วยก็ได้นะคะ :),positive,1
4907,4907,เต้าเจียวหรืออะไรที่ไข่ไก่ เค็มมากค่ะ น้ำซุปก็ค่อนข้างเค็ม บอกตรงว่าไม่กล้ากินอีก ต้องเปลี่ยนอาหารจานเดียวแทน,negative,0
4908,4908,ไม่น่าสั่งแสงโสมเลยค่าสา อีดอก,negative,0
4909,4909,ดื่มเบียร์ช้าง กับแก้มอะไรก็อร่อย ครับ5556,positive,1
4910,4910,ไทยมันมียี่ห้อน้อยไง แต่แบบอีประเทศแอลกอฮอล์แห่งนี้แม่งมีเป็นล้านยี่ห้อ แล้ววันนี้กูกินอันที่ไม่ใช่smirnoff กับอันที่กูกินประจำอะ,negative,0
4911,4911,ไปๆๆ,positive,1
4912,4912,ไปไหมวันนี้,positive,1
4913,4913,กินจุ้งง,positive,1
4914,4914,ทำไมต้องรีสเมอนอฟมาให้กูเห็น แถวบ้านกูไม่มีไง อย่างมากก็ลีโอ ฮรุก,negative,0
4915,4915,น่าจะกับบ้านแล้ว เสียใจ😢,negative,0
4916,4916,สู้ๆๆครับบ,positive,1
4917,4917,บาบีกอน คือ ทางออก,positive,1
4918,4918,เพชรบูรณ์ไม่เคยร่วมรายการเลยยย,negative,0
4919,4919,คิดว่าแป้ง cute press marine magic (สีเบจอ่อน) เป็นการลงทุนที่คุ้มค่ากว่า skinfood peach cotton powder ค่ะ แป้งละ…,negative,0
4920,4920,หมูสไลด์เอมเค มึงบางกว่าหมูสไลด์สองชั้นอีกอะ -_-,negative,0
4921,4921,ฉลองงงกัน,positive,1
4922,4922,ขาเข้าส่วนใหญ่​ ศุลกากรเค้าสแกนแต่กระเป๋าใบใหญ่​ที่เราช็อปปิ้งมา เราใส่ในเป๋ากางเกงเลยยังไม่เคยโดนมั้งคะ,negative,0
4923,4923,ไปปปปป,positive,1
4924,4924,จะรอน้าาก้อนน ที่เซนทรัลพลาซ่าลำปาง คนเดินเยอะ ร้านอาหารเห็นคนเต็มตลอดนะคะ :),positive,1
4925,4925,จัดๆ ไหนชวน aka,positive,1
4926,4926,รถฮุนไดที่CBXโฆษณายอดจองเกิน! โอ้โหอิเหี้ย!!!!! นั่นรถนะไม่ใช่คันถูกๆ ยอม!!!!,negative,0
4927,4927,Mamonde กูจะหายไปสองแท่งไม่ได้นะ ประเด็นคือสีเหมือนกัน ครั้งแรกหายแล้วซื้อใหม่ แล้วหายอีก อีเวง,negative,0
4928,4928,รถไฟฟ้าสร้างพร้อมกัน3-4สายแบบนี้คือวิกฤติรถติดเลยนะ แต่ข้อดีของการสร้างพร้อมกันคือเสร็จพร้อมกันเหมือนเสกไเลยล่ะ กทม.มีแผนีถไฟ13สาย เปิดแล้ว5 ถ้ามัวแต่ทำทีละสาย กว่าจะครบเราคงตายกันหมดแล้ว,negative,0
4929,4929,กุไม่แดกน้ำดำ555,negative,0
4930,4930,ลดน้ำหนักอยู่,positive,1
4931,4931,เจ้ๆ เห็นว่าใช้กานิเย่ #กระเป๋าสวยดี 😂😂,positive,1
4932,4932,นิสสันนาวาราขับลุยงาน นี้เจ๋งมาก ซื้อมาไม่เคยมีปัญหาต้องซ่อมเหมือนคนอื่น ประทับใจจริงๆ,positive,1
4933,4933,ใช้ฟอร์ดอีโค่สปอร์ตเต็ม3ปีิเข้าศูนย์เช๊คระยะตรงตามนัด วิ่งแค่ 13000 เกิด เบรค เบาๆมีเสียงดังแต่ถ้าเบรคแรงๆในระยะแล่นเร็วไม่มีเสียง ทางศูนย์ถอดทำความสะอาดผ้าเบรคแล้วไม่หายต้องเข้าไปเจียจาน ถามว่า รถใช้มาแค่นี้ต้องเจียจานแล้วสมควรมั้ยคะ อัตราค่าเจียจะอยู่ในเรตสักเท่าไหร่,negative,0
4934,4934,เราคงต้องไว้อาลัยให้กับผู้มีอำนาจและบุคคลบางกลุ่มที่ดวงตายังมืดบอดและใจแคบกับนวัตกรรมใหม่ที่จะเข้ามาช่วยแก้ปัญหาเรื่องบุหรี่,negative,0
4935,4935,รักกันจริงต้องผ่านความลำบากไปด้วยกัน #ช้างเติมเต็มคำว่าเพื่อน,positive,1
4936,4936,นี่ก็ซื้อลิปสติก Tom Ford ตาม บตบก นะคะ ดูสีสวย+แพ็กเกจหรูมาก แต่พอใช้จริงแล้วคิดว่าแพงเกินเหตุ แพ็กเกจก๊องแก๊งไปห…,negative,0
4937,4937,5555 แสงโสม แดกละแบบแฮงไปอีกสามวัน,negative,0
4938,4938,มีคนเคยกล่าวไว้ว่า ร้องไห้เสียใจบนแคมรี่ ยังไงก็ดีกว่าร้องไห้เสียใจบนรถเมล์....,positive,1
4939,4939,ลีโอไม่มีจัดที่กทม บ้างหรอค่ะ แบบมีดีเจมาค่ะ อยากให้จัดบ้าง ❤️❤️ รักลีโอเพราะกินแต่ลีโอ 555,positive,1
4940,4940,ไม่คิดจะเลี้ยงเมียมั่งรึไง 🙄,positive,1
4941,4941,เค้าเรียกว่าโกงได้มั้ยค่ะ,negative,0
4942,4942,บวกสมูทอีอีกเสียงค่ะ *-*,negative,0
4943,4943,อยาก โฮการ์เด้นโรเซ่มากกกกกกกกก ไม่ไหวแล้ว,negative,0
4944,4944,ลืมดูว่ะ ร้านไหนดีๆ,positive,1
4945,4945,พี่ชอบเนื้อ fenty beauty มากกว่า จากที่ดูรีวิวอ่ะนะ 55555555555 มีแต่คนบอกว่า 3ce เนื้อแห้ง,negative,0
4946,4946,อย่างฮา.....เมื่อหนุ่มลองใส่ผ้าอนามัยแบบเย็น,positive,1
4947,4947,แบบนี้บริษัท สิงห์ จะโดนจับเหมือนประชาชนมั้ยครับ ข้อหาโฆษณานำเสนอสิ่งมึนเมา เซเว่นมีคนใช้บริการตั้งแต่หัวดำยันหัวหงอก ขึ้นชื่อว่าสะดวกซื้อมึงก็สะดวกเกินไปรึป่าว,negative,0
4948,4948,ซีพี / เบียร์ช้าง / เบียร์สิงห์ / พวกยาสูบฯ ดังๆ เงียบกริ๊บ...ไม่คืนกำไรให้สังคมเลย....,negative,0
4949,4949,เบื่อการต้องซื้อผ้าอนามัยทุกเดือน แก้ด้วยการซื้อมาตุน 55,negative,0
4950,4950,เลิศ!ชอบมากคร่ๅๅๅ,positive,1
4951,4951,ฟินค่ะ,positive,1
4952,4952,โหหหห หนุ่มเขินน่ารักมาก ;———-;,positive,1
4953,4953,พนักงานสาขาห้วยขวางน่ารักมากกก แงงง 🍕,positive,1
4954,4954,พุดจะคิดภาพ ตามเลยครับ เหมือน ฟอจูนเนอร์ vs พราโด้อะครับ อีฟอจุนเนอร ปา เจโร่ ที่จะขับอะ เป็นรถขี้กากไม่ผ่านมาตรฐานอะไรเลยนะครับ รู้ยัง ? อีฟอร์ตตัวนี้มันขาย ยุโรปจ้า เพราะมันผ่านมาตรฐาน เห็นก็อีฟอจุนเนอรคันละล้าน ตกข้างทางยังพังเลยครับ โตโยต้าฟอจุนเนอร ญี่ปุ่นเขายังไม่กล้าใช้เลยครับ 😂😂😂,negative,0
4955,4955,10-11ไปกินกัน,positive,1
4956,4956,ยอดตกแน่นิสสันนาวาร่า^^^ล้อเล่นนะครับ,negative,0
4957,4957,ขอบคุณเพื่อนๆลำปางมากเลย สนุก ประทับใจทุกครั้งที่มา ขอบคุณร้านเมาดีฟ และ LEO BEER ด้วยครับผม #ดูสดฟินสุด,positive,1
4958,4958,มาทานที่เดอะมอลล์งามวงศ์วาน เจอแมลงสาบด้วยค่ะ คือตกใจขึ้นมาพร้อมกัน 2ตัว ตกใจอย่างแรง,negative,0
4959,4959,เราชอบกินฟูลมูน,positive,1
4960,4960,ยังหาครีมที่มาลบล้่างความดีงามของซันวาซูมิได้เลย ทั้งขาวทั้งใส ไร้สิว แต่แพง ยอมหน้าพัง 555445,negative,0
4961,4961,สกัดจับบุหรี่ไฟฟ้า ไอ้สัส,negative,0
4962,4962,เป๊บซี่ที่ไม่มีความเป็นเป๊บซี่อ่ะเหรอ,negative,0
4963,4963,อยากไปเชียร์ขุ่นแม่เดียริส <3 เฮียนาตาเลีย และ เจ้าแม่แอนเน่ อยากไปดูด้วยตาของตัวเองจริง ๆ ไม่ใช่แค่ผ่านจอ แล้วก็ถ้าได้ไปเนี่ยจะได้อวดเพื่อนได้ด้วยว่าฉันได้ไปดูนะ! แซ่บ!! ขอให้บุญพา วาสนาส่งให้หนูได้ไปดูเถอะค่ะ สาธุ /ก้มกราบสามที #nyxcosmeticsth #Dragraceth,positive,1
4964,4964,น่ากินมาก ๆ เลยค่าาาาา ^^,positive,1
4965,4965,🙄🙄🙄 เทคนิคป้องกันผิวรับซัมเมอร์ ของเรา คือ ทาครีมกันแดดสม่ำเสมอ / ทาก่อนออกแดดสัก 10-15 นาที และ ทาซ้ำทุกๆ 2-4 ชม. / ใส่เสื้อผ้าเบาสบายอย่าหนาจนเกินไปปกป้องผิว / ไม่เดินตากแดดแรงๆ หลีกเลี่ยงแดดช่วงที่ร้อนที่สุดของวันได้จะดีมากๆ 😉😉😉 อยากได้ Kiehl's Daily UV Defense อยากทดลองใช้ เพราะ ไม่ทิ้งคราบซึมไว ป้องกันจุดด่างดำความหมองคล้ำ ปกป้องผิวกันแดดได้ดีค่ะ,positive,1
4966,4966,เราหมดความอดทนกับเธอแล้ว ลาก่อน ล่มดีล่มเก่งงง #AIS,negative,0
4967,4967,เอาโลโก้นิสสันออกแล้วเอาgtrมาแปะจะดูดีกว่านี้แยอะ,negative,0
4968,4968,ไปกิน mk เมื่อวาน 9 คน หมดไป 4500😅 เฉลี่ยตกหัวละ500 ตกใจ เอามือทาบอก เอา 500 นี้ไปกินบุฟเฟ่เพิ่มvatนิดหน่อย แล้วกินให้จุก คุ้มกว่าเยอะเลย นี่มาของหยิบๆย่อยๆ แต่ราคารวมอย่างโหด,negative,0
4969,4969,โจมาโลนโอ้ต&amp;คอร์นฟลาวคือกลิ่นเหมือนยาจีน,negative,0
4970,4970,เคยแจ้งไปกะ CC ของ Viu ว่าขอให้ ios ใช้ chromcast ได้ด้วย เพราะไม่มีเงินซื้อ Apple tv ค่า ตอนนี้ก็เลยไม่ค่อยได้ดู Viu เท่าไหร่ละ ดูในโทรสับไม่สะดวก,negative,0
4971,4971,หนูอยากโทรนะ แต่กว่าแมคจะมาส่ง หนูคงแดกอันที่ส่งผิดหมดไปชาติเศษแล้ว นานเว่อ!,negative,0
4972,4972,อเมร่า เทียน่า นาวาร่า ซิลฟี่ เหมือนกันหมด,negative,0
4973,4973,ของเค้าดีจริงๆกินแล้วเพี้ยน,negative,0
4974,4974,หมดแล้วอะไรจะเร็วขนาดนี้,negative,0
4975,4975,เบากว่านิสนุง 555,negative,0
4976,4976,เขากินแบล็คกูกินแสงโสมว่ากูจน เขาเดือนนึงกินครั้งของกูกินทุกวัน ลองพวกกูแดกเหล้าเดือนละครั้งดูสิจ้ะ5555,negative,0
4977,4977,อยากดื่มน้ำสิงห์,positive,1
4978,4978,พรุ่งนี้ต้องไปจัดฮอตพอทอีกซะแล้ว หิวมันตั้งแต่วันนี้เลยแม่ง,negative,0
4979,4979,ทำไมต้อง 11:00-15:00ด้วย ซื้อได้แต่เฉพาะตอนเย็นหลังเลิกงานนี่ก็ไม่ทันละ เซ็ง,negative,0
4980,4980,เดี๋ยวนะ คู่นี้ ติดเทรนไวมาก 55555 คู่เพื่อนซี้ มู่หลานกับ donkey,positive,1
4981,4981,หมูทะเถอะ ตอนนี้ หิวววว😭,negative,0
4982,4982,วันก่อนไปสาขาบิ๊กซีลาดพร้าวมาค่ะ หวังว่าจะเจอขนมจีบ.หมดซ่ะงั้น.ออ ว่าแต่เคยไปกินที่แฟชั่นไอแลน.ของมีเยอะมากกกก.แต่ทำไมที่บิ๊กซีลาดพร้าวมันช่างต่างกันจังอ่ะค่ะ.ราคาไม่เท่ากันหรอค่ะ.คืองง,negative,0
4983,4983,ที่รักขา เมียอยากโดนจังเบย🤤พิรพัตร์ ช่วยทอง,positive,1
4984,4984,ทำไมทำกะกูแบบนี้อะ,positive,1
4985,4985,วันนี้ได้มีโอกาส มาทานสาขาเซนทรัลลาดพร้าว ซึ่งเป็นสาขาที่ใหญ่มาก ลูกค้าก้เยอะมาก แต่สิ่งที่ประหลาดใจคือ พนักงานบริการดีมาก ไม่ได้อิดออดจะให้บริการ ให้บริการด้วยความรวดเร็ว ไม่มีการเหนื่อยหน่ายจากจำนวนลูกค้าที่มาก ขอแสดงความชื่นชม 👏🏻👏🏻👏🏻,positive,1
4986,4986,ดีนะครับ,positive,1
4987,4987,ถ้าซื้อ 2ปอนด์มานี่ งานช้างเลยนะ .. ครั้นจะแบ่งไปให้คนอื่นกินก็ละอายอ่ะ มันไม่อร่อยอ่า,negative,0
4988,4988,ปังยิ่งกว่าเดิม เพราะปังไข่ชีสขยายเวลาอร่อยกับปังนุ่ม ไข่เนียนๆ และชีสเยิ้มๆ กันได้ทั้งวัน ทุกเวลา เริ่มเพียง 29.- ตั้งแต่ 15 ม.ค. 61 ตี 5 เป็นต้นไป พรุ่งนี้พุ่งตัวเลย #ปังไข่ชีส #อร่อยปังไม่จำกัดเวลา,positive,1
4989,4989,Netflix จะออกเรื่องใหม่มาแล้วทิ้งไดนาสตี้กูไว้แบบนั้นไม่ได้นะ555,negative,0
4990,4990,ทิ้นที่ชอบที่สุดน่าจะเป็นของอีทูดี้ค่ะหาซื้อง่ายมีหลายสีแต่ไม่ค่อยทน,negative,0
4991,4991,นี่คือ BMW M2 ที่พัฒนาได้อย่างสมบูรณ์แบบ แรงบิดเท่า M3 ขับมันส์ด้วยเกียร์ Manual ในร่างกะทัดรัด,positive,1
4992,4992,นิสสันนาวา รุ่นใหม่ มาพร้อมกับสะดวกสบาย ปลอดภัย ครบครัน.ราคาโดนใจสุดคุ้ม,positive,1
4993,4993,เพราะเห็นรุ่นน้องใช่แล้วเห็นว่าดี พี่เลยซื้อมาใช่บ้าง แล้วทาง Snailwhite Gold เห็นว่าพี่แป้งใช่เลยให้พี่มาเป็นพีเซ็นเตอร์นี้,positive,1
4994,4994,ทำสีไม่ค่อยดีเลยหลุดเป็นจุดๆรีโว่สีขาวจุดที่แจ้งก็ไม่เก็ยให้มีรอยสลิงไว้ให้ดูเป็นที่ระลึก,negative,0
4995,4995,ไปๆฟ้าเลี้ยง,positive,1
4996,4996,วันนี้ไปกินที่ฮอตพอทที่สาขาบิ๊กซีราชดำริมา สั่งน้ำซุปไป 4 อย่าง หมาล่า ต้มยำ สุกี้ญี่ปุ่น และต้มซุปเปอร์ สิ่งที่ได้คือ น้ำซุปซุปเปอร์จืดๆ จืดแบบน้ำเปล่าเลย จึงถามกับพนง ไปว่าทำไมจืดทำไมรสชาติแบบนี้ ปกติที่เคยกินมันจะออกเปรี้ยว มีพริกใสไรงี้ พนง ก็เดินไปเอาพริกมาให้เรา คือ? ที่เราบอกไปเราจะให้ไปเช็คว่าทำไมน้ำซุปมันไม่มีรสชาติอะไรเลย พนงถามเรากลับถามว่าให้ทำไงคะ เราก็อ้าว พี่ไม่ชิมหรือเช็คหน้อยหรอว่าทำไมรสชาติแบบนี้ พนงก็พูดคำเดิมว่าให้ทำยังไง แล้วก็เอาหม้อเราไปเปลี่ยน สักพักเดินกลับมาถามว่าเปลี่ยนเป็นน้ำซุปอื่นแทนได้มั๊ย เราเลยถามกลับไปแล้วซุปเปอร์ล่ะ พนง บอกว่าหัวเชื้อที่ผสมมันหมด รสชาติเลยเป็นแบบนั้น คืออะไรหรอคะ หัวเชื้อหมด แล้วให้ลูกค้ากินน้ำเปล่างี้หรอ แล้วทำไมไม่บอกว่าของหมด เราก็ไม่สั่งแล้วป่ะ แล้วตลอดเวลาที่เกิดเรื่องมีพนง ออกมาจากครัวมายืนมองโต๊ะเราตลอดเวลา ทำแบบนี้กับลูกค้าก็ได้หรอคะ???? และเวลาที่เสียไปกับการรอการแก้ปัญหาจากทางร้านก็ไม่ได้ทดเวลาให้ อันนี้ช่างมัน อ้อ ลืมอีกเรื่องนั่งกินอยู่แล้วมีเบบี๋แมลงสาบออกมาเดินเล่นอยู่ข้างโต๊ะ ฝากดูแลน้องด้วยนะคะ ปล. เหตุเกิดจากซุปซุปเปอร์นะคะ #hotpotbufHot,negative,0
4997,4997,ไอเชี่ย สื่อของต่างประเทศยังออกข่าวมาโครมๆ ตำรวจไทยตบทรัพย์บุหรี่ไฟฟ้า สัส ตำรวจอุบาว์ท,negative,0
4998,4998,ไม่ให้ไม่ว่านะน่าจะเงียบๆไป HRV นี่ HONDA ยังเฉยๆเลย,negative,0
4999,4999,พร้อมแตนบายแล้วเนี้ย #ป๋องดำ#,positive,1
5000,5000,#พาsmootoไปเที่ยว japan 🇯🇵 อยากไปท้า!!!อากาศหนาวเย็นมีหิมะตก #พร้อมเคียงข้างเสมอด้วย เซรั่ม หน้าใส่ 2ตัวนี้ ที่มั่นใจว่า smooto เอาอยู่จริงๆ ไม่ว่าอากาศหนาวเย็น ร้อน แดดแรง รอยสิว ผิวขาดน้ำแค่ไหน smooto เอาอยู่ค่ะ #แล้วจบที่smootoทุกครั้งลงใบหน้า ทั้งเช้าและเย็น 👉จากผู้ใช้จริง เห็นผลจริงค่ะ,positive,1
5001,5001,สรุปคดีเสือดำ ก็จบที่เงียบหรอ,negative,0
5002,5002,เบียร์สิง. เบียร์ช้าง แม่งโคตระรวย,negative,0
5003,5003,ทำผลงานอะใกล้สิ้นปีรู้ๆกันอยุ่,negative,0
5004,5004,"เป็ดอย่าง,mkอร่อยมากไปทุกครังจัต้องสั่ง",positive,1
5005,5005,เท่าที่ได้ฟังผ่านๆหูนะ นิโคติน มีผสมในเหล้าสี นำ้อัดลม ฯลฯ ลูกๆหลานๆตัวเล็กๆ แดรกทุกวันเคย คุณเมิงเคยรู้มั๊ย ห้ามให้หมดเปลือกเลยสิ,negative,0
5006,5006,ผ้าอนามัยยี่ห้อไหนกาวแน่นสุดฟะ หรือที่ไม่แน่นเพราะใช้น้ำยาปรับผ้านุ่ม 🤔,negative,0
5007,5007,ไปสิ 😎,positive,1
5008,5008,รถปิคอัพ ยี่ห้อ Nissan เป็นรถที่มีคุณภาพ รูปทรงสวย สมรรถนะการขับขี่ปลอดภัย ค่ะ,positive,1
5009,5009,ลำคานทวิตโฆษณาการ์นิเย่อะ,negative,0
5010,5010,เอมเคได้น้อยกว่าที่คิด สงสัยต้องเตรียมตัวให้พร้อมกว่านี้แงงงง,negative,0
5011,5011,สุขใดเล่าจะเท่า..เนื้อบางๆติดกระทะ😂,negative,0
5012,5012,งวดหน้าเดี่ยวเจอสายเขียว,positive,1
5013,5013,พาไปหน่อย😉😉😉😉,positive,1
5014,5014,ยี่ห้อนี้แม่งจ้างรีวิวชัวร์,negative,0
5015,5015,พี่อะทำโอตลอดๆๆๆๆๆ คงยังไม่มีโอกาสพาไป,negative,0
5016,5016,กันแดดหน้า mizumi ไม่มีสารเคมี สูตรกันน้ำ แพง 890 แหนะ ต้องรอตอนมีโปร แต่ดีนะ ทาแล้วไม่วอก กันแดดดี คนผิวแพ้ง่ายใช้…,negative,0
5017,5017,ลูกชาย8ชวบสูง140อดสิไม่ได้ลดราคาเลย,negative,0
5018,5018,กุชอบเบียร์ช้างงงงง...😁,positive,1
5019,5019,ใช้งานได้บ้างไม่ได้บ้าง,negative,0
5020,5020,ถ้ามีตังอีกนิด ดูMazda 3ก้ดีนะคะ นิสสันนี่ไม่รู้ว่าจะซ่อมอู่ไหน อะไหล่หายากมั้ย แพงมั้ยด้วยค่ะ,negative,0
5021,5021,ก่อนหน้านั้นกินแสงละกินเบียต่อยังไม่ขนาดนี้ พอแดกเรดเท่านั้นแหละ อีสัส ชีวิต,negative,0
5022,5022,แต่พี่ออยกอนแล้วท้องเสียอะ,negative,0
5023,5023,=+1คะ...ซีคอนบางแคพนังงานน่ายังกะ👣👿,negative,0
5024,5024,ความคิดเรื่องปฏิรูปที่ดินแทบจะเป็นไปไม่ได้เลย เพราะคนถือครองที่ดินมากที่สุดในประเทศนี้คือ สำนักงานทรัพย์สิน,negative,0
5025,5025,ได้มีการฝึกอบรมพนักงานรึป่าว ถึงไม่รุ้ขั้นตอนขนาดนี้ มีแต่เรื่องนะก้อน,negative,0
5026,5026,ค่ะ ขอบคุณค่ะ ช่วงเวลา สองทุ่ม ซื้อ2กล่อง อีกกล่องฝากคนละบ้าน โทรไปถามเค้า เค้าบอกได้น้อยเหมือนกันค่ะ สี่ชิ้นบางๆ แต่เค้ากินไปก่อนเลยไม่ได้ถ่ายรูปเก็บไว้,negative,0
5027,5027,จุดเหมือนของสองสิ่งนี้คือเหนียวผิดที่ อีแผ่นแปะกันรองเท้ากัดคือแปะตีนแต่ติดรองเท้า อีผ้าอนามัยคือแปะกกนแต่ชอบม้วนมาแปะจิ๋ม,negative,0
5028,5028,น่าไปนะ ว่าไงจร้า,positive,1
5029,5029,อยากให้จัดในโรงหนังอีก เอาบัตรแพงๆรวมเบียร์สิงห์ไปเลยครับ,negative,0
5030,5030,"ท่าเล่นแป้งท่านี้ที่ชิสชอบท่าตบแป้งคือดีย์""ป้องกันuv spf32,pa+++ #คนเล่นแป้ง2018 #ท่าเต้นเล่นแป้ง #clearsmoothailinone#maybellinethailand# makeithappen",positive,1
5031,5031,จ้าาาาที่รัก💋💋💋💋,positive,1
5032,5032,ยาริสไม่ได้หรูอะไรเลย ของเราปาเจโร่ป้ายแดงยังโดนสาดโครมๆ ดีที่แถวบ้านไม่มีใครเล่นแป้ง... ป้านี่ก็แปลก โดนน้ำทำเป็นโวยวาย ฝนตกทีไม่โวยวายฟ้าฝนหรอ งงใจ,negative,0
5033,5033,เครื่องสำอางที่คิดว่ากากด๋อยสุดที่ใช้อยู่ในตอนนี้ก็ OLAY อ่ะ พวกโนเนมหรือเพิ่งเกิดให่อะไรแบบนี้ไม่กล้าใช้ ไม่ชอบมาล…,negative,0
5034,5034,ต้องฆ่าหันศพ คับ ตำรวจเค้าจะจับแบบ ถนอมเนื้อถนอมตัว ผู้ต้องหา,negative,0
5035,5035,อยากกินๆๆ,positive,1
5036,5036,เดือนไหนแจกปฤิทิน จะไปกิน,positive,1
5037,5037,ขแมรอำเปอเมืองสะเร็นบาด..😂😂😂,positive,1
5038,5038,สาขาบิ๊กซีติวานนท์​ บริการแย่มากพนักงานไม่สนใจเลยเรียกขอกะหล่ำ3คนกว่าจะได้มัวแต่ไปยืนคุยกับเพื่อนหน้าร้าน​ พนักงานคนแรกขอเสร็จตอบค๊าแล้วเดินหายไปคนที่2ขอกะหล่ำเอาถ้วยไปแล้วหายไปเลยต้องขอคนที่3ถึงได้,negative,0
5039,5039,อ่านแล้ว สรุปไม่ต่างจากบัตร Rabbit + ATM Bangkok Bank เลยครับ คือเอาสองอย่างมารวมกันในบัตรเดียว แต่ในบัตรนี้ไม่มีการเชื่อมระบบเข้าหากันแต่อย่างใดแม้แต่น้อยเดียว เติมเงินออนไลน์ไม่ได้ แค่เอาชิปสองแบบมายัดบนพลาสติกแผ่นเดียวกัน,negative,0
5040,5040,อีเหี้ย ไฟ HRV สว่างโคตรบ้านพ่อบ้านแม่ แถมมี brake hold อีก ทำไมดีอย่างงี้ อยากเปลี่ยนมาขับคันนี้แล้ว เอา city น้องไปเก็บที,negative,0
5041,5041,พร้อม!!! นอนเก็บแรงรอกิน,positive,1
5042,5042,บาร์บีคิวพลาซ่าแจงผลแล็บ! วัวไม่มีพยาธิ แต่ขาวที่เห็นไม่ใช่พยาธิ แค่การอักเสบในเนื้อวัว,negative,0
5043,5043,แฟนเลิกบุหรี่ได้ก็เพราะบุหรี่ไฟฟ้านี่ละ แถมตอนนี้เลิกทั้งคู่เลย,positive,1
5044,5044,รักก้อนนร้า ก้อนน่ารัก 😙😙😙,positive,1
5045,5045,ไม่ได้หลงทางหลงเงินซีพีกับเบียร์ช้างเพราะที่ดิน 90% เป็นของเจ้าสัวสองคนนี้ใครรู้กันทั่ว ถามชาวบ้านแถบนั้นจะเข้าใจว่าใช้ ม.44:แล้วเจ้าสัวกำไรมหาศาลขนาดไหนคิดเอานะคงเข้าใจไอ้พวกสลิมหน้าโง่ทั้งหลาย,negative,0
5046,5046,ฝากร้านนนนน O-PA’ อร่อยทุกอย่างเลยน้าาาาา ใครมาหนองคายไปตำเด้ออ 📍พิกัด : ซอยข้างสกุลคูเจริญ ตรงข้ามปั๊มเอสโซ่ ร้านสีเหลืองๆ,positive,1
5047,5047,เลียนแบบนิสสันจุ๊ก...ไม่สวยอะใครออกแบบ,negative,0
5048,5048,จัดเล้ยย,positive,1
5049,5049,วันนี้ปะๆๆ,positive,1
5050,5050,กูรนักเลงพอ ตั้งโอ๋ยากกิน😂😂😂,positive,1
5051,5051,เมื่อก่อนชอบไปกินนะ ตอนหลังๆไม่ค่อยไปและ วันไหนคนเยอะๆ ของไม่ค่อยเติม ไอ้นั่นหมด ไอ้นี่ไม่มี เบื่อ เบื่อ ไม่เชื่อให้ผู้จัดการแต่ละสาขาทั่วไปลองไปเป็นลูกค้าดิ สับเปลี่ยนกันไป โดยไม่มีการบอก จะเห็นความบกพร่องเลย ชัดเจน,negative,0
5052,5052,บุฟเฟต์เบียร์ เป็นเบียร์ช้าง กับ เฟรดดอย์บรอย ครับ,positive,1
5053,5053,สู้ครับๆ,positive,1
5054,5054,Singha is the best beer,positive,1
5055,5055,"ประเด็นที่คนไม่พอใจ รวมถึงเราด้วยคือ ก้อนเเถลงการ์ณภาษาอังกฤษกระจ่างค่ะ เเต่เเปลภาษาไทยมา""เเบบจงใจเเปลไม่ตรง บิดเบือนเนื้อหา"" นั่นเเหระค่ะ",negative,0
5056,5056,ย้ายมาใช้ too cool for school ที่เคยซื้อไว้เพราะแพคเกจจิ้ง 😂 เป็นคูชั่นบีบีแบบเนื้อหนากว่าปกติหน่อย หน้าโอคขึ้น แต่ใช้แล้วตกร่อง หน้ามันง่าย,negative,0
5057,5057,แฮปปี้มิลมินเนี่ยนชุดใหม่ 55555 โคโค้ก็ได้ 5555,positive,1
5058,5058,🎉#No4🎉 ทั้งถูก ทั้งดี ก็ซองนี้ นี้เอง ที่เราใช้อยู่ KA UV babyface SPF 42 PA+++ ครีมกันแดดหน้าเนียน ใช้แล้วไม่เป็นสิวอุดตัน ไม่เกิดสิว ไม่มีแอลกอฮอล์ ใช้แล้วทำให้หน้าเด็กลง แดดจะร้อนแค่ไหน กันแดด KA ก็เอาอยู่จร้า แท็กเพื่อน 5 คน👇 #KAx7Eleven #KAUVBabyFace,positive,1
5059,5059,ได้แป้ง Shiseido Baby Powder มา ... เห็นรีวิวละก็ดูเสียงแตก ดีบ้างไม่ดีบ้าง แต่เด็จแม่ชอบ น้องสาวชอบ นี่นางไปญี่ปุ่…,negative,0
5060,5060,สุดยอดเลยครับ Nissan พัฒนาเทคโนโลยีอัจฉริยะ มาอยู่เรื่อยๆเลยชอบครับ,positive,1
5061,5061,🛁🛁#ล้างหน้าอย่างเดียวไม่พอนะ!!! ในแต่ละวัน หน้าต้องเจออะไรมากมาย ทั้งแต่งหน้า ฝุ่นควันต่างๆ.🚿 ล้างอย่างเดียวอาจเป็นที่สะสมของแบคทีเรียได้ ✅✅#มาร์ค& #สครับหน้าใสไข่มุกอโรเวร่า. Byศริญญา หน้าใสสะอาดนุ่มขึ้นตั้งแต่ครั้งแรกที่ใช้คะ💕 คนท้องก็ใช้ได้น่ะค่ะ...#ปลอดภัยแน่นอน💯💯💯,negative,0
5062,5062,Lip matte stick ของ nyx นี่ทำปากแห้งเหมือนกันนะ,negative,0
5063,5063,ลูกอยากกิน🤣👼🏻👼🏻👼🏻,positive,1
5064,5064,Fcนาวาร่า,positive,1
5065,5065,?? เอาไหม . . เอาไปทำไรฟ่ะ 555555555,negative,0
5066,5066,ไม่เนียน คือมึงจะพูดเรื่องโฆษณา #เจ้าหญิงซูซานน่า วิจารณ์แล้วทำมึน บอกให้ไปดู คนเขาก็ดูออกว่ามึงรับโฆษณามาจาก #Netflix อีกทีนึง,negative,0
5067,5067,ผมเลิกดูดบุหรี่ได้เพราะบุหรี่ไฟฟ้า ดูดมา10ปี ครับ,positive,1
5068,5068,งานโคฟของ show dc นี่วงลงเยอะมากเลยนะ แล้วก็เทหลายวงเหมือนกัน แบบรู้สึกว่างานนี้คือหลายๆอย่างไม่ค่อยโอเคเลยอ่ะ,negative,0
5069,5069,แต่ไม่อยากได้ nyx อ่ะ อยากได้ huda เห้อ555555555 หัวสูงแต่จน,negative,0
5070,5070,เคี้ยวไม่ไหว,negative,0
5071,5071,แม่งเอ้ย ขอนแก่นไม่มี,negative,0
5072,5072,285 อาชา ลีโอ จัดชุดโตงานนี้เฮาจ่าย มาจองเดี๋ยวเลี้ยงเหล้า!! #ยืมเมจ #ยืมเมจforsex #ยืมเมจforhost #โฮสต์img #หน้ากากโฮสต์,negative,0
5073,5073,ไปให้ร้านเปลี่ยนลวดสำลีให้โดดไป100ลวดก้ลวดผม เห้อแพงจัง,negative,0
5074,5074,ฮัลโหลมา “หน้าปิ๊ง ตัวเป๊ะ” ตอนไปดู #Sotusthememoriesliveonstage กันเถอะเจ้าค่ะ ผลิตภัณฑ์ดีๆจาก #Twelveplus ยิ่งใช้ตัวยิ่งหอม✨ ยิ่งทาหน้ายิ่งเป๊ะ✨ กับ #CCPINKAURA แป้งน้ำหอม CC สีชมพู ทาแล้วผิวออร่ากระจ่างใส🌸🌸🌸ใช้แล้วมันดีจริง ไม่มโนเจ้าค่ะ ทเวลพลัสใจดีแจกทั้งที ต้องเต็มที่ค่ะคุณ อย่าลืมไปตำนะจ๊ะขวดที่ถืออยู่ในมือหอมจริง ติดทนนานชัวร์ หน้าเป๊ะตัวหอมแล้วไปดูsotus the memories กัน เฮ้ 💕💕💕💕,positive,1
5075,5075,จัดไปสุพจน์หาพวกแปป,positive,1
5076,5076,ทำอย่างไรให้สดชื่นตลอด 24 ชม. #เรื่องสุขภาพมั่นใจให้เราดูแล #โรงพยาบาลกรุงเทพราชสีมา,positive,1
5077,5077,หลังๆน้องรุสึกว่าคุณภาพของเอมเคห่วยมากอ้ะพี่ มาตรฐานตกไปเยอะ รวมถึงเป็ดด้วย,negative,0
5078,5078,เสียชื่อฟอร์จูนเนอร์หมด รถไม่มีเซนเซอร์หลัง รุ่นไหนอ่ะ,negative,0
5079,5079,ดีตรงไหนว่ะ..แมงซื่อมาวิ่งได้1723กิโลซิลหน้าเกียร์แตกน้ำมันไหลอาบท้องรถเลย..เข้าเกียร์แต่ละทียังกะรถใช้มาเป็นแสนกิโลเข้าเกียร์ทีกะแทรกดังตั้งๆ...รถขี้กาก...เข้าเกียร์ทีย้ำครัชจนขาบวมกูคืนได้เอาไปคืนแมงแล้วถ้ามีปัญหาอีกขับไปจอดหน้าโชว์รูมเผาโชว์แมงเลยดีมั้ย..ป้ายรถยังป้ายแดงอยู่เลย...รุ้แบบนี้กูไปเอาD-MAX ดีกว่าเยอะ..รถมึงเป็นรถมือสองกูไม่ว่าเลยนี่อะไรบอกรถใหม่..หัว...ยเถอะมึง..,negative,0
5080,5080,เป็นเนื้อที่บางที่สุดและมันที่สุด เท่าที่เรากินมาเลย บางทีก็บางเกินไปนะ #บาร์บิก้อน #BBQPlaza,negative,0
5081,5081,ขวดสวยๆๆ,positive,1
5082,5082,จัดๆอยากๆ,positive,1
5083,5083,ปะ,positive,1
5084,5084,ไปๆๆ 🤤,positive,1
5085,5085,ว้าวว!!! - Mazda 2 - Toyota Altis 🤩🤩🤩,positive,1
5086,5086,วันเกิด //ให้เบ็ญเลี้ยง,positive,1
5087,5087,บรีฟงานกลางดึก ขอไม่รับนะคะ #โตแล้วเลือกเองได้,negative,0
5088,5088,ต่อไปกูจะพก ยาบ้า แทนบุหรี่ไฟฟ้า,negative,0
5089,5089,ตัเงแต่แดกอี smirnoff เมื่อคืนนี่แบบ ยังปวดท้องไม่หายจนตอนนี้ 😭😭,negative,0
5090,5090,นิสสัน นาวารา กระบะ สวย แกร่งมีฟังชั่นให้เล่นเยอะมาก,positive,1
5091,5091,คิวเอมเคนานมากอีห่า กุหิว,negative,0
5092,5092,นั่นนะซิ...หาฤกษ์ยามก่อน 555,positive,1
5093,5093,เอารถตลาดไปรับส่งคนหรือส่งของครับ แล้วเอาเงินจากธุรกิจไปซื้อกระบะฟอร์ดขับ อิอิ,positive,1
5094,5094,เบื่อจุง 😑 #chang sensory trails 🐘 #guard 👨,negative,0
5095,5095,ขอบคุณมาก ๆ เลยนะคะ ^^,positive,1
5096,5096,Mazda ฟ้องลูกค้า CX-5 กว่า 95 ล้านบาท! ลูกค้า Mazda2 ถูกฟ้องบ้าง เรียกค่าเสียหาย 84 ล้านบาท คืออะไรครับอธิบายหน่อย ซ่อมให้ลูกค้าไม่ได้ก็ฟ้องลูกค้าแบบนี้หรือ ใครจะกล้าซื้อรถค่ายนี้ล่ะครับ,negative,0
5097,5097,วุ้นเส้นเกาหลี ที่สุดของความเกา เคี้ยวหนึบๆ แอดนี่ชอบมากๆ Cr. สนุกเต็มที่ อร่อยเต็มอิ่ม กับคุณ,positive,1
5098,5098,จัดป่ะสี29 นี้,positive,1
5099,5099,เป็นได้ด้วยเหรอ.. ต้องศึกษาข้อมูลเพิ่มแล้ว เพลียไปอีก... นึกว่าจะเจอวิธีแก้แล้ว พอดีเราแพ้ผ้าอนามัยอ่ะ นึกว่าใช้แบบนี้แล้วจะสบาย,negative,0
5100,5100,เชี่ย เบียร์ช้างสองแก้วทำกุมึน สาสสสส,negative,0
5101,5101,วันที่อยากแดกเอ็มเคก็เสือกไม่เอาบัตรมาวันที่ไม่อยากแดกนะก็เอาติดกระเป๋าจัง โว๊ยยยยยยยยย,negative,0
5102,5102,"- เรือดำน้ำ 2,600 ตัน - รถถัง 52ตัน × 14คัน = 728 ตัน - ข้าวเหนียวมะม่วงเหลือทิ้ง 4.5ตัน #หนักแผ่นดิน",negative,0
5103,5103,ผมรู้สึกชื่นชอบใน honda crv เพราะก่อนหน้านี้ ได้ซื้อ honda crv เครื่องยนต์ระบบเบนซินมาใช้ รู้สึกได้ถึงความประหยัดและความนุ่มนวล สมรรถนะของรถ ทันทีที่ได้เห็นระบบเครื่องยนต์ดีเซลในรูปโฉมใหม่ของฮอนด้าก็ไม่ลังเลที่จะตัดสินใจซื้อ และได้ซื้อมาใช้งานจริงแล้ว รู้สึกถึงความประหยัดและนุ่มนวลเหมือนตัวแรกเป็นสิ่งที่ผมประทับใจมากครับ เรื่องเทคโนโลยี มุมมองการขับและวิสัยทัศน์ดีมากสะดวกสบาย ติดใจและได้แนะนำกับญาติพี่น้องและเพื่อนๆต่อไปอีกครับและในไม่ช้าเพื่อนก็ตัดสินใจจองด้วย # Thefuturelswhatwecreate,positive,1
5104,5104,สุดคับป๋าา สู้ๆๆ,positive,1
5105,5105,น่าลองเนอะๆๆๆ,positive,1
5106,5106,ตอนนั้นอีทูดี้ลดราคา คือกูไม่ได้อยากได้อะไรแต่เห็นมันลดก็ดันซื้อมา สุดท้ายก็ไม่ชอบสีอีก โคตรเปลือง,negative,0
5107,5107,มียี่ห้อหรือบริษัทที่คุณแบนไม่สนับสนุนหรือไม่ ทำไมถึงแบน — clinique เพราะบีเอหน้าหี,negative,0
5108,5108,เปิดแล้วจ้า,positive,1
5109,5109,อยากๆ,positive,1
5110,5110,อยากไปกินอีก 5555,positive,1
5111,5111,ลืมว่าเอ็มเค เซ็ตต้มยำชีสหมดเขตวันนี้ T___T อดกินเลย,negative,0
5112,5112,เมื่อไหร่อิรูปเนื้อบาบีก้อนนั่นจะหมดไปจากไทม์ไลน์กุซักทีวะ,negative,0
5113,5113,จิงๆใช้โฮลิก้า ทาหลายๆรอบ เค้าใช่เพริแล้วแพ้ ปากแหกเรย,negative,0
5114,5114,กรุให้มึงเลียง,positive,1
5115,5115,วันไหนดี อือิ,positive,1
5116,5116,ราคาไม่แพงคุ้มกับเงินที่จ่าย,positive,1
5117,5117,นี่กุยังวนเวียนกับสุกี้ คือวันนี้ต้องกินเอมเคให้ได้ กินคนเดียวไปเรย แฟนไม่อินวัฒนธรรมฮอตพอต มันบอกว่าประเทศมึงมีหน้าหนาวที่ร้อนจะแย่เสือกแดกของร้อนๆ,negative,0
5118,5118,เบียร์ช้างขายขวดละ 115 บาท คืออะไร,negative,0
5119,5119,แดกกัน,positive,1
5120,5120,ราคาแรงไป ตั้งใจแพงมากไปนะ อย่างนี้เขาเรียกว่าปลาเน่าตัวเดียวเหม็นทั้งกะชัง. ใครๆก็ไม่อยากกินแล้วแบบนี้เบียร์ช้าง 120. เยสเข้,negative,0
5121,5121,อยากได้ๆฮอนด้าซีวิค,positive,1
5122,5122,วันไหนดี😄😄😄,positive,1
5123,5123,ไรวะ ทวิตไม่จบเลย จะทวิตว่า กินฟูลมูนขวดเดียว มึนหัวชิบ!! รู้สึกจะอ้วก โหวงเหวง อีบ้า คออ่อนในจุดที่ ขวดเดียวก็จะลงไปกองที่พื้น,negative,0
5124,5124,สงสารบาบิก้อนนะเหมือนยิ่งแก้ยิ่งแย่อะ แต่การการทำเขาเหมือนคิดว่าลูกค้าโง่อะ เอาใบแลปมาแล้วเขียนภาษาไทยตัวแดงๆโตๆว่าไม่มีพยาธิ คิดว่าลูกค้าจะไม่อ่านข้างหลังหรอครับ..,negative,0
5125,5125,บูธนิสสัน ครับ ห่านนน อัลเมร่า ออกมาตั้งกี่กี่แล้ว นาว่าร่าอีก ยังๆๆ ยังไม่จบ ซิลฟี่โฉมนี้ เมื่อไหร่เมิงจะเปลี่ยน…,negative,0
5126,5126,เส้นใสๆ กรุบกรอบมากๆ,positive,1
5127,5127,เอาว้อดก้ากลับมาขายด้วยได้ไหม blend285 แดกไม่มีความอร่อยเลย,negative,0
5128,5128,หนีพยาธิในหมูบาบีก้อนจากแอคโน้น มาเจอแอคนี้อีก อีเวร กูจะเลิกแดกหมูแล้วนะคะ 🤮🤮🤮,negative,0
5129,5129,แพ้ผ้าอนามัยอะทำไงดี😭 — เปลี่ยนยี่ห้อที่ใช้,negative,0
5130,5130,เสาร์นี้เลยรอรับเงินวันศุกร์ก่อน,positive,1
5131,5131,ไม่อยากใช้ทรูมูฟแล้วค่ะเน็ตช้ายิ่งกว่าต่า🐢🐢🐢🐢🐢🐢🐢,negative,0
5132,5132,สิ้นเดือน,positive,1
5133,5133,แง อยากเจอแท็กซี่คันนี้,positive,1
5134,5134,ไปจัดค่า,positive,1
5135,5135,โต๋ & แต้วพรีเซนเตอร์คนสวยของผ้าอนามัย Elis : เอลิส น่ารักเว่อร์💕 #ElisThailand,positive,1
5136,5136,โตโยต้าชวงร่างไม่ค่อยดีคับ,negative,0
5137,5137,ไหนบอกอยากกินย่างเกา,positive,1
5138,5138,ศุกร์ไหม,positive,1
5139,5139,อยากกินงะ,positive,1
5140,5140,ไปนั่งลานเบียร์ไฮเนเก้นตรง ctw มา ไม่หนุกเลย อยากเต้นๆๆๆๆๆๆๆ ได้แต่โยกไปมาในเก่าอี้,negative,0
5141,5141,ได้หมดถ้าสดชื่น...555,positive,1
5142,5142,ให้แม่งผิดทั้งคู่ไปเถอะ เชี่ยเหม็นชิบหาย สูบแล้วก็ชอบโชว์พ่นควันอัดใส่หน้าคนอื่น แม่งแบ่งปันควันเหม็นๆมาให้กุทั้งสองแหละ คนไม่สูบได้ประโยชน์อะไรวะถามหน่อย ที่เถียงๆกันเนี่ย...,negative,0
5143,5143,เครถ้าไม่กล้บบ้านน๋า,positive,1
5144,5144,เดอะมอลล์ท่าพระค่ะ,negative,0
5145,5145,ผ่อนถูกจริงๆครับงวดแรก2000กว่าบาทต่อไป694วีออส2011ครับคุ่มครองเลยครับดีจรองรู้ใจ,positive,1
5146,5146,วันก่อนกินที่เซนทรัลระยองไก่ก็ออกกลิานรุนแรง,negative,0
5147,5147,ชอบ civic ขับสบาย เดินทางไกล ปลอดภ้ย เมื่อเกิดอุบัติเหตุ honda ก็ดูแล ทั้งเราทั้งรถ,positive,1
5148,5148,เบื่อเธอมากพอกับการกินเอ็มเคทุกอาทิตย์เลย,negative,0
5149,5149,ดีคับพี่ๆ,positive,1
5150,5150,อยากกินเป็ดย่าง MK คือ เมืองนี้ไม่มี บะหมี่เป็ดย่าง แล้วกุจะหาที่ไหนกิน สรุปกุต้องทำเอง?! เดียวจับเป็ดในมหาลัยทำแม่งเลย อยากกินนนนนนน,negative,0
5151,5151,ไก่เค้าสดจริงค่ะ สดจริงๆ 😡😡😡,negative,0
5152,5152,หิววะ,positive,1
5153,5153,ดีนะกูแดกเอ็มเคมาแล้วอิเหี้ยตอนนี้ปวดฟันสัดหมอทำไรรร!!,negative,0
5154,5154,อยากกินแสงโสมแท้คือสิเมาดี,positive,1
5155,5155,งานด่วน Event: Lancome วันที่ 3 พค 2561 เวลา 18.00 น. สถานที่ Eveandboy SQ1,positive,1
5156,5156,"ไอจีน้องซึง ""ดื่มกับพวกฮยองที่ผมคิดถึง"" 55+ เอ็นดู",positive,1
5157,5157,CX3 แพงไป ... ถ้าราคาถูกกว่านี้น่าจะได้อันดับ 2 ... รถสวยก็จริงแต่แคบและใช้แดชบอร์ดมาสด้า2(ด้านนอกดูแพง ด้านใน look cheap),negative,0
5158,5158,เสียใจจังเลยค่ะ แต่ถ้าเปลี่ยนใจเมื่อไหร่อย่าลืมอินนีสฟรีนะคะ😊🙏🏻,negative,0
5159,5159,15. มูมิน 16. ไม่ 17. เคยดื่มสปาย แล้วเหมือนกำลังจะตาย คือเมา แต่นอนไม่หลับ แล้วก็ผื่นขึ้น,negative,0
5160,5160,"ตัวนี้ที่ญี่ปุ่นขายประมาณ 4,000 บาทครับ เหมือนกับจะใช้อัลตราโซนิคทำให้ใบยามีนิโครติน",negative,0
5161,5161,อู้วววววววว ดีกับใจอะไรเบอร์นี้ ขอบคุณมาก ๆ เลยนะคะ เลิฟอ้ะ ^^,positive,1
5162,5162,คนไทยบางกลุ่มจะประมานนั่นแหละ ซิตี้วิออส รถห้าหกแสน ซิวิคอัลติส รถเจ็ดแปดแสน คัมรี่แอคคอด รถล้านกว่า เบนซ์บีเอ็ม รถสองสามล้าน กระบะทุกรุ่น รถหกเจ็ดแสน ถ้ามีอันใหนแพงมากกว่าขอบเขตที่บันทึกในสมองแมร่งแพงทุกรุ่น,negative,0
5163,5163,ช่วงนี้อินสีชมพู Sparkling peach ตอบโจทย์ รสชาติน่ารักกว่าสปาย หาซื้อง่ายที่เซเว่น ราคาไม่แพงด้วยยยย 🍑 #รีวิวขี้เมา,negative,0
5164,5164,อร่อยค่ะ ชอบๆๆๆ,positive,1
5165,5165,กะเพราหรือกะเพราะ,positive,1
5166,5166,น่ากิน มันจะยืดแบบนั้นป่ะ,positive,1
5167,5167,"ชุดนี้เลย ""เบริ์ดเดย์เฮฮา"" ไม่ว่าจะวันเกิดตัวเอง พ่อแม่ พี่น้อง เพื่อนฝูง ก็ชวนไปทำบัตรสมาชิก สั่งชุดวันเกิด อร่อย คุ้ม มีของให้ทานเยอะมาก แถมมีของขวัญเล็กๆน้อยๆ ให้อีก วันเกิดทีไร ต้องพากันไปฉลองที่บาร์บีคิวพลาซ่าทุกที",positive,1
5168,5168,ล่ะผ้าอนามัยลอรีเอะอันใหม่นี่แพงอะไรอะ 16ชิ้น 60บาท น้ำตาจิไหล,negative,0
5169,5169,ชมกันจัง สัด..คนไทยเก่งไม่แพ้ชาติใดในโลก แต่ทีเรื่องแบบนี้เสีกโง่..555กูก็งง คือไม่เข้าใจจะปิดหูปิดตา ปชช.กันไปถึงไหน ยุคสมัยนี้ผู้คนเค้าค้นหาความรู้ในเน็ตในมือถือ หมดแล้วยุคสมัยเป่าหู ปชช.ให้เชื่อนั่นเชื่อนี่ ยังหลงคิดกันอยู่ว่าคนอื่นจะโง่แบบตน ควายจริง #รัฐบาล #นักวิชาการหัวกะดอ ...5555 มือกูลั่น...สาด,negative,0
5170,5170,Noๆ,negative,0
5171,5171,ค่ดน่ากิน,positive,1
5172,5172,ดีแม็คจิงๆ!!ของเค้าดีจิงๆ,positive,1
5173,5173,คล้ายสปาย ให้พวกหัดใหม่กิน,negative,0
5174,5174,น่ากินเนาะ 5555,positive,1
5175,5175,โอ้ย อยากกก,positive,1
5176,5176,แบบนี้มันไม่ถือว่าโกงหรอคะ “ ถ้าอยากให้มีบัตรประชารัฐ ให้เลือกพรรคพลังประชารัฐนะคะ” พูดออกมาได้เฮงซวย!! คนเฒ่าคนแก่เค้าต้องกาแล้วปะ #เลื่อนแม่มึงสิ #เลือกตั้ง,negative,0
5177,5177,ข้างในใจฉันเหน็บ หนาว เงียบ เหงา วันเวลาเก่าๆที่ฉันเคยมีเธอ ความ เหงา กับความ หนาว เป็นอะไรที่ช่างปวดร้าวเมื่อต้องเจอ จะผ่านให้พ้นคืนหนึ่งก็เป็นเรื่องยากเย็นเสมอ ยิ่งคนที่ใจเคว้งคว้าง ยิ่งไม่มีทางจะผ่านได้เลย อยากไปเพราะจะได้พักผ่อนพาใจไปฟังเพลงเพราะๆที่งานOvercoat Music Festival 8 อยากไปดูทุกวงเลยค่ะ มีแต่วงดี เพลงดี อากาศเย็นสบายต้องบวกกับ เบียร์ช้าง โหยยยยยทมันฟินนะคะ อยากได้มากกกกกก 😝🍻✨,positive,1
5178,5178,กุว่าแดกไดโดม่อนดีกว่ามะ,negative,0
5179,5179,พานาคอตต้าน้อยมากไปถามบอกเสริฟไม่มาวางตู้ล่ะ,negative,0
5180,5180,ช่วงนี้จะกร๊อบๆกรอบๆ,positive,1
5181,5181,หล๋วยยยยยย ของมันต้องมีจิงๆ Roller-Pearl blooming bouquet ปกติใช้ dior ไม่ติดเลยฮะ (ฉีดน้ำหอมของdiorไม่เคยติด) เลยซื้ออันนี้มากลิ้งๆ ติดทนมาก พกง่ายด้วย 9/10เลยงับ 💘🌸✨ #ของดีบอกต่อ #ของมันต้องมี #ไว้รีวิวห้ามขายของของโว้ยย #รีวิวคสอ #dior #diormakeup,positive,1
5182,5182,จะฝึกกินเบียร์แร้ววว ไวน์รึสปายฟูลมูนหลบไปป!!!,negative,0
5183,5183,เร็วๆนี้ค่ะ,positive,1
5184,5184,ครูขา,positive,1
5185,5185,พี่ๆทีมงานสู้ๆครับ,positive,1
5186,5186,เด่วเอาไปมอมอิเตี้ย 555,positive,1
5187,5187,คงฮาแบบดาร์คๆถ้าบาร์บีก้อนแถลงแจกยาถ่ายพยาธิ,negative,0
5188,5188,รายปีถูกแน่นอน รีโว่ยังต้องจ่ายแพงกว่า,negative,0
5189,5189,จัดค่าาาา,positive,1
5190,5190,เอ็มเคทำ joox กูค้าง 2 รอบแล้ว,negative,0
5191,5191,โชคชัยขอลงชื่อครับ,positive,1
5192,5192,ของแบบนี้ มองกันที่ส่วนผสมค่ะ ไม่ใช่ยี่ห้อ ส่วนตัวไม่เคยใช้ยี่ห้อนี้ แต่skiiหรือsulwhasooสำหรับเรา ส่วนผสมไม่ตอบโจทย์ เซรั่มโอเลย์บางตัวส่วนผสมน่าสนใจกว่าด้วยซ้ำค่ะ,negative,0
5193,5193,แต่รีวิวก็เชื่อไม่ได้ร้อยเปอร์หรอกต้องลองเอง นี่แพ้อินนิสฟรีเซ็ตชาเขียวทั้งตระกูลไม่ใช่แต่ตัวเซรั่ม ขนาดแบรนด์เคลม…,negative,0
5194,5194,บรัช 4u2 มันดูกระจุกๆอะพพอเอาไปใช้ที่แก้ม เกลี่ยยากเว่อ หรือแปรงนี่ไม่ดีเอง,negative,0
5195,5195,ซื้อรถ ford ranger ขับมา9เดือนตอนนี้ยังไม่ได้ป้ายขาว ของแถมก็ยังไม่ได้ จนตอนนี้ล้ออะไหล่โดนขโมยไปแล้ว ประกันไม่รู้ว่าซื้อให้หรือยัง มาถามที่ศูนย์เซลก็ลาออกไปแล้ว แล้วเอาเงินไปไม่ได้ดำเนินการอะไรให้ แบบนี้ใครรับผิดชอบคะ มาดามครับช่วยทีครับ สิวเล็กๆอุดตันแบบนี้เต็มหน้าเลย เรตินเอก็เอาไม่อยู่ ูเซอรินเอแอลจะหมดหลอดแล้วยังช่วยอะไรไม่ได้เลยอะครับ ผมควรใช้ตัวไหนดีครับ ล้างหน้าด้วย ฮิมารายา ใช้คลีนซิ่งของบีเฟสต้า และก็ยูเซอริน เอแอลยุครับ,negative,0
5196,5196,สำหรับงานวันนี้ 5555555555555555 ดื่มหรืออาบครับโทษที ขัดใจที่ตรงออฟฟิศนี่ดื่มสิงห์ .... //meดื่มไฮนิเก้น,negative,0
5197,5197,กฎหมายคนในกะลา,negative,0
5198,5198,เป็นแบรนด์เครื่องสำอางค์ที่แพง 5555 เอาราคาคิ้วเพรส มิสทีน อะไรแบบนี้ไม่ได้เหลอ😂😂😂😂😂,negative,0
5199,5199,พน.มั้ย,positive,1
5200,5200,เปลี่ยนไหมละ,positive,1
5201,5201,เข้าใจละว่าทำไมถึงมีสูตรกระป๋องดำๆ ที่ไม่อร่อย,negative,0
5202,5202,เดวน้องออมกลับบ้านก่อนนะนุ้งยิ้ม,positive,1
5203,5203,555 แดกเบียร์หรอ วันนั้นว้อดก้านะ absolute,positive,1
5204,5204,"มากินเนื้อกันเถอะ เนื้อ ""แว่นสะโพก"" รู้จักกันป่ะ อร่อยมากเป็นส่วนเล็กๆ ที่แปะอยู่กับสะโพก มี 2 ชิ้นต่อตัว เนื้อนุ่ม ไขมันแทรก เอาลงกระทะไม่ต้องใส่เนย เดี๋ยวไขมันจะละลายออกมาเอง โรยเกลือ โรยพริกไทย จะจิ้มน้ำจิ้มแจ่วด้วยก็ได้ อร่อยที่สุด😉 อยากอวด เนื้ออร่อย เนื้อ KU Beef นะจ๊ะ😁",positive,1
5205,5205,คนนี้เลยค่ะ Momay Melover ช่วงมีวันนั้นของเดือนนอนไม่หลับกระสับกระส่าย กลัวว่าจะรั่วซึมเลอะเทอะที่นอน กว่าจะผ่านวันนั้นของเดือนเสียเวลานอน มาก ลอรีเอะ ซอฟท์แอนด์เซฟ เอ็กซ์ตร้าโพเทคชั่น แอนตี้แบคทีเรีย ชอบได้มากสงบไปเยอะ ได้นอนยาวๆ เลยไม่รบกวนคนนอนด้วยกันค่ะ ดีต่อใจจริงๆ ค่ะ,positive,1
5206,5206,ไปกินกันฉลองวันเกิดย้อนหลังกัน,positive,1
5207,5207,ขอแค่ชีสมาเต็มแผ่นเหมือนเมื่อก่อนก็พอคับตอนนี้มีใส่ชีสมาให้แค่ครึ่งแผ่นเองคับ นั่งกินที่ร้านเต็มแผ่นสั่งกลับบ้านมีแค่คึ่งแผ่นคับ,negative,0
5208,5208,ก็เห็นออยชอบกินหนังนิ,positive,1
5209,5209,NISSAN GTR R34 !! * คนไทยแต่งรถไม่แพ้ชาติใดในโลก,positive,1
5210,5210,ชาชีสของเอ็มเคก็ไม่รอดเหมือนกัน ชีวปลอมมาก55555ดีหน่อยที่ชาเย็นไม่หวาน ร้านที่สยามดิสนี่อร่อยสุด สมราคาแล้วเมื่อเทียบกับของก๊อบ 😅,negative,0
5211,5211,ยังไม่เข็ด อีกหรา,negative,0
5212,5212,แอดนี่ตาลายไปหมดเลย นู่นก็ใช่นี่ก็ใช่ แต่เอ๊ะ กลับมามองอีกทีไม่เจอซะแล้ว TT,positive,1
5213,5213,ไปปบบไปกินแค่ชาไทะได้มะ5555,positive,1
5214,5214,เมื่อวันศุกร์ไปกินที่สาขาบิ๊กซีมหาชัย คิดตังค์มาไม่ใช่ราคา 299.- เป็นราคาปกติ,negative,0
5215,5215,บาร์คิว พลาซ่า 😢,negative,0
5216,5216,สักวันมะ,positive,1
5217,5217,ถ้าวีโก้น่ะแรงครับ แต่ถ้าดีแม็กแรงโม้ครับ,negative,0
5218,5218,กินได้หมดยกเว้นสิงห์ พ่อเพื่อนทำงานสิงห์มันก็โฆษณาให้องค์กรพ่อมันสุด ขอเป็นเบียร์ละกันนะเพิ่น น้ำไม่เป็นจะดื่มเรย,negative,0
5219,5219,ดูดิตัวเองมีโปรด้วย หงษ์ทอง โซดาซ่า,positive,1
5220,5220,"นี่มันการเมืองระดับประเทศนะคุณ คุณคิดว่าเล่นขายของอยู่หรอ จากใจ #dek62 อย่างกู การสอบครั้งนี้สำคัญมากนะอิเหี้ย รร.กูก็ต้องเลื่อนสอบให้เร็วขึ้น มึงอย่าสนแค่พวกมึงสิ สน ปชช.ด้วย ""ไม่เคยกำหนดวันเลือกตั้ง""เฮงซวยมากอีสัส ตอนเลื่อนสอบมึงไม่ได้พูดอย่างงี้!! อีควาย!! #เลื่อนแม่มึงสิ",negative,0
5221,5221,อากาศร้อนๆsofy cooling fresh ดีเว่อร์ น้องเย็น น้องหอม,positive,1
5222,5222,กินสิงห์ไม่ได้ จะอ้วกตลอด,negative,0
5223,5223,17.16.แพ้แอลกฮอร์ ปีใหม่ปีที่แล้วดื่มฟูลมูนไปขวด แก้มแดงจัดเลย ตัวแดงทั้งตัว ตอนแรกก็ไม่คิดอะไรจนมารู้ทีหลังว่าแพ้แอลกฮอร์ ทุกวันนี้เลยไม่ดื่มเยอะ จิบๆเอา เลยไม่รู้ว่าจริงๆตัวเองคออ่อนมั้ย แต่คงจะอ่อนล่ะ แค่นั้นก็เอ๋อละ..... เป็นสายรูทเบียร์ค่ะ ถถถถ,negative,0
5224,5224,สิ่งเติมเต็มคงขาด เบียร์ช้าง ไม่ได้ค่ะ ขาดไปรสชาติอาหารก็ไม่อร่อย ขาดเพื่อนกินอะไรก็ดูธรรมดาไป,negative,0
5225,5225,ฮอนด้า อะไหล่แพงหละน้อ เบิกห้างอย่างเดียว ส่วนโตโยต้า รับเต็มๆขายดีเทน้ำเทท่า ส่วนเยอรมัน ใช้เบนซ์ บีเอ็ม 5555 อุดรธานี สกายแลป ไปพลางๆก่อนนะ,negative,0
5226,5226,ครีมกันแดดชิเซโด้วว หน้ามันทากๆ เยิ้มทอดหมูได้ -.-,negative,0
5227,5227,จากการทดสอบดื่มของมึนเมาแล้วนั้น คิดว่าควรหันไปเอาดีด้านการนอนอยู่บ้านเหมือนเดิมดีกว่า แค่ฟูลมูนแก้วเดียวมึนแล้ว อย่างอื่นก็อย่าไปกินเลยอีหอย,negative,0
5228,5228,สงสัยจะไม่ถูกกับบลัชออน 4u2 แน่ๆเลย ปัดทีไร สิวอุดตันขึ้นตลอดเลยย สังเกตุมาหลายทีละ แงงงงง 😭 เสียดายอ่ะ สีสวย แล้วซื้อมาตั้งหลายอันแล้วด้วย,negative,0
5229,5229,ลองดูมั้ย,positive,1
5230,5230,"ข้าวเหนียวหมูทอดยุค 4.0 ต้องอย่างงี้ ทอดไร้น้ำมันมีถึง 5 รส: หมาล่า, ปลาร้า, ต้มยำ, เขียวหวาน และน้ำผึ้งทานกับข้าวเหนียวสีสันน่าทานสุดๆ หมูนุ่มชิ้นใหญ่อร่อย ชุดหมูสายเปย์ (ปรกติ 430 ลดเหลือ 349) เซ็ทจัดหนักสำหรับ 6 คน 📌 Here Dolce (เฮียดอยซ์) เดลิเวอรี่",positive,1
5231,5231,กินไม่เปน,negative,0
5232,5232,โซฟีสีฟ้าเย็นสบาย,positive,1
5233,5233,แง้งง เปย์หน่อย,positive,1
5234,5234,ไหนว่าเปลี่ยนกะทะละไง,negative,0
5235,5235,เกลียด 1.ฟิสิกส์เคมีคณิต 2.เงินหมด 3.ผ้าอนามัยแบบเย็น 4.เอ็กเซล 5.โครงงานห้องกิ้บของฉัน ไปตายซะ 6.คนเก่งฟ่า อะไรวะเนี้ย,negative,0
5236,5236,😍😍😚,positive,1
5237,5237,ทำไมมันเย็นไม่ร้อนๆจะได้น่ากินพี่ก้อน รสชาติโอเคเเต่ติเเค่อุณหภูมินี้เเหละ ฝากหน่อยนะ ฟิวเจอร์รังสิต,negative,0
5238,5238,เบื่อคนแก่ 5555,positive,1
5239,5239,ไม่ไปละ,negative,0
5240,5240,เพื่อนผมโดนไป50000จ่ายตรงนั้น เฮ้ยๆ ช่องทางชัดๆ,negative,0
5241,5241,ค้นพบร้านอาหารที่อร่อยทุกอย่างตั้งแต่เนื้อ ซูชิ ของหวาน อาหารทะเลสดมากกกกกกกก กุ้งกับหอยนางรมตัวใหญ่โคตร มีทั้งปิ้งกับชาบู เจ้าของร้านเอากำไรมาจากไหนงง ร้านเพิ่งเปิดแต่10วันลดราคาอยู่รีบไปกิน,positive,1
5242,5242,ช่วงนี้มีเวลาแต่งหน้าน้อยมาก😂😂เลยหยิบชิ้นนี้มาใช้ ของ YSL (เลื่อนช้าย) ทาได้ทั้งปากและแก้ม น่ารักสุดๆเลยค่ะ พกง่าย ใช้สะดวกมากๆคะ #ใช้ดีบอกต่อนะคะ😂 #หาชื่อได้เคาท์เตอร์YSL #kiss&brush,negative,0
5243,5243,ปายๆๆ😂,positive,1
5244,5244,ตกลงมึงจะเอายังไงจะให้กูดูดแต่บุหรี่มวนใช้มั้ยมึงไม่ให้กูมีทางเลือกเลยหรอ..เซ็งผลประโยชน์ล้วน😩😩,negative,0
5245,5245,ได้ๆๆค่ะ,positive,1
5246,5246,ถ้าโดยเฉลี่ยต่อคนไม่แพง แต่ถ้าแยกเมนูอาหารถือว่าแพง เบียร์ช้างขวดละ120 น้ำขวดละ50 มะพร้าวลูกละ60 ข้าวโถละ100 โดยประสบการณ์ที่ขายมาที่ร้านห้องแอร์มีวง ข้าวแค่โถละ60 ช้าง90,negative,0
5247,5247,เมื่อก่อนเรียกกันเสี่ย แต่เดี๋ยวนี้เรียกเหี้ยกันซะหมด. อีกสักครั้งไหมป๊า5555,positive,1
5248,5248,แสงโสม ก็บ่ไหว ไม่ดีต่อใจกูเลย 55,negative,0
5249,5249,สาขาสุพรรณบุรี ไม่เห็นมีของเติมตลอด ต้องรอให้ลูกค้าขอ,negative,0
5250,5250,เป็ดอย่างเดียวคะ แอบกระซิบปีนี้เป็ดเอ็มเคไหว้เจ้าถูกกว่าทุกปีนะ,positive,1
5251,5251,ถ้ามันถูกกฏหมาย ตำรวจไซด์ไลน์จะหารายได้จากไหน โรงงานยาสูบจะอยู่ได้อย่างไร สสส จะมีไว้ทำไม 😁,negative,0
5252,5252,ชอบนิสสัน มาร์ชค่ะ กะทัดรัด คล่องตัว ดีไซน์สวย,positive,1
5253,5253,(แจกๆๆคะ8แท่งของขวัญสงกรานต์) ลิปบาล์มกลิ่นพีช จากสารสกัดธรรมชาติอุดมด้วยวิตามินอี ช่วยให้ริมฝีปากอวบอิ่ม นุ่ม ชุ่มชื้นยาวนาน ทาแล้วฟิน ชอบมากๆ กติกา 1.ไลค์และแชร์เป็นสาธารณะ 2.กดไลค์เพจ Charleebrand_thailand 3.กด see frist เพจ เมคอัพ 4.แท๊กเพื่อน 1 คนในคอมเมนท์ แปะหลักฐานไว้นะคะ ประกาศผล วันที่ 10 เมษาค่า ขอให้โชคดีกันน่า คัดรางวัลจากลูกเพจที่น่ารักๆมีส่วนร่วมตลอดๆนะคะ,positive,1
5254,5254,วันนั้นเสือกไม่ลดเน้อ 555,negative,0
5255,5255,อยากได้อ่ะสั่งดีมะ,positive,1
5256,5256,หิววววเลย,positive,1
5257,5257,Hotpotttttt น่ากินมากก ท้องร้องเลยตอนนี้55,positive,1
5258,5258,ขวดแข็ง บางทีผมกรอกกินหลายรอบครับ ผมมันเลว ไม่รักษาสิ่งแวดล้อม ฝากด่า มิเนเร่ คริสตัส สิงห์ เนสเล่ด้วยนะ ทุกยี่ห้อ,negative,0
5259,5259,เร็วและรีบ ไปให้สุด แล้วหยุดที่คำว่า Sold Out !!! ของเข้าแล้วรีบๆ YSL Manifesto edp 90ml 2490.- มี 8 ขวด เติมความหอมให้น่าหลงใหลตามแบบฉบับสาว YSL ด้วยความหรูหราจากกลีบดอกไม้สีขาวอย่างดอกมะลิ ให้ความหอมตราตรึงชวนค้นหา และลิลลี่ เดอะ แวลลี่ กลิ่นหอมสดใสแห่งฤดูใบไม้ผลิ แบล็คเคอร์แรนท์สอดประสานกลิ่นหอมชื่นใจแบบผลไม้เปรี้ยว ท่ามกลางหัวน้ำหอมจากสนซีดาร์และแก่นจันทร์ กลิ่นอายความหอมจากธรรมชาติที่พร้อมท้าท้ายทุกสิ่งตามแบบฉบับหญิงสาวผู้รักอิสรภาพ สนใจทักโล้ดด,positive,1
5260,5260,ไหว้เช้า ไม่ทราบสินค้าจะได้กี่โมงครับ,positive,1
5261,5261,ช้างขึ้นราคาแล้วไง เราแดกลาวหน้าภาษี5555555555,negative,0
5262,5262,show dc รีบเอาทัวร์จีนมาลงจัง ห้างยังเปิดไม่หมดเลย,negative,0
5263,5263,จริงๆเบียร์ช้างคลาสสิคตอนเราทำเชียเบียร์มัน 6.4%นะ..แรงสุดในเบียร์ไทย มากินลีโอคือจืดอ้ะ,negative,0
5264,5264,ไม่ไป!,negative,0
5265,5265,ปะกินกานนนน,positive,1
5266,5266,อยากให้ของทานเล่นร้อนกว่านี้กุ้งเทมปุระแข็งไงค่ะไม่กรอบเลยเปนทุกสาขา,negative,0
5267,5267,ตอบอินบ๊อกหน่อยนะคะ จะได้รู้ว่าควรทำไงต่อ,negative,0
5268,5268,ใช่คับอย่าหลงเชื่อผมใช้มา7เดือนสมองผมเป็นลืมๆจำไม่ได้เลยว่าอะไรคือบุหรี่ม้วน555,positive,1
5269,5269,เต้าหู้ชีส แต่ไม่มีแล้วเสียดาย,negative,0
5270,5270,แจ็คแดเนียลสี่ขวด อีดอก แดกหรือเททิ้ง,negative,0
5271,5271,เพราะ เห็นน้องที่ออฟฟิศใช้ และSnailwhite Gold มีสารสกัดเมือกหอยทากและสารสกัดจากสาหร่ายสีแดง ฟื้นคืนความอ่อนเยาว์ เพิ่มความชุ่มชื่น เพื่อผิวหน้ากระชับเรียบเนียน เปล่งปลั่ง ช่วยให้ผิวมีสุขภาพดีค่ะเเละยังบอกอีกว่าครีมตัวนี้คนที่ออฟฟิศใช้เเล้วหน้าเด็กพี่เเป้งเลยอยากหน้าเด็กจึงทดลองใช้เเล้วติดใจมาถึงทุกวันนี้ค่ะ,positive,1
5272,5272,มันก็สูสีกับยาริสนะ,positive,1
5273,5273,Nissan ไม่แพง,positive,1
5274,5274,ยาริด ซีวิค ก็มี แคมมีรี่ ดีดี เค้ามีได้ยังไง เงินเดือนแค่ หมื่นกว่าบาท ใชเงินอย่างกระดาษ คุณเอาเงินมาจากไหน,negative,0
5275,5275,เกิดไม่ทัน ไม่เข้าใจหรอก 55,negative,0
5276,5276,ไม่ขอบสีโทนนี้แล้ว ไปชอบโทน tarte bloom หยั่กดั้ยมากกก,negative,0
5277,5277,สวัสดีครับ คุณมีน ไม่ทราบว่าคุณมีนเข้าใช้บริการที่สาขาใดครับ ที่พบปัญในเรื่องของเครื่องดื่มรสชาติจืด ก้อนจะได้แจ้งฝ่ายที่เกี่ยวข้องให้ทำการปรับปรุง แก้ไขให้ดียิ่งขึ้นต่อไปครับ,negative,0
5278,5278,เป็นคนแต่งหน้าทุกวัน พอวันไหนไม่แต่งหน้าเพื่อนๆทักเลยจ้าว่าเมื่อคืนไปทำไรมาไม่ได้นอนหรอ แบบหืมคือแค่ไม่ได้แต่งหน้าไหม ถ้าได้ใช้Aqua source คงตื่นมามีผิวนุ่มฟูเด้งดูสดใสเปล่งปลั่งแบบ no make up เพื่อนไม่ทักกันอีกต่อไป🤭 #BeautyGalerie #หน้าสดแต่ไม่เศร้า #BIOTHERMTHAILAND #AQUASOURCEAURA #CentralDepartmentStore,negative,0
5279,5279,L'Oréal Paris แต่ครีมที่แพ้ก็ทดลองแต้มที่คอและแขนก็ไม่แพ้นะค่ะแต่พอเอามาทาหน้ากลับแพ้ เป็นคนผิวตัวแข็งแรงผิวหน้าอ่อนแอ,negative,0
5280,5280,ไมว่ามันจะอืดหรือมีปัญหาสักเพียงใด..ก็ได้ที่1 ไม่ว่าจะมีปัญหาจนคนไปโวยวายถึงงานแสดงรถยนต์ ก็ยังได้ที่ 2 แม้จะดูเหมือนรถที่เจออะไรในโรงงานก็จับมารวมๆกัน ก็ยังได้ที่ 3 ฟ้องร้องลูกค้าเป็นเงินหลักล้าน ก็ยังได้ที่ 4 (ถึงจะคนละรุ่นกับในเรื่องที่ฟ้องก็ตาม) แม้จะเป็นแบรนด์ที่โดนด่าจากมิตรสหายหลายท่าน โดนด่าว่าศูนย์ห่วย...ก็ยังอุตส่ามาที่ 5 ว่าแต่ Juke ผู้ไม่เคยมีปัญหาอะไรเลยในตัวรถ ไม่เคยฟ้องร้องลูกค้า ไม่เคยน้ำรั่ว แถมบุกตลาดนี้ก่อนใครเพื่อน...หายไปไหน รอดู CH-R จากขาใหญ่แหง่วงการอุตสาหกรรมยานยนต์ไทย,negative,0
5281,5281,ว้าวอยากชิมจังเลย แต่สาขาโลตัสท่ายาง ปิดไปแล้ว😂,negative,0
5282,5282,โอ้ย นี่โคตรไม่ถูกกับนีเวียเลยนุ้ง,negative,0
5283,5283,เพราะว่า น้องที่ทำงานใช้แล้วดีและแนะนำ จึงเอามาทดลองใช้ สรุปใช้แล้วผิวหน้าดีขึ้น โดยทาก่อนนอน และราคาไม่แพง ต่อมาเจ้าของแบรน snail white ทราบ จึงเชิญมาเป็น presenter,negative,0
5284,5284,ใครบอกมิตซูอะไหล่แพง อือหือออ เจอฝาหม้อน้ำมาสด้าไป นี่ยืนไม่ขึ้นเลยครัช,negative,0
5285,5285,จ่ายเงินเล่นนะครับเน็ตไม่ได้ขอเล่นฟรี เน่ามา2วันละหมุนติ้วๆ,negative,0
5286,5286,เอาจริงๆไม่รู้เราคิดไปเองมั้ยแต่มีประสบการณ์ตรงกับน้ำยี่ห้อต่างๆ คริสตัล สิงห์ ถ้าเปิดดื่มแล้วเราเคยทิ้งไว้ในห้องตอ…,negative,0
5287,5287,รำคาญผ้าอนามัยว่ะ จะใส่แพมเพิสละนะอีห่า,negative,0
5288,5288,ถามจริงที่show dc จะมีอะไรให้ซื้อ?,negative,0
5289,5289,เค้าผิดกติกาหรอ ไม่ได้แท็กเพื่อน อันนี้สงสัย #Loser แท็กก็ใช่ว่าจะได้ 55แต่สรุปแล้วต้องแท็กใช่ไหมคะ ในป้ายก็ไม่เห็นเขียน’^’,negative,0
5290,5290,ราคาแพงเกินไปพอๆกับ vios เลย,negative,0
5291,5291,อีสัดดดให้แม่งมาแดกเบียร์ช้างสิ ตายแน่ 555555555555,negative,0
5292,5292,โอ๊ยยยยยยย อยากไปหมด,positive,1
5293,5293,เล่นสดนะคะ เสียงใสมาก #감자톡톡 #NFlying #엔플라잉 #BreezerTH #LiveLifeInColour #WelcomeNFlyingInThailand,negative,0
5294,5294,ตุ่มเม็ดเลือดขาวอักเสบหรือฝีหนอง ไอสัส555555,negative,0
5295,5295,สัส ทีเซอร์อินทูอิทออกวันนี้เหรอ 5555555555555555555,negative,0
5296,5296,โซนตาก โซนกำแพงเพชร มีไหมค่ะ,negative,0
5297,5297,สิงห์ค่ะรักใครไม่เป็นรักตัวเองดีกว่ารักแล้วมีทุกเย็นมองหาไม่รุ้ว่าจะมาตอนไหนเสียเวลารอกินเบียร์ดีก,negative,0
5298,5298,ไม่มีเวบาเลยเพื่อนเอ้ย ตำงานนนน😭,negative,0
5299,5299,ด้วยความอากาศเย็นๆหน่อย กับการที่แม่กูซื้อแต่ผ้าอนามัยคูลลิ่งเฟรชเอาไว้ เย็นมาก ปวดจิ๋มเลยสัส -_____-,negative,0
5300,5300,ไม่แปลกค่ะ หลอกควายแค่ไหน สาวกก็พร้อมจะเชื่อนี่คะ เห็นบอก ชอบตรวจสอบได้ แต่ไม่เคยตรวจสอบคนที่ตัวเองรักเลย มีหน้ามาด่าสลิ่มกันอีก,negative,0
5301,5301,Mamonde คือเฉยๆเฉยเลย ก็โอเคอ่ะมีก็ได้ไม่มีก็ได้ เนื้อแมตต์กงิ่นเหมือนสีเทียน555555555,negative,0
5302,5302,ลำไย หลังปีใหม่กะได้,positive,1
5303,5303,โชว์ดีซีถ้าไม่มีงานที่ศลปไป ก็ไม่มีคนไปเดินป่ะ เค้าก็ฉลาดเน้อเอาศลปเกาหลีมาแล้วให้ไปซื้อของที่ห้างเค้าลุ้นเข้างาน,negative,0
5304,5304,หนูก็ขับแอททราจนะคะ ป้าลิ่งพาเลาะตลอดเรยประหยัดดีชอบๆ😂,positive,1
5305,5305,ใช่ ราคาแพงใป ลดราลงมาอีก,negative,0
5306,5306,กินแค่ฟูลมูนขวดเดียวก็มึนแล้ว เอิ่ม,negative,0
5307,5307,ไม่มีสาขา พล ร่วมรายการเลย T_T,negative,0
5308,5308,ไม่เป็นค่ะ ราคาไหนก็กินเพราะอร่อยมาก😍,positive,1
5309,5309,ทำไมฮอทพอทไม่มีกุ้งคะ,negative,0
5310,5310,กินทุกอย่างเลยได้ไหมง่าาา,positive,1
5311,5311,หูยยยย,positive,1
5312,5312,สาขาโรบินสันฉะเชิงเทราบริการแย่มากๆห่วยแตกทุกคนตักของกินก็มอง ของหมดก็ไม่เติมถามอะไรก็ไม่ตอบหน้างออย่างกะผัวไม่กลับบ้านมา3วันงั้นแหละ,negative,0
5313,5313,ได้พอค่า285หงษ์ทองลีโอช้างอ่ะอ้ายต๋อง555,positive,1
5314,5314,ตนเรามันก็บ้าๆตามกระแส...เหมือนน้ำมันหมูละครับ...ถ้าผมเหม็นกลิ่นผัดกะเพราที่ทำขายตามร้านข้างทาง...มันทำไห้ผมจามหายใจขัด...แล้วจะทำยังไงดีครับ... ( ไม่ต้องมีเมนุนี้กันเลยหรือครับ...ทั้งๆที่ก็ชอบกิน...555 ผิดถูกยังไงก็ขออภัยด้วยนะครับ...ความคิดเห็นส่วนตัวนะครับ ),negative,0
5315,5315,วีออสนี่นั่งไม่สบายอย่างแรง,negative,0
5316,5316,จองยังไง ไปกินกันเถอะ,positive,1
5317,5317,เบียร์ช้างผสมกาโตะสตอเบอรี่ ก็โอยุน้าา,negative,0
5318,5318,เกือบห้าพัน บอกไม่กี่บาท,negative,0
5319,5319,เมื่อไรดีน้อ,positive,1
5320,5320,พน.ไงอ้วนนน,positive,1
5321,5321,อยากกินเบียร์สิงห์,positive,1
5322,5322,เออ 555 เอ็มเคว่าแพง แต่ไม่น่าเกลียดเท่าร้านนี้,negative,0
5323,5323,ทุกวันนี้พาเลท tarte ที่ซื้อมาสองพันยังไม่ได้ใช้เลยจ้าาา,negative,0
5324,5324,จะมีกล่องหน่อยก้มะด้าย,negative,0
5325,5325,เบียร์ลีโอจาก55พี่แก่ปรับให้110บาทจร้า เป็นห่วงคนไทย,negative,0
5326,5326,ไปๆ ใด้เฮงๆ,positive,1
5327,5327,ที่เล็งไว้คือ bobbi brown ตอนแรกนะ แต่สีที่ลองไม่ตรงผิว เลยมาลองของysl สีตรงแต่ไม่ค่อยชอบเทกเจอร์อะ,negative,0
5328,5328,ถ้าใส่แล้วเอาออกไม่ได้ทำไงอะ ไม่รู้ความลึกความตื้นอีก 55555 ใส่ผ้าอนามัยเหทือนเดิมดีกว่า,negative,0
5329,5329,ได้😃😃😄,positive,1
5330,5330,ทำไมซาร่าถึงดูสบายได้ตลอดเวลา ทั้งกลางวันและกลางคืน แม้ในวันนั้นของเดือน??? ซาร่า : ง๊าายมั่ก จบทุกปัญหาด้วยลอรีเอะ ซูเปอร์ เจนเทิลพลัสสิจ๊ะ ลดการเสียดสี มอบสัมผัสอ่อนโยนสุดๆ ให้น้องสาวไม่สี ไม่แสบ ไม่คัน ไม่เคือง แถมด้วยแบบกลางคืนที่มีแกนซึบซับพิเศษ นูนกระชับสรีระน้องสาว ซึมซับทันทีดีเยี่ยมสุด ให้น้องสาวไม่มีรั่ว ไม่มีเลอะอีกต่อปายยยยยย,positive,1
5331,5331,แอคส่วนตัวของผู้บริหารแสนสิรินี่โฆษณามันทุกทวีตเลยเหรอ,negative,0
5332,5332,"HONDA HR-V ยอดขายสะสมในไทย 62,000 คัน ตั้งแต่เปิดตัว",positive,1
5333,5333,โฆษณา Toyota ไรวะกูรำคาญ จะดู bmw,negative,0
5334,5334,"ผิวบอบบางยิ่งต้องดูแลเป็นพิเศษ… ใหม่! กันแดดสูตรอ่อนโยน เนื้อน้ำนม บางเบา เพื่อผิวแพ้ง่าย ANESSA Essence UV Sunscreen Mild Milk SPF 35 PA+++ และ ANESSA Perfect UV Sunscreen Mild Milk SPF 50+ PA++++ ปกป้องได้ทั้งผิวหน้า และผิวกาย ปราศจากสารเติมแต่งทั้ง น้ำหอม แอลกอฮอล์ และพาราเบน เพื่อดูแลผิวบอบบางแพ้ง่ายโดยเฉพาะ หาซื้อได้แล้ววันนี้ที่ Watsons, Boots, EVEANDBOY, Tsuruha, Matsumoto และ Home Fresh Mart #ANESSA #ANESSABeautySuncare #Sunscreen #ANESSAThailand",positive,1
5335,5335,วันนี้ไปจัดมาแล้วค่ะ น้ำซุปกระดูกหมูแซ่บ แซ่บเวอร์ค่ะ,positive,1
5336,5336,คือกูแค่อยากรู้ว่าปลายทางที่โอนไปอะมันของที่ไหน จะได้ไปตามเงินถูก คือกั๊กกันมาก ไม่ยอมบอกซะที,negative,0
5337,5337,ผมคนนึงที่ใช้วีออสยุ บางครั้งเติมน้ำมัน 500 เกย์ไม่ขึ้น ไม่ขยับ ดับเครื่องสตาร์ทไหม่ก็ไม่ขยับ ยังคิดว่าเค้าโกง ขับๆไปสักพัก ถึงดีดขึ้นมาเ บางทีเกย์น้ำมันก็ค้างครับ เป็น มา 2 3 ครั้งล่ะ จนตอนนี้ชินไปล่ะ,negative,0
5338,5338,#เพื่อนเหี้ย #หาเพื่อนคุย ใครก็ได้มาเป็นเพื่อนกับเราที ...... เราเครียดดดด สุดท้ายคนที่เราไว้ใจที่สุด ก็ทิ้งเราไป...ไปอยู่กับคนที่เกลียดเรา😭😭😭,negative,0
5339,5339,"เพื่อนมันบอกว่า ? จุดอ่อนของ เจ้า โตโยต้า จุดหนึ่งคือ เวลาทำความเร็วระดับ 120-140 มักออกแกว่งๆ พวงมาลัยไม่ ""หนึบ"" ? ในความเร็วที่ใครอื่นเขาเข้าโค้งได้...เร้าใจ แต่พี่ โตฯ..จะชวนแหกโค้งอยู่เรื่อย.... ไม่รู้สิ เพื่อนมันว่า ครับผม !",negative,0
5340,5340,แอด นี่เพิ่งลองหว่ะ นุ่มดีออกแนวคล้าสเมอนอฟแต่ไม่เปรี้ยว ทีแรกกะแค่ลองป๋องเดียวพอ ทำไปทำมามันต้องเพิ่มหว่ะ แม่งเพลินดี,negative,0
5341,5341,โปรแปลกๆอายุ12 แต่จำกัดความสูงแค่8-9 ขวบก็ปาไป140 ทำยังไงเด็กจะได้กินฟรีคะ,negative,0
5342,5342,ตามนั้นนนน,positive,1
5343,5343,พรบ.คู่ชีวิตของ LGBT มันมีสิทธิที่ไม่เท่าเทียมกับ “คู่สมรส” นะ อ่านไส้ในกันเถอะ ทำไมไม่ให้สิทธิให้เท่าเทียมกับช-ญไปเลยอ่ะ,negative,0
5344,5344,หิวเลยอ่ะ,positive,1
5345,5345,วันนี้ยังไง,positive,1
5346,5346,สาขาเดอะมอลล์โคราช แมลงสาบนี่เดินตามที่นั่งเลยจ้า,negative,0
5347,5347,การกินโซจู+smirnoff+bleezerนี่หยั่งเหี้ยอะ ฮือ มึนหัวไป 2 วันเต็มอะ กว่าจะหาย55555,negative,0
5348,5348,ไปด้วย,positive,1
5349,5349,รถซิตี้ เปิดประตูด้านคนขับจากด้านนอกไม่ได้,negative,0
5350,5350,อิออิ,positive,1
5351,5351,ปัญหาเยอะคนนึงกินหมูไม่กินเนื้อคนนึงกินเนื้อไม่กินหมูปวดหัว,negative,0
5352,5352,อีฟโรเช่กูก็ใช้มาทั้งแชมพู เซรั่ม ที่มักผม สรุป ผมกูก็ยังร่วงเหมือนเดิม😑 แต่ทำไมคนอื่นใช้แล้วผมหายร่วงผมขึ้น😂,negative,0
5353,5353,ดูแค่รีวิว ผมว่าคงขอผ่าน แย่,negative,0
5354,5354,เผย 10 อันดับรถญี่ปุ่นประหยัดน้ำมันสุดปี 2017 'พรีอุส' คว้าอันดับ 1,positive,1
5355,5355,ท้องร้องเลย,positive,1
5356,5356,คิดถึงสิบกวาปีที่แล้วแข่งรถโมแบบนี้ เร็วเกินหลุดรางไปเลยบอดี้หักกระจุย มีคนซื้อมอเตอรต่อห้าพันเราบอกให้ยืมถ้าชนะเลี้ยงhotpot สรุปมันได้ที่1เลย จนกลายเป็นนักโมติดอันดับตอนเด็ก5555 ต้องกลับไปลื้อกรุเก่าละซากมันยังอยู่ไหม,positive,1
5357,5357,ชอบตอนลดราคาจ้า 299,positive,1
5358,5358,กินแล้วค่ะนำ้ซุปเปรี้ยวไปหน่อยบางสาขานำ้ชาจืดไปนะ,negative,0
5359,5359,โดนหลอกโฆษณา..แบบเบียร์ช้างคนรู้ทั้งประเทศว่าเปลี่ยนขวดสีเขียว...การโฆษณาแฝงที่ทำกัน...ตอนนี้ทุกคนรู้แล้วว่ามีเบียร์สดขาย..,negative,0
5360,5360,ไปไล่อ่านตามเม้นอ้ะ เขาใช้ศัพท์แบบว่าไม่เจออะไร แต่มันเจอเว้ยย,negative,0
5361,5361,เหี้ยคับ แค่บุหรี่ไฟฟ้า,negative,0
5362,5362,กลับมาก็ไปกินกัน,positive,1
5363,5363,พน เลย,positive,1
5364,5364,ออนนี่เอาผ้าอนามัยแบบเย็นมาให้ลองใส่ นี่ใส่ครั้งแรกเลย ความรู้สึกตอนนี้คือ ตัวอยู่แบกแดด แตดอยู่เกาหลี อิห่าเย็นสัส นึกว่าเอายาสระผมเฮดแอนด์โชวเดอร์โป๊ะไว้เลย,negative,0
5365,5365,สวัสดีครับ ผมชื่อวรัส ผมได้ไปจองฮอนด้ารุ่นซีวิคแฮทแบคที่ สาขาพุทธมณฑลสาย4 เมื่อวันที่ 2 เม.ย. ซึ่งตามที่ฮอนด้าได้โฆษณาไว้ตามหน้าเวปเพจ หรือตามสื่อต่างๆ ทำให้เข้าใจได้ว่าจองรถภายใน10เม.ย จะได้บัตรกำนัล3000 บาท และสิทธิในการชิงโชค แต่พอผมถามถึงสิทธิดังกล่าว ทางเซลกับบอกว่าต้องออกรถภายใน เม.ย.61 ด้วยถึงจะได้สิทธิ์ดัังกล่าว ซึ่งรถซีวิคที่ผมจองจะได้เดือนพ.ค. ตามคิว ซึ่งผมขอตำหนิวิธีการโปรโมทของฮอนด้าในลักษณะนี้ที่ดูแล้วไม่แฟกับลูกค้า เพราะผมก้จองภายใน 10เม.ย.61 แต่ทางฮอนด้าส่งรถให้ผมได้ช้ากว่า ทำให้รุ้สึกผิดหวังกับการขายของฮอนด้าที่ไม่แฟ ขอให้ทางฮอนด้าประเทศไทยช่วยพิจารณาขยายเวลาให้สิทธิได้รับบัตรของขวัญและสิทธิลุ้นรางวัลใหญ่ของฮอนด้าแก่ลูกค้าที่จองภายใน10เม.ย. แต่ได้รถช้ากว่าเช่นผมด้วย จะเปนพระคุณยิ่ง ติดต่อผมได้ที่เบอร์0666666666,negative,0
5366,5366,ป่ะ กินกัน,positive,1
5367,5367,สิ่งที่เติมเต็มรสชาติความอร่อยในมื้ออาหารหรอ ขาดไม่ได้เลยคือเพื่อนที่เข้าใจกัน พูดคุย หัวเราะ เฮฮา ฟังเพลงเพราะๆ ที่ขาดไม่ได้เครื่องเย็นๆ ต้อง. #เบียร์ช้าง เท่านั้น เพราะเราจะหันหน้าชนกันเท่านั้น ไม่มีหันหน้าหนีเพื่อน + อากาศเย็นๆ สุดฟิน ไม่มีอะไรดีไปกว่านี้แล้ว,positive,1
5368,5368,ปะกัลลลฃ,positive,1
5369,5369,ไม่รุ้ว่าเลยลดม้ะ,positive,1
5370,5370,ไม่แดกหละบาย555,negative,0
5371,5371,เช้ามายังไม่ค่อยสบายท้อง สปายตีกับบาร์บีคิวลุง กินอะไรหนัก ๆ ไม่ไหว รอเที่ยงทีเดียว,negative,0
5372,5372,-Maybelline เห็นว่าดังนักดังหนา ทางเราก็ได้ไปตำ แต่รู้สึกผิดหวังนิดหน่อย เพราะใช้ไปแล้วเกิดการตกร่อง แต่ก็ปกปิดใต้ต…,negative,0
5373,5373,หลับสบายแบบใหม่ต้องนี่เลย,positive,1
5374,5374,แชร์ไปให้เยอะๆ,positive,1
5375,5375,สงสารเค้านะคะ,positive,1
5376,5376,ของผมดีแม๊คปี2007พอสตาร์ทเครื้องตอนเช้าประมาญ10นาทีเกียร์1เข้าอยากเป็นบางครังครับเกี่ยวกับอะไรครับ,negative,0
5377,5377,ไม่ได้แล้ววจะไม่เก่งกับเหล้าถัง แอนด์สเมอร์นอฟแล้ว เข็ดสัส,negative,0
5378,5378,เบียร์ช้าง ปวดหัวตายย,negative,0
5379,5379,เมย์เบลลีนซูเปอร์สเตย์อิงค์แมทท์ไม่ได้ติดทนอะไรขนาดนั้นนี่นา.. ไม่แมทท์ด้วยอะ มันหนึบ ๆ ด้วยนะ ซึ่งกินข้าวแล้วหลุดแ…,negative,0
5380,5380,เคยทำงานเบียร์ช้างยอดตกรวมกันเกือบแสนล้าน,negative,0
5381,5381,ไม่เคยอยากได้เครื่องสำอางขนาดนี้😂 แแพม มม,positive,1
5382,5382,กูจะไม่ใช้โซฟีค่ะ,negative,0
5383,5383,กินมาแล้วค่ะก้ออร่อยค่ะบริการไม่ค่อยประทับใจค่ะเพราะพนักงานไม่ยิ้มค่ะสาขาโลตัสบางพลีค่ะ,negative,0
5384,5384,รีวิว YOU (2018) by #Netflix 10/10 “โคตรโรคจิต!” เป็นคำที่อุทานแทบทั้งเรื่อง หนังไม่ได้โรคจิตแต่ตัวเอกเนี่ยโคตรโรคจิต หมกมุ่น ฟุ้งซ่าน คิดมาก24ชั่วโมง ตอนแรกก็คิดว่าเป็นหนังรักธรรมดาแต่พอดูไปดูมาแค่ตอนแรกก็น่าติดตามแล้ว ทั้งพีค ทั้งอีหยังวะ แนะนำไปดูเถอะไหว้เลย,positive,1
5385,5385,รีล่า ใครเคยไปเที่ยวเวียดนาม จะกลับมาบอกว่า รถในเวียดนามขับกันเลวร้ายมาก .. แต่ ยอดตาย บนท้องถนนเขาต่ำกว่าไทยนะ และ กฎหมาย จำกัดความเร็ว ได้ผลมาก,positive,1
5386,5386,หาชุดแพงกว่าไปกินอีกกุว่า55,negative,0
5387,5387,อีกแล้วหรือ 😁,positive,1
5388,5388,บ้าไปแล้วจอยลดา นิยายเรื่องนึงชั้นต้องซื้อ4000เลยหรอ แพงกว่าซื้อหนังสือสิบเท่า นี่มันสมเหตุสมผลแล้วหรอ,negative,0
5389,5389,สงสารเด็กม.6 อย่างพวกหนูด้วยนะค่ะ มันท้อทุกๆครั้งที่ต้องเร่งอ่านหนังสือ มันกดดันทุกเวลา มันเครียดมากๆเลยนะค่ะ สอบไม่ใช่แค่2-3วิชานะค่ะ ทุกวันนี้อ่านก็แทบจะไม่ทันข้อสอบก็ใช่ว่าจะง่ายดาย สอบปลายภาคของรร.เสร็จได้พักวันเดียวก็ต้องวิ่งสอบGAT/PAT แค่คิดก็เหนื่อยแล้วค่ะ #ทวงคืนวันสอบ,negative,0
5390,5390,จะเลี้ยงหรา,positive,1
5391,5391,ค่าชุดแพงกว่าส่วนลด 😅,negative,0
5392,5392,ชอบขอตังผุ้หญิงแดก อยากแดก kfc ไม่มีตังจ่าย ให้ ผญ จ่าย / อยากแดกเบียโฮกาเด้น แต่ไม่มีตังจ่าย ให้ ผญ จ่ายแบบเดิม,positive,1
5393,5393,ซื้อลีโอมากิน,positive,1
5394,5394,บอกแล้วอย่าดื่มลีโอเยอะ,negative,0
5395,5395,ค้าาาา,positive,1
5396,5396,เออ กินละ โฮการ์เด้นก็ไม่ได้อร่อยขนาดนั้นอะ อืมๆ กินเบียร์ถูกดีกว่า55555555,negative,0
5397,5397,เห็นข้าวตอนแรกแล้วถึงกับตกใจ ซื้อข้าวหอมมะลิข้างทางยังดีกว่า,negative,0
5398,5398,ล้ออัลเมร่าสวยกว่าอีก555,positive,1
5399,5399,อยากกิน,positive,1
5400,5400,ได้ของครบค่ะ,positive,1
5401,5401,เมื่อวานไปกินมา อร่อยเหมือนเดิม เพิ่มเติมคือ หมูบางจนย่างไม่เป็นชิ้นเลยก้อนจ๋า😭😭,positive,1
5402,5402,เคเอฟซี บาร์บีกอน,positive,1
5403,5403,อยากลองกินชาไข่มุกแมคโดนัลด์ ให้เพื่อนซื้อมาฝากมันจะเน่าก่อนมั้ย555555,negative,0
5404,5404,วันนี้กินสเมอนอฟไป1ป๋องถ้วน ผลคือไม่เมาแต่แขกตี้ ขี้แตก!!,negative,0
5405,5405,Free entry ควยเหอะ ...!!! แทนที่จะแจ้งว่าบัตรเข้า 970 ได้ 5 คน บังคับให้ซื้อ smirnoff 1 set ถึงเข้าไดเ และไอเหี้ย ก่อน 4 ทุ่มไม่ขายเบียร์ มึงไม่แจ้งให้มันหมด ๆ หน้าเพจไปหละ และลุกค้า Walk in ที่ไม่แดกเหล้า แดกแต่เบียร์ทำไง ???,negative,0
5406,5406,นี่ไม่ถูกกับ innisfree แทบทุกตัวเลย เคยใช้มาสกโคลน ผดขึ้นเต็มเลย,negative,0
5407,5407,สู้ๆ ครับ,positive,1
5408,5408,น่าพาลูกไปกิน,positive,1
5409,5409,ไปๆๆไปลาว,positive,1
5410,5410,#ชานมไข่มุก เจอแบบนี้ฟ้องที่ไหนได้บ้างดูดไปจนหมดแก้วแล้วเพิ่งมาเห็น ตอนแรกนึกว่าเศษไข่มุก ที่ไหนได้ เป็นไข่แมลงสาบ บี้ออกมาดูคือยังเป็นตัวอ่อนกันอยู่เลย แทบอ้วก แต่แบบหมดแก้วไปแล้วไง...#ไข่แมลงสาบ,negative,0
5411,5411,ซีวิคออกแบบได้เหลือเชื่อสุดละ มีความกล้าในการออกแบบอย่างยิ่ง โตต้ามาออกแบบเช่นนี้ก็ดูธรรมดาๆเช่นเดิม,positive,1
5412,5412,วันนี้พบกับ บูทกิจกรรม #โรงพยาบาลกรุงเทพราชสีมา กับงาน “STRIDER CUP THAILAND 2017” MCC Hall The Mall Korat กิจกรรมภายในบูท - ตรวจสุขภาพเบื้องต้น - เล่นเกมส์ ลุ้นรับของรางวัล งานนี้ ไม่เสียค่าใช้จ่าย รับของติดมือกันไปเลย www.bkh.co.th #เรื่องสุขภาพมั่นใจให้เราดูแล,negative,0
5413,5413,ไม่ไหวแล้วนอนไม่หลับบบ,negative,0
5414,5414,ผมคนนึง ที่เลิกบุหรี่มวนเกือบจะ 100% แล้วครับ,positive,1
5415,5415,งั้นไปดื่มสปายไวน์คูลเลอร์ก่อนแล้วกันนะ555,positive,1
5416,5416,😍😍😍😍😍,positive,1
5417,5417,ไม่ต้องเสียเวลาต้ม อิอิ,negative,0
5418,5418,เจ้าของบริการดี ยิ้มแย้ม สุภาพ,positive,1
5419,5419,ขุดทางเท้าตอนห้าครึ่งอะนะ,negative,0
5420,5420,ที่ชาร์จเสียใช้งานไม่ได้,negative,0
5421,5421,วอนให้ป้าด่า ไม่อร่อยอ่ะ หัวตั้ง300,negative,0
5422,5422,เมื่อวานไปทานไม่เห็นได้เลยคะ สิทธิตามที่บอกเลยคะ,negative,0
5423,5423,เท่าที่ทราบ วีออส ราคาเท่าอัลติสบ้านเรา แต่ถ้าเทียบรถนำเข้าบ้านเรากับมาเลย์ บ้านเราภาษีแพงกว่ามาเลย์อยู่ อย่าง Nissan Leaf มาเลย์ล้านแปด SG 2.1 ล้าน ไทยเกือบสามล้าน,negative,0
5424,5424,พุ่งนี้วันเกิดีอะไรพิเศษป่าวคะ,positive,1
5425,5425,บาบีก้อนนนนน,positive,1
5426,5426,ใช่ปะะะะะ nars wanted อีกนะ แล้วจะออกมาทำไม2เวอร์ชั่นไม่เข้าจายยยยยย,negative,0
5427,5427,มานี่ๆๆๆ,positive,1
5428,5428,เสียดายที่จ.ตรังยังไม่มีค่ะ,negative,0
5429,5429,แดดอุ่นขั้นร้อน กับคออ่อนๆ เสือกแดกลีโอ,negative,0
5430,5430,ยังไงก็ไม่ดีอะเชอะ,negative,0
5431,5431,smirnoff นี่แม่งกระทิงแดงสัสๆๆๆ,negative,0
5432,5432,ไม่ได้แค่ชอบอย่างเดียวเจ้าค่า หลงรักเลย honda civic ตัวใหม่ ดีไซ หรู ดูไฮโซ มากๆ,positive,1
5433,5433,ซูชิไม่มีอีกอ่ะ5555,negative,0
5434,5434,ไปสิ 555,positive,1
5435,5435,ถ้าเจอบุหรี่ไฟฟ้า ในวัด ต้องยึดวัดด้วยป่ะ,negative,0
5436,5436,หมดศุกร์นี้ง่ะ 😢😢,positive,1
5437,5437,จะมาเล่าปสก ถูกบีเอ innisfree สาขาสยามเหวี่ยงจนร้องไห้กลางร้าน #ไว้รีวิวห้ามขายของของโว้ยย,negative,0
5438,5438,ไม่ชอบบบ หมูจุ่มชีสดีกว่า 555555,negative,0
5439,5439,ไปดิ..รอไร,positive,1
5440,5440,จางไปครับ ต้มยำเข้มข้นกว่าเยอะ,negative,0
5441,5441,ได้บัตร EMERALD รัก MK Restaurants <3,positive,1
5442,5442,เสียงไม่ดัง ต่อลำโพงวัดไปเลยคับ 555,negative,0
5443,5443,มีรูป1นั่งกำขวดเบียร์สิงห์ ดูท่าจะชอบดื่มเหมือนชาคริต,positive,1
5444,5444,นานแค่ไหนก็จะรอ,positive,1
5445,5445,ป๋องดำอร่อยสุดแล้วจริงงงง เปรี้ยวๆ หวานๆ คือดีชอบ 💕,positive,1
5446,5446,ตัดสินใจอยู่ระหว่าง 320d กับ accord hb ชอบขับสนุก ทางไกลสบาย จิงๆเล็ง 320dแต่ดูรีวิวว accordได้ 8วิ เลยลังเล ปล.2คันนี้ในดวงใจ,positive,1
5447,5447,ต้องไปกินชั้นล่าง เอ็มเค ซีคอนบางแค ไม่ดื้อไม่ซนแล้วนะ น้องแนน นะ รอชั้นบน แล้วเกิดอารมณ์ ถ้าไม่ติดว่านัดกันแล้วกินแล้ว อารมณ์เสียมากกกก,negative,0
5448,5448,เขายอมรับชัดเจนว่าบุหรี่ไฟฟ้าเป็นของเขา....แล้วยีดรถเขา...เกินไปไหม,negative,0
5449,5449,29 ค่าา 😂,positive,1
5450,5450,ต้องจัดดดดดดดด,positive,1
5451,5451,ชีสสส พลีสสส,positive,1
5452,5452,MG3 เล็กกระทัดรัดประหยัดน้ำมันสุดๆ ไปใกล้ไปไกลก็หายห่วงคะ รักเลยMG3,positive,1
5453,5453,X trail หรือ Rogue รถ suv ที่ขายดีที่สุดในโลก แต่ nissan ไทยดูเหมือนไม่อยากจะขาย เปิดตัวก็ช้า การตลาดงงงวยมาก,negative,0
5454,5454,ขับแล้วโยน ยวบยาบ Mu-X ยังดูมั่นใจกว่า อีก เบรคนิดนึงก็ โอนเอน ยึกยัก เหมือนมันนุ่มเกินไป,positive,1
5455,5455,ไอ้พวกประเทศด้อยพัฒนาทั้งหลาย มึงไปวิจัยมากจากไหนว่าปลอดภัย มึงมาเอาผลวิจัยบ้านกูไปศึกษานะ ว่าอันตรายขนาดไหน รัฐกูเข้าจริงใจห่วงใยประชาชนในประเทศโว๊ย หัดไปหาหญ้ามาแดกบ้างนะจะได้ฉลาดขึ้นสักที ส่วนผสม เหล้า เบียร บุหรี่ ในบ้านกูนี่มีแต่ของดีดีทั้งนั้น #โง่แล้วอวดฉลาด #บุหรี่ไฟฟ้าร้ายแรงกว่ายาเสพติด #เอาที่สบายใจเลยท่าน,negative,0
5456,5456,แต่เพลงนี้เสียงสูงกว่าเพลงเบียร์ช้างของแบมอีก ไม่ใช่มั้ง 555555,negative,0
5457,5457,แม่งบอกว่าไม่แพง วันนึงขายแค่โต๊ะเดียวก็พอกลับบ้านนอนได้เลย เบียร์ช้างขวดละ 120 บาทแม่วแพงกว่านั่งแดกในคาเฟ่อีก แม่งไม่รู้มันตั้งแตเกิดเคยแดกอาหารร้านอื่นที่แพงกว่าร้านมันมีไหม?,negative,0
5458,5458,ระบบความปลอดภัยของ mgทำให้เรามั่นใจในการขับขี่เพราะสมรรถนะของรถคันนี้ดีมากครับ,positive,1
5459,5459,เน็ตกระโปรกกรากกูโง่มากเลยที่ใช่เน็ตเเบบนี้กูคิดผิดรู้งี้ไปใช้3BBลาก่อยไแเน็ตกระโปรก,negative,0
5460,5460,วันนี้หยุด จัดไหม,positive,1
5461,5461,ชอบ Honda Civic เพราะภายในกว้างขวาง ขับนิ่ม เร่งเร็วแรง ไม่กินน้ำมัน ทั้งยังใช้ E85 ได้ด้วย #ฮอนด้าที่รัก #EnjoyHondaThailand,positive,1
5462,5462,ดีแมกตัวsใด้3คัน,negative,0
5463,5463,อิเหี้ย พึ่งเห็นผ้าอนามัยมียาว 42 เซ็นด้วย ไม่ยาวเลยไปถึงสายเสื้อในเลยอ่อ,negative,0
5464,5464,ตามเลย ครัช 📌📍📌📍📌 ไหนๆๆ ก้อ ไหนๆๆ ละ เอามาแฉ่ กันให้หมดเปลือก....บทลงโทษ และ ช่องว่างของ กฎหมาย มันเอื้อประโยชน์ให้ กับใคร กันแน่,negative,0
5465,5465,Chlling out! #ubeer,positive,1
5466,5466,น้องยังกินพวกทะเลไม่ได้อ่ะ ฮือๆ,negative,0
5467,5467,ต้มยำน้าา,positive,1
5468,5468,"อย่างน้อยๆเวลากินเราจะมีเพื่อนเสมอเช่น,ช้าง,เสือ,สิงห์เป็นต้น.😂😂😂",positive,1
5469,5469,ทาน้องใหม่ตัวนี้ก่อนออกจากบ้าน รับรองขาวใสเว่อร์วังเหมือนสาวเกาหลี จนใครเห็นก็คิดว่าเดินอยู่โซล การ์นิเย่ ไวท์อัพ ซีซี ครีม โทนอัพครีมตัวแรก เทรนด์ฮ็อตจากเกาหลี ที่ช่วยทั้งปกปิดรอยคล้ำ จุดด่างดำ พร้อมบำรุงผิวขาวไปในตัว ใช้ทุกเช้าหลังทาครีม รับรองขาวไวครบสูตรเลยจริงๆ ค่ะซิส #การ์นิเย่ไลท์ไวท์อัพ #ปาดปุ๊บขาวปั๊บ2ระดับทันที #เจิมเติมแต้มบุญ ช็อปการ์นิเย่ ไวท์อัพ ได้ที่ http://bit.ly/2FUTtQT,positive,1
5470,5470,อามือพี่ลั่นไปเอง โอะโอย,negative,0
5471,5471,มาาาา,positive,1
5472,5472,พี่เติ้ลหล่อมว้ากก ค่ะ #ToyotaBuzz #เติ้ลธนพล,positive,1
5473,5473,อยากรีวิวเบียร์ที่เพิ่งดื่มว่าแพ็กเกจดีเวอร์แต่รสชาติเหมือนเบียร์ช้างก่อนปรับปรุง คือไม่ชอบนั่นแหละ แต่นึกขึ้นได้ว่าในเฟซและไอจี ใด ๆ ล้วนเต็มไปด้วยนักเรียน เยาวชนตาดำ ๆ และบุคคลอายุต่ำกว่ายี่สิบปีบริบูรณ์,negative,0
5474,5474,Toyota Hilux REVO ROCCO vs. Chevrolet Colorado Centennial Edition ประชันกระบะแต่งโหด ออพชั่นครบ,positive,1
5475,5475,รุ่นไหนวะ ยังไม่เคยใช้ของเมเบอลีนเลย ทุกทีใช้ wet n wild บ่ายๆหน้าเยิ้ม คิ้วก็หายละ เซง,negative,0
5476,5476,อย่างแพงตกคนละ299,negative,0
5477,5477,ก้อสั่งสิบเซท,positive,1
5478,5478,หิวๆ,positive,1
5479,5479,ทีนี้กูไม่เห็นไอ้พวก ที่ค้านจดทะเบียนหุ้นเบียร์ช้างเข้าตลาดหลักทรัพย์เลย มันหายหัวไปไหนหมด และที่นี้แม่งไม่มอมเมาเหรอ,negative,0
5480,5480,ไปกินป่ะ,positive,1
5481,5481,เจ็บใจอ่ะะะะ ฉันไปซื้อของอินนิสฟรีช้าไปวันนึงงงงง กรี๊ดดดด เพอ่งรู้ว่าเดือนนี้แจกสงการนต์บ๊อกแบบอลังการอ่ะ ฮืออออ แ…,negative,0
5482,5482,"คิดให้ดีก่อนซือรถครับ มาสดา ฟ้องผู้ซื้อ ที่ไปถือป้ายประท้วงในงานมอเตอร์เอ็กโปร 95,000,000 บาท รถราคา ประมาณ 1.5 ล้าน แต่ถูกฟ้อง เกือบ 63 เท่า ใครจองไว้ก็พิจารณาเอานะจ๊ะ สำหรับเหตุดังกล่าว เกิดจากกรณีที่ลูกค้ามาสด้า ซีเอ็กซ์-5 และมาสด้า 2 รุ่นเครื่องยนต์ดีเซล รวมตัวกันร้องเรียนจากเหตุรถยนต์มีปัญหาน้ำดันและน้ำมันเชื้อเพลิงเข้ามาปะปนกับน้ำมันเครื่องทำให้รถได้รับความเสียหาย ตั้งแต่เมื่อปลายปีที่แล้ว แต่ยังไม่ได้ข้อยุติ",negative,0
5483,5483,ไปๆวันไหนดีพี่ฝน บอกก่อนเด้อจะได้ลาล่วงหน้า ตอนนี้หีวมาก,positive,1
5484,5484,เรากินช้าง,positive,1
5485,5485,🤪,positive,1
5486,5486,เบียร์ช้างหั่นดีกรี ส่งผลจ่ายภาษีลด,negative,0
5487,5487,ทำไมโครตจังว่ะแค่บุหรี่ไฟฟ้า อีนี่ก็ไม่น่าไปโวยวายซวยเลย😓,negative,0
5488,5488,หรือบาบีก้อนน,positive,1
5489,5489,"Honda ""Jazz 2014"" รุ่น RS เลยค่ะ รักมากคันนี้ นอกจากสี ""Brilliant Sporty Blue "" อันโดดเด่นทำให้ดูสะดุดตาแล้ว ช่วงที่รถออกใหม่ๆ honda เป็นยี่ห้อแรกๆที่มี ""กล้องมองหลัง"" ออกมา ซึ่งถือว่าเป็นฟังก์ชั่นที่ช่วยให้มือใหม่อุ่นใจเวลาเข้าจอด อีกทั้งยังมีโหมด ""econ"" ซึ่งช่วยในการประหยัดน้ำมัน ครบเครื่องขนาดนี้ทั้งดีไซน์สวย ขับขี่ปลอดภัย อุ่นใจ ประหยัดน้ำมัน จะให้ไปรักคันอื่นได้ยังไง #รักฮอนด้าขนาดนี้..ฮอนด้าจะไม่รักกลับหน่อยหรอ?? ไปค่ะ ไปตามติ่งกัน #ติ่งที่รัก #Hondaที่เลิฟ",positive,1
5490,5490,ร่วมสนุกด้วยคนคร้าา😀😀 หมูสะดุ้งชีสยืดดดด #MKท้าคิดชีส,positive,1
5491,5491,อุ้ย55555,positive,1
5492,5492,มา จะรีวิว kiehl dark spot ให้8/10 หักเรื่องกลิ่นเหมือนbiothermเลอ หมดความอยากใช้ไป10% ใช้ดีพอกรุบๆไม่ได้ว้าว รอยเอ…,negative,0
5493,5493,ผ้าอนามัยเมกาหนาเหี้ยๆ กาวก็เบาบางเหลือเกินอีสัส,negative,0
5494,5494,ได้smsแล้ว ขอบคุณค่ะ,positive,1
5495,5495,ขนาดมากินเอ็มเค คนโต๊ะข้างๆแม่งพูดเรื่องนี้อ่ะ จะพูดเรื่องนี้ทำไม ฮือออ กูเศร้า พี่ค่ะ แดกไปค่ะ อย่าพูดอะไรอีก ขอร้อง,negative,0
5496,5496,ไม่ชอบกินผักเปล่าๆอ่า แต่ถ้าเป็นผักลวกพวกเอ็มเคชาบูหมูกระทะไรงี้กินได้ เหมือนจะมีอาการแต่กับพวกนี้อย่างเดียวไม่รู้ทำไม 😂,negative,0
5497,5497,:3,positive,1
5498,5498,สู้ๆนะครับ เอาใจช่วยครับ,positive,1
5499,5499,ชอบเพราะรูปทรงทุกรุ่นไม่เคยตกเทรน จะมีความเป็นเอกลักษณ์ ของHONDA ครับ,positive,1
5500,5500,ที่สาขาไหนนะ น้ำจิ้มแยะจริงๆ แต่ว่าส่วนของหนึ่งนี้ ทำไมชอบเสียครับ งง,negative,0
5501,5501,อิอิ,positive,1
5502,5502,หยุดกินสักพักนะ กลัวอ่า,negative,0
5503,5503,ไปปะ,positive,1
5504,5504,ขอเสียของบุหรี่ไฟฟ้าคือ...รัฐบาลขาดทุนจบ!!!,negative,0
5505,5505,ก็ดี แต่อะไรที่ควรมี ดันไม่มี อะไรที่ ดีดันไม่ใช่ ตลกดี โตโยต้า เช่น เบรค มือ คนอื่นเค้าไปไกลถึงไหนล่ะ ดิสเบรค แทนที่จะเป็นดิสเบรค เห๋อ ไอ้ปุ่ม สตาร์ทเครื่องดับ ออโต้เมติค ใส่มาเพื่อ หน้าลำคานต้องคอย กดปิด,negative,0
5506,5506,สาขา เพชรเกษม ควรปรับปรุงเรื่องบริการของพนักงานบางคนด้วยนะคะ เดินเข้าไปนั่ง 5 นาทีก็แล้ว 10 นาทีก็แล้วเรียกไม่หัน ไม่มีการมารับออเดอร์ ทั้งที่ โต๊ะไม่ได้เต็มเลย พนักงาน ยังยืนรินน้ำให้โต๊ะอื่น ยืนว่างก็มี อยู่ไม่เข้าใจเหมือนกันค่ะ หรือแต่งตัวธรรมดาไปคะ บอกเลยคะว่าครั้งนั้นครั้งเดียว,negative,0
5507,5507,อยากกินง่ะ 🤤🤤🤤,positive,1
5508,5508,อยากใช้ยูเซอรีน แต่มันแพง,negative,0
5509,5509,นอนไม่หลับ พลิกไปพลิกมาบ่อยๆ ลองเลยเพื่อน ลอรีเอะ ซอฟท์แอนด์เซฟ เอ็กซ์ตร้าโพเทคชั่น แอนตี้แบคทีเรีย แผ่นเดียวเอาอยู่เลยนะ ลดการสะสมของแบคทีเรียด้วยนะ ไม่กลิ่นอับชื่น ไม่เปื้อนด้วย นอนหลับไร้กังวัล ต้องไปลองนะแกที่เซเว่นเลยจ้า,positive,1
5510,5510,ขัดออกดีคับ จากคอดำๆ หายดำเลย,positive,1
5511,5511,หนวกหูวิทยุตร.ของพ่อ วันนี้มีคอนเสิร์ตเบียร์ช้าง วุ่นวายมาก วัยรุ่นมั่วสุม เหตุวิวาท ก่อความรำคาญ เสียงดังนู่นนี่ ถึงได้ไม่ชอบออกไปไหนตอนกลางคืนไง 🙄,negative,0
5512,5512,วันนี้แม่ไปกินฮอทพอทละก็มาบ่นให้ฟังว่าไม่อร่อยอย่างนั้นไม่อร่อยอย่างนี้5555555555,negative,0
5513,5513,วันนี้ก็ลองมา สาขาไอทีหลักสี่ค่ะ ไม่เผ็ดไม่อะไรเรย เหมือนซดน้ำใส 555 แต่ก็เฉพาะบางสาขาเนาะ แต่ก็okทุกอย่างล่ะ ยกเว้นร้ำชุปทุกรส ไม่โอเค,negative,0
5514,5514,รอยดำของkiehl’s dark spot ก้อดีนะคะ,positive,1
5515,5515,นี่ปีชงหรือซีวิคมันงอน...,negative,0
5516,5516,พาไปหน่อยจิ,positive,1
5517,5517,พักพร้อม​วันไหน.. จัดเลย,positive,1
5518,5518,ไม่มีความเผ็ดสักนิดเดียวว,negative,0
5519,5519,เสียใจ ไม่เคยว่างเลยมึงงั้น,negative,0
5520,5520,ควายบุหรี่ไฟฟ้าของมึงมึงก็ผิดแล้วว,negative,0
5521,5521,มันคือฝีหนองงง 😨 #เจริญอาหารมั้ยล่ะ,negative,0
5522,5522,เมื่อวานโคตรพังสิงห์อาซาฮีบัคเก็ตเหล้ารัมคาราเมลเหล้าต็อก อ้วกไป2รอบ แต่ก็ลากถึงตีห้า แล้วตื่น8ครึ่ง กินข้าวแล้วมานั่งเล่นไพ่ ตอนนี้ง่วงสัสๆ,negative,0
5523,5523,ไม่น่ากลัวนะ ยาเหน็บมันละลายอยู่ในนั้นเลยไม่ต้องเอาออก ผ้าอนามัยนี่กลัวแค่ตอนดึงออกละเชือกขาด,negative,0
5524,5524,สู้ๆครับเป็นกำลังใจไห้ครับ,positive,1
5525,5525,ไอ้หมอส้นตีนนี่อยู่เฉยๆก็ไม่มีใครว่าเป็นใบ้ปะ ให้โทร 1600 แล้วจะกล่อมกูเลิกบุหรี่ได้เหรอ มึงบ้าปะ กูหาไฟฟ้ามาดูดเพื่อเป็นทางเลือกที่ดีต่อตัวกูและคนใกล้ชิดมากกว่าเพราะกูยังเลิกไม่ได้,negative,0
5526,5526,อยากกินภูเก็ตมีปะ,positive,1
5527,5527,แพง กินธรรมดาพอ,negative,0
5528,5528,จากเรื่องบาบีก้อน ลามไปอ่านพันทิปเรื่องพยาธิตัวตืด น่ากลัวมาก สยองสุด มีคอมเม้นนึงบอกว่า เลือกเอาว่าจะให้มันออกมา อยู่ในร่างกายเรา,negative,0
5529,5529,เกิดอะไรขึ้นกับสาขาเซ็นทรัลรัตนาธิเบศร์ วันที่18ก.พ.2561 เวลา 18:00 / เพิ่มเติมนั่งโต๊ะที่30 ปกติจะมีบิลมาวางและแจ้งเวลากินได้ตั้งแต่กี่โมงถึงกี่โมง แต่กินจนอิ่มบิลก็ไม่มา จึงไปแซวแคชเชียร์ก่อนออกจากร้านว่า ไม่มีบิลคือกินฟรีใช่ป่าว 😁😁😁,negative,0
5530,5530,ป่ะ เอ็มเคกันเถอะ #กูรักชีสสสสส 😍😍,positive,1
5531,5531,กระเป๋าฉีกค่ะเดือนนี้,positive,1
5532,5532,ถ้าจะจับบุหรี่ไฟฟ้า แล้วยาบ้า ไม่ไปจับอ่อ,negative,0
5533,5533,ได้หมด ถ้าคนน้อยก้อฮอทพอท,positive,1
5534,5534,เพลงอะไรว้ะ....ฟังแล้วเหมือนโฆษณาผ้าอนามัยเลยหว้ะ....ฟังไม่รู้เรื่อง,negative,0
5535,5535,เราก็ชอบดื่มสิงห์ รู้สึกมันอร่อยกว่ายี่ห้ออื่น 😅,positive,1
5536,5536,กด haha ให้ Spy Cocktail ดื่มแล้ว ฮา ฮา ฮ้า. . อิอิ มาดื่มด้วยกันมั้ยล่ะ ?? Cheers'! 😁😆😆😆,positive,1
5537,5537,กินแสงโสมดีฟ่า,positive,1
5538,5538,Vios e ดาวน์/ค่างวด เท่าไรค่ะ,positive,1
5539,5539,เป็ดย่างเอ็มเคไม่อร่อยง่า งือออออ,negative,0
5540,5540,ผ้าอนามัยที่อังกฤษบางมาก ไม่อับ ไม่ไหล มามากก็เอาอยู่ ไม่คันไม่แพ้ ปกติใช้โซฟีโมเดสยาว 35cmยังเอาไม่อยู่ แต่แพง 2ห่อ £5 #รีวิวUK,negative,0
5541,5541,จริงงง ลดแค่น้ำ อีส๊ากดด,negative,0
5542,5542,เพื่อนเกลียดไรกุอ่ะ5555,positive,1
5543,5543,เดี๋ยวได้แบกกันกับอีก กินทีไรพี่ช้างทับเมาทุ้กกกกที 😅😅😅,positive,1
5544,5544,นี่ไม่ใช่เบอร์​เบิ้น ไม่ใช่สก็อตวิสกี้ นี่คือ Jack Daniel’s,positive,1
5545,5545,เยๆๆ,positive,1
5546,5546,หนาวนี้เราไป เขาค้อ เพชรบูรณ์ กันจิปเบียร์ช้างกัน,positive,1
5547,5547,อมก จะใช้ชีวิตกับคริสตัลยังไง นี่ไม่ชอบกินสิงห์อีก,negative,0
5548,5548,เห็นเค้าพูดได้ดี แน่นอนผมรุว่าผิดแต่กฎหมายมันแรงไป,negative,0
5549,5549,มึงเลี้ยง👌🏻👌🏻,positive,1
5550,5550,สนใจมีวีออสผ่อนน้อยๆมีไหมค่ะ,positive,1
5551,5551,สวัสดีครับเฮียณัฐและเฮียก่ำ ทั้งสองคน ผมถามหน่อยครับ ผมมีปัญหาครับแจ๊ส 2009 พอขับมาเครื่องร้อนจอดเติมน้ำมันแล้วดับเครื่องจะสตาร์ทอีกทีมันไม่ติิดตรับต้องรอสักพักถึงติดครับพี่เป็นเพราะอะไรครับแต่จอดนานๆหรือถึงเช้ามาสตาร์ทที่เดียวติดเลยครับ,negative,0
5552,5552,เพชรบูรณ์ไม่มีอ่ะอด ตลอด,negative,0
5553,5553,จัดให้โหน่ยยยยยยวันนี้ 😋😋😋,positive,1
5554,5554,วันนี้ที่ได้สีไม่ใช่แบบนี้อ่ะก้อน,negative,0
5555,5555,อยากให้ลองใช้ BrowArtistXpert สี 106 สีน้ำตาลเทาค่ะ เพราะในอาชัพแบบเราแล้ว ไม่สามารถทำผมสีๆได้ ผมสีเทาเหมาะกับ 106 ไม่ดำเกินไป ไม่แข็งเกินไป ไม่อยากให้เป็นผู้หญิงโนคิ้วเดินออกนอกบ้าน BrowArtistXpert ในรูปแบบดินสอเขียนง่าย ลื่น พกพาสะดวก หัวแปรงก็นุ่ม เหมาะกับมือใหม่อยากมีคิ้วมากค่ะ #YourPerfectBrowColor #ParisianChic #LOrealParisTH #BrowArtistXpert,positive,1
5556,5556,อยากปรึกษาปัญหาที่เกิดในการซื้ออาคารชุดจากเจ้าหน้าที่ของแสนสิริ ต้องติดต่อช่องทางใดคะ/ขออภัยที่ถามช่องทางนี้ บังเอิญเปิดทวิตเตอร์ เจอบัญชีของท่าน promoted ค่ะ,negative,0
5557,5557,กลางวันนนี้,positive,1
5558,5558,วีออส อัลติส แคมรี่ หน้าเหมือนกัน รูปทรงก้อเหมือน ดูแล้วไม่รู้สึกอยากได้เลย ยิ่งภายในก้อนะ ออกแบบรถเหมือนคนขี้เกียจคิด ทำแค่ S M L จบ สรุปเจ๊ง!!,negative,0
5559,5559,ไม่ชอบกินผักทำไม ไม่บอก... #น่ารักเกิ๊นนน @ ลานเบียช้าง Centralworld เซ็นทรัสเวิด,positive,1
5560,5560,เห็นบอกว่านั่งวีออสขาวแรงมาก ชอบ! ปกติใครขึ้นรถคันนี้ นั่งเกร็งเยี่ยวเหนียวทุกคน55555+,positive,1
5561,5561,ใช่สั่งแล้วโทรมาแจ้งของหมด คืออะไร แล้วโปรโมททำไมว่าสั่งได่ทั้งวัน,negative,0
5562,5562,จ๋าลูกอยากหลาวเออ,positive,1
5563,5563,เบียร์ช้างขวดละ 120 เลยนะ 70-80น่าจะกำไรเยอะอยุ่นะ..,negative,0
5564,5564,คือจะเดินไปหยิบที่แต้มสิวของสมูทอีมาลองใช้ เเล้วพี่พนักงานเดินมาบอกว่าอันนี้ใช้ดีกว่า อีเวงแพงกว่าด้วย555555555…,negative,0
5565,5565,In2it (no.3) 😊 ใช้ดีจึงบอกต่อ!!!,positive,1
5566,5566,ถ้าเป็นเด็กรุ่นใหม่ อยากไปเลือกตั้ง ต้องพยายามหาข้อมูลขั้นตอนในเรื่องนี้ใส่หัวไว้หน่อย ว่าใครจะมาประกาศสุ่มสี่สุ่มห้าไม่ได้ เรื่องนี้ (วันนี้) อยู่ในพระราชอำนาจ ไม่ใช่มาเย้วๆ จะเลือกตั้งๆ เหมือนเด็กอมมือ,negative,0
5567,5567,จุดจำหน่ายตั๋วไทยทิกเก็ต(?) ตรงไหนวะ5555555ไปเซอร์เวย์มาแล้วแต่ก็ไม่เห็นแฮะ #showdc,negative,0
5568,5568,ปวดข้อมือถือ ไปแว๊นฟอร์จูนเนอร์เมื่อวาน พวงมาลัยหนักอ่ะ 😂,negative,0
5569,5569,รถดี แต่ก็ต้องดูแลมันดีๆด้วยครับ เคยใช้บีที50โปร มันดีมาก แต่เทอร์โบ ค่อนข้างเปราะ เมื่อเทียบกับจ้าวตลาด,negative,0
5570,5570,จะกินฮอตพอทนึกถึงมึง ไม่กินละ,negative,0
5571,5571,อยากกินเลยครับ,positive,1
5572,5572,ตอนเรียนโดนแม่บังคับให้กิน พอโตมาถึงเข้าใจว่าทำไมต้องกิน5555555 ถ้าไม่กินตอนนี้ก้คือยังเรียนไม่จบเด้อออออ,positive,1
5573,5573,อยากกินจุง,positive,1
5574,5574,โฮมโปร ลพบุรี ไมไม่มี 555,negative,0
5575,5575,สมัยนี้เด็กอายุน้อยแต่สูงมีเยอะไปอดเลย,negative,0
5576,5576,วันนี้ได้มีโอกาสแวะทานเอ็มเคที่ สาขาโลตัส ด่านขุนทด เป็นอะไรที่แย่มากตั้งแต่ทานเอ็มเคมา เพราะ ปกติทานบ่อย เป็นสมาชิกจนได้บัตร MK EMERALD ไปทานที่ไหนก็ประทับใจในการบริการตลอด จนมาสาขานี้ แวะทานเพราะเป็นทางผ่าน > เริ่มตั้งแต่ >>สั่งน้ำซุป สั่งออริจินอล กับ ซุปญี่ปุ่น เราได้ ออริจินอลกับซุปกระดูกหมู >> สั่งออเกอร์เพิ่มนอกจากในเซ็ต เพิ่มประมาณ5อย่สง แต่ได้มา2อย่าง >> การบริการ ปกติพนง จะคอยเดินดูตลอด เช่นน้ำ ไม่เคยปล่อยให้หมด แต่ที่สาขานี้ รอจนคอแห้ง หาพนงเรียกขอน้ำก็แทบหาไม่เจอ 😭😭😭 เสียใจ กับการทานเอ็มเคครั้งนี้มากค่ะ ปกติจะชอบทาน,negative,0
5577,5577,ใช้ห่าไรไม่ได้เลย พรบอะไรโน้นนี่ ใช้ได้แต่ พรบ รถยนตร์,negative,0
5578,5578,ผมว่ามาสด้าควรจะส่งผู้บริหารไปเรียนพื้นฐานการบริการและจัดการลูกค้ามากกว่านะ,negative,0
5579,5579,ปัญหาก็คือรัฐบาลไม่ต้องการให้ประชาชนฉลาดมากขึ้น อยากให้โง่ดักดานอยู่แบบนี้ จะได้ปกครองง่ายๆ ฉลาดมากรู้มากเดี๋ยวจะมาโจมตีรัฐบาล,negative,0
5580,5580,ยังหาชุดไม่ได้เลย ออเจ้า,negative,0
5581,5581,ใครน้อออ อีนัตเอาไปหมดแล้ว 5555,positive,1
5582,5582,เซ็ตอินนิสฟรี55555555555 ตัดใจไม่ลงหว่ะสัส,negative,0
5583,5583,ก่อน29 ด้วย อดกินราคานี้แน่ๆ😭,negative,0
5584,5584,หิวจุงเลยยยยยยยย,positive,1
5585,5585,ใช้ดีมากเว่อ anessa สีทอง,positive,1
5586,5586,เราไม่ได้ต่องการใช้แบบเสรี แค่ไม่ต้องหลบซ่อน และอยู่ในการควบคุม ก็พอ,positive,1
5587,5587,สเมอนอฟทำพิษ กูจะอ้วกกก,negative,0
5588,5588,ครับป๋า ต้องการแค่นี้จริงๆ ขอให้ยอมเปิดเหอะ,positive,1
5589,5589,ตลกแม่ ตอนได้ยาริสมาใหม่ๆ ไม่รักเลย ไม่ชอบมาก รถมันพุ่ง พุ่งทั้งออกตัวทั้งเบรกเลย งอแง อยากขายทุกวัน พอตอนนี้ขับจนชิน นางรู้นิสัยรถแล้ว นางรักของนาง นางชอบ 555555,negative,0
5590,5590,มีความต้งการบาร์บีกอน,positive,1
5591,5591,เสียดาย แฟนไม่ชอบกินเอ็มเค แต่หนูอยากกินนนนน😭,negative,0
5592,5592,#Mazda3 #เช็ครถสตาร์ทไม่ติด,negative,0
5593,5593,น่าลอง พน,positive,1
5594,5594,หน้าใครกันน้า..ที่นุ่มเด้งแบบเจลลี่?!? ก็หน้าซิสนี่แหละค่ะ เพราะอะไรหรอคะ ก็เพราะ การ์นิเย่ ซากุระ ไวท์ อควา เจลลี่ เอสเซนส์ ที่บันดาลให้หน้านุ่ม เด้ง ฉ่ำน้ำ อมชมพู ดุจกลีบดอกซากุระ ไม่เชื่อลองดิ ลองเลย แล้วจะรู้ว่าแก้มนุ่มเด้งกว่าเจลลี่เนี่ยมันเรื่องจริง!,positive,1
5595,5595,เลิกม้วนได้เพราะไฟฟ้าเลย,positive,1
5596,5596,โทรมาเสนอให้ติดเน็ตบ้าน ก่อนจะโทรช่วยเช็คก่อนได้มั้ยคะว่าที่อยู่ลูกค้ามีคู่สายเข้าถึงรึยัง ไม่ใช่สักแต่ว่าจะโทรชักชวนอย่างเดียว พอไปติดต่อที่ช้อปพนักงานแจ้งว่าพื้นที่บ้านลูกค้ายังไม่มีคู่สายค่ะ เสียอารมณ์ เสียเวลาค่ะ,negative,0
5597,5597,😝,positive,1
5598,5598,😍😍😘😘,positive,1
5599,5599,ฮออนด้าอะไหล่แพงส่วนมากต้องเข้าศูนย์เลยไม่ค่อยนิยมมาทำแท็กซี่ผิดกับโตโยต้าเกิดมาเพื่อแก๊สจริงๆ,negative,0
5600,5600,มึงเอ๊ยยยยยย เจออีเนื้อบาบีก้อนช่ะ เลยไปหาอ่านเกี่ยวกับการกินยาถ่ายแล้วไม่กล้ากินเลยโว้ยยยยยย กลัวเจอพยาธิออกจากตูดยาวเป็นเมตร อีเวนนนน สยองชิบหาย ฮือออออ,negative,0
5601,5601,สู้ๆๆครับ ขอเป็นอีกหนึ่งกำลังให้ครับ,positive,1
5602,5602,ส่วนตัวชอบ Room 39 แต่อยากไปงานนี้เพราะว่าตรงกับวันเกิดเพื่อน อยากได้บัตรไปเซอร์ไพร์ส เพื่อนชอบjetset'erมากๆค่ะ เพื่อนเคยทะเลาะกับแฟนเพราะเปิดแต่เพลงjetset'er แล้วเพื่อนทั้งกลุ่มก็เป็นคอเบียร์ช้างเลยค่ะ สุดท้าย!!ใกล้หน้าหนาวบรรยากาศของงานคงดีมากๆ อยากได้มากจริงๆค่ะ,positive,1
5603,5603,จัดไปเต็มๆชิครับไม่ต้องกั๊กนั่นกั๊กนี่และไม่ต้องรอดูคู่แข่งเขาขยับอะไรเราทำของเราให้ดีที่สุดลูกค้าและแฟนคลับประทับใจซื้อใจกันยาวๆโดยไมให้่เสียความรู้สึกกันรีโว่ออกมาตัวแรก(เชิง พาณิชย์) ไฟถอย ให้มาข้างเดียว จะกั๊กไว้ทำไม แค่ไฟถอย ดวงเดียว,negative,0
5604,5604,ไม่ชอบชัส ค่ะ ไม่เคยพบว่ามันอร่อยค่ะ,negative,0
5605,5605,ถ้าเป็นNetflix ทำเอง จะไม่ว่าเลย นี่สำนักข่าว ของแบบนี้เล่นได้เหรอ?,negative,0
5606,5606,น่ากลัวกว่าพยาธิอีก,negative,0
5607,5607,เบียร์ช้างนี่มันยาถ่ายชัดๆ นอกจากจะไม่เมายังทำกุท้องเสียอีก,negative,0
5608,5608,แดกแมคเถอะสัส,negative,0
5609,5609,Heineken จืดอ่ะไม่ใช่สายกูเลย 5555555555,negative,0
5610,5610,ขอบคุณนะ,positive,1
5611,5611,มีที่จอดรถหน้าห้องพักแต่ละหลังเลย,positive,1
5612,5612,เซทใหม่ 🤩🤩,positive,1
5613,5613,กูจะฟ้องร้องคนผลิตผ้าอนามัย ทำขนหมอยกูล้วง🤣🤣,negative,0
5614,5614,เบียร์ช้าง ขวดละ 120 /3 ขวด 360 น้ำ ขวดละ 50/2 ขวด 100 โค้ก ขวดละ 60 😱😱😱 แพงมากกว่า 2 เท่าตัวอีก,negative,0
5615,5615,แผ่นเช็ดเครื่องสำอางค์กลิ่นแอปเปิ้ลของอินนิสฟรีเหมือนกลิ่นยาน้ำของเด็กอะ ฮือ,negative,0
5616,5616,มาม่าดีกว่าไหมครับ 😂😂,negative,0
5617,5617,ชอบเทสรวม มีกลิ่นควัน ถังไม้ มอลต์ตี้ ถั่ว น้ำผึ้งอ่อนๆ แต่บอดี้บางครับ เขย่าๆแก้วแบบ Neat นี่นึกว่าดื่มน้ำหวาน,positive,1
5618,5618,แพงจนกินไม่ลงทีเดียว 😰😰,negative,0
5619,5619,จัดไปค้ะ,positive,1
5620,5620,โรงแรมไม่มีความพร้อมในการรับลูกค้า,negative,0
5621,5621,จับเจอหลอดไรคล้ายยาสิวบีบมาเลยจ้า อ๋ออีดอกไพรเมอร์แถมของคิวเพลส หน้าลื่นเชียว,negative,0
5622,5622,น่ากินสุด ๆ เลยค่าาา ^^,positive,1
5623,5623,อร่อยค่ะ,positive,1
5624,5624,อยากให้ #TOYOTA ปรับเรื่องไฟหน้า FORTUNER ด้วยครับไฟหน้า ทำมาได้สุดทีน จริงๆครับเปิดธรรมดาก็แสบตามากพอแล้ว เจอบ้างคันเปิดไฟสูงมาลงข้างทางอย่างเดียวครับ อีกรุ่นครับ #MITSUBISHI. #ปาเจโร ไฟหน้ามาแบบ เพื่อนร่วมทางนี้หงายท้องเลยทีเดียวเชียว มันจะทำให้เจ้าของรถโดนเกลียดขี้หน้าไปด้วยทั้งๆ ทีซื้อมาเดิม เค้าจะมาโดนคนอื่นให้พร ตลอดทางเพราะรถ เอานะครับ.,negative,0
5625,5625,ทำไมเสียวจะมีงูเห่าจังวะ ลุงมิ่งกูเนี่ย คือคราวนี้ไม่ได้กาให้แกหรอก แค่คิดว่าถ้ารอบนี้ผ่านคราวหน้าก็จะพิณาฯ แต่ถ้าเป็นงูเห่าปุ๊บก็รอดับอนาคตได้เลย,negative,0
5626,5626,แห่มมมมมคนขับอัลติสคงไม่กระทบความรู้สึกอะไรเลยสินะ,negative,0
5627,5627,⚡️16. ก็มีบ้างดื่มแอลนะแต่ไม่บ่อยเพราะถ้าเกินขีดจำกัดร่างกายจะแสดงออกมันทรมาน หัวใจเต้นเร็ว หายใจไม่ทันงี้ เรามีโรคประจำตัวน่ะ เคยกินฟูลมูนขวดเดียวใจเต้นแรงมากนึกว่าจะตายล่ะ,negative,0
5628,5628,#เรนนี่คนมีของ งานผิวดีๆลุคนี้ฝนใช้ Bisous Bisous Thailand ผิวฉ่ำกำลังดี ไม่วอก ไม่ลอย เกลี่ยง่ายมาก ยังไม่หมดแค่รองพื้นนะ ยังมีบลัชแบบไฮไลท์หน้านี่พุ่งไปหาอปป้าเลย คอนทัวร์สติ๊กก็ใช้ง่ายสีไม่ติดส้มไปกำลังดีกับผิว อยากดูลุคเต็มๆ จิ้มลิงค์นี้เลย Link : http://rainyseasonsmakeup.com/yeri-red-velvet/ #งานผิวต้องบีซูบีซู #bisousbisousthailand #KobfahPR,positive,1
5629,5629,มิตซูในดวงใจตลอดมา Lancer EXและก็ยังคงเป็นเพื่อนเดินทางทีดีเสมอครับ ขับมา 4 รุ่นแล้วครับสำหรับ Lancer รักไม่ยอมเปลี่ยนแปลง,positive,1
5630,5630,คิดถึง Clarins คิดถึงผลิตภัณฑ์คุณภาพ สารสกัดจากธรรมชาติ จากประเทศฝรั่งเศษ ที่มีทั้งสกินแคร์และเครื่องสำอางค์ ครบเลย ผลิตภัณฑ์มีหลายช่วงวัย ตอบโจทย์สาวๆได้ทุกคน มีความอ่อนโยน และมีระดับ #Clarin #lnstantLightLipCimfortoil,positive,1
5631,5631,เอาเสียยากเลยหราออเจ้า,negative,0
5632,5632,ผ้าอนามัยตัวนี้ต่างประเทศผลิตค่ะ แล้วต้นกัญชาก็มีประโยชน์เยอะมากเรียกว่าฉลาดประยุกต์มากๆ,positive,1
5633,5633,วันไหนก็ดี,positive,1
5634,5634,กรี๊ดน่ารัก ต้องหาเรื่องบินไปกินแมคสินะ,positive,1
5635,5635,ก็ยังสยองอยู่ดี อารมณ์เหมือนกินเนื้อติดเชื้อเลย,negative,0
5636,5636,ที่รักไปดูสาขาที่ร่วมก่อน5555เสียใจด้วยนะคนดี,negative,0
5637,5637,Cara Grazia ลุคนี้ อหหหหห ใส่สูทแล้วผัวแรงมาก ใครไหวไปก่อนเลย ขอตายอยู่ตรงนี้แหละ กีงามอะไรขนาดนี้,positive,1
5638,5638,เจ็บจากรถ หมดกังวลมีคนจ่าย :) . #เจ็บจากรถกด1719 #โรงพยาบาลกรุงเทพภูเก็ต #ภูเก็ต #BangkokHospitalPhuket #Phuket #PhuketHospital,negative,0
5639,5639,คนต่างชาติเค้าโดนจับไม่ได้ด่าคนไทยแต่เค้าว่าประเทศไทย.ผมนี่อายแทนเลยจะเอาหน้าไปไวหนัย ทำให้มันเจริญสิอย่าให้ใครมาว่าประเทศไทยของเราสิ.สงสัยชอบเดินถอยหลัง.กินแต่ภาษีเงินบาปเวลามึงตายก็เอาไปไม่ได้เลย,negative,0
5640,5640,กานิเย่ใช้แล้วแพ้ โบกมือลานานล๊าวว,negative,0
5641,5641,ตายๆรถคันล้านสามไม่มีมาให้ ซูซูกิแคร์รี่คัน3แสนยังมีให้เลย,positive,1
5642,5642,จริง,negative,0
5643,5643,แค่บุหรี่ไฟฟ้าก็ระเบิดได้ ...,negative,0
5644,5644,ใช้ฮอนด้าHRV ขึ้น ตอนขึ้นอ่างขางทางโหด สัญญาณไฟเตือนตรงพวงมาลัย เริ่มใจเสีย ไม่รู้ว่าเตือนอะไร ลุ้นตลอด กลัวรถมีปัญหา,negative,0
5645,5645,จริงๆนี่งงกับพวกซื้อครีมกวนมาก ปกติราคาครีมกวน กับครีมแบรนด์ที่ไม่แพง อย่างเช่นการ์นิเย่งี้ก็ไม่หนีกันเท่าไหร่ แ…,negative,0
5646,5646,ตังงงอะตัว,positive,1
5647,5647,ลองเบียร์ยู มึงจะจองชักโครกเลย อ้วกแตก 55555,negative,0
5648,5648,เพิ่งออก JAZZ มาเมื่อ 2 /2/61 ค่ะ ขอแนะนำ คุณปุ๋ย Honda อุดมสุขค่ะ โทร 066-6666666 ประทับใจตั้งแต่วันที่เข้าไปดูรถเลย,positive,1
5649,5649,อยากกินงวงช้าง เอ้ย เบียร์ช้าง พ่ามมมมมท,positive,1
5650,5650,อยากลอง La Mer มากๆเลยอ่ะ หมดตัวแว้ววววว,positive,1
5651,5651,2 ล้านล้านไม่คำนึงเศรษฐกิจพอเพียง อีเหี้ย แพรากอนนี่พอเพียงมาก ธุรกิจของสำนักงานทรัพย์สิน พอเพียงมากสินะ,negative,0
5652,5652,รอลุ้นกล้องค้า อยากได้มากกก😍,positive,1
5653,5653,ไปกานนน,positive,1
5654,5654,เจอ Case Study หลายเคสแล้วนะครับพี่ก้อน ตั้งแต่เตาปิ้งสีดำละ.... ทำไมไม่มีทีมฝ่ายทำวิจัย-ควบคุม-ดูแล ที่เด็ดขาด ที่คมกว่านี้ครับ? เป็นผมนี่ไล่ออกยกเซ็ตเลยนะฮะ... ยึดเสากระโดงเรือไว้ให้แน่นนะครับ รักษาคุณภาพ-มาตรฐาน-ความมั่นใจของลูกค้าให้อยู่ครับ,negative,0
5655,5655,Foam Innisfree จากรอบ 1+1 ชิ้นละ 250฿ ค่า Bija : ช่วยเรื่องสิว - 7 หลอด Jeju Cleansing : ทำความสะอาดสิ่งสกปรก สิ่งต…,negative,0
5656,5656,ไม่เจอพยาธิแต่เจอฝี,negative,0
5657,5657,รถ mg ดีไซน์สวยมาก สมรรถนะเยี่ยม น่าสนใจ มากๆ,positive,1
5658,5658,ถ้าเป็นนิสสันนี้ด่ากันทั้งไทยแน่นอน,negative,0
5659,5659,ไม่ค่อยอยากกินเล๊ย💘,positive,1
5660,5660,อ่านแถลงบาบีคิวพลาซ่าละหงุดหงิด,negative,0
5661,5661,นี่ว่าสิงห์ กับ ช้างหวาน ปกติกินคริสตัล ถ้าเลือกไม่ได้ก็เนสเล่ ยี่ห้อ 7-11 นี้กินไม่ได้เลย โคตรไม่อร่อยเลย 555555555555555555,negative,0
5662,5662,จะกินๆๆๆ,positive,1
5663,5663,ไปๆๆMK,positive,1
5664,5664,มีสาขาที่บิ๊กซี กำแพงเพชร คร้าบผม,negative,0
5665,5665,ตอนนี้มีโปรอะไรบ้างค่ะ,positive,1
5666,5666,จัดมาสักขวดสิเพื่อน,positive,1
5667,5667,รักนิสสันครั้งหนึ่งชนกับแท็กซี่ๆเละเลยนิสสันไม่มีรอยเลยคนในรถปลอดภัยทุกคน,positive,1
5668,5668,อยากได้ค่ะเพราะชอบกรีดตามากๆค่ะ​ ใช้ยี่ห้อไหนก็ไม่ได้ดั่งใจเลยค่ะ​ ของเค้าดีจริง​นะคะอายไลน์เนอร์​ มิสทีน,positive,1
5669,5669,😋🍜,positive,1
5670,5670,โคตรแม่มึง ไม่ใช่พยาธิ แต่เป็น Chronic inflamation with small abcess ครวยยย สรุปคือตุ่มหนอง โคตรเหี้ย ยิ่งแก้ยิ่งแย่,negative,0
5671,5671,อีใจร้าย,negative,0
5672,5672,ยอดทั้งแชมปและโตโยต้า,positive,1
5673,5673,ต้นกล้า เตชะดำรงธรรม ไม่มีพยาธิๆ มีแต่อมาเกด้อน,negative,0
5674,5674,แล้วแต่เลยจ้า😄,positive,1
5675,5675,กันแดดราคาน่ารัก BIODERMA ครับ ถ้า hi end ก็ Sisley Paris ครับ,positive,1
5676,5676,5555 คือมันไม่ถูกปากกูเลยอ่ะ,negative,0
5677,5677,"โปรเจคกับแสนสิริเป็นอะไรที่หนักหน่วง แล้วเจอแต่ปัญหา ทั้ง Tax Invoice, Delivery, Invoice คือมันมีทุกเรื่อง ทุกกระบวนการทำงาน ซึ่งนี่ยังไม่เข้าใจว่าทำไมแสนสิริถึงเอาแอดมินมารวบรวมเอกสาร ไม่เอาบัญชีมารวยรวม แปลกมาก สรุปคือก็ผ่าน 10 เปอร์เซ็นต์นั้นไปได้แบบเครียดๆ",negative,0
5678,5678,สวยงามตามท้องเรื่อง ออเจ้า #ToyotaBuzz #MOTORSHOWยกมาที่นี่,positive,1
5679,5679,น่ารวมตัวกันซักหมื่นคนนะครับแล้วเดินขบวนมันซะเลย ทำป้ายริดรอนสิทธิเราทำไม,positive,1
5680,5680,บริการแย่มากก เป็นหมอได้ไง😤,negative,0
5681,5681,แชร์มั่ว !! การไม่เปลี่ยนผ้าอนามัย ทำให้เป็นมะเร็งปากมดลูก #fdathai,negative,0
5682,5682,ขอบคุณโรงงานแสงโสมกับบริษัทบุญช่วยที่ให้น้ำมาช่วยเหลือใด้แบ่งกันใช้ทั้งชอยค่ะ,positive,1
5683,5683,โดนพี่หลอกให้แดกเบียร์ ไฮเนเก้นไปหนึ่งที,negative,0
5684,5684,"😃 เมื่อ มนุษย์ป้า และ พวกแก่กระโหลกกะลา ในทวิตเตอร์บางคน บอกว่า ... ""ธนาธร ไม่กล้าด่า ทักษิณ"" งั้น มาฟังกันชัดๆ จากปาก สุริยะ จึงรุ่งเรืองกิจ แห่ง #พลังประชารัฐ อาแท้ๆ ของ ธนาธร จึงรุ่งเรืองกิจ แห่ง #อนาคตใหม่ 😉 #เลือกตั้ง62 #ฟ้ารักพ่อ #ฟ้ารักพ่อเพราะนโยบายของพ่อ",positive,1
5685,5685,กูไม่แดกอยู่ดี ไม่แดกเนื้อ5555,negative,0
5686,5686,Mazda2 มีเสียงดังแต๊กๆ #รถยนต์,negative,0
5687,5687,ปัญญาอ่อนที่สุด ตำรวจไทย ควายล้วนๆไม่มีวัวปนเลย,negative,0
5688,5688,อยากกก,positive,1
5689,5689,เรากิน mk ก็ท้องเสีย,negative,0
5690,5690,มึงก็ขึ้นมาหิ้วเองสิอิดอก โชว์ดีซีอยู่คนละโลกกะกูเลย 55555,negative,0
5691,5691,เนื้อไม่น่าพอยาไส้เรานะนาง,negative,0
5692,5692,"ยอดขายรถยนต์กลุ่ม C-Segment ในเดือนกุมภาพันธ์ที่ผ่านมา Honda Civic นั้นยังคงครองอันดับ 1 ตั้งแต่เปิดตัว ด้วยยอดขายกว่า 2,000 คันทุกเดือน . ขณะที่ในกลุ่ม D-Segment นั้น Toyota Camry และ Honda Accord นั้นยังคงเป็นคู่ปรับตลอดกาล ซึ่งทั้งคู่ต่างก็มีรุ่น Hybrid ทำตลาดเช่นกัน โดยอันดับ 1 นั้นตกเป็นของ Honda Accord ตามาด้วย Toyota Camry และ Nissan Teana ตามลำดับ . ใครสนใจรถค่ายนี้อยู่ไปดูกันครับว่ามีรุ่นไหนเด็ดๆ อีกบ้าง",positive,1
5693,5693,สาขาบิ๊กซีมหาชัย น้องบีบริการดี ให้ความใส่ใจ ยิ้มแย้มตลอด 😀,negative,0
5694,5694,ต้องได้กินหมูกรอบ,positive,1
5695,5695,มีปัญหาเรื่องการแซะหมูค่ะ,negative,0
5696,5696,5 ที่สุดของ 3 ครอสส์โอเวอร์ : Toyota C-HR/Honda HR-V/Mazda CX-3 ใครแรง ใครแพง ใครใหญ่ !? มาดูกันเลย #ToyotaCHR #HondaHRV #MazdaCX3,negative,0
5697,5697,อยากกินจุงเพื่อนจ้าพาไปหน่อย,positive,1
5698,5698,อิ่มแล้ว55,positive,1
5699,5699,กูเบื่ show dc,negative,0
5700,5700,ขึ้นศาลโดนฝากขังสี่ผลัดนะครับ ต้องหาเงินประกันตัวด้วย เพราะทำสำนวนส่งฟ้องไม่ทันแน่ครับ ต้องส่งเรื่องไปประเมินราคาของที่ศุลกากรก่อนครับ,negative,0
5701,5701,สวยจังแต่ข่อยใช้รีโว่นะก้อประหยัดค่าน้ำมันดี,positive,1
5702,5702,อ้วนแล้วไง แคร์ที่ไหนล่ะ สปอนเซอร์ไม่มีแล้ว..ไปแดกกันเองไหมล่ะ😁😁😁,positive,1
5703,5703,สาขาโฮมโปร ลำลูกกาไม่ร่วมอะ งื่อๆ😢😢😢,negative,0
5704,5704,บุรี่ไฟฟ้า ปรับแค่ 20000,negative,0
5705,5705,นังยำตัวดี!!! กินร้านนี้ทีไรคืออาหารเป็นพิษตลอด แนะนำว่าอย่าไปกิน ถึงเวลาจะผ่านไปนานก็ไม่ปรับปรุง สกปรกเหมือนเดิม แม่ค้าเอามือเปล่ากระซั่วไม่ใช้ไม้คีบคีบ🤮 ร้านที่ชื่อขึ้นต้นด้วย ‘คุณ’ ลงท้ายด้วย ‘ไย’ ร้านชื่อดังจังหวัดหนองคาย,negative,0
5706,5706,เสียใจทสาขาเดอะมอลล์บางกะปิ ยุบไปแล้ว,negative,0
5707,5707,หายแล้วววว แค่ผ้าอนามัยบาดจิ๋มนิดหน่อย55555,negative,0
5708,5708,หยักกิงง,positive,1
5709,5709,เพิ่งเห็นข้่่าว BBQ plaza นึกสภาพถ้าไม่ใช่พยาธิแค่เป็นหนอง นึกภาพอารมณ์กินเนื้ิอเน่ายังไงไม่รู้ คือมันก็ไม่ควรเอามาบริโภคแหละ,negative,0
5710,5710,อืมนึกว่าบุฟเฟ่,negative,0
5711,5711,อีแทก #แดงไม่เดิม คือโฆษณาอะไร เห็นเซเลบทวิตเยอะจนเอียนละ รำ,negative,0
5712,5712,D-condo แสนสิริ โครงการพระราม9-อ่อนนุช ตามสัญญาระบุแล้วเสร็จ พ.ค.57 แต่โครงการติดปัญหาทำให้ล่าช้า ซึ่งจะแล้วเสร็จปลายปี 58,negative,0
5713,5713,ยิ้มให้กับโลกอันสดใส~~ (สดใสมาก pm.2.5 ลอยเข้าคอล้ะ) #CherprangBNK48 #รักยิ้มเฌอแตม,positive,1
5714,5714,ขอบคุณค่ะ ☺,positive,1
5715,5715,มิใช่ พยาธิ นะครัช,negative,0
5716,5716,ไม่ชอบแบบ 4 ช่องเลย หม้อเล็ก แค่ 2 ช่องยังมีไม๊ ไม่ก็ช่องเดียวไปเลย,negative,0
5717,5717,"ที่ไม่ซื้อครีมจากเน็ตเพราะแพ้ง่ายด้วยแหละ ขนาดวาสลีนกับการ์นิเย่นี่ยังแพ้เลย อย่างหลังแบบทาแล้วแพ้เลยอ่ะ นับ1,2,3 แ…",negative,0
5718,5718,ตกลงที่แท้กคือจะมา!!! แหม่,positive,1
5719,5719,สู้ๆๆๆๆ น้ะค้ะ 😻😻😻,positive,1
5720,5720,อิสัส แดกแสงโสมเมากว่านี้กุไม่เคยเป็นไร,negative,0
5721,5721,แล้วแบบนี้ผลแลปน่าเชื่อถือไหมอ่ะ,negative,0
5722,5722,ต้องไปลอง,positive,1
5723,5723,น่าจะขายไม่ดีแหละ โคตะระเซง,negative,0
5724,5724,อินนิสฟรี ติดสงกานต์หมดเลยจ้าาาา ค้างอยู่ไปรฯ เพื่อนๆ โปรดรอ 555555 สัญญาณโทรศัพท์ก็ไม่มี.....รถก็เสีย ฮัลโหลลบ สวัสดีปีใหม่ไทยค่าาาา,negative,0
5725,5725,BLEND 285 VIP รายงาน2คนไช่ไหมค่ะหรือให้ไปเลย4คน อิอิ,positive,1
5726,5726,"VIABUS อัพเดตใหม่ เพิ่มข้อมูลท่าเรือโดยสารที่อยู่ตามแม่น้ำเจ้าพระยา,คลองแสนแสบ,และภาษีเจริญ ตอนนี้เช็คได้แล้วว่าแต่ละท่า มีเรือสายใดจอดบ้าง,เส้นทางการวิ่งเป็นยังไง --- คาดว่าในอนาคตน่าจะตามติดเรือโดยสารได้ (รอดูต่อไปนะครับ) ตอนนี้แอปไปเกินกว่าติดตามรถเมล์แล้ว ฮ่าๆ",positive,1
5727,5727,รถ โอเคนะคะ แต่ศูนย์บริการ และบริษัท นิสสัน ลีสซิ่ง (ประเทศไทย) จำกัด บริการได้โคตรยอดแย่ ค่ะ,negative,0
5728,5728,อย่าลืมเติมวอเล้ต 20.,positive,1
5729,5729,เรื่องสีรถมาสด้าสองตัวเครื่องดีเซลที่มีปัญหามาจากโรงงานที่คุยกันไว้ จนป่านนี้แล้วยังไม่เห็นมีใครติดต่อผมมาเลยคับแอด,negative,0
5730,5730,เบียร์สิงห์กระป๋องกูแดกอยู่ไต้หวัน กระป๋องละ25บาท แดกอยู่เมืองไทย กระป๋องละ45บาท ขนาดส่งออกขาย25บาทยังมีกำไร แล้วขายให้คนไทย45บาท กำไรมหาศาล มิน่าธุระกิจผูกขาดพวกนี้มันรวยเร็ว #แดกของแพงไปเถอะคนไทย,negative,0
5731,5731,พี่ก็เคยชอบ CX-3 นะ รู้สึกว่าขับได้ไกลกว่าหน่อยนึง,positive,1
5732,5732,ลบแอพดีกว่า,negative,0
5733,5733,นี้ไงที่เธออยากกิน555,positive,1
5734,5734,หมูจะสไลด์บางไปไหนอะก้อน ย่างทีติดกะทะยังกะเศษหมู ราคาไม่ใช่ถูกๆนะ ข้าวผัดกระเทียม จากที่เป็นตัวขึ้นชื่อ เดี๋ยวนี้หรอ จืดชืดไม่หอมไม่นัว ทำไมพรีเมี่ยมแต่ราคาคุณภาพหมูกะทะอะ,negative,0
5735,5735,ก้อนอย่าเงียบดิ แป๊บซี่ก็จืดยังใส่น้ำแข็งมาอีก ลด80%ยังเคืองเลย,negative,0
5736,5736,ไม่ชอบหม้อสี่น้ำค่ะบอกตรงๆๆ,negative,0
5737,5737,พี่มีประสบการณ์ลบ HOTPOT สมัยอยุ่กรุงเทพ คงไม่กินอีกแล้ว 5555,negative,0
5738,5738,น้องเบื่อเกี๊ยวซ่าาา,negative,0
5739,5739,คือมันดีจริงๆ แบบไม่คิดว่าดีขนาดนี้อ่ะ ตัด 4u2 ทิ้งเลยตอนนี้ 5555555 เนื้อก็เบาปาก สีก็สุภาพ ถูกอีก โอเคสามผ่านนนนน,negative,0
5740,5740,ลีโอ ช้าง แสงโสม หงษ์ทอง 285,positive,1
5741,5741,เน็ตเน่าจะเป็นอาทิตย์หละ แม้ง นั่งแดกตังอย่างเดียวไม่คิดจะทำไรเลยมั่ง,negative,0
5742,5742,พรุ่งนี้ เตรียมตังไว้😎,positive,1
5743,5743,อยากไปหาแต่เดินทางลำบากชหเลยโชว์ดีซีเนี่ย ยอมแพ้,negative,0
5744,5744,แล้วคุณต้องการอะไรกับบริษัทค่ะ ก็รอเขาพิสูจน์ ซิ ใช้จริงค่อยพูด มีส่วนได้ส่วนเสียรัยมัยนิ,negative,0
5745,5745,เค้าแพงสุดตัวไหนมะรุ ราคาแบบซื้อลดมาทั้งนั้น ถ้าราคาเต็มก็เอาเรื่องอยู่ แง naked3 ราคาในเซโฟก็เฉียด too faced,negative,0
5746,5746,สัญญาณแย่มาก โหลดไม่ได้ โทรหาคอลเซนเตอร์ก้ได้แต่ให้เปิดปิดเครื่องใหม่ จ่ายรายเดือนแพงมาก แต่ใช้ไม่คุ้ม ทรูไม่แก้ปัญหาเก็บแต่เงิน,negative,0
5747,5747,😡 แก้มไม่โอเคเลยน่ะค่ะ 😤 ไม่ว่าใครหน้าไหนที่ไม่รู้จักกันส่งของมาแล้วบอกลง #ร้านแก้มแดง ให้แก้มรับของไว้ให้__แล้วค่อยมาเอา ❗️❗️ พอกรีดกล่องเอ้าาาา!!!!! เป็นบุหรี่ไฟฟ้ามาทั้งชุด __ ค่ะดีที่แม่กูไม่ถูกจับ 👎🏿 😡 วันก่อนทีนึงแล้ว แม่ง อีเหี้ย #ยาแก้ไอมาเป็นลัง คือพอรถบีบแตรลูกน้องก็ออกไปรับแล้วกรีดลัง 🚫 บอกมาได้ไม่รู้จะฝากลงของตรงไหน #ไอเปรต,negative,0
5748,5748,Chanel Lancome SK-ll Dior โออีเหี้ยยยยยย,negative,0
5749,5749,แดกแพงๆไปน้ำตาไหล,negative,0
5750,5750,พอไหวครับ แต่น่าจะต้องปรับปรุงอีกหลายจุด,negative,0
5751,5751,ถ้าฟรีจะว่างตลอดๆๆ แต่เสียตังอ่ะ ควบแน่น 5555,negative,0
5752,5752,สรุปวันพ่อปีนี้ไม่มีโปรอะไรหรอครับ ผิดหวังจิงๆ,negative,0
5753,5753,สนป่าวถ้าสนกูจะได้เก็บตังไปกิน,positive,1
5754,5754,วิเคราะห์อย่างดีแต่สุดท้าย555 เชียงใหม่อยู่ภาคใต้เครค้ะ😂👌,positive,1
5755,5755,สูบบุหรี่ทำเป็นหมันมากกว่า,negative,0
5756,5756,เอออ ปกติใช้ลอลิเอะ วันนี้ใช้โซฟี เห็นมันลดราคา ไม่เอาแล้ว เอาแบบเดิมดีกว่า,negative,0
5757,5757,ควยกฏหมายประเทศไทย เจ้าหน้าที่รัฐหัวควย มาจับกูได้เลยกูชินแล้ว #ช้างสามขวดเอง55555,negative,0
5758,5758,ไม่แดกหงส์ทอง,negative,0
5759,5759,เย็นนี้ต้องจัดเลยนะ,positive,1
5760,5760,บาบิก้อนเล่นกุแร้ว,negative,0
5761,5761,วันไหนดีมี๊จ๋าาาา,positive,1
5762,5762,"ไม่ดี มันแพง รู้สึกติดหนี้บุญคุณ กะคนที่กูตั้งใจคุยด้วย ชวนคุยแทบตาย เค้าตอบว่าแค่ว่า""ตามใจ"" ....ฮือ กินสปายเมาหัวทิ่มคืนก่อนวาเลนไทน์เลยจ่ะ เจ็บจริงๆ จากใจ",negative,0
5763,5763,เวงเอ้ย กุแพ้นีเวีย 55555555555555555555555555555555555555,negative,0
5764,5764,ไปด้วยดิ,positive,1
5765,5765,รีวิว เหล้า jameson โคตรกาก หวานเลี่ยนไม่อร่อยอย่างแรง,negative,0
5766,5766,กินสิงห์ได้ป่ะ ช้างมันแรง,negative,0
5767,5767,อยากกินสิงห์ง่ะะะ,positive,1
5768,5768,เป็น C-segment hatchback ที่ดูคันเล็กมากครับ ยี่ห้ออื่นเขาดูท้ายใหญ่กว่านี้กันพอสมควร และดีไซน์ด้านหลังคนไทยอาจจะคิดว่ามันคือ Yaris ด้วยซ้ำ อาจจะขายไม่ดีแบบ Teana ก็ได้นะ,negative,0
5769,5769,เป็นไรอะ ด่าตลอด รำ,negative,0
5770,5770,ทุกวันนี้กุก้ยังคิดว่ามันเป้นเหล้าเถื่อน55555,negative,0
5771,5771,จัดเรยวันนี้😳😳,positive,1
5772,5772,บิโอเร แต่สิวขึ้นอะ,negative,0
5773,5773,อร่อยๆๆๆ,positive,1
5774,5774,1. สีชมพูสดใส 2. สีน้ำตาลตุ่นๆ 3. สีส้มสดใส 4. สีชมพูตุ่นๆ ค่ะเพราะว่าแมทช์กับบลัชที่ 4U2 แจกค่ะ 😻❤️😂👄 #4u2 #4u2cosmetics #4u2thailand,positive,1
5775,5775,ชีสเล็กมากๆๆๆ ลดต้นทุนใช่มั้ยคะ แมคโดนัลด์ไทยแล้นนนน,negative,0
5776,5776,อยากกินเหมือนกันค่ะ😀,positive,1
5777,5777,อ่านและศึกษา timeline /ผู้สมัคร /นโยบาย ก็เลยสรุปได้ว่า - - - - เพื่อไทย เพื่อธรรม เพื่อชาติ ไทยรักษาชาติ ประชาชาติ และอนาคตใหม่ -​----- you're the same gang /คือแก๊งเผาเมืองถูกไม๊คะ #เลือกตั้ง62,negative,0
5778,5778,แจกันนน,positive,1
5779,5779,เห็นแล้ววววว เหมือนเม็ดสาคูเลย ไม่รู้ในหมูมีป่าวววววว น่ากลัวว,negative,0
5780,5780,แคนเมคไม่รอดว่ะ,negative,0
5781,5781,รีวิว? ซื้อผ้าอนามัยแบบ40ซม.มา คือมันยาวมากอะ ยาวจนแบบเวลาออกแกะจากห่อยังท้อใจเลย😧,negative,0
5782,5782,พน มั้ย😍,positive,1
5783,5783,สมน้ำหน้ารัฐบาลไทย บอกว่าประเทศไทยเป็นเมืองพุทธ ชนทำบริษัทเบียร์ช้างไปจดทะเบียนที่สิงคาโปร เก็บภาษีสบายเลยส่วนประเทศไทยได้แต่นั่งดู,negative,0
5784,5784,แง่มๆ ไปอยากไป,positive,1
5785,5785,เมื่อวานไม่เห็นมีโปร กินเสร็จมีโปรเฉย,negative,0
5786,5786,ไปกัลลลลลล,positive,1
5787,5787,กูเห็นพวกมึงแล้วสมเพชจิงๆว่ะ. ตัวเหี้ยมึงยังเป็นไม่ได้เลย. เพราะมึงมันเหี้ยๆๆๆๆๆๆ กว่าพวกมันเยอะ. ไอสัตว์คิดได้งัยแค่บุหรี่ไฟฟ้ายึดรถ,negative,0
5788,5788,คิดว่าอยากดื่ม 100PIPERS,positive,1
5789,5789,ไม่ไหวล่ะ แม่ น้ำหนักขึ้น5555,negative,0
5790,5790,หนักสุด คือ นาวาร่า กับฟอร์ด,negative,0
5791,5791,ซูซูกิสวิฟป่ะ ถ้าใช่อย่า นะ มันมีจุดบอดเรื่อง มุมอับสายตาจากกระจกมองข้าง เราเคยทำงานในบ.ประกัน รถรุ่นนี้ชนเพราะเคสนี้หลายรอบมาก แล้วโครงเล็ก ชนตู๊มนึง โอกาสรอดน้อยมาก ซื้อเอาความปลอดภัยด้วย เราวันนึงทำเคลมจนเมื่อยอ่ะ,negative,0
5792,5792,ไลค์ลี่แฮปปี้แลนด์ ผจญภัยในแดนวัสดุภัณฑ์,positive,1
5793,5793,วันนี้ไปหาทั่วแล้วไม่เจอเลย,negative,0
5794,5794,มีที่เขียนคิ้วอันไหนดีกว่าของอีทูดี้บ้าง คือน้อนเบื่อ,negative,0
5795,5795,มาทานที่สาขานี้ตามภาพ สั่งตั้งแต่ 12.10 น. ได้รับของที่สั่งทั้งหมด 13.00 น. ใช้เวลานานมากกกกกกว่าจะได้ของ คือ สั่งหมี่หยกต้มยำไ่ข่ยางมะตูม 5 ชาม เราคิดว่ามันนานไปนะคะ ไม่น่าชื่อชุด Happy Lunch เลย เพราะเรากับเพื่อนไม่ Happy เลยยยย,negative,0
5796,5796,เบนหรือแสงโสมอะไรแพงกว่ากัน,negative,0
5797,5797,เธอชอบเครียด กังวล นอนไม่หลับในช่วงนั้นของเดือน เราอยากให้เธอมาลองใช้ นี่เลย ลอรีเอะ ซอฟท์แอนด์ดซฟ เอ็กซ์ตร้าโพเทคชั่น แอนตี้แบคทีเรีย รู้ไหมเราลองใช้ดูแล้ว นอนหลับสบายทั้งคืน ไม่ว่าจะนอนท่าไหน ตีลังกา 180 องศา หรือ 360 องศา ก็ไร้กังวล เพราะหยุดการซึมเปื้อนด้านหลัง ลดการสะสมแบคทีเรีย ไร้กลิ่นอับชื้น ไม่ต้องขะยุกขะยิกจิมิ ฮ่าๆๆ เราอยากแนะนำสิ่งดีๆให้เพื่อนที่เรารัก แล้วเธอจะร้อง wow จะรู้สึก feel good เหมือนเราแน่นอน ลองนะจ้ะ แผ่นเดียว คืนเดียว รู้เรื่อง !!!!,positive,1
5798,5798,ไทยอีก2ปีอย่างต่ำถ้าจะเข้ามาเพราะนิสสันไม่เน้นขาย,negative,0
5799,5799,รอทุกคนเลยตอนนี้อยากจะวาปไป show dc,positive,1
5800,5800,ไม่เอาชาบู,negative,0
5801,5801,ถ้าราคานั้นคงรอดูองค์ประกอบหลายๆอย่างครับ ว่าจะใส่มาเหมือนญี่ปุ่นมั้ย เพราะที่ญี่ปุ่นใส่มาเต็มมาก ถ้ามยกทั้งชุดมาไว้ที่ไทยก้อน่าซื้อ แต่ถ้าไม่ได้แบบนั้น คงผ่านครับ นิสสันก้อรู้ๆกันเรื่องบริการหลังการขาย,negative,0
5802,5802,Go!!,positive,1
5803,5803,ถ้าอัลติสมันผลิตทันใครจะเอาchrมาทำ แพงกว่า เยอะ,negative,0
5804,5804,ราคาก็ปานกลางถูกกว่าวีโก้อีกครับ แพงกว่าวีออสนิดเดียว,negative,0
5805,5805,เงินออกจัดๆ555,positive,1
5806,5806,นี้เลยใช่มานานนนน โรลออนทเวลฟ์พลัส ระงับกลิ่นกายได้ดีบอกเลย แถมยังแห้งเร็วมากกก กลิ่นนี้หอมเวอร์ๆ ไม่ต้องฉีดน้ำหอมยังได้ แถมใช้ไปทำให้ใต้วงแขนดูกระจ่างใสอีกด้วย ใครไม่ใช้ถือว่าพลาดอะ ส่วนอีกตัว อันนี้คือแป้งตัวใหม่ของทเวลฟ์ พลัส บอกเลยหลงรักตั้งแต่ครั่งแรกที่ใช้ เป็นแป้งน้ำหอม เกลี่ยง่าย เนื้อแป้งเนียนมากกก ปรับผิวให้ดูกระจ่างใส่มีออร่า กลิ่นหอมทนนาน ชอบตรงที่ทาแล้วดูสดชื่นอ่ะ กลิ่นหอมเนียนตลอดทั้งวัน. Twelve Plus ของมันต้องมีอ่ะ 😘😍😁,positive,1
5807,5807,รำคาญทวิตที่เป็นโฆษณาการ์นิเย่ เลื่อนกี่ทีก็เจอ,negative,0
5808,5808,จอยจี้คนเดิม เพิ่มเติมคือผมสั้นแล้ว ลุคนี้บอกเลยว่าไม่ได้เห็นบ่อยๆ แน่ 💖 แว๊บไปงานเปิดตัวแป้งตัวใหม่ล่าสุดของ Mille Beaute ของมันต้องมี เพราะเป็นสูตรชาโคล สวยด้วย ดูดซับสิ่งสกปรกด้วย เก๋เว่อร์ มี 3 เฉดสีนะฮะ,negative,0
5809,5809,เมาไหมละ 5ขวดลีโอ เออกูแดกเอง ไอสัสตาเยิ้มเลย,negative,0
5810,5810,เอาดีแมกไปขายยย,negative,0
5811,5811,โมเม้นสุดน่ารัก ของครอบครัว คุณเนย โชติกา และสามี คุณอาร์ม จันทร์สิริ มาเปิดเผยความรู้สึกครั้งแรกผ่านกองทัพสื่อมวลชน ถึงลูกชายคนแรก น้อง อคิณ ที่คลอดเมื่อช่วงสายของวันที่ 9 พฤศจิกายนที่ผ่านมา ทางสมิติเวชคลับ ขอแสดงความยินดีด้วยนะคะ #SamitivejHospital #โรงพยาบาลสมิติเวช,positive,1
5812,5812,ตลาดเทพประสิทพัทยาขายกลางตลาดนัดไม่เหนไปจับล่ะ,negative,0
5813,5813,ดีงามยกเซ็ต,positive,1
5814,5814,ปกติมีกุ้งแก้ว วันนี้ปลาไข่ก้ไม่มี กุ้งก้ไม่มี,negative,0
5815,5815,เห็นโฆษณาเมื่อวาน มันบอก ลิมิเตด เอิ่มมมมมม ผ้าอนามัย มันจะมีคนสะสมผ้าอนามัย จริงๆหรอ,negative,0
5816,5816,สมัย รสช. เรืองอำนาจคลิปก็มีหลุด คนหน้าเหมือน รองหัวหน้า รสช. ซั่ม กับอดีตนางงามจักรวาล มีลูกผัวตัวเมียกันทั้งคู่ไม่หนักกว่านี้เหรอ นี่คู่นี้แต่ละคนโสด หญิงก็เกือบจะ 40 ชายก็ 60 กว่า สลิ่มมองเป็นเรื่องการเมือง เขาคือผู้เสียหาย คนแพร่คลิปมันควรติดคุก เอาตีนคิดก็พอสมองไว้ใส่หญ้า,negative,0
5817,5817,แสงโสมเพียวแฮงๆๆๆ แช่อี้แน่,negative,0
5818,5818,ดีนะเป็นฟอร์ด ถ้าวีออส เละ!!!,negative,0
5819,5819,ถ้าหมายความว่าการใส่สวิงอาร์มคาบอนนั้นโกง เรียนว่าท่านเข้าใจผิดนะครับ หลายค่ายใส่มาก่อน บางทีมใส่มาแล้วเป็นสิบปีครับ ฮอนด้าเพิ่งเริ่มมาใช้เลยถูกจับตาแค่นั้นเอง,negative,0
5820,5820,หืมม เพิ่งจะเคยแพ้ผ้าอนามัยอะ แบบบ..ฟกะไยดฝแบห้ห้ำคำรกยด,negative,0
5821,5821,น่าจะเป็นคอนเสปของเค้าครับ ถ้าจะทำแรงๆ ก็จูนแบบอัลติสเก่าก็ได้ เค้าทำออกมาเน้นประหยัดรักโลกสุดๆมั้งครับ จูนไม่เผื่อคนขับแรงๆบ้าง พอเข้าใจวิถีเค้านะ มีอีกหลายคนที่เสียดายถ้าได้สัก10วิ คงตัดสินใจง่ายกว่านี้,negative,0
5822,5822,จนแต่ขับมาสด้า3ป้ายแดง?,negative,0
5823,5823,ไปๆๆนักวันมาเลยย,positive,1
5824,5824,อยากกินบุพเฟ่,positive,1
5825,5825,แหม่...,negative,0
5826,5826,ตอบดี กินต่อก็ได้😁,positive,1
5827,5827,นี้ๆ มาจับแถวบ้านกุนิ บุหรี่ไฟฟ้า นราธิวาส มาๆๆๆๆๆไอสัส ต.ร หรือลุกหมา คำพุด พอได้เกิ้น ควย,negative,0
5828,5828,เสียใจย,negative,0
5829,5829,น้ำตาไม่ช่วยอะไร บาบีก้อนสิจะเยียวยาเอง,positive,1
5830,5830,เบื่อแล้วเด้อ (@ BarBQ Plaza Robinson),negative,0
5831,5831,จะดีเราะ,positive,1
5832,5832,Nissan navara สวยดีชอบๆครับราคาก็ไม่แพงเกินไปคุ้มๆครับ,positive,1
5833,5833,น้ำซุปต้มยำ ต้องเพิ่มมันกุ้งไหม เด็กสูง 108 เสียเงินมั่ย,negative,0
5834,5834,มันไม่ลดแล้วอะ ฮือออ,negative,0
5835,5835,จัดไปอย่าให้เสีย,negative,0
5836,5836,ว่าแล้ว ไม่น่าจะมีคนชอบนะ ของกานิเย่เค้าใช้ไม่ค่อยโอเลย แถมสิวขึ้นอีกมันน่าจะมีน้ำหอมอ่ะ พวกโฟมไรงี้,negative,0
5837,5837,ใจน้องบางยิ่งกว่าหมูสไลด์เอ็มเค,negative,0
5838,5838,จะมาเมาSPY ไม่ได้นะ...ดูกากงะ,negative,0
5839,5839,กินช้างท้องอืด,negative,0
5840,5840,ไปจั่งได่ละเลิกงานกะปิดแล้ว,negative,0
5841,5841,ผมละเสียดายตรงบิ๊กซี่อ้อมใหญ่,negative,0
5842,5842,คิดถูกละ เปิดสปายกิน แม่งเง้ยย เหงาเห้ๆ,negative,0
5843,5843,เวลาเก็บเงิน โทรมาทวงยิกๆ เวลาเน็ตหาย เน็ตกระปิดกระปอย บอกให้เราเช็คเองเป็นระยะๆ. หมดสัญญา ย้าย!!,negative,0
5844,5844,เคยกินไส้อ่อนเหนียวมากเคี้ยวไม่ขาดเลยคะ...แนะนำควรต้มจนเปื่อยแล้วนำมาเสริฟดีกว้าแบบดิบนะคะ,negative,0
5845,5845,รับไปไหน555,positive,1
5846,5846,แต่ตอนนี้ทุ้กทุก 55555,positive,1
5847,5847,เมื่อวันที่ 11 ธ.ค. เวลาประมาณ 18.00 น. ครับ,negative,0
5848,5848,แพ้กลิ่นบุหรี่ไฟฟ้าอย่างจิงจัง,negative,0
5849,5849,กด love ❤️ ชอบความเรียบง่ายของ SPY Cooler ค่ะ ไม่ว่าปาร์ตี้งานไหนๆ อยากจัดแอลกอฮอล์แบบเบาๆต้องนี่เลย SPY นี่ล่ะใช่เลยตอบโจทย์🍾 รสชาติเบาๆ ละมุน แอลกอฮอล์ไม่มากดื่มได้เรื่อยๆ สังสรรค์กันได้เต็มที่ จะนั่งคุย ร้องเพลง หรือรับลมเย็นๆ จิบ SPY ไปด้วยก็ฟินสุดๆไปเลยค่ะ🏖,positive,1
5850,5850,วัดใจกันไป ถ้าฟ้องแล้วแพ้งานนี้ ผมว่าคนที่ถูกฟ้องจัดหนักแน่ๆ ถ้าฟ้องแล้วชนะ คงแปลกๆน่าดู แล้วทีนี้ก็จะกลายเป็นมาตรฐาน กับยี่ห้ออื่นเลย รถมีปัญหาให้ศูนย์ดึงๆเกมส์ไป หมดประกันก็ตัวใครตัวมัน ไม่ว่าฝ่ายไหนชนะมาสด้าก็หมดความน่าเชื่อถือไประดับนึงแน่ๆ ถ้าฟ้องแล้วชนะ รถมีปัญหา ไม่แก้ให้จบ ดึงจนหมดประกัน ลูกค้าร้องเรียนแล้วยังโดนฟ้อง ใครจะกล้าเสี่ยงซื้อรถงานนี้ ลูกค้าเก่ารวมทั้ง M2 มีหนาวๆร้อนเพราะยังแก้ไม่หายอีกเยอะ ถ้าฟ้องแล้วแพ้ M2 คงจัดหนักตามมาติดๆแน่ๆ เคส M2 นี้จริงๆดังกว่า CX-5 นะ ดั่งสุภาษิตกล่าวไว้ M2ยังไม่ทันหาย CX-5 ยังเข้ามาแทรก 😨😨😨😨😨😨 ว่าแต่ถ้าแบบนี้แต่พีีที่ชูป้าย HRV จะโดนด้วยไหม แหะๆยังนึกเสียวๆแทนพีีเขาเลย แต่ผมว่า ฮอนด้าไม่ทำอะไรงี้เง่าให้เสียชื่อแน่ๆ 5555,negative,0
5851,5851,นี้ก็น่าสนใจ~,positive,1
5852,5852,เป็นห่วงที่บ้านมาก แม่บอกฝนตกตลอดเวลา ได้ยินเสียงสะเทือนไปทั่ว กลางคืนคือน่ากลัวมาก พายุเข้ารอบนี้หนักจริง,negative,0
5853,5853,พรุ่งนี้ติพี่ 😂😂😂,positive,1
5854,5854,ไปๆๆๆกัน,positive,1
5855,5855,วันนี้ต้องจัด,positive,1
5856,5856,ใช่ๆ เห็นเขาขายกันเกลื่อนไม่ใช่ว่าจะแพงอะชีสบอล,negative,0
5857,5857,อร่อยจังเลย. อยากไปบ่อยๆ แต่ล่าสุด ไป ขอพริกกระเทียม ไม่รู้พนักงานไม่พร้อมบริการหรือเปล่า กระชากถาดพริกแถมมองบน ถ้าไม่พร้อมทำงาน น่าจะจัดเตรียมของให้พร้อมก่อนให้ลูกค้านั่งนะ,negative,0
5858,5858,ชุ่ย,negative,0
5859,5859,#ไม่แพงเอาเข้าจริงแล้ว เพราะสั่งอาหารอย่างละ2 และบองคิดเล่นๆ เบียร์ช้างขวดละ120 น้ำขวดละ50 มะพร้าวลูกละ60 ข้าวผัดทะเลโถละ100 ข้าวแค่โถละ60 ส่วนอาหารทะเลก็สมควรแกราคาถ้าไปกินที่ร้านก็ประมาณนี้แต่ทางร้านของป้า เขียนอาหารทะเล500 แต่ติด 700 ลูกค้าไม่ยอมน่าจะเป็นส่วนนี้ตามจริงแล้วทางร้านต้องแจ้งก่อน,negative,0
5860,5860,ถ้าใช้พื้นร่วมกับพรีอุส อัลติส ก็ถือว่าถูก รุ่นใกล้กัน เห็นมีบางยี่ห้อที่ขายอยู่ เอารถเล็ก 1.5 มาขยายตัวถัง ใส่เครื่อง 1.8 เพิ่มราคา จากสามแสน เป็นล้าน ยังหลอกขายคนไทยได้สบาย,negative,0
5861,5861,พรรค #อนาคตใหม่ ก็มีดีบ้าง เสียบ้าง ตามประสาพรรคเกิดใหม่ แต่เหตุผลที่หลายคนตัดสินใจเลือกพรรคนี้ . ก็เพราะว่า เป็นพรรคที่มีจุดยืน เป็นขั้วตรงข้ามกับเผด็จการทหาร อย่างชัดเจน,positive,1
5862,5862,ได้หมด ถ้ามีคนจ่ายตัง,positive,1
5863,5863,ชอบอ่ะ,positive,1
5864,5864,สีลิปสติกที่ชอบของ 4U2 คือสี 1. สีส้มอมน้ำตาล 2.สีพีช 3.ชมพูกระปิ 4.สีแดงมะเหมี่ยว,positive,1
5865,5865,เดี๋ยวนี้หม้อแม่งมี 4 น้ำ,negative,0
5866,5866,ตาดีตาเสียก ธรรมดา 555555555,negative,0
5867,5867,ครับๆ แล้วถ้าเป็นเด็กต่ำกว่า 18+ มาลอง จนผู้ใหญ่หลายคนมองว่าจะให้ถูกกฏหมายยังไงล่ะในเมื่อเข้าถึงเด็กพวกนี้ คุณไม่เดือดร้อนบ้างเหรอในฐานะเป็นคนนึงที่อยากให้มันถูกกฏหมาย ผมแค่มากล่าวมาแสดงความเห็นว่าที่มันยังไม่ถูกสักทีก็เพราะมีคนจำพวกนี้แหละ ไม่ได้ห้ามว่าอย่าลอง เพราะห้ามไม่ได้,negative,0
5868,5868,ทำไมอะ ไหนว่าทุกสาขา,negative,0
5869,5869,บาบีก้อนทำพิษ....,negative,0
5870,5870,วันนี้ไม่มีไลฟ์…แต่มีรูปให้ดูแทน กับการรวมภาพบรรยากาศ 3 วันสุดเดือด กับปาร์ตี้ Smirnoff Non-Festival ที่พาดีเจไปให้สุดที่บ้านคุณ ไม่เห็นต้องมีเฟสติวัล ก็สนุกได้ทุกที่ สำหรับใครที่พลาดในปีนี้…. เสียใจด้วยนะ T T รอติดตามรอบหน้าได้ทางเพจของเรานะครับ #ไปให้สุดอย่าหยุดแค่เฟสติวัล #SmirnoffNonFestival,negative,0
5871,5871,เดี๋ยวนี้บริการแย่นะ ไม่แน่ใจว่าลดพนักงานลงไม๊ อย่างช่วงเวลาเปิดร้านมันก็ใกล้จะเที่ยงแล้ว พนักงานควรพร้อมทุกฝ่าย แต่ไปช่วงนี้ทีไร ทั้งอาหารและบริการแย่มาก ไม่เหมือนตอนบุฟเฟต์ พนักงานเยอะกว่านี้แยะเลยนะ,negative,0
5872,5872,เสือก,negative,0
5873,5873,วันนี้เลยมะ หมายถึงตอนเน้,positive,1
5874,5874,กานิเย่สอนให้รู้ว่า อย่าริอาจใช้ตอนที่หน้ามึงไหม้แดดมาก ไม่งั้นกูจะกัดจนแสบ อีควย โคตรพ่อโคตรแม่แสบ 5555555,negative,0
5875,5875,เฟสต้า+โฟกัส มีปัญหา รุ่นนี้คงไม่ต่างกัน ถ้ามาขายใน ฟอร์ดไทย ทำใจ บริการแย่ฟอร์ดไม่ดูแล,negative,0
5876,5876,"มิติใหม่ของผ้าอนามัยกลางคืน รีวิวสั้นๆ สะดวกสบายแต่แพงเกินไป 5 ตัว 8,000 วอน อยากลองก็ไปตำค่ะ",negative,0
5877,5877,ยอมรับว่านานๆกินที เพราะแพงแล้วยังได้น้อย แต่อร่อยครับ คนก็เยอะ วู๊วว รอนาน ว่าแล้วก็อยากไปตำ 5555,negative,0
5878,5878,ไม่ได้กินนานแล้ว,positive,1
5879,5879,สเมอร์นอฟแดกเพลินๆอ้าวมึนนรสหวานๆหลอกเราตายใจนักเชียวว,negative,0
5880,5880,มันคือเนื้ออบค่ะเนื้อเปื่อยได้มา7ชิ้น 210บาทซึ่งปริมาณไม่แตกต่างกับขนาดเล็ก110ยาทเลนค่ะ,negative,0
5881,5881,เสาร์มะ,positive,1
5882,5882,โอ้ย สมัยก่อนก้อมีแท้กซี่ ซีวิคตัวไดเมนชั่นอ่ะ แต่ที่เค้าไม่นิยมมาทำอ่ะเพราะมันซ่อมจุกจิกไม่จบแพงด้วย.. ก้อเลยมโนไปว่าฮอนด้าห้ามทำ จะรับซื้อคืนนุ้นนี้นั่นวุ้ ว่าตามสัญญาซื้อขายรถ ไม่มีข้อไหนระบุว่าต้องซื้อคืนสักหน่อย,negative,0
5883,5883,เจออย่างบ่อย แมลงสาบในบาบีก้อนอ่ะ นี่ชินแล้ว 555,negative,0
5884,5884,สู้ๆคับเป็นกำลังใจให้คับ,positive,1
5885,5885,แดกไหม,positive,1
5886,5886,คืนนั้นของเดือนเป็นกังวลใช่ไหม นอนหลับไม่สนิทเป็นกังวลกลัวซึมเปื้อน ทำให้ไม่สบายตัวใช่ไหม ลองเปลี่ยนมาใช้ลอรีเอะ ซอฟท์แอนด์เซฟ เอ็กซ์ตร้าโพรเทคชั่น แอนตี้แบคทีเรียแบบกลางคืนสิแผ่นเดียวเอาอยู่ ไม่มีกลิ่นอับชื้นแถมด้วยไซด์บล็อคหยุดการซึมเปื้อนด้านหลังทำให้นอนหลับสนิทตลอดคืน รับรองฝันดีจ้า ลองใช้ดูนะ ดีจริงๆจ้า,positive,1
5887,5887,ยูเซอรีนโอเมก้าดีมาก,positive,1
5888,5888,แพง โฮกาเด้นแพงกว่าร้านอื่น 50บาท ถือว่าแพงมว๊ากกกกกกกกกก สำหรับเค้า 55555 แต่เมื่อคืนกิน Seeing rose แ…,negative,0
5889,5889,ขอลายล้ะเอียด มาสด้า2,positive,1
5890,5890,เอ็มเคก็มีเครื่องดื่มชีสกับเขาด้วย55555 แต่เซง ชอบชุดตอกไข่หง่ะ หมดโปรไปซะละ //วันพ่อคนเย๊อะเยอะ แต่ก้งี้หล่ะ เรายังมากับพ่อเลย5555,negative,0
5891,5891,ไม่กินเรดจ้า,negative,0
5892,5892,ที่ประกันยอมจ่ายให้ทุกรายผมว่าคงไม่อยากให้เป็นข่าวเสียๆหายๆครับ เพราะอาคเนย์ เจ้าของระดับเจ้าสัวของเบียร์ช้างหมด10 20ล้านคงไม่หนักกับเขาหรอกครับรวยระดับพันล้านขนาดนี้,negative,0
5893,5893,เบียร์ช้างขวดล่ะ120-เลยหรอ?,negative,0
5894,5894,นี่กินคริสตัล แล้วชอบสุด แต่ไม่กินสิงห์ วนเวียนอยู่แค่คริสตัลกับเนสเล่ น้ำ7ขวดสี่เหลี่ยมอะ,negative,0
5895,5895,เอารถเข้าศูนย์ toyotaก็มีโขมยน้ำมัน จับมันไม่ได้ อืม 🙄,negative,0
5896,5896,เช่าชุดแพงกว่าค่าอาหารอีกกก,negative,0
5897,5897,หึหึหึหึ ไม่มีโชคไงงง!!!!!,negative,0
5898,5898,Nissan CVT-7 ที่เมกา ยืดระยะเวลารับประกันให้เป็น 10 ปี ที่ไทยปล่อยเงียบ คนใช้เองก็เสียงไม่ดังพอด้วย แถมปกป้องรถกันเองอีกต่างหาก,negative,0
5899,5899,ถ้าพกเครื่องเดียวปรับ1000-5000แค่นั้นครับ ปรับเป็นแสนมันกฏหมายผู้ขาย ถ้าจริงนายเจอตำรวจเหี้ยที่มีแค่1%แล้วละ,negative,0
5900,5900,เกลียดจริงๆลย พวกแบบขึ้น #BTS เวลาเบียดๆช่วงเวลาเร่งรีบ โดนตัวนิดหน่อยไม่ได้เลย ทำเป็นแหยง ปัดผมใส่ แม้กูอยากโดนตัวมึงมากเลยมั้ง รู้นิเวลาเร่งรีบใครๆก็อยากกลับบ้าน ถ้ามึงไม่อยากเบียดก็ไปนั่งรถส่วนตัวไป ทำเป็นดัดจริต ถ้าไม่ติดว่าไม่อยากมีเรื่องกุจะด่าแม่งบน #BTS แล้ว อีดอก,negative,0
5901,5901,น่าสนใจจจ,positive,1
5902,5902,จะถือ Pantone ไปตรวจปรู๊ฟด้วยว่าสีตรงมั้ย 😆,positive,1
5903,5903,ยังเข้าไม่ได้เบย,negative,0
5904,5904,ไม่กล้าใช้นิกซ์อะ คนแพ้เยอะ กลัวใช้ละแพ้,negative,0
5905,5905,เสียใจจ,negative,0
5906,5906,อยากไปวันที่ 13 มากๆเลยครับ ุลุ้นๆ #S2O2018 #BLEND285 #FindYourJoy #ใช้ชีวิตให้กลมกล่อม,positive,1
5907,5907,ร่างกายต้องการแสงโสมงี้หรอ,positive,1
5908,5908,Smirnoffนี่ไม่ว่าจะมาในขวดหรือกระป๋อง ก็ทำให้คนแดกชิบหายหมด,negative,0
5909,5909,ฝี หนอง พญาธิ,negative,0
5910,5910,พี่สายพานหน้าเครื่องวีออส2010เปลี่ยนแล้วยังดังอยู่มันเป็นอะไรครับ,negative,0
5911,5911,ก็scbอะ ผูกกับเบอร์ ละไม่รู้ว่าอีเลขปชช.เนี่ยไปผูกกับอะไรไว้ ถามต้นทางก็โยน ถามปลายทางก็โยน อีเหี้ยเอ้ย กูแบบเอ้า ไม่รู้ซะที,negative,0
5912,5912,เมอนอฟป๋องดำแดงไม่เห็นน็อคเลยวะะะะ อัพกิลเว้ยยยย,negative,0
5913,5913,พวกมึงยัดกูจะยัดบ้าง ดูแลบ้านเมืองประสาอะไรโจรเต็มบ้าน เทเคมีพาสเจอร์ไล บมเบียร์ช้าง กันจนประชาชนฅนการเมืองเดือดร้อนกันจ้าระหวั่น ที่พระนครศรีอยุธยา น่าด้านผาลโกงกินจนฅนดีอย่าง ยิ่งลักษณ์ ชินวัตร และ ทักษิณ ชินวัตร ผลัดจากบ้านเมืองไป ไกลถึงต่างแดน โน้น บริษัท เบียร์ช้าง โน้น วางแผนเทสารเคมีพาสเจอร์ไล เพื่อหสังยึดทรัพย์ขับไสให้ตกูลชินสิ้นเนื้อประดาตัว จนต้องกลับมารับทุกข์ที่ สิริวัฒนภักดี เจ้าของเบียร์ช้าง 4 สาขา ทั่วทั้งเมืองไทย วางแผนไว้นานนับสิบปี หับการเทสารเคมีนํ้าเสียจากตะกอนเคมีพาสเจอร์ไลนํ้าเบียร์ช้างให้คงทนต่อเวลา และบําบัดเป็นนํ้าดีที่ปล่อยลงห้วยหนองคลองบึงไม่ได้จึงใช้วิธีนี้ คล้ายทฤษดี ของพระบาทสมเด็จพระเจ้าอยู่หัว แซนวิช แต่ำระบาทสมเด็จพระเจ้าอยู่หัว ทรงทําเพื้อประชาชนฅนในชาติจึงมิได้ผสมสารอันตรายแต่อย่างใด ส่วนเบียร์ช้างหวังบังคับรับเงินจากคนรํ่ารวย จึงสั่งสารขั้นต้นมาประกอบลักลอบทํา จริงมะไอ้หนุ่ม สถาปนะ สิริวัฒนภักดี กับพวกผ่อง ไอ้ตกูล รายเดือนในแผนชั่ว รายเดือนแต่จ่ายแค่ 26 วันตัดออก 4-5 วัน รายเดือนประสาตกูลชั่วมึงเหรอ อย่าออกมา,negative,0
5914,5914,เบื่อพวกที่ชอบเข้ามาด่าประเทศตัวเอง ได้ลองกินหรือยังก็ไม่รู้ เบียร์ลาวนี่เคยลองซื้อมากิน 2-3 ขวด ซื้อที่นี่แพงมากขวดละเกือบ 200 บาท ส่วนรสชาตบอกเลยว่าไม่คุ้มกับราคาเท่านี้ เพราะจืดมาก และความหอมยังสู้เบียร์บ้านเราไม่ได้ คอเบียร์ที่กินหนักๆสามารถกินได้เป็นลังๆเลย เพราะเบากว่าเบียร์บ้านเรา ที่เขาขายดีเพราะบ้านเขามีเบียร์ยี่ห้อนี้ยี่ห้อเดียว ไม่มีคู่แข่งหรือเปล่า (นับเฉพาะเบียร์สัญชาติลาวอย่างเดียว ไม่นับพวกไฮเนเก้น เชียร์ อะไรแบบนี้นะ),negative,0
5915,5915,วันนี้เชียร์ใครดี ระหว่าง อุเทน กับ สำนักงานทรัพย์สิน คือไม่ใช่อะไรหรอก หาตังได้ขนาดนั้น ทำไมถึงยังเพิ่มค่าเทอมเรื่อยๆ วะ -”-,negative,0
5916,5916,บ้านอันเดรียไม่มีบาบิก้อนอะ,negative,0
5917,5917,มีส่วนลดไหม ลีโอในดัช. ข้าชอบ แดกช้างมาก,positive,1
5918,5918,ไปสิคะ,positive,1
5919,5919,ขอบคุณมากค๊าา..เดี๋ยวไปทานแล้วจะถ่ายรูปสวยๆมาให้นะคะ ^^,positive,1
5920,5920,ถ้ามันถูกกม. จะเสียประโยชน์มหาศาล เลยไม่ถูก กม. ในไทย,negative,0
5921,5921,โอ้ยเข้ากับบรรยากาศ,positive,1
5922,5922,มิซูมินี่เคยใช้แต่คลีนเซอร์อยากลองกันแดดบ้าง,positive,1
5923,5923,เพราะอินนิสฟรีเซตนี้น้องงานดีจริงๆ ถึงยอมซื้อราคาที่แพงจนหมดเงินแดก สำหรับนี่ราคานั้นคือแพงชิบหายแล้วใช้ผลิตภัณฑ์ไ…,negative,0
5924,5924,จะกินต้องใช้บัตรเรื่องเยอะ,negative,0
5925,5925,สเมอนอฟสีฟ้านี่ไม่อร่อยเลย,negative,0
5926,5926,Teana รถดีนะ ผมเคยใช้ J32,positive,1
5927,5927,แม่นางชุลีกร อยากแซ่บหรอเจ้าค่ะ ข้าว่า เรา ทำรับทานกันที่เรือนจะดีกว่าไหม ชวนคุณพี่มาด้วยย,negative,0
5928,5928,เลือกปฏิบัติครับ. เหมือนพวกหิวเงินครับคนพวกนี้ (บางคน),negative,0
5929,5929,คือวันนี้ไปสั่ง MK ที่สาขาโลตัสบางกะปิ คือเข้าใจว่าคนเยอะมาก แต่เดินไปรอหน้าร้านไม่มีพนักงานสนใจเลย พอจะเดินไปสั่งอาหารก็เดินหนี ต้องเรียกหลายครั้ง สั่งเสร็จรออาหารเกือบ ครึ่งชั้วโมง สั่งแค่เป็ดกับหมี่หยกแล้วก็เผือกทอด คือโต๊ะที่นั่งกินเขาลุกไปหมดร้านแล้วของยังไม่ได้ คือรันออเดอร์กันยังไงให้ลูกค้ารอเป็นครึ่งชั่วโมง ถ้าไม่ตามคือไมไ่ด้กิน อารมณ์เสียมาก,negative,0
5930,5930,ความสนุกจากการได้ร้องเพลง ได้กระโดด พร้อมจิบเบียร์ลีโอเย็นๆ ให้มันชื่นใจ #LEOLUTION,positive,1
5931,5931,เบือตอนผ้าอนามัยมันบิดไปมาไม่ค่อยติดกางเกงใน,negative,0
5932,5932,ปลาหมึกสัมผัสปลอมแบบนี้คือสิ่งที่เหี้ยที่สุดของปีที่ผ่านมา ขอให้ไม่เจอแล้วเลิกใช้กันได้แล้ว จะทำร้านอาหารก็ใส่ความตั้งใจลงไปด้วย,negative,0
5933,5933,เรื่องการตลาด กับการดูแลซ่อมแซมรักษาครับ... อันนี้เครื่องช่วงล่างโตโยต้า มีศูนย์เยอะ ดิวง่าย อะไหล่เยอะ... ฟอร์ดนี่บางที่เข้าไปยังให้ไปเข้าศูนย์ที่ซื้อมาเฉย ช่างก็แย่นะ ส่วนตัวว่าโตโยต้าซ่อมง่ายสุด,negative,0
5934,5934,กวนตีน,negative,0
5935,5935,ดราม่าเรื่องหมูบาบีก้อน / แล้วนี่พึ่งไปกินมา 5555555555555555555555555555555555555555,negative,0
5936,5936,บัยอแดกราคาเต็มก้ได้จย้า,negative,0
5937,5937,แท๊กแลเผื่อสนใจ,positive,1
5938,5938,ผ้าอนามัยเอลิสดีนะ กาวติดแน่นและไม่ระคายเคืองผิว นี่สลับใช้กับ sofy cooling fresh หน้าร้อนก็ใช้โซฟี เย็นทั้งกลางวันกลางคืน หน้าหนาวใช้เอลิสก็สบายๆ😁😌,negative,0
5939,5939,ซื้อให้ไอ้อ้วน,positive,1
5940,5940,นั่นไงครับ!!!! แม่งหาคนหารบาคาดี้แล้วกูก็โดนด้วย หนูเห็นพี่เป็นคนมีเงินหรอเจี๊ยบ,negative,0
5941,5941,ห้องน้ำมีกลิ่นเหม็นเน่าตลอด,negative,0
5942,5942,เมื่อกี้ไปซื้อเบียร์ร้านขายส่งแถวตลาด เบียร์ขึ้นราคาแล้วอะ ปกติซื้อช้างใหญ่ขวดละ49 ตอนนี้ 52 แล้วอะ แง่งงงงง,negative,0
5943,5943,อยากกินอีกแล้วอะ😊😊😊,positive,1
5944,5944,ประเด็นคือ เรามีการเลื่อนวันสอบของ #dek62 กันแล้ว เพื่อไม่ให้ชนกับวันเลือกตั้ง ที่จะถึงนี้ (ขยับวันสอบเร็วขึ้น 1 อาทิตย์) แต่ตอนนี้มีข่าวว่าจะเลื่อนเลือกตั้ง ก็ขอให้เลื่อนวันสอบของเด็กกลับมาวันเดิมครับ ถ้ามีการเลื่อนเลือกตั้งจริงๆ น้องๆ ออกมาเรียกร้องเลยครับ #เลือกตั้ง62,negative,0
5945,5945,สรุปคือแพ้ cleansing water ของ Eucerin แบรนด์ที่เคลมว่าปลอดภัยสำหรับผิวแพ้ง่าย คือ.. แล้วกูจะชนะอะไรได้อีกวะอีดอกก…,negative,0
5946,5946,เคยใช้แค่ esteeนะคะ ไม่มีน้ำหอมค่ะ แอลเราไม่แน่ใจ กลิ่นมันแบบหืนๆแปลกๆเราใช้ครั้งเดียวเพราะไม่ชอบกลิ่นค่ะ,negative,0
5947,5947,น่าจะมีกฏหมายห้ามผู้สูงอายุขับรถ ขับช้าเสือกแช่กลาง แม่งขวางทางชิพหาย,negative,0
5948,5948,ใช้ของ Ter เป็นคูชชั่น ปกปิดดี แต่พอระหว่างวันแอบเยิ้ม แนะว่า ตบบางๆ พอ หน้าร้อนด้วย หน้าจะมันมาก แต่ถ้าไป ตปท. อากาศหนาวเอาอยู่แน่นอน ให้8/10 หักเพราะเยิ้มระหว่างวัน หน้าเรานะ คนอื่นไม่รู้ เราผิวผสมค่ะ ถึงขั้นต้องเอาแป้งloose ของ Bauté มากลบทับจะได้ไม่มัน,positive,1
5949,5949,อร่อย ตรงไหน ของมาวางไว้แห้งๆเหี่ยวๆ,negative,0
5950,5950,คืออะไรไม่เข้าใจอธิบายหน่อยค่ะก้อน ซื้อ1500 แล้วได้คูปอง500 สามใบ =1500 แล้วมันพิเศษตรงไหน,negative,0
5951,5951,แพ้ชิเซโด้อะ เศร้ามาก ดีนะเป็นแค่ขนาดเที่ยวอะ,negative,0
5952,5952,ไม่เคยกล้าซื้อครีมที่ขายตามเน๊ตอ่ะ คือแบบ กูกลัว คือครีมทาหน้าของพวก นีเวีย กานิเย่ อะไรแบบนี้ก็ไม่แพงนะ ทำไมถึงเห็…,negative,0
5953,5953,กฏหมายทำลายการท่องเที่ยว,negative,0
5954,5954,เออไปเจออายแชโดวตลับของอีทูดี้ เป็นแบบเพชรๆโกลวๆ โรสโกลวไรงี้ คือเพชรแน่นมาก วาวมาก ประกายมาก สวยมาก แต่ราคาไม่น่ารักเลยน้อง;-;,negative,0
5955,5955,ไม่มีสาขาใกล้ๆเลย เสียใจจจ,negative,0
5956,5956,ไม่อยากกินแระ,negative,0
5957,5957,สวยมากคับดีแมก,positive,1
5958,5958,ฝุ่น pm 2.5ก็มา พี่เต5555555 #gmmtvouting2019 #Tawan_v,positive,1
5959,5959,เปลี่ยนจากยาสูบ ทำน้ำยาขายไม่ดีกว่าหราาา,negative,0
5960,5960,เป็นคนเดียวป่ะที่ไม่ชอบกลิ่นเซ็ต innisfree bija โครตไม่ชอบเลย กลิ่นมันดูแนวสมุนไพรอ่ะ แต่ของ sulwhasoo กลับเฉยๆ,negative,0
5961,5961,อยากกินเป็ด,positive,1
5962,5962,แหม...จัดลานเบียร์สิงห์ เบียร์ช้าง ให้เขามาขายแค่น้ำเปล่า ขายโออิชิรึไงวะ เฮ้อออออ สมองไดโนเสาร์สุดๆ มิน่า ถึงไม่พัฒนา แถมยังตะหวงทำไมวะ...อำนาจเนี่ย,negative,0
5963,5963,👍👍👍,positive,1
5964,5964,a : อันนี้ไม่ใช่เบียร์สิงห์ว่ะ b : เขียนอยู่ว่าสิงห์ ไอสัด a : บ้า แม่งเขียน สิงห่าไร้,negative,0
5965,5965,เปิดคนให้ด่าได้แล้วหรอคะ แหมมม อิห่า เปิดราคา CHR กลัวขายดีหรอคะ ดูรถที่ราคาสมเหตุสมผลที่สุดตอนนี้คือ sienta,negative,0
5966,5966,ไปกินที่สาขา ไอที สแควร์วันนี้กับแฟน ไม่โอเคเลย เลิกตลอดชาติ กลับมาอ๊วก ละก้อท้องเสียทั้งคู่ ทั้งวันไม่ได้กินอะไรอย่างอื่นมาก่อน กินแค่ hotpot ค่อนข้างมั่นใจว่าเป็น hotpot แน่ๆอาหารดูไม่สะอาด ของก็ไม่ครบ ของหมดกว่าจะเติมช้ามาก ขนาดมีคนกินแค่3โต๊ะในร้าน จานที่ไม่กินแล้ว พนักงานก้อไม่ดูแล ไม่เดินมาเก็บ ปล่อยล้นโต๊ะ ไม่โอเคค่ะ,negative,0
5967,5967,มีปัญหานำเข้ารถโตโยต้าพรีอุสเหลี่ยงภาษี นายกเรื่องนาฬิกาพี่ใหญ่ก็ไปไม่เป็น,negative,0
5968,5968,อยากก😍,positive,1
5969,5969,เตาอบรับประกันยังไงคะ ขนาดเตาอบเท่าไหร่คะ,positive,1
5970,5970,ใต้ตาคล้ำมากเลยค่ะใช้คอลซีลเลอร์ของเมเบอลีนก็กลบไม่มิดค่ะควรทำอย่างรัยดีค่ะ,negative,0
5971,5971,น่าเสียดายที่แอคคอร์ดตัวใหม่ไม่สวยแบบนี้ โดยเฉพาะไฟท้ายที่ไม่ลงตัว มาเป็นติ่งแหลม,negative,0
5972,5972,นิสสันมองไทยเป็นตลาดรองอะ,negative,0
5973,5973,ป้ายน้องสวยมากๆๆๆๆๆ แบบมากๆๆๆๆๆๆๆๆๆๆๆๆๆๆๆๆ เดินผ่าน10วันก็จะถ่ายทุกวัน!!! โอเคจะกลับมากลับบ้านด้วยรถไฟฟ้าเพราะจะได้เดินผ่านป้ายยน้อง!!!,positive,1
5974,5974,สปายเนี่ยนะเมา เอ็นดูว่ะ5555555555,negative,0
5975,5975,☹️,negative,0
5976,5976,เบียช้างราคาแพงขึ้นอ้อยกินฟรี5555,negative,0
5977,5977,เธออออออออ,positive,1
5978,5978,ขอบคุณฟอร์ดมากครับที่ให้รถดีๆกับสีแตกๆแบบนี้มาให้ใช้ everest รถพึ่งออกไม่ถึงสัปดาห์ พบรอยแตกร้าวของสีบริเวณใต้ฝากระโปรงท้าย ต้องเปิดฝากระโปรงท้ายก่อนนะครับ อยู่บริเวณต่ำกว่าหลังคาลงมานิดหน่อย เป็นทั้งสองด้านซ้ายขวา ติดต่อศูนย์บริการแจ้งว่าฟอร์ดประเทศไทยให้นำรถไปทำสีใหม่ ขอโทษนะครับ รถป้ายแดงราคาเป็นล้าน ต้องไปจอดทำสีแล้วหรอครับ ศูนย์ได้นำรถคันอื่นมาให้ดูบางคันก็เป็นครับ ให้ผมดูเพื่ออะไร เพื่อให้ยอมรับข้อบกพร่องของรถหรอครับ? รูปเพิ่มเติมในคอมเม้นนะครับ,negative,0
5979,5979,ติมอร่อย,positive,1
5980,5980,แท็กตั้ง9ครั้งเลขมงคลไปแดกกก,positive,1
5981,5981,จะเรียกว่าถูกหวยป่าวคะ😄 แต่คุณมีน้ำใจมากค่ะชี้แจง แบบเรียบๆ แบบเข้าใจทางร้าน,positive,1
5982,5982,รถผมเกียร์พังคาตีนเลยครับ รถไม่ได้แต่งอะไรเลย. Honda city zx,negative,0
5983,5983,อดเลยเห็นมั้ยยย มัวแต่งอแง 😝,negative,0
5984,5984,ต้มยำ!!!!,positive,1
5985,5985,แนะนำสีชมพูค่า นีเวีย เอ็กซ์ตร้า ไบร์ท ไมเซล่า วอเตอร์ค่า,positive,1
5986,5986,เสียใจเลย,negative,0
5987,5987,show dc นี่มันอยู่ตรงไหนง่ะ ตั้งแต่ aoa มาครั้งที่แล้วจนตอนนี้ก็ยังไม่รู้ ถถถถถถถถถ,negative,0
5988,5988,กูคนเดียวป้ะที่ใช้mamonde 23ละออกชมพูแปร๋นอยู่คนเดียว ทำไมมันไม่ตุ่นเหมือนชาวบ้านเขาบ้างงงง!!!!!!,negative,0
5989,5989,แนะนำเลยร้านนี้บรรยากาศ​ชิวๆ​ อาหารอร่อย​มีตั้งแต่ซูซิ​ สเต็ก​ ปิ้งย่าง​ อาหารเริสมากต้องมากโดนจริงๆ​ เบียร์อร่อย​ มากันเยอะๆจ้า​ ร้านชื่อsaltland เด้อหาในเฟสโลด #รีวิวอุดร #รีวิวอีสาน,positive,1
5990,5990,จะไม่ซื้อ jaspal จะไม่กิน barbq plaza 555555,negative,0
5991,5991,ป่ะ จัดมั้ยๆ,positive,1
5992,5992,กูกับแก๊งอีป้ารอบๆ คือโบกจนเขม่นกัน โบกจนเหนื่อยจนล้า จนกลายเป็นเห็นใจกันละด่าแท็กซี่ด้วยกันละอะ เกลียดอีป้าแต่ก็คือไม่ได้ไปทั้งคู่อะ ลบบวกลบเป็นบวกอะ อปป้าคนขับแท็กซี่เหมือนมองไม่เห็นกูอะ กูเป็นผีเหรอ อีกนิดกูจะชวนแก๊งอีป้าทำโปรเจ็กต์เรียกอปป้าละนะ /meกางแผ่นกระดาษเขียนว่าอีควาย,negative,0
5993,5993,เย็นนี้ไปลองกันมั้ย กินเบาๆ,positive,1
5994,5994,นิสส้น นาวารา กึ่งรถเก๋งกึ่งรถปิคอ้พ เเข็งเเรง ปลอดภ้ยไช้งานคุ้ม มืบ้ตรเติมน้ำม้นให้อืกด้วย,positive,1
5995,5995,อะ… รู้ว่าเหนื่อย เอา Absolut & Lime แก้วนี้ไปดื่มให้สดชื่นก่อนละกัน #Absolut #AbsolutThailand,positive,1
5996,5996,อันนี้คือชาเอิร์ลเกรย์ครีมชีส ทำได้แย่มาก ไม่ได้อคติ MK นะคะ ดิฉันเป็นสมาชิกแพลทตินัมค่ะ,negative,0
5997,5997,เพจแสนสิริแฟมิลี่โดนถล่มจากหลายคนมากๆ เรื่องสร้างคอนโดไม่ทันกำหนด ช้าเป็นเดือน แถมปัญหาต้องซ่อมเยอะอีก เรื่องแบบนี้ยิ่งแก้ช้า ยิ่งมาเรื่อยๆ,negative,0
5998,5998,นิสสัน นาวารา สปอร์ตเทคคุณภาพดีมากๆมีโปรโมชั่นดีๆแบบนี้ต้องรีบๆหน่อยนะคะ,positive,1
5999,5999,สวยด้วยกานิเย่ไม่ต้องใช้แอพค่ะ,positive,1
6000,6000,ดูในรูปและอ่านเมนูหน่อยจ้ะและเราก็ไม่กินแล้วละMk ถ้าในโฆษณารูปเป็นแบบนี้แต่ของจริงเป็นอีกแบบนึง,negative,0
6001,6001,Nissan X-Trailไม่ทำให้ผิดหวังเลยด้วยเทคโลยีที่ตอบโจทย์ได้มาก,positive,1
6002,6002,ไม่ได้ต้องการ ผ้าอนามัยอะไรมากเลย นอกจากกาว ของกาวแน่นๆ กว่าทีค่ะ,negative,0
6003,6003,ว่าแล้วก็ไปหยิบลิปสติค YSL มาแกะ 😭😭 ต้องให้คุ้มถึงวินาทีสุดท้ายคะะะะะะะะะะะะ 😂😂,negative,0
6004,6004,นี่เลย 555,positive,1
6005,6005,"Elasgrow ช่วยปรับโครงสร้างผิวให้กระชับมาจากภายใน, 3D Hyaluronic Acids ทำหน้าที่สร้างตาข่ายล็อคความชุ่มชื่นล้ำลึกได้อย่างยาวนาน ซึ่งทั้ง 2 ส่วนประกอบจะร่วมกันซ่อมผิวแก่ให้ดูอ่อนเยาว์ได้ หลังการบำรุงด้วย Hada Labo Anti-Aging Lotion เป็นประจำนะคะ #HadaLaboAntiAgingLotion #1stStepAntiAging #โลชั่นซ่อมผิวแก่",positive,1
6006,6006,เล็กหยิบ ไวตามิ้นท์ไปยี่ห้อหนึ่งละ จะเลิกสิงห์อีกยี่ห้อละ กินทุกวันเลย ต้งปรัยสภาพร่างกายใหม่อีกรอบ,negative,0
6007,6007,ที่บ้านมีรีโว่4ประตูพอสัมผัสฟร์อด4ประตู บางทีก็ยากถามนะ คือ รถ2รุ่นนี้มึงคือรถเกรดเดียวกันปะวะ ทำไมความรุ้สึกของช่วงล่างมันห่างไกลกันจังฟร์อดกินในทุกๆย่านความรู้สึกเลยเฮ้อ,negative,0
6008,6008,เป็นคนผิวหน้ามันและรูขุมขนกว้าง ผิวมันแต่ขาดน้ำ วันไหนไม่ได้แต่งหน้าคือ หน้าสดไม่รอดค่ะ😅 แต่ยังโชคดีที่มาเจอน้ำตบLife Plankton ของBiotherm ใช้ขนาดทดลองมา2ขวดเอง รู้สึกว่าผิวหน้าชุ่มชื้น ผิวใสขึ้นมาก นี่ขนาดใช้ในปริมาณเล็กน้อยเท่านั้นนะคะ ผลลัพธ์ปลื้มมาก ช่วงมีสิว ตบน้ำตบก่อนนอนตื่นมาสิวยุบ เลยอยากได้ AQUASOURCE AURA มาเป็นคู่ซี้อีกตัว จะได้เปิดเผยหน้าสดแบบไม่อายบ้างค่ะ😘 #Beautygalerie #CentralDepartmentstore #BIOTHERMTHAILAND #AQUASOURCEAURA #หน้าสดแต่ไม่เศร้า,positive,1
6009,6009,เย็ดเข้ เป็ด+เอ็มเค อร่อยมาก ใครมาก็คงอยากกิน,positive,1
6010,6010,มีโปรโมชั่นสาขาแถวเมกาบางนาไหมค่ะ,positive,1
6011,6011,กฏหมายไทยมันเป็นกฏหมายเตะหมูเข้าปากหมา เป็นแบบนี้มานานแล้ว ทำใจเถอะก็เหมือนโต๊ะสนุ๊กเกอร์แหละครับ ไม่มีวันถูกกฏหมายแต่มีทุกจังหวัดแทบทุกอำเภอในไทยและมีโต๊ะไหนบ้างที่ไม่จ่ายส่วย? ไม่มีหรอก,negative,0
6012,6012,อยากกินเหรอคร้า,positive,1
6013,6013,ไปที่เพชรหรอ,positive,1
6014,6014,สีนี้เลย,positive,1
6015,6015,เบื่อ show dc ที่สุด กูเบื่ออออ,negative,0
6016,6016,คัมรี่ไฮบริด ค่าใช้จ่ายเยอะครับ เมื่อนำเข้าศูนย์บริการแต่ละครั้ง และอัตราเร่งไม่ตอบสนองในการขับขี่ครับ ประเด็นสุดท้ายคือราคาขายต่อหายเยอะ พอๆกับรถยุโรปครับ,negative,0
6017,6017,รักก้อนนะ,positive,1
6018,6018,ปรับปรุงด้วยครับ เดี่ยวนี้เขาไม่ค่อยพกเงินสด และเทคโนโลยีก็ไปไกลละ,negative,0
6019,6019,ไปมาไม่เห็นมีโปรนี้นีครับ,negative,0
6020,6020,ไม่ชอบกินบาบิกอนอ่ะ,negative,0
6021,6021,เดี๋ยวว่างๆๆไปจัดเนอะๆๆๆ,positive,1
6022,6022,อยู่ในเมือง เดินทางสะดวก มีรถประจำทางผ่านตลอด,positive,1
6023,6023,ออเจ้า... คุณพี่ภาพ..นี้...อยากกินเบียร์ช้าง....ต้องไปจัดซะ...ให้หายอยาก..สัก...10..ขวด,positive,1
6024,6024,อย่าไปหลงเชื่อเลยโฆษณา​แบบนี่แม่งดีได้วันหรือ2วันเท่านั้นแหละที่แม่งเน่ามาก,negative,0
6025,6025,ตามหาอินนิสฟรีจินยองให้ลก.ด้วย หมดเกาหลีใต้แล้วมั๊งใจร้าย,negative,0
6026,6026,ว้าวววว,positive,1
6027,6027,กูกลับ 13 แต่ตังไม่มีเด้อ 555,negative,0
6028,6028,เมเบลลีนสีที่กำลังดราม่าอยู่เราทาก็ไม่ได้เหมือนพี่ทรายนะ เป็นชมพูนมไปเลย สีลิปบนปากมันจะไปตรงกันทุกคนได้ไง อันนี้เร…,negative,0
6029,6029,เรสโก,positive,1
6030,6030,ชอบ แต่เค้าว่ามาสด้ามีปัญหา,negative,0
6031,6031,อยากกินอีกล่ะ😱,positive,1
6032,6032,สาขากำแพงเพชร ปิดไปแล้ว เสียใจ😢😢😢,negative,0
6033,6033,พนักงานฮะจิกบังสาขาสยามเซ็นที่เป็นเพศทางเลือกคนนั้นเค้าเป็นหุ้นส่วนห้างหรือหุ้นส่วนบริษัทหรอ บริการคือแย่มากจริงๆอะแล้วเห็นว่าเป็นแบบนี้หลายครั้งแล้วนะ ครั้งนี้คือชั้นจะไม่ทนจริงๆ โมโหมาก แค้นมากๆ,negative,0
6034,6034,ประเทศมากก่าที่ล้าหลัง😅😅😅,negative,0
6035,6035,ไก่ต้มน้ำได้มั้ย 😄,positive,1
6036,6036,ปะ เดี๋ยวอาทิตย์นี้พาไปกิน,positive,1
6037,6037,ผมขอบอกโตต้าแม่ ไว้ตรงนี้เลยว่า เมริงเลิกเชื่อ ทีมการตลาดเมริงได้แล้ว!!!!! ไม่งั้นจะพาเมริงลงเหวหมด ไม่มีประเทศไหนในโลกนี้ ที่ CHR จะขายดี ตัวรถ ไม่ใช่ปัญหา ปัญหาอยู่ที่ ทีมการตลาด วาง position ของผลิตภัณฑ์ ผิด!!! มันคือรถชิค ๆ ทุกคนต้องไปเทียบกับ Juke แต่พอเอาเข้าจริง ราคามันแพงไป จนคนต้องหันมาเทียบความคุ้มค่ากับ HRV แล้วมันก็แพ้หลุดรุ่ย ในกเานความคุ้มค่า จริง ๆ ตรงนี้ ถ้าโตต้า จะใจ ๆ กว่านี้ ควรตั้งราคามาไม่แพงแบบ Juke คนเข้าถึงได้สนุก ๆ คุณเคยเห็นคนบ่นว่า Juke แคบไม๊อ่ะ? นับหัวได้เลย เพราะเค้าไม่สน เพราะมันชิค มันเท่ CHR ก็เท่ แต่เสือกแพงเกินไป option ที่จำเป็นต้องให้ ก็ไม่ให้ ไม่รู้จะกั๊กเชี่ยไรนักหนา Hybrid ก็เลิกขายเหอะ ชั่วโมงนี้กล้า ๆ หน่อย ใส่ Plug in Hybrid มา จะวิ่งได้แค่ 20โล ก็ยังดี ต้นทุนแค่ค่า Plugin ในรถมันจะสักกี่ตังค์เอง เดี๋ยวออกตังค์ค่า adapter ให้ บ้านกรูมีเยอะ ช่วยลงวงจรชาร์จไฟให้เท่านั้นพอ,negative,0
6038,6038,Honda Civic ห้าประตูสีแดงสดสวยมากเลยครับ น่าสนใจจริงๆ,positive,1
6039,6039,"ผมว่าต้องลดราคาลงหน่อยนะ ผมกับเมียกับลูกไป ชาบูชิ พันนึง อิ่มแปร้ แต่เอมเคต้อง 1,400-1,500 ถึงจะอิ่ม 🤪🤪🤪🤪",negative,0
6040,6040,ผมมีstarexแล้วคับ เล็งcx3ไว้ในเมือง จริงๆสนมาสด้า2 แต่ผมสูง185 ลองนั่งแล้วโอเคไม่ติดเข่า,positive,1
6041,6041,ครีมกันแดดป่ะ นี่ว่าแอนเนสซาหน้ามันมากกกก ส่วนบีโอเร แพ้จ้า สิวผดๆขึ้นเต็มหน้าเยย,negative,0
6042,6042,เอาดีๆๆๆ,positive,1
6043,6043,หนักกว่าป๋องดำเยอะออเจ้า,negative,0
6044,6044,Mgzs ออกไม่ถึง 3 เดือน ล้างรถกลับพบว่ามีรอยฝ้า มันหมายความว่ายังไงครับ การผลิตคุณไม่มีมาตราฐานรึป่าว รีบผลิตเพราะส่งมอบรถไม่ทัน หรือรถที่ผมได้มามันไม่ใช่รถใหม่,negative,0
6045,6045,รอบนั้นซัดแสงโสมเพียวครึ่งขวดคนเดียวอ่ะ ท้องว่างด้วย ไม่อ้วกพี่คงไม่ใช่คน 555555,negative,0
6046,6046,สู้ๆๆคับผมผมยังไม่ได้ลงชื่อเลยคีบทำไงคับลงทันป่าวคับ,positive,1
6047,6047,ขอบคุณตัวแทนครับผม,positive,1
6048,6048,แปลกดีจังไม่แจ้งสาขาที่ร่วมในโพส,negative,0
6049,6049,สวยมากจริงๆ #ดอยสุเทพ #supermoon2016 https://www.facebook.com/kadsankayorm/posts/1864509197106034:0 … cr.กาดสันคะยอม,positive,1
6050,6050,เหล้าเบลล์รสชาติเหี้ยสุด จะไม่แดกอีกละ,negative,0
6051,6051,วันไหนเหอะะะ,positive,1
6052,6052,อีก หกสิบวัน เดี๋ยวมาเปลี่ยน คิอชื่อไม่ออก จัดเลยไหม,positive,1
6053,6053,อย่าโชว์เหนือ เสือไม่ชอบ,negative,0
6054,6054,สงสารหนักมากกกกกกกกกกกกกกกก,negative,0
6055,6055,ไปกินกันไหม หิวๆๆ,positive,1
6056,6056,อยากได้แคมรี่2017คับจะเอามาวิ่งงานสนามบิน เกิดเดือน 11 คับ,positive,1
6057,6057,ที่เปิดให้จองไว้ป่านนี้ยังไม่ได้ และยังเก็บค่าส่งด้วย แล้วทำไมซื้อที่ยังร้านมีส่วนลดอีก หมายความว่าไงค่ะ,negative,0
6058,6058,น่าสนใจมากเพราะนิสสันตอบโจทย์ควาวแข็งแกร่งและสมรรภาพเยี่ยมมาก,positive,1
6059,6059,ใช่55555 งงงกับคนจัดโป ใช้ไรคิด,negative,0
6060,6060,ลด 100 บาท และเรากินกี่ชุดอะ 2-3 ชุด,positive,1
6061,6061,วันนี้สาขา เซนฯแจ้งประมาณ 18.30 เติมของช้ามากๆ ผักหมดไปเกือบ20นาที กวางตุ้งหมด มาเติมก็เกือบจะอิ่มแล้ว โซนอาหารนานาชาติก็ว่างไป2พอต แถมไก่ย่างยังซ้ำอีก เหลือของไม่กี่อย่าง,negative,0
6062,6062,ดับครับ สำหรับ D-seg ของนิสสันในไทย ทั้งที่รถมันดีมากนะ นอกจากการตลาดของบริษัทจะห่วยแล้ว พวกโชว์รูมรถก็ห่วยครับ ขนาดโชว์รูมใหญ่ประจำจังหวัดนึงในภาคเหนือยังมีรถมาโชว์ไม่ครบเลย เทียน่าเนี่ยไม่มี รถ suv ก็ไม่ที มีแต่รถเล็กกะซิลฟี่ ห่วยอ่ะ บอกตรง,negative,0
6063,6063,ขออนุญาตค่ะ ไปกินmkมาสาขาบิ๊กซีขอนแก่นมา2 ครั้งค่ะ เจอแมลงวันมา2ครั้งแบบนี้ควรปรับปรุงบ้างนะค่ะ จากที่ทานอร่อยๆทานไม่ลงเลยค่ะ,negative,0
6064,6064,พอถึงที่หมายคนขับก็บอกค่าโดยสารเท่านี้บาท เลยถามกลับว่าสรุปหักบัตรเครดิตหรือเงินสด คนขับก็ย้ำว่าเงินสด ก็เลยจ่ายพอรถออกคนขับคงกดเสร็จสิ้นงานซักอย่าง บัตรเครดิตเลยหักซ้ำอันนี้โชคดีที่เป็นบัตรตัวเองมันเตือนถึงรู้ ไม่งั้นคงต้องเสียคูณสองแบบไม่รู้ตัว ไม่ได้เป็นคนเรียกเองด้วย,negative,0
6065,6065,Mazda 3 กับ civic hb เบาะนั่งคนขับ ผู้โดยสารตัวไหนนั่งสบายกว่ากันครับ ขับเดินทางระยะไกล,positive,1
6066,6066,ทำไมใน #Netflix ถึงมีแค่7ตอนเองงงงงงงงง แง,negative,0
6067,6067,จัดส่งของได้ห่วยมาก,negative,0
6068,6068,รีบเรย,positive,1
6069,6069,สปายดีหรือเปล่า เหล้าขาวไม่เคยรู้ ฟูลมูนพอได้อยู่ สเมอนอฟมองหา ไวน์มันแพง หยิบบาคาร์ดี้มา เหล้าสุรา แม่บอกว่าห้ามซื้อ,negative,0
6070,6070,พรุ่งนี้เลยดีป่าว,positive,1
6071,6071,รสชาติแบบ บลูฮาวาย ขมปลายๆหน่อยๆ แต่แอลเยอะกว่าเบียร์ช้างขวดนึงอี๊กกกก 🤣 #รีวิวขี้เมา,negative,0
6072,6072,ผ้าอนามัยเย็นมันค่อนไปทางทรมานนะ,negative,0
6073,6073,คนส่งของแย่มาก,negative,0
6074,6074,อยากยุไม่ใช้เหรอ,positive,1
6075,6075,กาวผ้าอนามัยเป็นอะไรกับกูมากไหมหืม,negative,0
6076,6076,ไม่โอเคกับการกินช้าง ปวดหัว,negative,0
6077,6077,อิแผ่นลอกสิวบิโอเรลายเสือดาวนี่ลอกไม่ดีเลยอะ ลอกละไม่หลุดเฉย ยังกะกาวติดหน้า แกมั่นใจในความเป็นบิโอเรของตัวเองหน่อยเส่ะ!!,negative,0
6078,6078,คือประเทศไทยมันหลอนมันเพี้ยนกันไปหมดแล้วครับ,negative,0
6079,6079,ฆวยแค่บุหรี่ไฟฟ้าหนักขนาดนี้รึ,negative,0
6080,6080,"จะพา สมูทโตะ""ไปที่กําแพงเมืองจีนค่ะได้เดินขึ้นเดินลงถ้าหน้ามันแล้วจะไม่สวยถ้าไปเที่ยวที่นี้อยากลืม สมูทโตะ""ไปรท์..อาย smooto vita bright Eye serum ค่ะ #พาsmootoไปเที่ยว",negative,0
6081,6081,ไปมาเมื่อวันอาทิตที่ 17 สาขาเซนจูรี่ เปปซี่จืดเหมือนหมดอายุเลยค่ะ,negative,0
6082,6082,ค่าเช่าชุดเเพงกว่าที่ลดอีก,negative,0
6083,6083,ดูความเร็วทางตรงอย่างเดียวไม่ได้จริงๆ ครับต้องดูความเร็วทางคดเคี้ยวด้วย jazz vios อาจแหกไปก่อนตั้งแต่โค้งแรกแล้วก็ได้,negative,0
6084,6084,หนูจะกินซุปแซลม่อน สลัดบาร์ 139฿ หนูไม่อยากกินแบบนี้อ่ะเฮียต้นนนนนนนน,negative,0
6085,6085,อยากกินลีโอจัง,positive,1
6086,6086,ปะะ นับสี่เร้วว,positive,1
6087,6087,สาบานว่าเอ็มเคไม่ใส่ผงชูรส กินน้ำไปสองขวดแล้วว,negative,0
6088,6088,เจ้าของเบียร์ช้างเบียร์สิงค์ไม่เหนออกมาบริจาคเลยยยย,negative,0
6089,6089,จะกินบิงซูสเว่นเซน!!!!,positive,1
6090,6090,ใจเยนครับพูดจากันดีๆเห็นต่างไม่ผิด เพราะข้อสรุปมันไม่มีจนกว่าจะมีตัวอย่างรูปคดีออกมาให้ใช้เป็นบรรทัดฐาน อันนั้ผมเข้าใจถูกไหม,negative,0
6091,6091,ตอนแรกสนใจคอนโดของแสนสิริละทีนี้มันบอกว่ามีครัวส่วนกลาง ทางนี้เลิกสนทันทีอะ,negative,0
6092,6092,น่ากิงค่ะ,positive,1
6093,6093,ใช้sulwhasooแล้วหน้ากูขาวชิบหาย,negative,0
6094,6094,ดื่มสิงห์ลังขวดแก้ว ลังละ 60-บาทมานานล่ะ ไม่มีแจกไรลูกค้าเลยค่ะ,negative,0
6095,6095,ลิปสติก 4สีที่ชอบ ส้มอิฐ ชมพูนู๊ด น้ำตาลแดง ส้มพีช ค่า #4u2 #4u2cosmetics #4u2thailand,positive,1
6096,6096,ท่อม ไม่ใช่ของ ชีพี ของ เบียช้าง รัฐบาลหัวควย จับทุกอย่าง ที่เป็นของ ปชช หาเช้ากินค่ำ,negative,0
6097,6097,ขอบคุณที่ยืนหยัดเพื่อสุขภาพประชาชนคนติดบุหรี่มวลครับ,positive,1
6098,6098,ช้ากว่านี้กฎหมายมีแต่จะเข้มขึ้นคับ,positive,1
6099,6099,สวยกว่า revo อีก,negative,0
6100,6100,เบื่อมึง น่ารำ,negative,0
6101,6101,ของชอบบ ไป555,positive,1
6102,6102,รีโว่ เนี่ยนะหล่อ 😆😆😆😆😆,negative,0
6103,6103,ไม่เอาาาาาาา เบื่อแล้วววววใ,negative,0
6104,6104,ซื้อช้างแดกง่ายกว่าอีสัส 555555,negative,0
6105,6105,ชอบพัดแทเตนล์มากเลยค่ะ 555555 สนใจ Cushion ของ Mamonde จังเลยค่ะ,positive,1
6106,6106,สำหรับงาน Transmisson : The Spirit of Warrior ต้องขวดนี้ค่ะ Jack Daniel's Tennessee Whiskey honey ป็นวิสกี้ที่โดดเด่นในเรื่องของความหอมหวานราวกับน้ำผึ้ง(เดือน5) เพราะนำเอา Honey Liqueur ถึง 4 ชนิดผสมเข้าไป ทำให้ได้รสเข้มข้นเหมือนกับดื่มน้ำผึ้งอยู่จริง ๆ แต่ไม่ได้หวานมากจนบาดคอนะคะ ผู้ชายก็ชอบผู้หญิงก็ต้องบอกว่าใช่!! แล้วเจอกันค่ะ <3,positive,1
6107,6107,ผู้บริหาร Nissan แผนก LCV ยอมรับว่า พวกเขากำลังศึกษาความเป็นไปได้ที่จะพัฒนากระบะตัวดุ เพื่อแข่งกับ Ford Ranger Raptor แต่ปัญหาคือ พวกเขาต้องเฟ้นหาเครื่องยนต์ที่เหมาะสมกับกระบะคันนี้เสียก่อน,negative,0
6108,6108,ไม่เสียภาษีคับ ของผิดกฏหมาย,negative,0
6109,6109,นี่นิสสันยังดูไม่ใหญ่อีกเหรอครับ..ส่วนตัวคิดว่ารถกระบะนิสันออกแบบดูเทอะทะกว่าค่ายอื่นในยุคเดียวกัน(แต่ดูตัวเลขแล้วก็ไม่ได้ใหญ่นะ)ถ้าเขาเดินเกมแบบค่ายเจ้าตลาดทั้ง2ค่ายหรือออกตัวเท่ๆแบบฟอร์ดน่าตะไปได้ดีกว่านี้(ฟอร์ดยังไม่ใข่แรปเตอร์นะแรปเตอร์ส่วนตัวว่าแรปเตอร์เป็นปิคอัพหรูน่าจะเฉพาะกลุ่มที่เงินถึงๆ),negative,0
6110,6110,พาไปกินหน่อยยยยย,positive,1
6111,6111,สถานที่ ที่คิดว่าโรแมนติก และอยากไป คือ ฟูจิซัง ที่ญี่ปุ่น ค่ะ เพราะบรรยากาศสวยๆที่มีภูเขาไฟฟูจิ ทะเลสาบ ดอกซากุระบาน คงเหมือนอยู่ในแดนสวรรค์ สวยสุดๆ ยิ่งได้ไปกับคนรัก ได้ชมธรรมชาติ ดื่มด่ำบรรยากาศ ถ่ายรูปคู่สวยๆให้เพื่อนอิจฉา ฟินเหมือนเป็นเจ้าหญิงไปเลย #SPYCLASSIC,positive,1
6112,6112,คุชชั่นอินนิสฟรีที่นี่เพียง450 จะร้อง,negative,0
6113,6113,พรุ่งนี้เดี่ยวเลี้ยง 55,positive,1
6114,6114,ดิ,positive,1
6115,6115,โปรฯดีครับ แต่ 4จ่าย3 คนไม่พอนี่สิครับปัญหา,negative,0
6116,6116,ประทับใจในตัวสินค้าทเวลฟ์พลัสพ็อคเก็ต มอยส์เจอร์ โคโลญ ตรงที่ว่าเป็นนำ้หอมที่มีกลิ่นที่เหมาะกับทุกเพศทุกวัยจริงๆอ่ะ มีหลายกลิ่นด้วยให้เลือกทั้งผู้หญิงใช้ได้ผู้ชายใช้ดีค่า ความติดทนนานนี่ยกให้เลย หอมสดชื่นแน่นอน ใช้แล้วไม่รู้สึกว่าฉุนหรือว่ากลิ่นแรงเกินไป แต่ที่พิเศษกว่านั้นและคุณสมบัติที่แปลกใหม่ที่ยังช่วยบำรุงผิวให้ชุ่มชื่น แถมระงับกลิ่นเหงื่อได้ดีอีกด้วย ตอนนี้ทางทเวลฟ์พลัสเพิ่มปริมาณฟรี25%อีกด้วย ใช้ได้นานเลยฉีดนิดนึงก็หอมติดทนไปทั้งวันเลย และที่สำคัญที่สุดคือราคาไม่แพงด้วย ราคาแค่30บาทเองของดีไม่จำเป็นต้องราคาแพงเสมอไปค่า คุ้มแน่นอน หาซื้อง่ายด้วยและพกพาง่ายตามที่ทเวลฟ์พลัสบอกว่า ”ขนาดพกพา..หอมมั่นใจไปทุกที่” ใช้นำ้หอมที่ดีและราคาถูกด้วยดีมากๆเลยค่า เตรียมเงินไป100นึงเดินเข้าร้านสะดวกซื้อสินค้าจากสินค้าจากทเวลฟ์พลัสได้หลายอย่างเลยค่า ตัวนำ้หอมนี้ฉีดก่อนเข้ามีตโซตัสหอมฟุ้งแน่นอนค่า ขอบคุณสำหรับกิจกรรมดีๆด้วยนะค่า “ถูกและดีต้องใช้ทเวลฟ์พลัส แต่ถ้าอยากไปมีตโซตัสซื้อสินค้าจากทเวลพลัสกันค่า”❤️,positive,1
6117,6117,ชอบมาก แต่สาขาลพบุรีไม่เห็นมีแล้วเลย,negative,0
6118,6118,ม่ายยยยยยยยยยยยยย,negative,0
6119,6119,ตามคิว โตรอบเทียง อิอิอิ,positive,1
6120,6120,นี่คุณเกิดมาเพราะคุณแม่คุณอยากประหยัดค่าผ้าอนามัยหรอคะ,negative,0
6121,6121,ราดหน้าในตำนาน... @ ร้านนำรสราดหน้าเปิปพิสดาร ราดหน้าปักษ์ใต้ หอม อร่อย นุ่มลิ้น ปัตตานี,positive,1
6122,6122,ไปค่ะ พี่ !,positive,1
6123,6123,เลี้ยงนะ555,positive,1
6124,6124,Nissan city Car กับข้อเสนอพิเศษ ดาวน์ต่ำผ่อนสบาย น่าสนใจมาก แฟนชอบนิสสันมาร์ชครับ ว่าจะพาแฟนไปลองขับดูสักวันครับ,positive,1
6125,6125,ทำไมเเพ้ innisfree วนว. เป็นพรีเซนเตอร์ก็ซื้อมาเยอะเลย ทำไมทำกับเราเเบบนี้ หน้าลอก สิวขึ้นอีก ดีจริมๆ,negative,0
6126,6126,กันแดดที่ดีที่สุดในยุคนี้ คือกันแดด KA UV BabyFace ใช้แล้วสวย หน้าเด็ก กันแดดได้ดีเยี่ยม บำรุงผิว และปกป้องแสงแดดได้ดีสุดๆ ไม่เหนี่ยวไม่เยิ้มไม่โบ๊ะ ใช้แล้วสวยใสเหมือนกลับไปเป็นเด็กอีกครั้ง #KAx7Eleven #KAUVBabyFace,positive,1
6127,6127,สเมอร์นอฟแม่งไม่สุด กินขำๆยังพอทน แต่ยังไม่ชอบเท่าไหร่ หรืออิรสนี้มันไม่หร่อยวะ electric blueเนี้ย,negative,0
6128,6128,แท๊กไปงั้นแหละไม่แต่งหรอก,negative,0
6129,6129,ไม่อาวชุดไทย55,negative,0
6130,6130,"เรื่องสยอง2บรรทัด เพิ่งถึงคอนโดแล้วผมว่าห้องเยนเจี๊ยบ อีเหีjgs@6;5&::7"" 9วัน ค่าไฟ😭",negative,0
6131,6131,จัดๆ,positive,1
6132,6132,ผมไปกินมาเมื่อวันเสาร์กับเมืีอวานวันจันทร์.....เป็ดพะโล้ผัดต้นหอมญี่ปุ่น...อร่อย...แต่มีแต่กระดูกกับตูดเป็ดเยอะมากๆๆ....สาขาเซ็นทรัลพระราม2ครับ,negative,0
6133,6133,พวกขับ jazz นี่โง่ทุกคนเลยปะวะ,negative,0
6134,6134,ชอบตรงที่ชนะอะไรอะไรมาทุกอย่างแต่มาแพ้บุหรี่จริงเลย,positive,1
6135,6135,ยอดขายมันแพ้civicครับ แพ้เยอะแบบไม่สูสี ใส่มา7ลูกยอดก็ไม่กระเตื้อง เพราะขนาดcivicเกือบเท่าแอคคอร์ด การออกแบบที่ล้ำ ไปว่ากันใหม่ที่all new คนซื้ออัลติสต้องขอบคุณcivic,negative,0
6136,6136,จะอ้วกแบบจริงๆนะ -__- ใครสั่งใครสอนให้เอาbacardi โซจู กับเบียร์ผสมกัน ตอนนี้ท้องไส้กุแบบ... อห,negative,0
6137,6137,ทำไมเดี๋ยวนี้มีแต่ผ้าอนามัยบางๆออกมาขายอะ? หรือเราเป็นคนเดียวที่ชอบผ้าอนามัยหนาๆ? คือมันมั่นใจกว่าไง งงมั้ย? แบบใส่ก็ให้รู้สึกเส่ว่าใส่อยู่!!!!!!!!!! #วอนบริษัทผ้าอนามัยเข้าใจ,negative,0
6138,6138,ไม่มีทาโกะยากิแล้วหรอคะ😢,negative,0
6139,6139,ไปกินแล้ว 2 คนคิดราคาเต็ม 379 ไม่เหนคิด 299 เลย สาขาซีค่อนบางแค ด้วย,negative,0
6140,6140,ทำไมไม่ทำกาวที่ผ้าอนามัยให้ติดดีๆหน่อยว่ะ คือหงุดหงิดทุกทีเวลากาวหลุด ผ้าอนามัยเคลื่อนทุกที รำคาญ,negative,0
6141,6141,เคยใช้ของพี่อยู่แต่ราคานางแอบแพงเกินกลับไปใช้ eucerin พอ5555,negative,0
6142,6142,ไวท์ ไวท์ฟอนคอล หิวววว,positive,1
6143,6143,"ไม่โอเค กับ พริกสด , ข้าวผัดกระเทียม แค่นี้ นอกนั่นโอเค",negative,0
6144,6144,จะสูบอะไรก็ไม่ว่าหรอกครับ แต่กรุณาไปสูบใต้ลม แค่นั้นแหละครับที่อยากจะขอ // กูเหม็น,negative,0
6145,6145,เข้าไม่ได้อ่ะ,negative,0
6146,6146,อยากกรี๊ดกับลาซาด้ามาก บลัชของเมเบอลีนอยากได้มานานลด50%ก็กดสั่งไปพอชำระเงินบอกของหมด อิเหี้ยยยยยยยยยยยยยยยยยย,negative,0
6147,6147,แต่อยาก แต่แพง,negative,0
6148,6148,ความคิดเห็นส่วนตัว ผมว่าไม่ถึงกับ mazda 2 หรอก แต่จะประหยัดขึ้น อาจจะใกล้เคียง mazda 2 นางฉีดตรง อย่างไงๆ ก็ประหยัดกว่า,positive,1
6149,6149,เราไม่กินลีโอ 555,negative,0
6150,6150,ไม่กินละพอรสชาติเหมือนกัน อีเบียร์หมีนี่ก็เหมือนกัน แย่,negative,0
6151,6151,กอล์ฟไม่กินช้าง,negative,0
6152,6152,อย่างไงฮอนด้าก็ดีกว่าแน่นอนครับ เพราะรถเก๋งของญี่ปุ่น ฮอนด้าดีที่สุดครับ เปรียบเทียบง่ายๆ ฮอนด้าแพงกว่าโตโยต้าแน่นอน และดีกว่าด้วย,negative,0
6153,6153,ไม่เคยแดกแล้วอ้วกขนาดนี้เลยโว้ยยย สเมอนอฟมิดไนท์แม่งเมาจริง อิดอกกกก,negative,0
6154,6154,หงส์ทองเลยอ่อ ไม่ไหว,negative,0
6155,6155,"ไม่รู้จะแดกไรละเบื่อออ (@ เอ็มเค in Mueang Chiang Rai, Chiang Rai)",negative,0
6156,6156,นัดวันหยุดแล่ 29ไปเลยจ่ะ วันสุดท้าย,positive,1
6157,6157,หิวจริงแต่งด,negative,0
6158,6158,น้ำจิ้มโชยุไต้หวัน ดีงามมาก,positive,1
6159,6159,กูขำ บุหรี่ไฟฟ้า 555 จิงจังสัส,negative,0
6160,6160,Kiehl’s เคยกัดฟันซื้อมา แล้วเอามาทาขาอ่ะ คือแบ่บบบ ทั้งเปลืองทั้งแพง ผลลัพธ์ไม่แน่ใจยังไม่เคยใช้กับหน้า,negative,0
6161,6161,กินตอนนี้อยู่ปลาหมึกยัดไส้ก็ไม่มีบอกของเข้าบ่าย นี่ก็จะบ่ายและไม่มี น้ำแข็งก็กดไม่ได้ จะติดคอตายแล้ว เสียความรู้สึกมาก,negative,0
6162,6162,อยากแดกกก,positive,1
6163,6163,คิดว่าอย่างนึงที่ EXO เป็นพรีเซนเตอร์แล้วไม่ sold out รถฮุนได 555555,negative,0
6164,6164,Kiss me harder nude ของ 4u2 อันนี้โคตรหนักปาก หนักแบบหนักเลยอะ เนื้อหนามาก เวลาหลุดก็หลุดน่าเกลียดมากๆๆๆ เวลากินน้ำ…,negative,0
6165,6165,โซฟีค่ะ จะเหนียวกว่าลอรีเอ๊ะ นิสนึง,negative,0
6166,6166,#ถ้าออกขึ้นมาละฮาเลย จะจัดเอ็มเคชุดใหญ่ไฟไม่กระพริบ 555,positive,1
6167,6167,เออดูโฆษณายังงงอะ ทำไมกูต้องสะสมผ้าอนามัยคิตตี้ 55555555555555,negative,0
6168,6168,น่ากินเอนิๆ,positive,1
6169,6169,ค่าเช่าแพงกว่าค่าแดกอีก55555,negative,0
6170,6170,อยากไปโดนจุงเบยย,positive,1
6171,6171,หาลิปบาล์มของ kiehl's ไม่เจอ .. แงงงงงงงงงงงงงง มันเป็นอันเดียวที่เราใช้ไดดดด้ ㅠ ㅠ,negative,0
6172,6172,จะกินแต่เอ็มเคช้ะ5555,positive,1
6173,6173,ถ้าดีน่าจะสนับสนุนค่ะ ✌,positive,1
6174,6174,เหตุผลที่ไม่ควรพลาดงานนี้เพราะเราเป็นสายEMD เอ้ย! EDM เอ้ยย! ถูกแล้วว 😂😂 นอกจากนี้เรายังเป็นสายเเดนซ์💃💃และสายดื่ม(ช้าง)🍻😉 ดังนั้นไม่ควรพลาดจริงๆงานนี้ แต่ว่าปัญหาคือเรายังไม่มีบัตร เลยอยากจะได้บัตรฟรีจากผู้สนับสนุนหลักที่ใจดีมีเมตรตาที่อยากจะมอบบัตรให้แก่เด็กน้อย(แต่อายุไม่น้อย)ตาดำๆได้ไปกระโดดโลดเต้นพร้อมกับมือที่ถือกระป๋องเบียร์ช้างอยู่หน้าเวทีงานนอร์ทเฟส กับสโลแกนที่ว่า...ไปให้สุดแล้วหยุดที่ Beer Chang 😘 You know how cute we are!! 555555555 so give us free tickets please 🙏,positive,1
6175,6175,ไปงานแสงโสมก่อนไหมมึง,positive,1
6176,6176,: พิมพ์บัตรเลือกตั้งไม่ทัน จ่ะ อีสัสส จ่ะะ อีส้นตรีนนน #เลื่อนแม่มึงสิ,negative,0
6177,6177,อยากจี่ 😛 กูว่าแม่งจะไม่อร่อยก็ตรงสเมอนอฟเนี่ยย,negative,0
6178,6178,โอยยยยยย นีเวียยยยยยยยยยยยย,negative,0
6179,6179,ลาก่อย,negative,0
6180,6180,สาขาเวสเกตไม่เคยเข้าร่วมโปรโมชั่นใดๆ😡😡,negative,0
6181,6181,แก้ไขค่ะ ราคาของคุณกินจริงๆ แทบจะราคาใกล้เคียงกับไปกินแบบบุฟเฟ่ต์ของเจ้าอื่นๆ,negative,0
6182,6182,ไปกินทีรัย หมูแผ่นบางๆไม่เหมือนในภาพโฆษณาเลย,negative,0
6183,6183,ด้านหน้าตัวนี้ ไม่สวยเลยครับ ยิ่งเทียบกับคู่แข่ง mazda2 swift นี่ แพ้เห็นๆ เลย,positive,1
6184,6184,เข้าไป..หมดแล้ว😭😭😭,negative,0
6185,6185,ตะน้อลวอแวเล่นกับแฟนคลับจนโดนดุ แล้วดูสิ่งที่ทำ รีบแล้วครับรีบแล้ว โอ่ยยขำจิงความน้อล 55555 📍Truemovies Paragon 18/2/19 #nonttanont #nontfam pic.twitter.com/4K3HsF9BPL,positive,1
6186,6186,ผ้าอนามัยที่นี่โคตรแพง,negative,0
6187,6187,ชอบ Honda CRV เพราะชอบเป็นรถ 7 ที่นั่ง ความนุ่มนวลและ เทคโนโลยี่ของ ผHonda อยากเป็นเจ้าของสักครั้ง,positive,1
6188,6188,ลองแล้วรสนี้อร่อย... ชอบๆ,positive,1
6189,6189,ขนตา Maybelline ถูกแต่ดี ดัด ปัด เด้ง ไม่เลอะด้วยค่ะ 😊,positive,1
6190,6190,ต่อไปกู จะบอกเพื่อนๆ ไม่แดก เบียร์ช้าง. เพราะมันเป็นคน อุดหนุน คสช. สักวันมึงเจ๊งแน่,negative,0
6191,6191,เอทีฟ มีจอสัมผัส แต่ยาริส5ประตูไม่มี กั๊กไปไหน ได้อะไรกับการกั๊ก,negative,0
6192,6192,ให้ซ้อเล็กดูก่อนว่าผ่านไม๊ ถ้าผ่านจะพิจารณาค่ะ น่าสนอยู่ค่ะ,positive,1
6193,6193,เป็นเหมือนกัน น้ำเปล่ามีรสชาตินะเว้ยย สิงห์นี่ขอบาย กินไม่ลง,negative,0
6194,6194,ขอบคุณทุกท่านครับ ที่สละเวลาเพื่อประชาชน,positive,1
6195,6195,ถ้าเป็น black leble นี่เมาแย่เลย😆😅,negative,0
6196,6196,อยากทำมากตอนนั้น แต่อาจจะโดนหนักกว่านี้ เพราะโดนข้อหาหมั่นไส้,negative,0
6197,6197,แอดมินคับ เบียร์ช้างที่ MK ขวดล่ะ 145 เลยหรอคับ ทำไมชาร์จเยอะจังคับ,negative,0
6198,6198,เบลล์ ไม่ชอบกินผัก สาธุพันรอบ,negative,0
6199,6199,ทำไมกดแลกแล้ว ไม่ได้ 500 คะแนน ส่วนลด 100 ค่ะ ได้ 1000 เท่ากับ 100,negative,0
6200,6200,"คุณก็รู้ ""ที่นี่ประเทศไทย""!!",negative,0
6201,6201,ไม่พบพยาธิ พบแต่ฝี(abscess) และก้อนแบคทีเรีย (Bacterial clump) !!! 😱,negative,0
6202,6202,อ้วกไม่พอ ท้องเสียอีกจร้าาาาา ออกทั้งบนทั้งล่าง กุว่าไม่ใช่เพราะบาคาดี้ละ เป็นเพราะกุแดกเยอะเนี่ยแหละ,negative,0
6203,6203,ติดตามจากทางเพจก้อนนะคร๊าบบบ,positive,1
6204,6204,ไปกันๆ,positive,1
6205,6205,รอซื้อมือ2 ตอนนั้นราคาคงเหลือ3แสนเท่าพรีอุส T^T,negative,0
6206,6206,อยากกินไอติมรสช้าฃ รสลีโอ,positive,1
6207,6207,พี่เพิ่งรู้ว่าร้านกอล์ฟ เดี๋ยวไปอุดหนุนบ้าง,positive,1
6208,6208,ยังไม่หายอะกินไรไม่รู้เรื่องไม่ได้กลิ่นไม่ได้รสชาติ,negative,0
6209,6209,อยากกินเอ็มเค็ม 55,positive,1
6210,6210,สู้ๆนะเจ้,positive,1
6211,6211,วาวอร่อยกว่าสปายอีกจิงดิ 😁,negative,0
6212,6212,ไม่พักเที่ยงงะ,positive,1
6213,6213,เจนจองซีวิคตัวทอโบอ่ะ ยังไม่ได้เลย,negative,0
6214,6214,จัดปายยยย 555,positive,1
6215,6215,นานๆทีก็ดีนะ #แมงกระพรุน ของเค้า #ท้องแตก #อิ่มเกิน @ BBQ Plaza,positive,1
6216,6216,ของ ยูเซอรีน. ก็เคลมว่าเหมือนฉีดฟีลเลอร์ ตัวไฮยานูลอนอะคะ ไม่จริงหรอคะมาดาม เขาหลอกหนูหรอคะ,negative,0
6217,6217,แบบอีลตร้าสลิม แพงมากแต่ต้องใช้ เพราะร้อนๆแพ้ผ้าอนามัย ผิ่นขึ้นก้น ทรมานมาก555,negative,0
6218,6218,เราชื่นชอบและเป็นลูกค้าที่ใช้บริการ มานานถึง 3 ปีแล้ว เพราะชอบใจในการบริการที่มีให้ลูกค้าสม่ำเสมอ ประทับใจราคา ความเอาใจใส่ “ครั้งแรกที่ซื้อประกันภัยกับกรุงเทพ รู้สึกประทับใจก็เลยทำต่อมาในปีที่ 2 และ 3 ความประทับใจคือ เราสามารถเลือกทำอะไรได้ด้วยตัวเอง ตอนแรกเห็นจากโฆษณาก่อน ก็คลิ๊กเข้าไปในเว็บไซต์เลย แล้วก็เห็น เลยว่าราคาคุ้มกว่าที่อื่น จากที่เราเปรียบเทียบกับที่อื่นคือมันคุ้มจริงๆ ก็เลยตัดสินใจซื้อประกันภัย ทันทีเลย พอซื้อมาปุ๊บ! ก็มีเจ้าหน้าที่โทรเข้ามาสอบถามทันที ก็ยิ่งทำให้เราประทับใจเข้าไปอีกครั้ง เหมือน กับเขาใส่ใจเรา ไม่ทิ้งเราแม้จะนอกเวลางานก็ตาม ซึ่งทุกวันนี้ก็ยังโทรมาเข้าสอบถามอยู่เสมอคะ” ชอบมากที่ผ่อนได้ด้วย “รถเราเป็นรถเก่าที่อายุเกิน 4-5 ปีแล้ว เป็นรถยี่ห้อ HONDA CITY คะ ทำประกันชั้น 1 มาตลอดเอาไว้ขับรถ ไปทุกทีทั้งเรื่องส่วนตัว ธุระ และไปทำงาน คือใช้รถในการเดินทางทุกวัน แล้วที่ทำมา 3 ปี เราได้เบี้ยประกันลดทุก ปีคะ ทั้งที่เราก็ไม่ได้อะไร แต่ทางบริษัทก็เสนอราคาที่ถูกลงมาให้ตลอดเลยคะแล้วที่สำคัญชอบที่ สามารถผ่อนจ่าย 0% นาน 10 เดือนได้ด้วยนะ” เหนือความคาดหวังที่ตั้งเอาไว้ “ที่ผ่านมาตลอด 3 ปี ไม่ได้คาดหวังอะไรเลย เราว่านี้ก็เหนือสิ่งที่คาดหวังไว้แล้วนะ อยากให้คงความบริการที่ ดี เป็นกันเอง อย่างนี้ตลอดไปเลย” กรุงเทพประกันภัยแคร์ทุกอย่างก้าวจริงๆ #กรุงเทพประกันภัยแคร์คุณทุกย่างก้าว #bangkokinsurance,positive,1
6219,6219,น้องซื้อเลยจ้ะ,positive,1
6220,6220,ไปกันน,positive,1
6221,6221,ไปกินกันลูกคงอยากกิน,positive,1
6222,6222,มาสด้าก็ลอกหน้าตาเจ้าอื่นมาอีกที55555,negative,0
6223,6223,Jazzz พอ ขับสบายๆ,positive,1
6224,6224,ไปไหน,positive,1
6225,6225,ไม่ชวนนนนนน,positive,1
6226,6226,โอ้ว ขยันจัง มีสัมภาษณ์ด้วย ช่วยกันจำให้ทีนะคับว่าเขาพูดว่าอะไร ยิ่งดิ้นยิ่งเจ็บ ดีเบตมั้ยคับ,negative,0
6227,6227,แต่ว่าเนื้อวัวเอ็มเคแพงนะ ต้องไปร้านที่บุฟเนื้อวัว เปาชอบ,negative,0
6228,6228,งงไทยแลนด์ทำไมบุหรี่ไฟฟ้าผิดกฏหมาย..แต่ดันรณณรงค์ให้เลิกบุหรี่,negative,0
6229,6229,นานๆจะเจอ Matcha Latte ที่ถูกใจ เราเป็นคนที่ชอบรสมัทฉะเข้มๆ กินแล้วได้สัมผัสที่เป็นผงๆ สากๆ อันนี้ของร้าน Union Coffee อารีย์ ลงรถไฟฟ้าเดินเข้ามาในซอกตึกปิยวรรณ แก้วละ 50 เท่านั้น 🤟🏻 #ปฑรชวนชิม,positive,1
6230,6230,อยู่บิ๊กซี กินเอ็มเค มั้ย สู้ไม๊นัททิว5555 กลัวววววว,positive,1
6231,6231,ผมขับวีออสเกียร์ธรรมดาจากหาดใหญ่มากรุงเทพฯเปิดแอร์เบอร์1ตลอดทางหมดค่าน้ำมันไป1600บาทก็ถือว่าใช้ได้,positive,1
6232,6232,วันไหนดีน้า,positive,1
6233,6233,ทำไม True ไม่มีความเข้าใจว่า net ช้า คืออะไร พอแจ้งให้ ตรวจสอบก็ บอกว่า netปกติ แล้วเราก็ถามกลับไปว่า ปกติ คืออะไร พอทดสอบ test speed ได้ผลคือ - ค่า download xx MB คือค่าที่ควรเท่ากับที่เรา ซื้่อว่า กี่ MB ก็ว่าไป - แต่ค่า upload ควรจะมากกว่า 2 หรือมากกว่า ไม่ใช่ได้ผลเป็น 0.1 หรือ 0.2 และไม่เคยถึง 1.0 เลย **** งงมาก จนถึงตอนนี้ True ก็ไม่สามารถแก้ไขอะไรได้ ******* ไม่รู้ จะบอกอะไร หรือ พูดอะไร กับผู้ให้บริการ internet รายนี้ที่ ห่วย และ กาก ที่สุด หนักกว่าเดิมอีกวันนี้ค่า upload อยู่ที่ 0.02 เท่ากับ Trueเป็๋นผู้ให้บริการ Internet ที่มีไฟเบอร์ ที่ห่วยที่สุด แย่ เท่าๆ กับไม่มีไฟเบอร์ เลย,negative,0
6234,6234,ผมมีปัญหาแหนบ มีเสียงดังครับพี่ เกิดจากอะไรคับ (ออนิวดีแม็ก),negative,0
6235,6235,สาขาไชยแสงสิงห์บุรีเปิดกี่โมงค่ะ ไปประมาณเที่ยงร้านก็ยังไม่เปิดเลย,negative,0
6236,6236,ลอรีเอะดี สุด โซF... ใช้แล้ว เลอะตลอด ออกข้างตลอด,negative,0
6237,6237,วันเสาร์,positive,1
6238,6238,แสงโสมได้อยู่นะ,positive,1
6239,6239,แมงสาปปป ไม่มีกุ้งว แย่ๆๆ,negative,0
6240,6240,ไม่มีสาขาเราว่ะ,negative,0
6241,6241,สุ้ๆ,positive,1
6242,6242,เหล้าเบียร์ปลอมไม่ทราบครับ แต่เท่าที่ทราบ มีช้างกับสิงห์ลักลอบเอาเข้าไปขายมานานแล้วครับ คนเขารู้กัน,negative,0
6243,6243,แสงโสมเพียวๆนี่แรงสัสๆ,negative,0
6244,6244,🤩🤩,positive,1
6245,6245,เป็นเรื่องที่จะทดสอบนายกสมาคมคนใหม่ว่าจะมีความสามารถหาสปอนเซอน์มาแทนแสงโสมได้หรือไม่,negative,0
6246,6246,ขนมหวานอร่อยมาก เสริฟช้าไปหน่อยไอศครีมละลาย ที่สาขาแกลงจันทบุรี เพื่อปรับปรุงด้วย เป็นลูกค้าประจำ เลยค่ะ,positive,1
6247,6247,ราคาน่าสน😁,positive,1
6248,6248,12. เดือนนั้นคือหมดค่าผ้าอนามัยไปพันกว่าบาท ค่ายาดมอีก2ร้อย ค่าพอนสแตนอีกสองแผง อีเวน เกือบตายเพราะมีหลี ผัวก็ไม่มี เอาไว้เยี่ยวกะเป็นเมน555,negative,0
6249,6249,แอร์เอเชียรึเปล่าคะ 555,negative,0
6250,6250,สสต. หญิง จูนไปทีไรแม่งเจอแค่2แบบเนอะ5555555 ของน้อย ของขาดอีก,negative,0
6251,6251,ยึดรถ 5 5 5 ไอสัสแค่บุหรี่ไฟฟ้า,negative,0
6252,6252,ฟังไปสูบบุหรี่ไฟฟ้าไปคือดี ทำให้ถูกกฏหมายให้ได้ดันๆๆๆๆ,positive,1
6253,6253,น่าสน,positive,1
6254,6254,อายุ 33 แม่งมีรถBigbike 1 Filano 1 Vios 1 รวมหนี้สิน 500000 เงินในบันชี 5000,negative,0
6255,6255,บาบีก้อนนน แล้วปวดขี้ แต่ไม่พูด 😒😒😒,negative,0
6256,6256,นิโคตินไม่มีแต่ติดเชื้อโรคที่มาจากปอดคนที่มีเชื้อผ่านไอนํ้าที่ออกมาในปริมานมากๆแทน,negative,0
6257,6257,หมดเร็วมาก T_T,negative,0
6258,6258,มั่ยหั้ยกิงงงละ,negative,0
6259,6259,ค่าชุดแพงกว่ามันลดมั้งหน่ะ,negative,0
6260,6260,มีที่ถูกกว่านี้ปะ อยากไปแต่แพงไปหน่อย,negative,0
6261,6261,อ้วนมากค่ะ,negative,0
6262,6262,อยากกินเอ็มเค,positive,1
6263,6263,ไม่ได้กินแสงโสมนานยกทีนี่จะตายจ้า,negative,0
6264,6264,หนูเป็นคนนึงที่ชอบทาน mk นะคะ ตั้งแต่เป็ด จานละไม่ถึงร้อย..เป็นอะไรที่อร่อยมากค่ะ..แต่หลานชอบหมูกรอบค่ะ..แต่ก่อนยอมรับว่ากรอบนอกนุ่มในค่ะ..แต่เดี๋ยวนี้ หลายสาขา..สีสันหน้าตามันน่าทานค่ะแต่พอทานแล้วมันแข็งจริงๆนะคะ..เลยอยากให้ปรับปรุง..ต้องขอบคุณนะคะที่ยินดีรับไปพิจารณาและปรับปรุงค่ะ..😊😊😊,negative,0
6265,6265,ไปลองไหม,positive,1
6266,6266,อือหือ วันนี้วันอะไรค่ะ,positive,1
6267,6267,โลกเปลี่ยนไป ใจไม่เปลี่ยนแปลง,positive,1
6268,6268,สู้ๆคัฟพี่👍👍👍👍👍,positive,1
6269,6269,อิห่าราก กูแพ้แสงโสมเหรอวะ หมดไส้หมดพุง,negative,0
6270,6270,อยากไปกินจุงเบยหาแนวร่วม,positive,1
6271,6271,เอาใจคอเบียร์ สำหรับสาวๆสาวก Hoegaarden 🍷🍸 มั่วแต่มองไม่ลองหน่อยหรอจ๊ะ 😍 #HorgaardenRose #วันวานบางแสน,negative,0
6272,6272,วันพุธลดเหลือ 310฿,positive,1
6273,6273,4ช่องนี่เสียเงินเพิ่มไหมค่ะ,negative,0
6274,6274,ว่ากันว่านี่คือ Nissan GT-R R36 รุ่นใหม่ จะเฟี๊ยวขนาดไหน ไปดู,positive,1
6275,6275,นิสสันตัวนี้สวย ทันสมัยจริงๆ ค่ะ สมรรถนะยอดเยี่ยม สนใจจองได้เลย,positive,1
6276,6276,บวกครับ,positive,1
6277,6277,เปิดไฟหน้ารถ ช่วยลดอุบัติเหตุ ยกเว้นมึง Fortuner ไฟแยงตากู ปิดไปเลย,negative,0
6278,6278,เล่มนี้น่าอ่านมากเลย,positive,1
6279,6279,นิสสัน ผุดโรงงาน รีไซเคิลแบตเตอรี่รถยนต์อีวี #นิสสัน #แบตเตอรี่ #รถยนต์อีวี #prachachat,positive,1
6280,6280,ก็บอกแล้วว่า 4 หม้อ ไปๆๆๆๆ,positive,1
6281,6281,ปะวันไหน,positive,1
6282,6282,สวยโดนใจเลยคะ Nissan Almera ชอบภายในกว้างขวาง ไปไหนไปด้วยกันได้ทั้งครอบครัว สนใจสอบถามรายละเอียดกันเลย,positive,1
6283,6283,ลุยๆ😚😚,positive,1
6284,6284,555555 ไปแดกเบียร์ไกลสัสอะ cass กะ hite อะ แต่มีเบียร์สิงห์นะที่โน้น,negative,0
6285,6285,โฮมโปรเพชรบูรณ์ ไม่เข้าร่วมเลย,negative,0
6286,6286,ใจเยนนนน กูชักอ้วนใหญ่แล้ว,positive,1
6287,6287,จริงครับผมเพิ่งออก GTR มาจะให้ขับเป็น นิสสันมาร์ท เสียภาพเลย,negative,0
6288,6288,ไปวันนี้ไม่เหนพนักงานว่ายังงัยเลยคะ,negative,0
6289,6289,พีคสัส แอสเป็นพรีเซ็ยเตอร์ ผ้าอนามัย(?) 55555555555555555555555555555,negative,0
6290,6290,เราก็ใช้ Mazda 3 ปีนี้เข้าปีที่4 ไม่เคยซ่อมเลย มีแต่เอาไปเช็คปีละครั้ง ซื้อที่ออสเตรเลีย,positive,1
6291,6291,เธออะเลี้ยง,positive,1
6292,6292,จะกินแม็ก แต่เบื่อเหลือเกิน,negative,0
6293,6293,เมื่อวานลองไปสวอร์ช nyx stockholm ที่แขน แล้วมาเทียบกับ 3ce 908 ที่ปาก คือสีแนวเดเลยไม่ได้ซื้อ #ไว้รีวิวห้ามขายของโว้ยย,negative,0
6294,6294,นิสสันนาวารา เท่มากคับ แข็งแรงทนทาน อยากได้มาก,positive,1
6295,6295,อยากได้กระเป๋าเครื่องสำอางค์ใบใหญ่ nyx ขอสักใบนะคะคุณแพร,positive,1
6296,6296,ดัน.....ๆครับ....เอาด้วย,positive,1
6297,6297,พาไปได้ แต่ต้องเลี้ยงพีา5555,positive,1
6298,6298,สนใจ โคโรลาโด c-cab ตัว LT อยากได้เซลดูแลจ้า..,positive,1
6299,6299,ซื้อแต่ผ้าอนามัยแบบเย็นมาค่ะ แบบว่าอีห่ากูนอนไม่ได้,negative,0
6300,6300,ขับมาสด้า3อยู่ ตอนเข้าศูนย์ ครั้งนึ่ง ช่่างบอกว่า ถ้าเครื่องเบนซินซื้อได้เลย แต่ดีเซล อย่าาาาาาาาาาาาา ไปยุ่งเชียว ถ้าไม่อยากปวด,negative,0
6301,6301,รองพื้นลังโคมแตงอิดอลแม่งสุดว่ะ เลิศอะ /ปานาร์สทิ้ง,negative,0
6302,6302,เลิกสูบ แม่งทั้งสองอย่างแหละ ทำลายปอด ห่านนนนน เถียงกันอยู่ได้ แม่งไม่ได้มีประโยชน์ห่าอะไรเลย,negative,0
6303,6303,แง่วเพชรบูรณ์ไม่มีร่วมเลย,negative,0
6304,6304,แล้วยืนข้างถนน ดมควันรถมันก้อันตรายนะ ไปบอกให้เค้าเลิกขับรถได้มั้ยละครับ ไม่แน่ใจว่าบุหรี่ไฟฟ้ากะควันรถที่สูดเข้าไปอันไหนอันตรายกว่ากัน มาบอกว่าสร้างความเดือดร้อนให้ งี้พี่ไม่ไปไล่เคาะกระจกรถทุกคันเลยหรอ ควันรถเหม็นกว่าอีกนะครับ,negative,0
6305,6305,ทีมขุนเรืองฟังทางนี้!! ถ้าอยากเป็นผู้โชคดี ไปใกล้ชิดกับ ปั้นจั่น ปรมะ ในกิจกรรม Cool Day Fine Way กับ สุดสัปดาห์ และ มิตซูบิชิ แอททราจ ไปที่ Facebook สุดสัปดาห์แฟนคลับ หรือ Mitsubishi Motors Thailand ด่วนๆ พลาดแล้วจะเสียใจนะบอกเลย!!,negative,0
6306,6306,ขอบคุณ​มาก​ๆ​ครับ​,positive,1
6307,6307,ดูเด้,positive,1
6308,6308,หลังกลับจากเชียงใหม่ 😁,positive,1
6309,6309,จองรถโตโยต้าไว้ต้องแต่งานมอเตอรโชว...ตอนนี้ยังไม่รู้เรืองเลยคับ,negative,0
6310,6310,วอดก้ากลับไปกินได้อีก แต่เบลนี่ควรพอ รอบเดียวพอ,negative,0
6311,6311,ชอบ Honda City 2017 มากๆ ชอบหน้ารถที่เหมือนรถแข่งอ่ะ ห้องโดยสารกว้าง เหมาะสำหรับเราเลยแหละ คันนี้นะ รักเลย,positive,1
6312,6312,อร่อยมาก,positive,1
6313,6313,เลี้ยงเพื่อนหน่อยจิ,positive,1
6314,6314,บาบีก้อนทำพิษ,negative,0
6315,6315,ไข่มุกน่าจะเหมาะกับ Celerio,positive,1
6316,6316,อิ่มจัง ตังค์ไม่มีแอแฮร่,positive,1
6317,6317,แต่พี่ไดเมาสปาย กากมาก,negative,0
6318,6318,ฝรั่งถามว่า อาร์ยูซิงเกิล? กูตอบ เยส ไอแอมดริ้งกิ้ง เบียร์สิงห์ อีเหี้ย! ที่พีคกว่านั้นคือ มันไปซื้อเบียร์สิงห์มาให้แดก55555555555555,negative,0
6319,6319,เรียบร้อยครับ,positive,1
6320,6320,เลี้ยงหมูหน่อยจิง,positive,1
6321,6321,หาซื้อผ้าอนามัยลอรีเอะ ซูเปอร์ เจนเทิล พลัส ได้ที่ 7-Eleven ทุกสาขาได้เลยนะคะ :) http://www.lauriermybrand.com/2013/l-product/super_gen.html,positive,1
6322,6322,พนงเอ็มเคต้องเหวี่ยงขนาดนี้มั้ย กลัว 55555,negative,0
6323,6323,สุดยอด,positive,1
6324,6324,หูยยยยน อยากได้แป้งจีวองชี่เลย,positive,1
6325,6325,ขอแชร์ประสบการณ์นะคะ ฝังยาคุมที่โรงพยาบาลกรุงเทพเมื่อห้าปีก่อน ราคาประมาณแปดพัน (แพงมากกกก) ฝังครบสามปี ตัวเราไม่มีผลข้างเคียงอะไรเลย ผ่าตัดเล็กเอาหลอดยาออกมีแผลนิดเดียว,negative,0
6326,6326,MG3สวยคับดูรถได้ที่ไหนครับ,positive,1
6327,6327,อยากกินอะไรก็จิ้มเลยค่าาา 55555555555,positive,1
6328,6328,ใช่ม่ะ,positive,1
6329,6329,ธรรมดามาโลกไม่จำครับ แหะๆ ความจริงคือ ผมทำให้เครื่องวีออส 1.5 แรงกว่าอัลติส 1.6 ได้ครับเลยชอบเครื่องวีออสมากกว่า,negative,0
6330,6330,ชอบเมนูน้ำมะพร้าวอยู่แล้วค่า แก้วนี้เป็นน้ำมะพร้าวสีฟ้าสดใส ยิ่งเป็นเมนูของMKก็ยิ่งอยากลองเพราะไม่เคยผิดหวัง เทคนิคการถ่ายภาพคือแสงค่ะ แสงสวยถ่ายภาพอะไรก็สวย จัดมุมนิดหน่อยก็จะได้ภาพสวยขึ้นไปอีกค่า #SnapTheMagicMomentwithMK ชวนชม ธงชนะชาติ,positive,1
6331,6331,ไปปป,positive,1
6332,6332,วันที่เราท่องเที่ยวเราก็อยากจะพักผ่อนและผ่อนคลายไปพร้อมๆกันค่ะ และ u motel สามารถเป็นรถพาเราไปท่องเที่ยวได้ และเราก็สามารถนอนหลับพักผ่อนบนรถ u motel ได้ และดูทีวีเพื่อผ่อนคลาย ทำอาหารอร่อยๆสังสรรค์กัน เข้าห้องน้ำปลดทุกข์ได้ เรียกว่าทำทุกๆอย่างได้เหมือนอยู่ที่บ้านค่ะ และอยากไปสัมผัส u motel แบบเต็มๆวัน #sleepwithu #ubeer #umotel #umotel,positive,1
6333,6333,สู่ๆครับ,positive,1
6334,6334,เอ้า เพื่อนจนมึงต้องเข้าใจ555,negative,0
6335,6335,หลังจากไม่อร่อย เราไม่สั่งมากินเลยค่ะ มีแต่แฟนสั่งข้าวเปล่าแทน,negative,0
6336,6336,หน่องเมย์ขึ้นรถแท็กซี่แล้วไปเจอคนขับที่กำลังมึนเมากับสิ่งเสพติด มีอาการเพ้อเจ้อและพูดไม่รู้เรื่องมือไม้ก็เกร็งไปหมด เลขทบตามในรูปเลย คือนี่แหละเหตุผลที่ควรใช้ grab อ่ะมันปลอดภัยกว่าเยอะมากจริงๆดีกว่าไปโบกตามถนนแล้วต้องมาเสี่ยงกับอะไรแบบนี้ ฮือออน่ากลัวมาก😱😱 #MayyR,negative,0
6337,6337,สกินฟู้ดจะหมดแล้ว แล้วแบบหมดทีเดียวสองขวด ราคาไม่ใช่เลขสองหลักนะอีดอก,negative,0
6338,6338,แม่กู กู informed จนเกลียดประยุทธ์ไปละ ดีมากกก ญาติก็เกลียดเพราะเหล่าท่านท่าน ลง สส เพื่อธรรม กับ ภูมิใจไทย 5555,positive,1
6339,6339,กลับปีใหม่,positive,1
6340,6340,ถ่ายคลิป ขึ้นทางแม่สายไปดอยผาหมีไปออกดอยช้างมูบให้ผมดูหน่อยอยากดูรถแรงครับทางอาจชันไม่สุดแต่ชันกว่าแม่สลองและดอยตุงสายเก่าครับมีอีกดอยผมจำชื่อไม่ได้แต่ชันโคตรๆอยากให้เอาของไปขายบ้างครับระวังดับกลางดอยนะครับเอานาวาร่าไปหลายรอบทั้ง 174/144 คันเร่งหนืดเลยล่ะ 5555,negative,0
6341,6341,คือวันก่อนเข้า sephora เดินถือขวดรองพื้นไปจ่ายตัง ถามเพื่อนเอาบัตรมา อีดอกบัตรหายจ้า สรุปนก พอกลับรร คือเจอบัตรเฉย โอ้ย สรุปออนไลน์ก็ได้,negative,0
6342,6342,ชอบ Mitsubishi นะ แต่ขับ ฟอร์ด 😜😜,positive,1
6343,6343,ชิหัย ใช้ผ้าอนามัยแบบเย็นละแสบ อมก55555555555 อย่าบอกนะว่าแพ้.....(..............),negative,0
6344,6344,ไม่ไปแล้ว แยกย้าย👋,negative,0
6345,6345,ดูบอลอังกิด กินเหล้าอังกิด,positive,1
6346,6346,วันไหนดี,positive,1
6347,6347,มันเรียกว่าไรไม่รู้ค่ะซิส แต่สภาพแบบ breezerง่ะ แต่อร่อยกว่า,negative,0
6348,6348,nissan navara รถกระบะ เท่ห์ ทนๆ ที่สุดของรถกระบะแล้ว,positive,1
6349,6349,อยากลอง canmake อยากหน้าเนียนใส แบบแม่ค้า,positive,1
6350,6350,สาขามาเกตวินเลทสุวรรณภูมิไม่เติมของเลยค่ะ พวกซูชิ อะไรแบบนี้ ของน้อยมาก แล้วก็แก้วน้ำ ถ้วยน้ำจิ้ม มีคราบไม่สะอาดเลย,negative,0
6351,6351,ชอบกินช้างครับพี่น้ำ,positive,1
6352,6352,เกลียดผ้าอนามัยแผ่นอ่ะ แต่ไม่ใจพอจะใส่แบบสอด,negative,0
6353,6353,#โครงการถนนสีขาว โดยโตโยต้า ช่วยส่งแจ้งฝ่ายผลิต /ออกแบบรถด้วย ไฟหน้าฟอจูนเนอร์ ออกแบบได้มักง่ายมาก สว่างเกินไป ลองให้นออกแบบ กับคนอนุมัติมานั่งจ้องแสงไฟดูสักนาที ขาดความรับผิดชอบต่อผู้ใช้รถบนถนนรายอื่นๆ อย่างนี้ไม่ไหวนะครับ,negative,0
6354,6354,เลี้ยงด้วยยยยน้าาาาา 😁😁😁,positive,1
6355,6355,งานกลางแจ้ง แต่เราซาวด์เช็คในร่ม!! ขอบคุณทีมงานที่ดูแลครับ คืนนี้ไม่ตกแล้วล่ะ เจอกันนะหาดใหญ่ 21.10 น. #BigAssRockBand #TheLionTour2018 #ChangCarnival,positive,1
6356,6356,พาไปกินโหน่ยยยย,positive,1
6357,6357,ช่วงนี้เลิกกินช้างชั่วคราว555,negative,0
6358,6358,สมัยก่อนตอนตามเกาหลี ศิลปินมาพักที่นี่แทบทุกวง ทั้งเอสเจ ดงบัง โซนยอชิแด หลายคนก็เช่ารถตู้มาจอดแหงนหน้ามองวันละสามเวลา ขอบคุณความทรงจำมากมายที่มอบให้ พรุ่งนี้วันสุดท้ายของดุสิตธานีแล้ว จะคิดถึงเสมอนะ : ),positive,1
6359,6359,ใครจะไปเชื่อ 265 บาทเท่านั้น #มีดีมากกว่าหน้าตา #TeamRoyal,positive,1
6360,6360,มีใครอยากได้โค้ดลด200บาท sephora online มั้ย หมดอายุวันนี้แร้ววว เสียดาย เอาไปใช้ที55555,negative,0
6361,6361,ชุดแฮปปี้มิล ตุ๊กตาอยากให้ทำเป็นแมคโดนัสและสหายไม่อยากให้ทำเป็นอย่างอื่น น่าเก็บสะสมกว่าเยอะ,positive,1
6362,6362,:อ่อหนูไม่กินแสงโสมค่ะ :มีเลือกด้วย :ก็มันกินแล้วปวดหัว //เราเป็นคนใสๆ ใสว่ากินได้สุอย่าง 😝,negative,0
6363,6363,หยุดใกล้ๆก็ 13,positive,1
6364,6364,ไม่เข้าใจไอ้เด็กม.1-3 หนูเคาท์ดาวน์จำเป็นต้องมีแสงโสม หงษ์ทองด้วยเหรอลู๊กกก//ไปฟั้งกะ,negative,0
6365,6365,น่าจะเพิ่มโต๊ะหน่อยนะ วันนี้ไป8คน ได้แยกโต๊ะนั่งเซงง,negative,0
6366,6366,พวกพี่ทุกคนสุดยอดคับ,positive,1
6367,6367,ก็กูรู้ไงว่ามึงไม่ได้หยอก มึงก็แค่อยากไปเจอพี่เขาก็บอกตรงๆอย่ามา...แถวนี้,positive,1
6368,6368,แม่งควายล้วนนน,negative,0
6369,6369,ไม่เหนมีสี 05 เลยค่ะ,negative,0
6370,6370,ไปดิ รออัลไลเล่า 555555,positive,1
6371,6371,ส่วนเกินได้ไง พี่มุกแท็กคนแรกนะ 5555,positive,1
6372,6372,คือวันนี้แบบวันมามากอ่ะ แล้วเปลี่ยนผ้าอนามัยไปแล้ว3แผ่น เลอะด้วยละตอนนี้ยืนบนรถเมล์แบบชุ่ม.....,negative,0
6373,6373,ไหนบอกมีรีฟิว ลบรูปไปซะและ,negative,0
6374,6374,เอมเค 370 บาท 5555+ แม่งมื้อเดียวอยู่ได้กี่วัน,negative,0
6375,6375,เราไม่รู้ เราไม่ทานเนื้อวัว แต่ที่แน่ๆ เดี๋ยวนี้ข้าวผัดกระเทียมไม่อร่อย ไม่หอมเนย ไม่หอมกระเทียม เมล็ดข้าวแห้งๆ เย็นชืด ทั้งที่เมื่อสมัยเรายังเด็ก ข้าวผัดกระเทียมของบาร์บีก้อนคือเบอร์1 แท้ๆ,negative,0
6376,6376,😥,negative,0
6377,6377,ชื่นชอบcivicตลอดกาลโฉบเฉียวทุกการขับขี่หลงรักเลย,positive,1
6378,6378,แบบกระปุกเจล ของ MAC ก็ฟินนะ เขียนอินไลเนอร์สบายๆ แบบเจลแท่ง ไม่มีใครเกิน Marc jacob เค้าดีจริงๆ แบบดินสอให้ NARS มันทนเว่อ แบบปากกาเมจิกต้อง KVD คือเริ่ด แบบน้ำจิ้มจุ่มมิสทีนสีเหลืองมงต้องลง แบบถูกและดีให้ cosluxe นี่เราใช้ทุกสูตรเลยนะเนี่ย 555,positive,1
6379,6379,เบื่อโฆษณาเบียร์ช้างบน bts,negative,0
6380,6380,ถ้าพูดถึงราคา และคุณภาพก็ต้องนี่เลย Honda Brio ถึงตัวเล็กแต่ใจใหญ่เด้อออ ไปไหนไปกัน ไปเหนือล่องใต้ก็ไปมาแล้ว เริ่ดสุดตรงประหยัดน้ำมันนี่แหละ อยากมอบมงให้รถตัวเอง ดีไซน์กระทัดรัดแต่โฉบเฉี่ยว ใครจอดตรงไหนไม่ได้ บริโอ้ชั้นจอดได้ย่ะ 55555 ขอบคุณฮอนด้าที่ทำให้เราพบกัน อัง สาแม,positive,1
6381,6381,ผมใช้ดากอนพาวเวอร์4X4มา 20ปี วีครอสรุ่นนี้สวย ดีแม๊คไฟมันไม่สวย,negative,0
6382,6382,ขอบคุณทุกคนที่รอมาด้วยกันนะครับ แล้วก็ขอบคุณทุกแรงกำลังใจที่มอบให้กันตลอดมาไม่ว่าจะรู้จักหรือไม่รู้จักก็ตาม หลังจากนี้มาทำให้เต็มที่ไปด้วยกันนะ เอาให้เต็มที่ไปเลย💛,positive,1
6383,6383,ประกาศ/คำสั่งจาก คสช. ที่มีผลต่อองค์กรอิสระเหล่านี้...จะเป็นประเด็นให้ คสช.ถูกโต้แย้งได้เรื่องความไม่เป็นธรรม...แล้วสังคมก็จะวนเวียนอยู่ในความขัดแย้งชุดเดิมๆ,negative,0
6384,6384,ลิปมันของเเบร์น Mistine ราคากลาง ๆ ไม่แพงมาก ราคาสามารถเอื้อมถึงได้ #LASHESactivity,negative,0
6385,6385,จัดดดดดด,positive,1
6386,6386,โอเครตามนั้น ถ้าข้าวไม่ร้อนเค้าจะไม่กินเลย 😁,negative,0
6387,6387,เสียความรู้สึก,negative,0
6388,6388,อยู่แถวสยามสแควร์ มีหัวปลาให้สั่งลงไปต้มในหม้อด้วยครับ เกี๊ยวกุ้งอร่อย ชอบมากกว่าเอ็มเค,negative,0
6389,6389,เลิกเบียร์ขวดเขียวเรย,negative,0
6390,6390,Toyota Vios คือ โดนตัดรุ่น ที่แท้จริง .. โดน Yaris Ativ เสียบ,negative,0
6391,6391,สัสหมา,negative,0
6392,6392,ออกแดดไม่กลัวดำไม่กลัวแก่ซัมเมอร์​นี้ ด้วย Biore UV Essence AQUA Rich SPF50 PA++++ เพราะว่าเขามีค่า SPFและ PAสูงสุด กันแดดได้ทุกรังสี UVA UVB ทาง่ายเกลี่ย​ง่าย​เนื้อ​ครีม​บางเบา ซึมซาบ​ไว ทาซ้ำทับเมคอัพได้ ถึงจะหน้าเต็มก็ไม่กลัวเมคอัพ​หลุดตอนเติมกันแดดระหว่าง​วัน แถมกันน้ำ พร้อมลุยสงกรานต์​ด้วยจ้า #BioreUVEssence #BioreFunlnTheSun #SonkgkranFunFest #กันแดดกันแก่ที่ดีที่สุด #กันแดดอันดับ1จากญี่ปุ่น,positive,1
6393,6393,กำแพงปิดเรียบร้อยแล้วเพราะสู้หมูกะทะไม่ได้ 😁😁,negative,0
6394,6394,น่้ากิน,positive,1
6395,6395,"เห็นมีคนแซะๆเบียร์ช้างกับซีพี เรื่องบริจาคเงินโครงการ ก้าว, เอาจริงถ้าคิดแง่ marketing เราว่าบริจาคไปซัก10m แลกค่าa…",negative,0
6396,6396,ไม่มีแถวบ้าน,negative,0
6397,6397,ไม่ไปแม่งละ รองานของเบียร์ไฮท์ก้ได้ แม่ง อุส่านั่งอั้นอึตั้งนานนนนนนนน,negative,0
6398,6398,กินๆๆเอ็มเค,positive,1
6399,6399,วันไหนดีๆ,positive,1
6400,6400,สามนัดต่อไปเป็นช่วงโปรแกรมนรกแตกสัสอ่ะ เสียวโดนเละเหลือเกิน เอาว่ะมาถึงขั้นนี้สู้กันสักตั้งให้รู้แล้วรู้รอดไป #เด็กสิงห์,negative,0
6401,6401,"โฆษณาอีซูสุอันใหม่ในโรงหนังมีความแซะตัวเองนะ ""ความพอเพียงไม่จำเป็นต้องอยู่แต่ในไร่ในนา"" 5555",negative,0
6402,6402,ไม่นะ อันนี้คนเต็มใจดูดเองถ้าของดีกว่าคนก็ต้องเลือกสิ่งที่ดีกว่า บุหรี่จริงแพงทำร้ายสุขภาพ บุหรีไฟฟ้าลงทุนทีเดียวแต่อยู่ยาวเสียเงินน้อยกว่า ดีต่อตนเองละคนรอบข้างไม่ก่อมะเร็ง เถียงไม่ได้แล้วพาลอิอิ ไหนงานวิจัยของไทยเอามาโต้ดิ,positive,1
6403,6403,หลังจากลบsocial media appทุกอันออกจากมือถือและตั้งกฏกับตัวเองไม่ให้เข้ามาเช็คอะไรทั้งสิ้น (ยกเว้น HBD เพื่อน พิมพ์ก่อนและเข้าโพส เวลาทั้งหมดห้ามเกิน 1 นาที) และตั้ง habit ใหม่คือทำโจทย์เลข ผลคือหลัง 30 วัน cognitive functioningดีขึ้นมาก คิดอะไรเร็ว งานเสร็จ เครียดน้อยลง หลับสบาย,positive,1
6404,6404,สานฝันกูเถอะ พรีสาา,positive,1
6405,6405,จะกิน,positive,1
6406,6406,แม่งยิ่งมีเรื่องคลิปคนดังมาเลยหนักเลยช่วงนี้อีห่า555,negative,0
6407,6407,หมดไวนะแล้วบอก11โมงจ้ะ,negative,0
6408,6408,ครีมกันแดดอีฟโรเช่สีส้มเหนียวเหนอะมาก มันมาก ทาแล้วเหนื่อยหน้าตั้งแต่เช้า,negative,0
6409,6409,ห้องน้ำสะอาดแต่ชักโครกไม่ค่อยสะอาด,negative,0
6410,6410,มากิน อุบล สิ ฟรี,positive,1
6411,6411,ซีพี เบียร์ช้าง ฯพวกนี้ทำตามศาสตร์อะไร..ของพ่อหลวงบ้าง..ไอ้พวกนายทหารที่ร่ำรวยข้าราชการที่ไฮโซ เซเลป มันทำตามศาสตร์ข้อไหน..เห็นมีแต่ออกมาโหน หากินไปวันๆ พอเพียง.มีไว้คนจนๆ เพียงพอ เพราะมันไม่มีจะกิน..สร้างภาพน่ะได้. สร้างจริงจังมีแค่100ละ ? ราชการส่งเสริมผลผลิตเพื่อให้นายทุนส่บออกขายให้คนไทย นายทุนผูกขาดตลอดมา. ใครได้ประโยชน์ หมู ไก่ ปลา พันธ์ผืชผัก ใครคุม เจียไต๋ ใครจดลิขสิทธิ์พันธุกรรมพืช.ใครคุมประเทศตัวจริง ทหารแค่หุ่นเชิด.มาตลอด..ตู่,negative,0
6412,6412,ซื้อเพอริเพอร่ามาผิดสีจ้าาาาาาาาา,negative,0
6413,6413,บางกว่า กระดาษ ก็ เจอ มาแล้ว,negative,0
6414,6414,ในขณะที่ Mazda Thailand ส่งหมายเรียกลูกค้า... ให้ไปขึ้นศาล ในฐานะจำเลย พร้อมเรียกร้องให้ชดใช้ 95 ล้านบาท ทั้งๆที่เหตุเกิดจากรถที่ตัวเองขายนั้นไม่ได้มาตรฐาน และเกิดปัญหา ผมเพิ่งเป็นลูกค้ามาสด้าได้ครึ่งปี... ซื้อ mazda 2 ดีเซลตัวท็อป กำลังจะผ่อนหมดในอีกไม่นาน และเคยคิดว่าจะซื้อ cx-5... แต่ตอนนี้ไม่แล้ว คงบ๊ายบายค่ายนี้อย่างจิงจัง เพราะไม่นึกว่าผู้บริหารจะกระทำการที่ไร้สามัญสำนึกได้ถึงขนาดนี้ ขนาดฟอร์ด... เค้าโดนร้องเรียนเรื่องเฟียสต้ามาขนาดไหน... ถึงจะแก้ปัญหาไม่ได้แต่ก็ไม่เคยมาฟ้องร้องลูกค้า... ความคิดพวกคุณนี่แม่งโคตรสกปรกเลย,negative,0
6415,6415,ไปกันๆๆๆ ดูหนัง #StarDelivery #Heineken #Heineken,positive,1
6416,6416,smirnoff ที่ว่าอ่อน กุกระดกของเพื่อนไปทีเดียววางเลย คนกากที่แท้ทรู,negative,0
6417,6417,พกบุหรี่ไฟฟ้าจำคุกตลอดชีวิต พ่อมึงตายกฏหมายไทย,negative,0
6418,6418,ปะคะ,positive,1
6419,6419,ทำไมเซโฟร่าไม่ส่งของสักที,negative,0
6420,6420,พ่องดิไอ้สัส. แม่งตำรวจก่วนตีนวะมาจับกูนิมา. เขาไปดูดบนหัวพ่องมึงหรอ. เหี้ยมากตำรวจ. ผู้หญิง. แค่บุหรี่ไฟฟ้า. แม่งอย่างกับเขาขายยาบ้า. ลงใต้นู้นไปสัส. เกงนัก.,negative,0
6421,6421,อยสกแดกเอ็มเคอิสัส,negative,0
6422,6422,เราแพ้โซฟีมากกก... แค่แป้งแคร์สีฟ้าช่วยได้นะ ทาก่อนใส่,negative,0
6423,6423,ยากกิน ทำไมสงขลา ไม่มี,negative,0
6424,6424,คิงมีตังค์ละกะ อี้,positive,1
6425,6425,เช่นถ้าคนติดคุกเพราะเสพกัญชา แล้วถ้ามีการแก้กฎหมายว่ากัญชาไม่ใช่สิ่งเสพติด คนที่ติดคุกเพราะกัญชาก็ต้องถูกปล่อยตัวครับ แต่กรณีบุหรี่ไฟ้าเป็นการปรับหรือยึดของ ยังไงก็ต้องคืนของครับ ส่วนค่าปรับไม่แน่ใจครับว่าจะคืนได้มั้ย,negative,0
6426,6426,ไม่ได้ต้องเก็บตังเปย์เดอะเฟสชอปแหสะ,negative,0
6427,6427,วันนั้นกูป๋องดำ ภาพกูตัดนะ,negative,0
6428,6428,#รถสวย รถดี มีคุณภาพ พนักงานและศูนย์บริการดีเยี่ยม ต้องToyota ที่ #ToyotaBuzz #อาร์ตพศุตม์ #เพิ่มMCร้อยล้าน,positive,1
6429,6429,ปะปัยกัน.,positive,1
6430,6430,ถ้ามีเรื่องผลประโยชน์เข้ามา..เรื่องอื่นนี้ไม่มีความหมายอะไรเลย,negative,0
6431,6431,55555เหนบาบิกอนยัง,positive,1
6432,6432,สอบเสดเย็นแล้วป้า,positive,1
6433,6433,เนตเร็วนะแต่เข้าไม่ได้เข้าเวปอื่นลื่นปึ้ด,negative,0
6434,6434,กุต้องเก็บข้อมูลthe face shop ผ.เป็นพรีเซ็นเตอร์ กุจะเสียตังอีกแล้ว,negative,0
6435,6435,ดีเลย กูจะได้เลิกดื่มเครื่องดิ่มตระกูล สิงห์,negative,0
6436,6436,และบางวันที่รู้สึกถึงผิวโทรม ดูอ่อนล้า แห้งเสียเป็นพิเศษให้สลับมาตบเบาๆ ด้วย Hada Labo Premium Lotion นะคะ :),negative,0
6437,6437,ไม่บอกว่าจ-ศ พอไปหน้าร้านไม่ได้ เสียอารมณ์,negative,0
6438,6438,ก็บ้านเรามันกลัวเสียผลประโยชน์ มันก็ไม่ยอมครับ.,negative,0
6439,6439,ถ้าเทียบกับ Prius 0-100 11.07 sec 80-120 8.54 sec Fuel cons. 18.94 km/L เรื่องสมรรถนะ ไม่แปลกใจที่แย่กว่า Prius เพราะไปลดสเปคมอเตอร์ลงมา แต่เรื่องความประหยัดนี่มีประเด็น น้ำหนัก Prius ประมาณ 1.4 ตัน CHR หนักกว่านิดหน่อย แต่ด้วยรูปทรงและขนาดล้อ CHR ทำได้ตั้ง 20.21 หรือเพราะว่าเร่งได้ไม่ไวเลยไม่ค่อยซด 5555555555,positive,1
6440,6440,"ผมบันใจ ให้ Honda ไปซื้อ civic แต่สิ่งที่ได้คือ 7 เดือนแบ็ตหมด ประตู มีรอยเชื่อมอย่างแรง ของเริ่มไปละครับ กระจก คนขับ กดลง แล้วมีเสียง ยางบัดน้ำฝน เสื่อมตอน 5,000 โล ทั้งๆที่รถ จอดในร่า ตลอด ไม่โทษใครครับเพราะเวลาซื้อ ไม่รอบคอบ แล้วช่วงนั้นมีตัวเลือกไม่เยอะ เพราะ มีแค่ M 3 อัลติส ตัดไปได้เลยครับ",negative,0
6441,6441,สเมอนอฟแม่งรุนแรงกว่าแจ็คอีก โว้ย,negative,0
6442,6442,"39คิว รอวันนี้ได้กินพรุ่งนี้อ่อ😑 (@ MK Gold in Pathum Wan, Bangkok)",negative,0
6443,6443,ไปๆ กัน,positive,1
6444,6444,ไม่ อารมณ์ไม่ดี เหมือนหน้าตา,negative,0
6445,6445,🤤🤤,positive,1
6446,6446,หนูไม่รู้จักชื่อคุณหมอค่ะ พอถามคุณหมอใช้อะไรหน้าใส คุณหมอบอกใช้ ลาแมร์ หนูเลยจะขอลาตายแปปเจ้าค่ะ 555,positive,1
6447,6447,จะวิจัยจากไหนพวกมันก้มะสนหรอก เสียเวลา เงิยมันสำคันกว่าไรทั้งนั้น,negative,0
6448,6448,"ใครชอบดูคอนเสิร์ตไม่ควรพลาดนะคับ เราจะมีให้ลุ้นชิงบัตรคอนเสิร์ตจำนวน 2 ใบ ในวันเสาร์ที่ 3 กุมภาพันธ์ 2561 บัตรราคา 1,400 บาท มีแค่ 2 ใบเท่านั้น (สำหรับลูกค้าที่ทาน แสงโสม เท่านั้นนะคับ) แล้วพบกันคับ #ตักสุราประชาชื่น #เพลงเศร้าเหล้าถูก",positive,1
6449,6449,แอคคอร์ดผ่อนถูกเว่อร์,positive,1
6450,6450,ตอนแดกเอ็มเคก็เปิดไฟเบาสุดอ่ะ ควันมันดูไม่ค่อยมีละเลยเอาช้อนตักน้ำซุปกินเลย อิเหี้ยย ปากพอง โง่มาก ริบ,negative,0
6451,6451,ประเทศไทย!!ล่าช้า,negative,0
6452,6452,เดอะมอลลบางกะปิชั้น 3 ครับ,negative,0
6453,6453,ไปสี้,positive,1
6454,6454,ทุกวันนี้ผมไม่กล้ากินสัตว์ใหญ่ๆเลยครับ จากกินช้างไปกินเป็นสิงห์แทน,positive,1
6455,6455,ปวดหัวกับเซ็นติเมตรของผ้าอนามัย 23 25 29 30 35... ปัญหาคือจำไม่ได้ว่าอันก่อนซื้อกี่เซ็น,negative,0
6456,6456,แพ้ผ้าอนามัยไปอีก #โอ๊ยชีวิต,negative,0
6457,6457,เดือนร้อนแทนคนที่ออกMG กันจริงตังก็ไม่ได้ช่วยออก เรื่องรถมีปัญหามันมีทุกค่าย ไม่ใช่แค่MG พวกด่าMG พวกยึดติดค่ายเก่าๆ รอดูปัญหาตอนรับรถ..ควย,negative,0
6458,6458,ถึงแค่ 28 กุมภานี้เอง เสียดายน่าจะมียาวๆไปเลย,negative,0
6459,6459,Wet n wild คือลิปเนื้อดี สีสวย และราคาไม่แพงด้วย แต่หักแบบติดลบสุดๆ คือแพคเกจอ่ะ เปิดก็เลอะ ใส่กระเป๋าก็เละ เปื้อนอ่ะ มิชอบเลย,negative,0
6460,6460,โดนไปแล้ว 4000 ทำอะไรไม่ได้เลย,negative,0
6461,6461,แต่ทั้งหมดทั้งมวล ทั้งสองแบรนด์แห้งเร็วมากกก แต่กลิ่นก็แรงมากกก โดยเฉพาะ skinfood ฉุนกลิ่นยาทาเล็บสุดๆ etude ก็แรงพ…,negative,0
6462,6462,พร้อมเสมออ😁😁😁😁😁,positive,1
6463,6463,คนขายบุหรี่ไฟฟ้าตั้งเยอะทำไมไม่จับมาจับคนซื้อทำไม เจอในรถยึดรถถ้าเจอในโรงเรียนยึดโรงเรียนด้วยน้ะคับ,negative,0
6464,6464,จะเอาไว้ดองศพคนเขียนสักวันเนี่ยแหละ,negative,0
6465,6465,ห๊า ถ้วยใส่เมน 555 เหมือนผ้าอนามัยแบบสอด แต่คือเป็นถ้วยเสียบเข้าไปเก็บไม่ให้เมนไหล โอ้ย เกาหลี,negative,0
6466,6466,อยากกกกกกินนน,positive,1
6467,6467,โกงงงงงงงงงงงงงงงงงงง,negative,0
6468,6468,สน มาสด้า3,positive,1
6469,6469,เนื่องในวันครู ขอบคุณครูทุกคนที่สอนให้เราคูล เชิญ Tag เพื่อนทุกคนที่สอนให้คุณรู้จักปาร์ตี้ #SangSom #RedefineFullMoon,positive,1
6470,6470,มึงไปตายซะแพทเมืองนอกที่พวกมึงไปเรียนหาความรู้จากเค้าๆว่าดีกว่าบุหรี่จริงแต่พวกคุณมึงที่ไปเอาความรู้จากเค้ากลับว่าไม่ดีกูและงง,negative,0
6471,6471,ไอ้สังคมอักเสบมันโหนกระแสอีก,negative,0
6472,6472,พนงบาบีก้อนวันนี้เมายาหรอ,negative,0
6473,6473,งื้อออออเค้าเซงจุง,negative,0
6474,6474,พ่อๆๆลูกๆอยากกินMK,positive,1
6475,6475,เรานี่กินจนติดไม่รู้ตัว เบียร์ก็กินสิงห์ น้ำก็กินสิงห์ ตอนนี้อยากกินพรีเซนเตอร์อะ อิอิ,positive,1
6476,6476,นิสสันยี่ห้อรถยนต์คุณภาพ สมรรถนะครบครันราคาคุ้มค่ามากๆ,positive,1
6477,6477,เบียร์ช้างดื่มแล้วพูดภาษาอังกฤษคล่องด้วยครับ,positive,1
6478,6478,ข้าต้องลดจิงๆแล้วหละ เห็นท่าจะจะย่างเข้า60แล้ว,negative,0
6479,6479,กดชิ้นเนื้อแล้วดังแป๊ะๆๆๆใครจะกินลง ต่อให้เอามาเปลี่ยนให้กินเป็นกิโลก็กลืนไม่ลงแล้วค่ะมีแต่จะอวก น้องเค้าไม่ได้ตรรกะหรอกค่ะ ทางร้านพลาดเองค่ะ น้องเค้าตั้งใจไปทานกันไม้ได้ว่าจะไปจับผิดทางร้านหรือว่าอยากดังหรอกค่ะ,negative,0
6480,6480,เกลียดตัวเองที่กินบาบีก้อนคนเดียวหมดแปดร้อย,negative,0
6481,6481,Hadalabo ก้ดีค่ะ,positive,1
6482,6482,นิสันนาวารา สวยครับชอบๆครับกำลังอยากได้อยู่พอดีเลยครับจัดโปรราคาเบาๆให้แบบนี้ถูกใจเลยครับชอบๆ,positive,1
6483,6483,กูว่าไฟหรี่นารำคาญ​แล้วก็ ยังไม่เท่่่าไฟ ฟอจูนเนอร์ ปาเจโร่ ดีแมค รุ่นใหม่ๆเลย แสบตาชิบหาา,negative,0
6484,6484,ใส่ผ้าอนามัยจะถึงขอบเกงในแล้วก็ยังเสือกเลอะอีกนะอีสัส ควย,negative,0
6485,6485,เจอ 2 รอบแล้วค่ะ สั่งอาหารที่ร้านมากินที่บ้าน ของไม่เคยครบ แต่เงินคิดครบ แปลกแต่จริง,negative,0
6486,6486,ทำไ้มเราว่าราคาแพงเกินคุณภาพกับรสชาติสงสัยค่าที่ในshowdcแพง กลับไปกินร้านประจำต่อ,negative,0
6487,6487,อิสัส ค่าผ้าอนามัยแพงพอๆกับค่าเหล้า,negative,0
6488,6488,แล้วเราจะรุ้ได้ไงว่าสาขาไหนร่วมด้วย ควรมีทุกสาขานะไปแล้วจะได้ไม่ผิดหวัง,negative,0
6489,6489,ส่วนตัวไฮเนเก้นถูกปากกว่าฮูการ์เด้น,negative,0
6490,6490,Cx3 ล้าน2แพงกว่าchr 40000 ก็ไม่ได้เบาะไฟฟ้านะครับ เพื่อไม่รู้ hrv ได้เบาะไฟฟ้า แต่ออฟชั่นอย่างอื่นน้อยกว่า ก็ต้องเลือกละครับ จะเอาเบาะไฟฟ้า แต่ออฟชั่นน้อย หรือจะเอาออฟชั่นเยอะกว่า แต่เบาะปรับมือ ถ้าจะซื้อรถแนวนี้อะนะ,negative,0
6491,6491,กินอันนี้,positive,1
6492,6492,ไทยแลนด์คิดอะไรอยู่บ้านอื่นเมืองอื่นเค้าถึงไหนแล้ว,negative,0
6493,6493,เอาผิด บริษัท เบียร์สิงห์ด้วยที่เป็นเจ้าของ เบียร์ลีโอ ฐานสนับสนุน เซว่น ยินยอมให้เอาเบียร์สด ที่เป็นสินค้าของบริษัทมาวางขายในเซ่เว่น ..ต้องสอบให้ชัดเจนด้วย ระหว่างเซเว่น กับบริษัทเบียร์สิงห์ ใครเป็นคนเสนอขายเบียร์สดในร้านสะดวกซื้อ...อย่าปล่อยให้พวกอีแอบทำตัวเป็นคนคุณธรรม แต่แอบค้าขายผิดจริยธรรม ศีลธรรม,negative,0
6494,6494,เซ็ลทรัลลาดพร้าวคนเยอะมาก​ ไม่มีโต๊ะนั้งรอ,negative,0
6495,6495,เมย์ เราว่าถึงเมย์ม้วนเข้าดียังไง ตอนดึงออก มันอาจมีกาวที่ทำเมย์เจ็บได้นะ เราว่าลอรีเอะซุปเปอร์สลิม 1 มล.แน่ๆที่เมย์ลองใช้เพื่อการนี้,negative,0
6496,6496,ใครใช้ลิป Mamonde intense แล้วปากแห้งเหมือนเราบ้าง .,negative,0
6497,6497,ตามความเป็นจริงนะครับแค่ถามว่าทำไมตำรวจขับรถย้อนศรทำไมไม่โดนจับ ตำรวจไม่ใส่หมวกกันน็อคไม่โดนจับ ตำรวจฝ่าไฟแดงก็ไม่โดนจับ ตำรวจมีสิทธพิเศษกว่าประชาชนทั่วไปอยู่แล้ว,negative,0
6498,6498,ขอบคุณมากๆ ที่ได้ทางเท้าหน้าเซนลาดกลับคืนมาาาาาา,positive,1
6499,6499,ผ้าอนามัยบางยี่ห้อไม่เก็บกลิ่นอะ เช่นรุ่นจิ๋มเย็น,negative,0
6500,6500,คิดไม่ผิด..ที่เลือก..รีโว่,positive,1
6501,6501,ผิดหวัง กั๊กของสามทุ่มก็ไม่เอาออกและ,negative,0
6502,6502,สู้คับพี่ๆเพื่อน ไม่ว่างไปด้วยส่งใจไป,positive,1
6503,6503,โง่ยยยย อยากเจอแท็กซี่คันนี้ ;-;,positive,1
6504,6504,"เมื่อวันพุธที่ผ่านมาไปทานที่สาขาเซ็นทรัล แจ้งวัฒนะ ไปถึงประมาณ 18.40 มีลูกค้าไม่น่าเกิน 5-6 โต๊ะ แต่ไลน์อาหารหมดเกือบทุกอย่าง พวกหมูสไลด์มีวางแค่อย่างเดียว ไลน์สลัดเหลือแต่วิญญาณผัก กุ้งเทมปุระก็ไม่มี ข้าวผัด, ยากิโซบะ, ปลานึ่ง เหลือแต่จาน แม้กระทั่งชาเขียวก็ยังหมด นั่งทานไปจนถึงเวลาออกประมาณ 2 ทุ่ม เดินไปดู ข้าวผัดกับยากิโซบะเหลือแต่จานเหมือนเดิม หรือว่ามีโปรฯ ลด 20% แล้ว อาหารเลยลดตามไปด้วยคะ",negative,0
6505,6505,ไหว้เจ้าเสร็จ กินสปายดับเครียด. นอนเลย เหมือนเอาเท้ามาพาดบ่นบ่ามคันใต้กว่าเท้า อย่าแรง,positive,1
6506,6506,จัดปายยย,positive,1
6507,6507,ในส่วนที่ยังไม่มีจำหน่ายในประเทศไทย คือ Johnnie Walker Black Label The Jane Walker Edition นะครับ,negative,0
6508,6508,กินทุกวันจนท้องเสียก็เพราะช้างนี่แหละ,negative,0
6509,6509,ช่างมิ้ง บ้านสวนหนองบอนเลี้ยงหน่อยสิ😂,positive,1
6510,6510,อะไร หมดแล้ว,negative,0
6511,6511,ตัวนี้ดีจริง หลังๆโตต้าทำรถมาดี เหมือนยาริสตัวใหม่อะ ทำการบ้านมาดี,positive,1
6512,6512,อีกหนึ่งเรื่องใหญ่มากๆ ที่ต้องช่วยกันจับตาครับ... ว่ากฎหมายฉบับนี้เอื้อผลประโยชน์ให้ใคร แม้มีเสียงคัดค้านมากมาย แต่ก็มีค.พยายามผลักดันจะผ่านให้ได้,negative,0
6513,6513,พนักงานบิวตี้บุฟเฟต์มองหน้าเหมือนอยากมีเรื่องกะกูอะ เอ๊ะหรือเขาเห็นกูสวย อะอภัย,negative,0
6514,6514,หรอ.. อะเคร ไปถอนที่บาบีก้อนดีก่า555555,positive,1
6515,6515,สาดแรงไม่ว่าแต่อย่าสาดโดนหน้าสิวันนากูไม่กันน้ำ👌 #สงกรานต์2018,negative,0
6516,6516,ลดความอ้วนไว้ก่อน ราคาHot pot กำลังลด,positive,1
6517,6517,บุฟบาบีก้อนมี2สาขาเองงะ น้องเสียใจจจ,negative,0
6518,6518,ถ้า ม.44 ยึดเหมืองสำเร็จ ตือได้อีกหลายเรือนเลย สมนาคุณจากน้องตูบ แต่ไม่สำเร็จแล้วเจอฟ้องกลับ แล้วเหมืองนี้มันใช้ศาลโลกไง ตูบมันเลยถอย อย่าเอาภาษีผมไปจ่ายค่าปรับนะย้ำอีกรอบให้ไปเอาที่เบียร์ช้าง,negative,0
6519,6519,ชอบ Honda BRIO เพราะขนาดกำลังพอเหมาะ กะทัดรัดแต่กว้างขวาง ขับง่าย และประหยัดน้ำมันสุดๆ #ฮอนด้าที่รัก #EnjoyHondaThailand,positive,1
6520,6520,ไปค่ะ,positive,1
6521,6521,multifocal small-size abcess =หนองไงจ๊ะ,negative,0
6522,6522,ไปกินงี้กันมั้ย,positive,1
6523,6523,ถูกต้องแล้วครับโตโยต้า ต้องมอบให้ เพราะเป็นคนสร้างชื่อเสียงด้านดีงามให้ดับประเทศไทย,negative,0
6524,6524,ไม่กี่วันก่อนมีชาวจีน DM มาแสดงความยินดีที่ประเทศไทยจะเป็นประเทศแรกในเอเชียที่ออกกฏหมาย พรบ.จดทะเบียนคู่ชีวิตสำเร็จ (แต่งงานเพศเดียวกัน) พร้อมกับแคปจอส่งรูปข่าวใน Weibo เว็บSNSใหญ่ของจีนมาให้!! เท่าที่ Google แปลคือมีแต่คนอิจฉา เราก็ได้แต่พิมพ์ให้กำลังใจ หวังว่าจีนจะมีบ้างนะ 😊✨,positive,1
6525,6525,ดีครับ ให้แม่งไม่มาเลยยิ่งดี แล้วตามไปทำสกู๊ปข่าวว่าทำไมไม่กล้ามาไทย จะได้สำนึกซะที,negative,0
6526,6526,กลืนน้ำลายเอื้อกๆ,positive,1
6527,6527,ขอบคุณทุกๆคน ขอให้ทบทวนกฎหมายดูใหม่ด้วยนะครับ,positive,1
6528,6528,อาทิตย์หน้าไปเกาหลี จะต้องไม่มีการซื้อเสื้อผ้า แต่ถ้าบุหรี่ iqos ถูกจะลอง,negative,0
6529,6529,รุ่นปัจจุบันตอนนี้ผมก็เห็นไม่ค่อยเยอะนะ ตามท้องถนนจะเห็นแคมรี่เยอะกว่าบ่อยกว่าอีก ชอบตัว G8 มากกว่าครับ,positive,1
6530,6530,เป็นประจำครับ ถ้าเป็นโตโยต้า ไม่ว่าเก่าหรือใหม่ ใจเย็นๆครับมันจะค่อยๆขึ้นเองครับ ถ้าไม่แน่ใจเวลาเติมน้ำมันควรสังเกตุเวลาเติมครับ ไม่ใช่จอดรถปุ๊บขว้าโทรศัพปั้บ แล้วมาว่าเค้าเอาเปรียบโน้น นี่ นั้น ครับ,negative,0
6531,6531,ไม่ชอบกินไม่ใช่อ่อเออ,negative,0
6532,6532,ทำไมไม่มีกุ้ง,negative,0
6533,6533,ไปจัดเลยมั้ย555,positive,1
6534,6534,#No3 ใช้ดีสุดๆ ซองนี้นี้เอง ที่เราใช้อยู่ KA UV babyface SPF 42 PA+++ ครีมกันแดดหน้าเนียน ใช้แล้วไม่เป็นสิวอุดตัน ไม่เกิดสิว ไม่มีแอลกอฮอล์ ใช้แล้วทำให้หน้าเด็กลง แดดจะร้อนแค่ไหน กันแดด KA ก็เอาอยู่จร้า แท็กเพื่อน 5 คน👇 #KAx7Eleven #KAUVBabyFace,positive,1
6535,6535,ใจไม่ดีกับ innisfree เลย ขอเถอะ อยากเปย์ ฮือ,negative,0
6536,6536,ไม่ค่อยชอบกินเห็ด,negative,0
6537,6537,มันหมด29 อะทำไง,negative,0
6538,6538,มันน่ากินนะ แต่ขอพักแปป 555,negative,0
6539,6539,อีกาวผ้าอนามัยนี่นะ ตอนติดไม่แน่นก็ลำบากเพราะมันเลื่อนมันหลุด พอแน่นไปก็ลำบากตอนดึงออกอีกกางเกงในกูยานหมดแล้วจ้าอห,negative,0
6540,6540,พรุ่งนี้จะไปกิน เห็นแล้วแซ่บ,positive,1
6541,6541,ท่านจะอยู่ในตำแหน่งเพื่อทำหน้าที่นี้อีกนานไหมครับ 😂 #ส่วยเบียร์ช้าง,negative,0
6542,6542,อยากกินอีก55,positive,1
6543,6543,เมท10โปร เสียงเบา ภาพกระตุก 555555,negative,0
6544,6544,ขอบคุณครับผม ^^,positive,1
6545,6545,รสชาติใช้ได้อยู่แต่ต้องขอออเดิร์ฟด้วยอกเป็ดอบน้ำผึ้งก่อน ท้องว่างแล้วว่างกินของดองแล้วหวาดเสียว หมดแล้วจัดสิงห์ฆ่าเชื้อสองป๋องฟินแน่นอน,negative,0
6546,6546,เงินเดือนออกค่ะ 555,positive,1
6547,6547,หมี่หยกกแสนอร่อยย ฟินน😍,positive,1
6548,6548,กรุณาปรับปรุงด้วยค่ะ ไม่ใช่ดีแต่ปรับราคา คุณภาพแย่ลงแบบนี้ ควรเอาไปแก้ไขค่ะ ไม่ใช่มาส่งgiftเศร้าเสียใจ รักษามาตราฐานด่วน อย่าเอาเปรียบผู้บริโภคค่ะ,negative,0
6549,6549,เสียดาย และเสียใจ 😢😢😢,negative,0
6550,6550,เหลืบสายตาแล้ว,positive,1
6551,6551,เอมเค สุกี้ ขอกอดหน่อย,positive,1
6552,6552,โอ้โหหหห ไม่เคยบินสายการบินนี้ คือแถวเช็คอินยาวมากกกกกกกกกกกกก,negative,0
6553,6553,ต้องไปรีบจัดก่อนหมดโปร,positive,1
6554,6554,@กินเปนชุดคุ้มกว่าเนอะจัดๆ,positive,1
6555,6555,ผมแค่ไปเปิดฝากระโปรงรถ CH-R HB มา ก็ปิดฝากลับ แล้วหากใครถามว่าน่าซื้อไหม เป็นผมคงไม่กล้าซื้อแหละครับ มีระเบิดเวลา 3 ลูกรอผลาญเงินคุณไม่ต่ำกว่า 2 แสนหลังรถหมดประกันทันที รถไฮบริท ราคาแบตไม่กลัวครับ ผมกลัวอะไหล์แวดล้อมมากกว่าที่โตโยต้าไม่เคยบอกความจริงกับสาธารณะชนไทย เมืองนอกเค้าฟ้องชนะจนต้องรีคอลรถ HB ไปเกือบ 5 แสนคัน แต่บ้านเราไม่เคยเรียกรีคอลทั้งๆที่อะไหล์ก็ชิ้นเดียวกัน ซับพลายก็เจ้าเดียวกัน ประกันก็ไม่ขยาย ใครพังก็ซ่อมกันเอาเอง สาธุ,negative,0
6556,6556,แอคคอร์ดเปราะบางมาก ชนนิดเดียวคือกันชนหลุด อิเวรรรร,negative,0
6557,6557,ป้ะ ไปคลีนกัน,positive,1
6558,6558,ดีสิแกรรรร ต้องลองเดี๋ยวไม่อินเทรนนะ🤗,positive,1
6559,6559,สเมอนอฟอีเล้คทริคบลูรสชาติเหี้ยมาก,negative,0
6560,6560,ชงเหล้าให้ไคฟ์และตัวเอง “ดื่มแบล็คไปก่อนนะไคฟ์ ของแพง” ขำแห้งแล้วยกขึ้นจิบฟังบทสนทนาท่ามกลา…,negative,0
6561,6561,พี่เอาบุหรี่ไฟฟ้า เปนมวนมันเหม็น,positive,1
6562,6562,มีความ Toyota Crown ไปทำศัลย์ที่เกาหลี โดยรวมข้างนอกสวยมากกก ( ยกเว้นกระจังหน้า ) แต่ข้างในขอทำใจแปร๊บ,positive,1
6563,6563,นัดวันมา,positive,1
6564,6564,ลอลีเอะสีเขียว เกงในแทบฉีก ใช้มาจะ10ปีละ,negative,0
6565,6565,ไม่น่ามีบุหรี่ไฟฟ้าขายนะ,negative,0
6566,6566,ปร้ะ,positive,1
6567,6567,นิสสัน อัลเมร่า ขับจากยะลา ไป กทม. ตั้งหลายครั้งไม่เห็นจะปลิวเลย ปล.แฟนขับนะค่ะ,positive,1
6568,6568,อยาก...,positive,1
6569,6569,นอกจากเสื้อแขนยาว กางเกงขายาว หมวก แว่นตากัน หรือพรอพนานาจิตตังแล้ว ครีมกันแดดนี่แหละคือหัวใจสำคัญเลยทีเดียวที่จะช่วยถนอมผิวสวยให้ยาวนานขึ้น และไม่มีอะไรจะดีไปกว่า NIVEA Sun Instant Aura SPF 50 ที่นอกจากจะปกป้องผิวแล้ว ยังมีเนื้อครีมที่ซึมง่าย บางเบา ฟินที่ทุกครั้งที่ใช้ทาระหว่างวัน บอกเลยว่าไม่ขี้เกียจที่จะหยิบครีมกันแดดมาทา เพราะนิเวียร์สามารถลบอคติที่ว่าต้องเหนียวหนึบ น่ารำคาญ ให้หมดสิ้น เห็นแบบนี้แล้วใครจะปันใจจากนิเวียร์ไปได้หล่ะ,positive,1
6570,6570,ลีโอ นานๆ กินที เพราะส่วนตัวกินลีโอทีไร ตื่นขึ้นมาจะปวดหัวตึ๊บๆ มาก = =,negative,0
6571,6571,ส่วนพรี่เบื่อเอ็มเคแร้ว,negative,0
6572,6572,คนใช้ก็กล้าใช้เนอะ .. เภสัทสีอะไรก็ได้ซิตร้า นีเวีย .กันแดดอยากขาวโบกเข้าไป ส่วนหน้า อาทิตนึงสขับสัก1ครั่ง ต่ออาทิตย์ แล้วเอาน้ำแข็งใส่ผ่าบางเอามาถูหน้าเอาๆ หมั่น มาร์คหน้าบ่อยๆเอาตามสภาพผิวตัวเอง...ส่วนครีมก็ทาของเค้าเตอร์แบนด์ดีกว่าราคาไม่แรง แต่คุณภาพดีและปลอดภัยมีเยอะ,positive,1
6573,6573,แต่มันคือ Abscess จ้าาา,negative,0
6574,6574,สุดยอดครับโตโยต้า,positive,1
6575,6575,ลอรีอัลจะดันรีวิวครีมหนักไปละ รกฟี้ดชห แต่ก่อนที่ทวิตเตอร์ยังไม่มีคนรับรีวิวเยอะขนาดนี้มันสบายตาว่านี้เยอะ,negative,0
6576,6576,โตโยต้า วิส เท่าไรคับ,positive,1
6577,6577,ผมใช้น้ำมันเครื่องจากศูนย์มาสด้า เช็คระยะกับมาสด้าตลอด เติมน้ำมันดีเซลพรีเมี่ยมตลอดยังสั่นครับ ศูนย์แก้ไขให้นำรถไปจอด1อาทิตย์ ตอนนี้ใช้งานได้ปกติละเสียวมันจะกลับมาอีก ค่าซ่อมที่ศูนย์ให้ดูเกือบแสนเลยนะครับหมดประกันละเป็นอีกคงขายรถทิ้งดีกว่า,negative,0
6578,6578,เคยโดนเคสคล้ายๆกัน เชคระยะที่ ฮอนด้า มหาชัย ช่างพลาดทำหม้อน้ำรั่วเอง แต่โบ้ยโทษนั่นนี่ .. เสนอให้ซื้ออะไหล่ใหม่ จะลดให้10% ตอนนั้นโกรธมาก คอมเพลนแต่ก็ไม่ได้เรื่อง เลยตัดขาด จะไม่กลับไปเหยียบสาขานี้ แม้เปนคนจังหวัดนี้ก็ตาม,negative,0
6579,6579,จับเวลารึป่าวคะ,positive,1
6580,6580,กบในกะลาครับ บุคคลเช่นนี้,negative,0
6581,6581,เซเว่นนี้ไม่มีsmirnoffป๋องขาวอะ,negative,0
6582,6582,รออยู่นะ😍,positive,1
6583,6583,หลายพรรคเน้นเอาคนรุ่นใหม่(ที่หน้าตาดี) มาลงสมัครเลือกตั้ง หวังจะมาดึงคะแนนจากวัยรุ่น แต่ว่าสมัยนี้ข้อมูลหากันไม่ยาก ยิ่งลูกหลานคนดังด้วยแล้ว ถ้าไม่ดีจริงอย่าเอามาสมัครเลย มีแต่จะเสียชื่อเปล่าๆ 🙄🙄 โดยเฉพาะ พท. เนี่ย,negative,0
6584,6584,นิสสันอเมร่า รถซิตี้คาร์ที่ภายในกว้าง พร้อมเดินทางไปทุกที่,positive,1
6585,6585,วันนี้เรามีข้อมูลดีๆ มาบอก พร้อมวิธีแก้ง่ายๆ มาแนะนำสาวๆ ด้วยค่ะ ก็แค่...เดินเข้า 7-Eleven แล้วแลกซื้อสุดคุ้ม Laurier Soft & Safe Anti – Bac แค่ 20 บาท!เท่านี้ก็จบปัญหาให้น้องสาวได้สบายยย #มั่นใจหมดกังวลเรื่องกลิ่น วันนี้ - 3 ม.ค. 61 เท่านั้นนะคะ :),negative,0
6586,6586,แคมรี่กับแอคคอร์ดยังเหนื่อย ส่วนเทียน่าถึงขั้นสลบ มาสด้าคงไม่กล้าโดดลงมาร่วมวงด้วยหรอก,negative,0
6587,6587,ขอด้วยคนx สี่ประตู,positive,1
6588,6588,อันนี้น้ำจิ้มไม่อร่อย,negative,0
6589,6589,เงินในซองสั่นนน,positive,1
6590,6590,“เรามุ่งมั่นค้นคว้าวิจัย เพื่อพัฒนาการป้องกันโรคและรักษาผู้ป่วยให้ดีที่สุดอย่างไม่หยุดยั้ง ทีมผู้เชี่ยวชาญจากสหสาขาวิชาชีพ เทคโนโลยีที่นำสมัย พร้อมเพื่อบริบาลสู่ผลการรักษาที่ดีที่สุดในระดับสากล” . ศาสตราจารย์พิเศษนายแพทย์ อัฑฒ์ หิรัณยากาศ ผู้อำนวยการสถาบันโรคลำไส้ใหญ่และทวารหนัก โรงพยาบาลกรุงเทพ ภูเก็ต,positive,1
6591,6591,วันไหนจ้ะะะ,positive,1
6592,6592,จริง หากินแบบนี้🤦🏻‍♀️,negative,0
6593,6593,ไปปปปปป,positive,1
6594,6594,ไม่ต้องเสียเพิ่มน้า คนเดียวก็ได้ เดี๋ยวแอดไปกินเป็นเพื่อน อิอิ,negative,0
6595,6595,ขอให้ปีนี้ได้เสพบรรยากาศดีๆอีกครั้ง #Sangsom #GypsyCarnival2018,positive,1
6596,6596,รถไฟฟ้าวันทำงานวันแรก โล่งแบบสบายมาก,positive,1
6597,6597,นี่เลยค่ะเครื่องสำอางชิ้นแรกของชีวิต😻 พาเลทแต่งหน้า จาก แบรนด์ Mistine ค่ะ แบรนด์แรกของเรา👌 ตลับนี้เป็นทั้งอายแชโดว บลัชออน ไฮไลท์ เฉดดิ้ง แถมยังมีลิปกลอสแถมมาให้ในราคาแค่หลักร้อยเองค่ะ แถมสีสวยมากๆ ตอนเด็กๆไม่ชอบแต่งหน้าเลย แต่พอได้ใช้พาเลทแต่งหน้าตลับนี้ของMistine รู้สึกว่าการแต่งหน้าไม่ได้ยากอย่างที่คิด แถมเริ่มมีความมั่นใจเพิ่มมากขึ้น ใช้ตั้งแต่หัดแต่งหน้าแรกๆ ตอนนี้ก็ยังใช้อยู่ รักนางมากกกก กระจกใหญ่และชัดมากๆๆ ใช้จนเป็นหลุมเป็นบ่อ55555 นางคือตลับที่พกไปไหนมาไหนบ่อยที่สุดเลยค่ะ ทิ้งนางไม่ลง😥 เลิฟๆเลยค่ะ รักครั้งแรกของเรา❤❤❤ #LASHESSactivity,positive,1
6598,6598,แอบอยาก,positive,1
6599,6599,🤔🤔🤔🤔🤔,positive,1
6600,6600,เดี๋ยวนี้น้ำซุปบาร์บีคิวรสชาติจืด หมูก็เนื้อบางย่างแล้วแข็งๆ พิกล เมื่อวานเพิ่งไปกินมานะ ผิดหวังหน่อยๆ,negative,0
6601,6601,บาร์บีก้อนอีกแล้ว อิเหี้ยยยยยย กินจนจะเป็นหมูแล้วเนี่ย บักฟัคคคคค,negative,0
6602,6602,ไม่เห็นมีทีมงานเลย #NFLYING #BreezerTH,negative,0
6603,6603,เบื่อการโดนผ้าอนามัยบาดก้น,negative,0
6604,6604,แบบrefillมีสาขาไหนบ้างคะ พี่ก้อน,positive,1
6605,6605,แหมๆๆกินลีโอด้วย,positive,1
6606,6606,#popezaap พี่บอกบอกหลายทีแล้ว...ลุงกล่าว วันวาเลนไทน์ ก็จะเยอะเป็นพิเศษนิดนึ่ง เชื่อว่าต่อไปส้มส้มจะไปแต่ตัวและหัวใจ 😂😜😘😘. กลัวลุงไม่รัก 😂😂😂😂,positive,1
6607,6607,กำลังงงว่า Yaris Hatchback สีเขียว มันไม่มีของขนาดนี้เลยหรอ ของขาดเว่อ,negative,0
6608,6608,อยากพาแสงโสมไปฟังเพลง สันติภาพ ของ Bomb at track !! เวทีเดือดแน่นอน อยากไปดูวงนี้เล่นสดที่เห็ดสด #Sangsom #เห็ดสด,positive,1
6609,6609,เบียร์ช้างอร่อยน้า,positive,1
6610,6610,จบละ สาขาไกลๆ ทั้งนั้น,negative,0
6611,6611,สวัสดีปีเตอร์ :) ขอบคุณ #ฮอตพอท ที่ทำให้เราได้รู้จักมิตรภาพดีๆ ได้ใกล้ชิดกับสัตว์โลก,negative,0
6612,6612,แกงอ่อมหมู/ต้มขม+เบียร์ช้างอร่อยสุดๆ,positive,1
6613,6613,499กำลังดี,positive,1
6614,6614,มีใครเสียภาษีขายหุ้นให้กรมสรรพากร บอกหน่อย เบียร์ช้างไปซื้อบ.เครื่องดื่มสิงค์โปร์ Big C. บ. CP ซื้อแมคโคร บ.อาหาร USA. หลีกเลี่ยงคู่ค้าไม่ต้องเสียภาษี ?,negative,0
6615,6615,ขอชาตินี้นะครับนิสสัน,negative,0
6616,6616,ใช้Honda มาโดยตลอด city civic crv accord มีเสียงก๊อกๆแก๊กๆทุกคันครับ สงสัยคงเป็นเอกลักษณ์ของHonda 55555555555 #ในเลขห้ามีน้ำตาซ่อนอยู่,negative,0
6617,6617,อยากกินอีกแระ พาไปกินโหน่ยยย,positive,1
6618,6618,เสียดาย ไม่กินเป้บซี่ด้วย,negative,0
6619,6619,ไปค่ะ😬😁😋,positive,1
6620,6620,ก๊วนผมไม่ดื่ม ไฮเนเก้นครับ,negative,0
6621,6621,เราไม่อยาก จบมะ!,negative,0
6622,6622,ปกติเท่าไหร่นะวันนั้นพาฟิล์มไปกินของมันน้อยอ่ะ,negative,0
6623,6623,จัดไปจ้ะ,positive,1
6624,6624,ซื้อ 4 ประตู ดีแมคคันนึง เอา รีโว่อีกคัน ตังยังเหลือเลย,negative,0
6625,6625,เบียร์ลีโอขวดละ300.ผัดกระเพาหมูไข่ดาวจานบะ280บาท.น้ำเปล่าขวดละ100บาท.555ผมกินมาแล้วสนามบินสุวรรณภูมิ,negative,0
6626,6626,เอาตรงๆกูเคยกินเบียร์​กินเหล้ากูก็รู้สึกมันไม่ได้แย่แต่พอกูมาแดกสปายแล้วมันจะร้องกูว่ามันอย่มากๆกับการนั่งแดกคนเดีย…,negative,0
6627,6627,สตอเบอรี่+อัญชัน อร่อยสู้ลิ้นจี่ไม่ได้,positive,1
6628,6628,จริงป่าวววววววว❤️,positive,1
6629,6629,ทะลึ่งอ่ะ น้ำไรเซง,negative,0
6630,6630,นิสสันเงียบมาก เมื่อไหร่จะออกรุ่นใหม่,negative,0
6631,6631,งงเลยสัสวันนั้นกูกินฮอตพอตทำไมอ่ะแดกนิดเดียว,negative,0
6632,6632,ถ้าเจอในบ้านไม่ยึดบ้านเลยหรือ,negative,0
6633,6633,ขึ้นชื่อว่ารถกระบะ ต้องนิสสันเลย ทนทานต่อการใช้งานหนัก,positive,1
6634,6634,hot pot บ้างไหม,positive,1
6635,6635,ไม่ถามก็ไม่บอกครับ ร้านก็หรู ไม่น่าขี้งกเลย,negative,0
6636,6636,นี่จริงจัง เชี่ยเขิน 555555 แม่งเศร้าจริงๆนะ จะลุ้นทุกทีที่ถาดหมูมา แม่งงเศร้าช่วงนี้ได้หมูไม่มีมันแทรกบ่อยปวดใจจแสรดดดด,negative,0
6637,6637,เหตุผลที่เลือกใช้ Eucerin Sun DP60+เป็นครีมกันแดดที่เหมาะสมกับสภาพผิวไม่แพ้ง่ายในช่วงที่แดดแรงทำให้ผิวคล้ำเสียมีฝ้ากระและจุดด่างดำเพราะต้องทำงานออกแดดเป็นประจำEucerinคือกันแดดที่ทำให้เชื่อมั่นในคุณภาพทำให้เชื่อมั่นได้ว่าในเวลากลางวันผิวจะไม่ถูกทำร้าย,positive,1
6638,6638,ชื่อ ธงสวัสดิ์ ย้อยดี เบอร์ 28 รถ civic eg 3d singlecam ทีม T-TEX racing oil,negative,0
6639,6639,ไม่กิน ฮอทพอท,negative,0
6640,6640,ยุคยุโรปใช้ดาบ อะไรที่แปลกใหม่ไม่เข้าใจ สิ่งที่พวกฝรั่งอ้างอิงคือศาสนา ถ้าอธิบายไม่ได้ มันจะถูกจับเผา☺,negative,0
6641,6641,ยังไงฐานคะแนนเพื่อไทยก็เยอะกว่าอยู่แล้วค่ะ แต่เราไม่ค่อยโอเคที่พรรคนี้ชอบประณีประนอมให้ทหารอ่ะ ส่วนตัวเราคิดว่าถ้าได้ความเด็ดขาดของอนาคตใหม่รวมกับประสบการณ์การบริหารของเพื่อไทยจะเป็นอะไรที่ดีมากเลย,positive,1
6642,6642,สำนักงานทรัพย์สิน เป็นองค์กรเดียวในประเทศไทยที่เป็นเจ้าของที่ แต่ลงทุนส่งนักสังคมสงเคราะห์ลงไปอยู่กับชุมชนเพื่อพัฒนาชุมชนยั่งยืน,positive,1
6643,6643,สาขาฟิวเจอร์พาร์ครังสิต บริการไม่ค่อยโอเคนะคะ ล่าสุดไปทานมาค่อนข้างมีปัญหาด้านบริการทั้งล่าช้าแล้วก็ลืมเสิร์ฟกะหล่ำซอย รับออเดอร์ไปแล้วแต่พอทวงก็บอกว่าเราไม่ได้สั่ง งงค่ะ,negative,0
6644,6644,คนเราจะอยากสะสมผ้าอนามัยไปเพื่ออะไร Cr. บอกให้มันปรับปรุงอยุดยาด้วยเตาปิ้งไม่มี,negative,0
6645,6645,ขอบายไม่สู้แสงโสมมม,negative,0
6646,6646,รัก Honda รุ่นCR-V เพราะว่า นั่งได้สบายทั้งครอบครัว ไม่อึดอัดห้องโดยสารกว้างขวางมาก ขับทุกครั้งก็รู้สึกปลอดภัยทุกครั้ง เพราะว่ามีระบบรักษาความปลอดภัยมากมาย อีกทั้งสวยหรูมีระดับและสามารถลุยไปกับเราได้ค่ะ,positive,1
6647,6647,"Mazda ทำยอดจองในงาน Motor Show 2018 รวม 5,021 คัน อยู่ในอันดับ 3 โดย Mazda 2 คือรุ่นที่ทำยอดจองได้สูงที่สุด : 2,968 คัน (คิดเป็น 59.1 %) ตามด้วย CX-5, Mazda 3 และ CX-3",positive,1
6648,6648,อิshowdcมันประกาศอย่างเป็นทางการวันนี้ ละผู้จะมา11เมษา ปุบปับไป,negative,0
6649,6649,วันนี้ไปว่ายน้ำมา ละลืมเอาโฟมล้างหน้าไปเลยยืมโฟมนีเวียของเพื่อน ละตอนนี้คันหน้าสุดเริ่มมีผดขึ้น คำถามคือนี่แพ้น้ำที่นั่นหรืออโฟมเพื่อน 🤔,negative,0
6650,6650,แพงไป ซื้อ 3ce ได้เลยอ่ะ,negative,0
6651,6651,Bar B Q Plaza จักขี้แตกเอานะขอรับ,negative,0
6652,6652,บุหรี่ไฟฟ้า ไอ่สัส,negative,0
6653,6653,ตื่นเต้วตื่นเต้น มาคนเดียวเปลี่ยวใจ กินลีโอย้อมใจ โอ้ว่าโอว่าอกเอยโอ้พระรามแพ้รัก ~ อุ๋งๆ หัวใจเต้นติ๊กๆ,negative,0
6654,6654,ชีสซี๊ดแซปอร่อยระดับ 100 ล้านกะโหลกเลยยยย,positive,1
6655,6655,ยาบ้าเกรื่อนเมืองไม่จับ จับบุหรี่ไฟฟ้า ถุย,negative,0
6656,6656,ลองละค่ะunicorn milk กะ coco sky อร่อยหอมๆหวานมากๆค่ะ,positive,1
6657,6657,"🍑🍑โอ้ยยย ความส้มอิฐ ส้มพีชชในราคาแค่ 99 บาทเองงงงง >< มีความ 3ce มากกก สีสวยมากก โทนสีนัวๆ ละมุนๆ เนื้อดีด้วย เนื้อแมทท์ ติดทนดี แท่งเล็กๆน่ารัก พกง่าย แท่งละ 99 เอง คุ้มมมมม สวอชที่แขนคือ 103 ถึง 107 น้า พิกัดซื้อที่เพจ SuperShades Cosmetics, Eveandboy ค่าา",positive,1
6658,6658,เง้ออออ,negative,0
6659,6659,แค่กินbreezerหัวยังตึ้บๆเลย กูเป็นขนาดนี้แล้วหรอ,negative,0
6660,6660,จนาดแค่แม็คโดนัลยังแพงเลยย,negative,0
6661,6661,ดีนะ ที่เมียกูแม่งไม่บ้าสินค้าพวกนี้ ของพวกเหี้ยนี่เลยไม่ได้แดกเงินเมียกูซักบาท เมียกูใช้น้ำมันมะกอกเซเว่น โลชั่นทาผิวนีเวีย เห็นมีแพงหน่อยก็พวกครีมของยูเซอรีนเนี่ย ไอพวกครีมกวนเองผิวขาวอมชมพูพวกนี้ไม่ได้แดกเมียกูร๊อกก 55 . . .,negative,0
6662,6662,ถ้าคิดแบบนี้ แอคคอร์ด แคมรี่ ก็ต้องขายไม่ได้ซิ,negative,0
6663,6663,เอาของขวัญมาก่อน,positive,1
6664,6664,พะอัพในโฆษณาการ์นิเย่แม่ง แง,negative,0
6665,6665,เพราะ เห็นน้องที่ออฟฟิศใช้ และSnailwhite Gold มีสารสกัดเมือกหอยทากและสารสกัดจากสาหร่ายสีแดง ฟื้นคืนความอ่อนเยาว์ เพิ่มความชุ่มชื่น เพื่อผิวหน้ากระชับเรียบเนียน เปล่งปลั่ง ช่วยให้ผิวมีสุขภาพดี แถมราคาไม่แพงค่ะ,negative,0
6666,6666,สาขาลพบุรีไม่เห็นมีบ้างเลย,negative,0
6667,6667,ลาก่อน บาบีกอน ไข่พยาธิก็มา,negative,0
6668,6668,หนักกว่าพยาธิอีกป่าววะ,negative,0
6669,6669,ลดแล้วยังแพงเลยห่า 55555,negative,0
6670,6670,ลิป wet n wild สี 913 ไม่ติดทน เอาว่าทาแตะๆแล้วธรรมชาติดี,negative,0
6671,6671,ผ่าม พ้าม #แวะมาตบเสียงมุข,negative,0
6672,6672,Mu xแต่งก็สวยครับแรงด้วย,positive,1
6673,6673,อยากกินเห็ดกับเบคอน,positive,1
6674,6674,เจ๊ !!! เราต้องจัดแล้วล่ะค่ะ,positive,1
6675,6675,งานไฮโซเบอร์ใหญ่แบบนี้ ใครๆก็อยากไป อยากไปมากๆ ขอนะคะดีเจผู้น่ารัก #GetMusicMotion #SinghaLight #LifeIsMotion #GET1025,positive,1
6676,6676,ลาก่อนบาบิก้อน...,negative,0
6677,6677,เคยใช้โฟมล้างหน้ากับครีมวิตามินอี ของสมูทอี ยิ่งใช้ยิ่งทำให้เป็นสิวมากขึ้นกว่าเดิม ตอนนี้ไม่คิดจะใช้ผลิตภัณฑ์ของสมูทอีอีกเลย,negative,0
6678,6678,"ผมใช้ civic เปลี่ยนโช้ค,ยาง ผ้าเบรค,แคมเบอ.40,000 ขับดีขึ้นเป็นกอง..!? ( อันนี้นอกเรื่อง )",positive,1
6679,6679,มันก็เป็นสิทธิของเจ้าของรถครับ ฮอนด้าไม่มีสิทธิครับ บางคนบอกโดนฟ้องบางคนบอกปลดป้ายผมล่ะงง พรีอุส นิวฟอร์จูนเนอร์แพงกว่ากันเห็นๆยังไม่เห็นเป็นไรเลย,negative,0
6680,6680,หึ KFC ดีก่า,negative,0
6681,6681,เท่จังจับบุหรี่ไฟฟ้าได้🤬😡,negative,0
6682,6682,สวัสดีครับพี่...เมื่อคืนพี่มาโคราชอดไปสวัสดีเลยครับ...ชนไฮเนเก้นสักลังอิอิ,positive,1
6683,6683,จัยแรกจัย ใช้ไม่ได้กับทุกคน,positive,1
6684,6684,แพงๆ เมื่อก่อนกินทุกเดือน เด่วนี้ปีละ1-2ครั้ง กินบุพเพ่เฮ้าส์ดีกว่า,negative,0
6685,6685,โนวมันนี่,negative,0
6686,6686,ผมทำงานร้านเหล้า แห่งนึงใน จ.สงขลา ทางร้านได้เอาเหล้ายี่ห้อนี้มาขาย เดือนกว่าละ ผลปรากฏว่า ซื้อมาเท่าไหร่ก็เหลือเท่านั้น (สัสฝุ่นนี้เกาะหนาเหี้ยๆ),negative,0
6687,6687,เบื่ออยู่อย่างพอติดเทรนละก็มีอะไรที่ไม่เกี่ยวมาแท็กเต็มไปหมด รำ,negative,0
6688,6688,เคยเป็นลุกค้ามาสด้ามากอนค่ะตอ้นสนจัยมาสด้า2ค่ะ,positive,1
6689,6689,ตกใจกับ MG ZS จริมๆ ยอมรับว่ามึงขายรถเก่งมาก,positive,1
6690,6690,Ford Focus RS บ้านเราน่าจะมีนับคันได้เลย เป็นรถที่น่าใช้แต่ราคาโหดเกิน,negative,0
6691,6691,ไปสอยลิปอินนิสฟรีมา อิห่าาาาตอนสวอชกับมือคือสวยพออยู่บนปากอินี่สก๊อยสุดไรสุดดด เอาเงินคืนม๊าาาาา😂😂,negative,0
6692,6692,ฉันไม่เข้าใจคนที่มาถามหาชุด innisfree แดเนียลราคาปกติจากฉัน.... ตอนนี้ปกติหรือไม่ปกติถ้าไม่สั่งไว้ตั้งแต่ก่อนซื้อก็…,negative,0
6693,6693,ถ้าไปโชว์ดีซีต้องว่างทั้งวันอะ เพราะไกลมาก,negative,0
6694,6694,เงียบเลย5555,positive,1
6695,6695,โนวววววว,negative,0
6696,6696,ไปกินสาขาโรบินสันกาญจนบุรีของไม่เติมพอขอบ่อยๆก้อชักสีหน้า😞😞ขนาดราคา379นะค่ะ,negative,0
6697,6697,พวกขับฮอนด้าเหี้ยทุกตัว โดยเฉพาะ ซีวิค กับแจ๊ส #ลาวสัส,negative,0
6698,6698,แม่งงงงง มาว่ะ ขอให้ของเข้าช็อปไทยที นี่ติ่งเดอะเฟสช็อปมากฮือๆๆๆๆ,negative,0
6699,6699,มึงไปเล่นกับคนที่เรียกว่าหงส์นู่น ของกูมีแต่หงส์ทอง มึงจะวิวาทะก็เป็นเรื่องเป็นคนไป นี่กูพูดถึงพาดหัวโว้ย มึงก็เหมือนบ็อท เข้าแม่งทุกเม้นที่ไม่ใช่พวกมึง มึงมีความสุขกับการดูบอลยังไงกันวะ กูไม่เข้าใจ,negative,0
6700,6700,ประตูเหล็กทับคนตายอะน่ากลัว น่าจะช่วงที่เจบีเจออกมากินเอ็มเคด้วย ไม่รู้ว่าผู้จะเห็นไหม แต่แม่งประตูอย่างใหญ่อะ,negative,0
6701,6701,หรอ กูว่าดีกว่า 285 นะ แต่ถ้ามีตังก็ รีเหมือนเดิม 555 // ง้วงเอง,negative,0
6702,6702,อยากกินสุกี้ หิวเลยยย,positive,1
6703,6703,"แสงโสม"" ทำให้คนกลายเป็นผี แสงสี"" ทำให้ผีกลายเป็นคน #แคปชั่นเด็ดแคปให้ด้วย #เสี่ยวสัสกากมะพร้าวราวตากผ้า #",negative,0
6704,6704,เพลงโฆษณาผ้าอนามัยใหม่เหี้ยมาก,negative,0
6705,6705,จริงๆคือประชดนะ แบบ รู้สึกตลก กลัวเสียแบรนด์ แบบนี้คนใช้ Altis ไม่แย่เหรอ ตัวท็อปไปทำเยอะแยะแท็กซี่ พรีอุสอีก แคมรี่อีก นิสสัมทีน่ายังมี,negative,0
6706,6706,ช่วงปิดเทอม เด๋วจัดปายยยยยย,positive,1
6707,6707,ผมก็ชอบดื่มสิงห์แต่ไม่บ่อย ส่วนมากก็ลีโอ ช้าง เพราะถูกกว่า,positive,1
6708,6708,เยอะมาก น่าทานทั้งนั้นเลยค่ะ,positive,1
6709,6709,วันนี้เจอพนงเสิร์ฟที่บาบิก้อนหน้าเหมือน sarah paulson สัดๆ,negative,0
6710,6710,ห้ามสูบบุหรี่ไฟฟ้า แต่ให้สูบบุหรี่มวนที่เหม็นและเป็นมะเร็งได้ #พ่อมึงตาย,negative,0
6711,6711,เช่นกันค่ะ ยังไม่ได้ของเหมือนกัน เสียค่าส่งอีก ☹️☹️☹️☹️,negative,0
6712,6712,ชอบ Honda Civic ทรงสวย รถสปอร์ต เป็นรถที่อยากได้ค่ะ ดีไซน์เฉียบ หรู เหมาะกับเราที่สุด❤️ สีขาว นี่ใช่เลยค่ะ #ฮอนด้าที่รัก #EnjoyHondaThailand,positive,1
6713,6713,ว้าววว ชีสยืด ยืดดดดดดดด ^^,positive,1
6714,6714,จัดดิๆ,positive,1
6715,6715,สาขาอิมพีเรียลเวิลด์ สำโรง ควรปรับปรุงเรื่องการบริการนะคะ สั่งผักกะหล่ำไปสองรอบ แต่ละรอบรอนาน10-15นาที กินจนอิ่มละ ผักก้ยังไม่มา ไม่รุ้ทำอะไรกันอยู่,negative,0
6716,6716,Honda Civic เป็นเหมือนรถสปอร์ตในราคาที่เอื้อมถึงได้และเป็นรถเล็กน่ารักชอบมากๆจ้า #ฮอนด้าที่รัก #EnjoyHondaThailand,positive,1
6717,6717,เกียร์โง่แบบ MG 3 ไหมครับ เคยขับ3แล้วหงุดหงิดมาก,negative,0
6718,6718,ทานโทษนะคะ ไม่กินลีโอ555555555,negative,0
6719,6719,ห้องพักใหม่ ใหญ่ ไม่แพง,positive,1
6720,6720,เธอเลี้ยงเดะไปด้วย55555,positive,1
6721,6721,นี่เป็นคนขับรถเร็วเวลาอยู่คนเดียว ยิ่งเป็นทางที่ขับบ่อยๆเหยียบไปเลย 100-120 ต่อไปนี้จะไม่ขับไวแล้วเพราะยาริสนี่คงไ…,negative,0
6722,6722,ใครให้อันนี้รักตายเลย,positive,1
6723,6723,มึงจะเกิดเปนผ้าอนามัยทำไมถ้ากาวมึงไม่ติดผ้า เสียชาติเกิด,negative,0
6724,6724,ถึงกับกินไม่ลงบาบีก้อน,negative,0
6725,6725,กูโดนมาแล้ว งานปากน้ำกูเห็นเขียน20บาท ยิงซองบุหรี่ตก ได้เหล้า กูหวังจะเอาRedสั กกลม กูเลยลองยิงไปลูกหนึ่ง แล้วกูถามว่า จานละ20บาทเหรอ มันมองหน้ากูแล้วยิ้ม เดินหนีกู กูเลยกะหน่ำเลย ยิงจนหมดจาน 25ลูก พอหมดกูเอาจ่ายตังค์ กูให้แบงค์100บาท1ใบ มันบอก500บาท. สัส 500 กูซื้อเหล้า พร้อมโซดา กับแกล้ม สบาย,negative,0
6726,6726,ไปปปป กูจะเอาmu-x,positive,1
6727,6727,จัดบ่ / แต่เมือนี้ไปชาบูก่อนแฮปปี้ๆ😅,positive,1
6728,6728,เจอกันค่ะ รอนานมาก,negative,0
6729,6729,แม่งเอ้ยหลอกให้ดีจัยส์,negative,0
6730,6730,ผมพาหนูบูว ไปกินมาแย้ว,positive,1
6731,6731,สนใจ MG3ครับ,positive,1
6732,6732,น้องใช้อยู่เคยจะรีวิวเหมือนกันนี่กาวผ้าอนามัยหรือกาวดักหนูแน่นสาสส,negative,0
6733,6733,เดือนนี้หมดกับ innisfree ไปสองพันละนะ ทำไมต้องวอแวอีก วอแวเก่งสุดกูเนี่ย,negative,0
6734,6734,ป่ะหมอก,positive,1
6735,6735,ชีสมันต้องอบอะ ต้มไม่ชอบเลย,negative,0
6736,6736,นายมันไม่บุฟเฟ่จะแดกพอหรอม,negative,0
6737,6737,เครียดสุดก็ค่าน้ำมันกะค่าทางด่วนนี่แหละ โดนแม่ผลัก camry มาให้ขับ คือแบบ แก เงินเดือนเด็กจบใหม่ จ่ายค่าน้ำมัน camry…,negative,0
6738,6738,ยาเสพติดโทษน้อยกว่าอีก ปัญญาอ่อนมากประเทศนี้ ประสาทแดก สงสัยเกรงใจบริษัททำบุหรี่,negative,0
6739,6739,ไม่ไหวค่ะเบียร์ช้าง,negative,0
6740,6740,เห็นในยูทูปรีวิว ZS บอกว่าเป็นระบบ HSA เอาไว้ช่วยออกทางชัน ที่บ้านผมมีโน้ต กับ อัลติสตัว MC 17 ทั้งคู่มีระบบนี้ (HSA) จะทำงานเวลาจอดบนเนิน พอปล่อยแป้นเบรคระบบจะทำการหน่วงไว้ให้ 3 - 5 วินาทีเท่านั้น พอเร่งเครื่องระบบก็ปล่อย ไม่ได้ทำการเร่งเครื่องเองแต่อย่างไร (แต่ข้อดีของอีโน้ตคือ เวลาถอยขึ้นเนินเข้าบ้าน ระบบก็ทำการหน่วงเบรคให้เหมือนกัน ส่วนอีติ๊ด จะทำงานแค่เข้าเกียร์ D เท่านั้น ถ้าเป็น เกียร์ R แล้วขึ้นเนิน รถก็ไหลยาว เหมือนรถทั่วไป) แม้กระทั่งจอดทางราบเหยียบเบรคจาก N ไป D ก็เถอะ รถก็ไม่ควรเร่งเอง ต้องเป็นหน้าที่ของมอเตอร์รอบเดินเบาที่ควรชดเชยเฉพาะรอบที่หายไป แต่ไม่ใช่เผื่อถึงขนาดรถพุ่งไปข้างหน้า แบบนี้ถือว่าอันตรายนะครับ เห็นมีเคสพุ่งชนกำแพงบ้านแล้ว ใครใช้ก็ควรระวังไว้นะครับ น่ามีการแก้ดีเฟคเรื่องนี้ ไม่ควรปล่อยออกมาครับ,negative,0
6741,6741,ทำไมอ่าาาาาา เดี๋ยวหนีไปทำเอมเค อีดอก5555,negative,0
6742,6742,สั่งกลับบ้านก้ไม่ได้~~ งือ,negative,0
6743,6743,คำแพง ไมค์ ภัทรเดช พลังเสียงบ้านนี่สุดยอด👏🏻👏🏻👏🏻 งาน isuzu d-max blue power family day ที่อีซูซุ แพร่#mike_pattaradet #mike_pattaradet_fanclub #bemylovemike #isuzu,negative,0
6744,6744,ห้ามเอามาไว้บนรถกุอีกก,negative,0
6745,6745,เครื่อง 1.8L civic ยังเป็น SOHC อยู่เลยครับ ทุกวันนี้รถทุกคันเป็น DOHC กันหมดแล้ว,negative,0
6746,6746,มิเตอร์เสีย 55555 เบียร์ช้างขวดละ 300,negative,0
6747,6747,กวนส้นตีนนน นะอิกุ้ง 555,negative,0
6748,6748,เหนื่อยใจแทน กะหน่วยงานในประเทศนี้...ตอแหล บิดเบือน ใส่ร้าย เก่งกันมาก,negative,0
6749,6749,ชาแนลอย่าใช้เลยคุณ เราแบบเสียดายตังค์มากก แพงแต่ไม่โอเค น้ำหอมก็แรงเหลือเกิน อยากลอง Three จะรอกลับไปสอยที่ไทยค่ะ,negative,0
6750,6750,อยากหัวเราะให้ตัวเองจังเว้ย คนอื่นเค้ารอวันเดียวก็ได้อัพ ส่วนของเรานะเรอะ 1-2 เดือน 😂😂😂😂,negative,0
6751,6751,วันนี้มีโอกาสได้ฟังการปราศรัยของพ่อรู้สึกชอบที่พ่อปราศรัย มันให้อารมณ์แบบนั่งคุยกันสบายๆ ให้ใช้ความคิดและการตัดสินใจของตัวเองในการเลือก แต่แอบมีหยอดว่าเลือกอนาคตใหม่ก็จะดี 😂😂😂 #ฟ้ารักพ่อ,positive,1
6752,6752,คหสตนี่ว่าลีโอไม่อร่อยอะให้กินลีโอกุกินช้างดีกว่า นุ่มคอกว่าเยอะ,negative,0
6753,6753,แป้งฝุ่น make up forever เนียนดีจัง ฮรุกกกก พันห้าแหน่ะ,negative,0
6754,6754,พาไปกินหน่อย kfc ด้วย อยากกก,positive,1
6755,6755,กลับเหมือนกัน😭,negative,0
6756,6756,ที่โคราชจะทานอะไรคะ บาบีกอนไม่บุฟเฟ่นะคะ,negative,0
6757,6757,ทำไมไม่ทำแยกค่าสมาชิก ตามความต้องการของลูกค้า ทำไมต้องต่อบัตรตามยอดที่ลูกค้าใช้บริการ แล้วเปลี่ยนให้เองโดยไม่บอกกล่าวให้ลูกค้าทราบ ทำให้ไม่อยากไปใช้บริการแล้วค่ะ,negative,0
6758,6758,กำแพงเพชรกรุพระเครื่อง เมืองคนแกร่ง ศิลาแลงใหญ่ กล้วยไข่หวาน น้ำมันลานกระบือ เลื่องชื่อน้ำตกคลองลาน เมืองเก่า7ร้อยปี สตรีงามเลิศ ถิ่นกำเนิดซุ้มกอ นั่งหลังงอล่อเบียร์ช้าง,negative,0
6759,6759,อยากกินเอมเคคคคคคคคค,positive,1
6760,6760,แหมมม ทันสมันอินเทรนด์มากก MK,positive,1
6761,6761,ไม่ไปกินแล้ว เลิก ลูกเรา 13,negative,0
6762,6762,สรุปว่าพรบ.คู่ชีวิต ก็สามารถได้สิทธิหลายอย่างที่สำคัญนะเนี่ย ได้สิทธิจัดการความยินยอมเรื่องรักษาพยาบาล หนี้สิน ทรัพย์สิน ก็พอจะโอเคในระดับนึง,positive,1
6763,6763,ตำรวจชุดจับกุมมันรู้กฎหมายมากเเค่ไหนจับบุหรี่ไฟฟ้าพอเข้าใจแต่ยึดรถนี่ไม่เข้าใจ,negative,0
6764,6764,น่าจัดมากคะ วันนั้นเข้าไปคิดว่าเปิดแล้ว,positive,1
6765,6765,สู้ๆๆนะค่ะพี่ฟลุ๊ค,positive,1
6766,6766,mg5 เป็นรถที่น่าใช้นะ แต่ทำไมยอดไม่ขึ้นเลย,positive,1
6767,6767,พอใช้ ysl ก็รู้สึกชอบเนื้อ Nars มากกว่าแฮะ ในแง่ของความลื่นที่เกลี่ยง่าย แต่ชอบ ysl ในแง่ของคุณสมบัติมากกว่า สีเข้า…,negative,0
6768,6768,ต้องอัดฉีดแสงโสมหนาอ้ายดรีม 555,positive,1
6769,6769,บุหรี่ไฟฟ้าประกันตัวแสนนึง พระเจ้า!!!,negative,0
6770,6770,..ไม่นานมานี้ก็ไปดื่มไฮเนเก้น ขวด150มา ทั้งที่เซเว่น หรือตู้แช่ทั่วไปไม่ถึงร้อย บ่นไม่ได้ เพราะเขาไม่ได้เชิญ ไม่ได้ง้อ😂,negative,0
6771,6771,มึงงงงงง,positive,1
6772,6772,มะวานฉีดโจมาโลน red rose ท็อปด้วย english pear พี่วินบอกกลิ่นเหมือนดอกไม้แห้งไว้ทับกระดาษ ฮืออออออออ เสียใจจจจจจจจ,negative,0
6773,6773,ไม่เห็นมีค่ะ,negative,0
6774,6774,ก็แค่บุหรี่ไฟฟ้าเฮ้อชีวิต,negative,0
6775,6775,ทามไมภูเก็ตม่ายมี😥😥😥😥,negative,0
6776,6776,แปลกนะครับ รถดีๆใช้แล้วต้องยอมรับว่าเป็นรถที่อยู่ในระดับที่ทำให้พอใจได้มากทีเดียว เมื่อเทียบกันในsegmentเดียวกัน แต่ทำไมกลับไม่ได้รับการยอมรับ ผมว่าปัญหาไม่ใช่อยู่ที่รถหรือรสนิยมของผู้ใช้สักเท่าไร แต่ปัญหามันอยู่ที่การตลาดของนิสสัน(ประเทศไทย)กระมังครับ และบอกตรงๆว่าเสียดายมาก ถ้าตัวใหม่ไม่เข้ามา **ไม่ต้องดราม่า แค่สงสัย,negative,0
6777,6777,เสียดายไม่มีใส้อ่อน 😢😢😢,negative,0
6778,6778,แฮปปี้มากๆกับเพื่อนรวมงานทุกคนเลยค่ะ แต่คนเรามันก็จะมีเพื่อนสนิทจริงๆที่สามารถคุยเรื่องงานได้คุยเรื่อง รวมทั้งเรื่องเม้าด้วยเกี่ยวกับงาน ที่คุยแล้วจบไม่มีการไปประสานงานต่อ ให้มีเรื่อง จึงอยากจะพาแก่ไปกินบาบีก้อนฃะหน่อยค่ะเพื่อนรัก ไปกับเรานะ #AdeccoThailand#OnlineActivity#NewYearGift,positive,1
6779,6779,เตรียมท้องรอ,positive,1
6780,6780,ยังไม่เข้าใจการตลาดของ netflix ตอนนี้ คิดว่าคนบนโลกนี้จะแยกแยะออกทั้งหมดทุกเรื่องหรือยังไง อันไหนข่าวจริงอัน ads แล้วสำนักข่าวยอมทำโฆษณาแบบนี้เพื่ออะไรอะ เงินมันหอมมากแต่จรรยาบรรณมีมั้ย หรือไม่มีอยู่แล้ว,negative,0
6781,6781,ไปกินมาที่สาขาซีคอนบางแค หัวละ 299 บาท รู้สึกทุเรศมาก เหมือนโรงทาน อาหารน้อยมาก สกปรก ไม่เติมอาหารเลย เหมือนต้องคอยจ้องพอลงวางปุ๊ปก็กรูเข่าไปตัก แก้วน้ำก็ไม่มีวางต้องบอกว่าขอแก้ว แล้วพนักงานก็เข้าไปล้างเอามาให้ น้ำซุป 4 ช่อง อย่างกับน้ำเปล่า อยากบอกว่าทำราคา 299 ก็ 300นั่นอ่ะ เป็นคุณอยากทานมั้ย ราคาไม่ได้ถูกนะ กับการบริการและใส่ใจลูกค้า ความสะอาด แค่ขอมาตราฐานเหมือนเดิมตอนเปิดแรก ๆ ก็พอ เห็นแล้วชาบูข้างถนนยังอร่อยและสะอาดกว่าอีก ครั้งสุดท้ายแล่วกับ Hotpot,negative,0
6782,6782,แสงโสมหมดแล้วยังไม่เมาเลย อิเหี้ยเอ้ย,negative,0
6783,6783,ตกใจขนาดผ้าอนามัยที่เคยใช้ ยังทำบางลงเรื่อยๆ เราใช้โมเดสแบบไม่มีปีก เมื่อก่อนมันหนานุ่มมาก ตอนนี้มันบางลงเยอะเลย คือไรปัญหาในประเทศ5555555,negative,0
6784,6784,ทัชสกรีนแย่,negative,0
6785,6785,=+1 คะ อิ่มเพราะกระหล่ำ สั่งเยอะก้อแพง,negative,0
6786,6786,ต้องขอบคุณ เบียร์สิงห์อันดับแรกเลยครับ,positive,1
6787,6787,ฟอมให้เลือกเสื้อกันหนาวกับบาบีก้อนว่าจะเอาไร ตอนนั้นหิวจนตาลายเลือกบาบีก้อน กูเสียดาย...,negative,0
6788,6788,ประเด็นกูยิ่งไม่กินเบียร์ยู,negative,0
6789,6789,"เครื่องที่มีปัญหา คือเครื่องยนต์ดีเซล skyactiv-d ครับ ใครใช้เครื่องดีเซล skyactiv-""D"" แล้วไม่พบปัญหาก็ยินดีด้วยกับทุกท่านจริงๆ ครับ . แต่ก็น่าเห็นใจคนที่ประสบปัญหา . พูดไปก็กลัวโดนฟ้องไป เฮ้อออ",negative,0
6790,6790,กินช้างทีไรท้องเสียทุกที,negative,0
6791,6791,วันนี้เลย 5555,positive,1
6792,6792,นิสสันโน๊ต รถประหยัดน้ำมัน ราคาเบา ดีไซร์เลิศ ขับขี่ดีมากๆ ใครๆก้อชอบ มีหลายสีให้เลือกด้วยครับ,positive,1
6793,6793,ใจเอนไปทาง bobbi brown ละ555 เพราะ ysl คนใช้ละอุดตันเยอะละก็แพงกว่า555,negative,0
6794,6794,ยอมมมมมม Full Moon สีดำ สายดาร์ก แอล 7.5% เยอะกว่าเบียร์ช้างและสมอนอฟอีก อีเหี้ย สามขวดทำกูมึนและเริ่มเมาละจ้าา #รีวิวขี้เมา,negative,0
6795,6795,เอ้าเพิ่งรุ้ว่าhonda ขายไม่ดีในญี่ปุ่น,negative,0
6796,6796,มันคิดเป็นหัวหรา,positive,1
6797,6797,แต่เอมเคคือกินง่ายมากเลยนะ ... 5555555555 เครื่องเทศไม่เยอะ แต่โซเดียมเยอะ,negative,0
6798,6798,คนใช้การ์นิเย่ได้นี่หน้าต้องระดับไหนวะ คือมันเเรงมาก,negative,0
6799,6799,กูเป็นคนเดียวรึป่าวว่ะที่คิดว่าบาบิก้อนแม่งไม่มีความอร่อยอ่ะน้ำจิ้มแปลกๆแล้วแพงสัส กะหล่ำนี่เยอะชิบหายอยู่ข้างล่างหมูอ่ะ 5555,negative,0
6800,6800,เหมือนจะง่ายแต่ยากครับ รอรัฐบาลชุดใหม่ดีกว่า เราแยบๆไปตอนหาเสียงเรย เผื่อฟลุ๊คครับ,negative,0
6801,6801,B มีซุปดำด้วย,positive,1
6802,6802,นี่ก็กินเนสเล่ย์ สิงห์นี่ไม่ชอบ แต่ที่ไม่ชอบสุดคือช้าง 😂,negative,0
6803,6803,นั่งกินอยู่ เซ็นจูรี่ อนุ เนี่ย ถามพนักงานบอกไม่มี เห้ออออ,negative,0
6804,6804,ตู้กดเบียร์ช้างสดในแฟมิลี่มาร์ทก็มีตั้งนานละ ไม่ไปดิ้นบ้างล่ะครับ หรือร้านมันไม่ดัง ถึงดิ้นไม่ออก,negative,0
6805,6805,น่ากินมาก,positive,1
6806,6806,ร่วมผลักดันด้วยเต็มที่ครับ,positive,1
6807,6807,ไม่ชอบน้ำจิ้มน่าจะมีน้ำจิ้มแบบสุกี้ด้วย,negative,0
6808,6808,กรี้ดดดดด ชอบตรงกาวแน่น5555555 ปกติใช้โซฟีตีกับกาวม่างงงงทุกเดือน,negative,0
6809,6809,ถ้าไม่ได้เดมาเป็นโซชิหรือโอ้จีจียุนอาคงโดนไทยรัฐทาบทามไปวาดรูปล้อเลียนการเมืองแล้วป่านนี้ มีพรสวรรค์ค่ะพี่ๆ,positive,1
6810,6810,ผมว่าจัดอยู่ในยาเสพติดดีกว่าตอนนี้ที่เป็นอยู่คือเสียเงินเป็นแสน,negative,0
6811,6811,ทีนี้ใช้Biothermละถ้าผิวไม่ดีขึ้นก็ไม่รู้จะพูดไรแล้วแหละเบื่ออีดอก,negative,0
6812,6812,สาวก เขารอกันจนเบื่อแล้วนะ พี่ก๊อน เลิกเล่นตัวได้แล้ว,negative,0
6813,6813,ใหน บอกisuzu ช่วงล่างกริบวะไม่เห็นเกราะถนนเลยผมไปลองมาแล้วจะออกอาการโยนมากกว่าเวลาเข้าโค้ง,negative,0
6814,6814,😋,positive,1
6815,6815,ไปกินเอ็มที่บิกชี ราชประสงค์. พนักงานมีแต่พนักงานไม่คอยบริการ. เรียกสามครั้งก้ยังไม่มา. เรียกบอกเติมน้ำชาหน่อยก้เดินเฉย. แต่มีพนักงานพี่คนหนึ่งน่ารักมากคับ ชื่อรัศมีแข. พูดีบริการดีมากคับ. จากอารมไม่พอใจพอใจขึ้นมาเลยชื่นชม. ไม่อะไรมากหรอกคับ. อยากให้บริการเติมทีหน่อย. เรียกสามครั้งก้เฉยย,negative,0
6816,6816,ควยที่3เป็นHeinekenครับ,negative,0
6817,6817,แพ้ผ้าอนามัย สัด คันระเบิดระเบ้อ ทุกเดือน 😓,negative,0
6818,6818,ใส่ผ้าอนามัยแบบสอดไม่ถนัดเลย,negative,0
6819,6819,หลังจากเรื่องเมื่อคืน กูขอแบนสเมอร์นอฟนะ เลิกแดกเถอะนะ กูกราบ!! #ประสาทแดก 555555555,negative,0
6820,6820,ค่าเช่าชุดก็500฿ ล่ะ แพงกว่าปกติอีก555,negative,0
6821,6821,ขอบคุนทุกๆคนคับ,positive,1
6822,6822,ลมเย็นๆอากาศหนาวๆ เคล้าไปกับเสียงเพลงเพราะๆ บอกเลยว่าฟิน ❄️🎤🎼 #ลานเบียร์สิงห์ #NANN #boxxmusic #nann_fc,negative,0
6823,6823,ขอบคุณแสงโสมมากค่ะ ❤❤,positive,1
6824,6824,เสียใจทำไมชอบจัดโปรแบบนี้5555,negative,0
6825,6825,สงกรานต์ปีนี้ ทำให้รู้ว่า -สปายขวดเดียว กุก็มึนละ -ดีนะกุตัดสินใจ​ที่จะไม่ใส่เสื้อกล้าม ทับด้วยคลุมไป -ปีนี้เหี้ยสุดละ ด้วยความที่ถูกโอบละให้ดื่มเหล้าของมึงเนี่ย กุคายทิ้งด้วยอิดอก -อิดอกถ้ามึงเปนผู้ ญ กุจะรุสึกแย่น้อยกว่านี้,negative,0
6826,6826,เออ เนี่ยรอสายอยู่ นานชิบหาย ของบัวหลวง รอสายนานมากค่ะ ปรับปรุงด้วยนะคะถ้าเห็น,negative,0
6827,6827,รอฟังผลก่อนนนน ถถถถ ขอโปรด,negative,0
6828,6828,น่าจะเพราะอยากให้คนไทยอ่านอะไรชัดๆ กระจ่างๆมั้งคะ ทำสรุปให้คงกลัวว่าเดี๋ยวก็อ่านแค่นั้นแล้วก็เอาไปพูดมั่วๆอีก,positive,1
6829,6829,พึ่งลง Netflix ไม่กี่วัน ใครชอบหนังจิตวิทยา คล้ายๆ gone girl พระเอกเรื่องนี้เป็นโรคจิตที่ฉลาดมากเวอร์ๆ ทำทุกอย่างเพื่อนางเอง เราจะเห็นทุกสเต็ปของความสัมพันธ์ ตั้งแต่จีบจนเลิก หนังไม่ใช่เรื่องรักคลุกคลิก มันดาร์กกมาก หักมุม จิตตกไปอยู่ #รีวิวNetflixTH #รีวิวหนัง,positive,1
6830,6830,อยากลองบ้างปต่กูแพ้อินนิสฟรี มึงซื้อดิ๊ จะไปขอบีบๆมาลองสองที ถ้าแพ้อีกจะได้ไม่ซื้อ,negative,0
6831,6831,แล้วบัตรเก่ากินไป 8000 บาท จะเสียฟรีไหมครับ ยังไม่ได้เลื่อนเป็น platinum เลย,negative,0
6832,6832,งั้นต้องกินบาบีก้อนวันจันแล้วละปรางงง😂,positive,1
6833,6833,เลี้ยงหน่อยยยย,positive,1
6834,6834,มี Jack Daniel’s ก็เหมือนมีวันหยุดยาว จริงใช่ไหมครับ?,positive,1
6835,6835,ไปมั้ยล่ะ😆😆,positive,1
6836,6836,ดีแม็กตีโจทย์แตก รถใช้งานออปชั่นน้อยราคาถูกภาษีถูกไม่ต้องเอาม้าเอาทอร์คมาข่มก็ขายได้ ศูนย์ดีทนถึกอะไหล่ถูกเทียบแท้มีหมดเนี่ยแหละขายได้ ว่าออปชั่นน้อยอย่างน้อยหัวแคปตัวล่างยังมี abs ให้เลือก หารถใช้งานไปดูเรนเจอร์ตัวล่างไม่มี abs จบเห่เลย,negative,0
6837,6837,ไว้มาๆๆ แต่เบื่อบอนชอนแล่ว อยากกินพี่ก้อน,negative,0
6838,6838,สมูทอีตัวนี้เลยครับแพงหน่อยประมาณหกร้อยกว่าแต่คุ้มทาตอนนอนเอาเพราะมันออกมันเช้ามาก็ล้างหน้าปกติ,negative,0
6839,6839,ผ้าอนามัยที่เหี้ยที่สุดคือ ผ้าอนามัยที่ฉันแปะลงกับกกน.อย่างดีแล้ว แต่พอใส่... มันพับ 😬,negative,0
6840,6840,"นอนสบาย ช่องเสียบปลั๊กเยอะด้วย555555 มีซิงค์ล้างจานด้วยตรงระเบียงด้านนอก ไฟเยอะ สว่างแน่นอน ค่าที่พักก็ไม่แพงอะ 1,200 ถ้าเทียบกับย่านที่ใกล้ดอนเมืองแบบนี้ ถ้าแบบสายดริ้งค์คือดีเลย (แต่เราไม่ดริ้งค์) ถ้าแบบจ่าย 1,300 ได้กินทุกอย่างในห้องคือมีหงส์ทอง1แบน ลีโอ1ป๋อง ไฮเนเก้น1ป๋องด้วย",negative,0
6841,6841,555 รีบได้แค่เที่ยง,positive,1
6842,6842,หิวมากกก,positive,1
6843,6843,"ถ้าเป็ดย่างเอ็มเคน้ำจิ้มต้องน้ำจิ้มสุกี้ เพิ่มพริก,กระเทียมนะอือออ.. มันเป็นความชอบส่วนตัวของเราเอง",positive,1
6844,6844,เค็มมาก. จะใส่เกลือไปถึงไหน,negative,0
6845,6845,อยากให้มีโปรวันเกิดจัง 😍😍,positive,1
6846,6846,วีออสน้ำยามึงสู้มาสด้าไม่ได้หรอกถ้ามึงดันกัน,negative,0
6847,6847,ถูกใช้แล้วอ้วนคับ ตอนนี้น้ำหนักขึ้น,negative,0
6848,6848,อ้วนไม่เอาแล้วบาบีก้อนกินอโศกเด้,positive,1
6849,6849,คุ้มนี่คือบุฟเฟ่เบียร์ช้างที่เพิ่มอีก299ใช่มะ555555,positive,1
6850,6850,แต่เขาไม่ได้รีวิวเรื่อง ประสิทธิภาพน่ะสิ // แต่เราใช้ Anessa ไม่ไหวอ่ะ ใช้แล้วหน้ามัน และกร้านแอลกอฮอร์มาก ล้างยากสิวบุกอีก T^T,negative,0
6851,6851,"บุฟเฟต์หม่าล่า Mala Yuanyang Hotpot ชอบสุดตรงไอศครีม Häagen-Dazs กินไม่อั้นนี่แหล่ะ / เครื่องดื่มเยอะ มีชานมมุก, เบียร์ กดกินเต็มที่ ของหวาน ผลไม้ เต็มตู้ หัวละ 698 NT$ + 10% อยู่ Ximending #รีวิวไต้หวัน #อร่อยบอกต่อ",positive,1
6852,6852,บ้านเราอยู่ในกะลาต่อไป,negative,0
6853,6853,1.ผู้ว่าขอนแก่นเดินมาเปิดงานวันครู 2.นักเรียนได้รับบาดเจ็บครูไม่ส่งโรงพยาบาลที่อุดรธานี 3.ผู้อำนวยการโรงเรียนสามเสน 4.พ่อค้าไอติมกับครูเรื่องรถชนกัน 5.กินเนื้อที่บาร์บีคิวพลาซ่า เจอสิ่งแปลกปลอมในเนื้อ 5 ข่าวค่ะ ❤,negative,0
6854,6854,ผมดูอยู่นะครับ ก็มีนะในเฟซบุคของเชฟโรเลตเลย ดูทันตอนโรยตัวดึงป้ายรูปรถจากยอดตึกด้วยครับพี่,positive,1
6855,6855,ชอบใช้ oil เหมือนกัน เพราะกลัวหน้าเหี่ยว (คิดไปเอง) ลองใช้แบบจริงจังมาสามแบบ 1. softymo ขวดเหลือง ตอนแรกดีมาก ใช้ไปก้นๆขวด สิวอุดตันมา ไม่แน่ใจว่าเพราะเขาหรือไม้ แต่เลิกเลย 2. Positif ซื้อตอนลด 50% ขวดเล็ก ใช้ดี หน้าอุ่นๆ สะอาดเกลี้ยง สิวไม่อุดตัน จะซื้อต่อแต่ราคาเต็ม เลยไม่ซื้อ 3. Hadalabo ขวดเหลือง ตอนใช้ก็ลุ้นกลัวเหมือนซอฟติโมะ แต่ก็ผ่านฉลุย ตอนนี้ยังไม่หมด ถ้าหมดก็จะซื้อต่อ ราคาดี ได้เยอะด้วย อยากใช้ของ three แต่ราคาแรง สู้ไม่ไหว เพราะแต่งหน้าทุกวัน เหอๆ,positive,1
6856,6856,ชอบ Nissan X-Trail ค่ะ สวยหรู ขับง่ายปลอดภัย สมรรถนะเยี่ยม ประหยัดน้ำมัน,positive,1
6857,6857,เทอลดหุ่นอยู่นะ,negative,0
6858,6858,น้องที่ออฟฟิสซื้อมาใช้ คูณแป้งเลย ฝากน้องซื้อมาใช้บ้างเพราะ Snailwhite Gold มีสารสกัดเมือกหอยทากและสารสกัดจากสาหร่ายสีแดง ฟื้นคืนความอ่อนเยาว์ เพิ่มความชุ่มชื่น เพื่อผิวหน้ากระชับเรียบเนียน เปล่งปลั่ง ช่วยให้ผิวมีสุขภาพดีค่ะ,positive,1
6859,6859,ต่ายเลี้ยง??,positive,1
6860,6860,ปาหนังสือแลปปรสิตใส่หน้าบาบีก้อนแปบ,negative,0
6861,6861,สำหรับอติล่าเป็นการขายโตโยต้าให้เหมือนขายเบนซ์ค่ะ ดูแพงดูเฉียบ! กรี้ดสุดดด #TheFaceAllStars,negative,0
6862,6862,เดียวกูนุ่งชุดไทยแบบงานแต่งไปแม่งเลย 555,negative,0
6863,6863,Happy birthday 6ขวบครับ เมียบอกให้มาเล่น ถ้าไม่ได้เมียบอกไม่ต้องเข้าบ้านครับ 1.แป้ง 2.น้ำยาถูพื้น 3.แป้ง 4.แก้วน้ำ 5.ลิปสติกKMA #SAHA559 #SAHA999,positive,1
6864,6864,ข้าไม่กล้าแต่งชุดไทยไปกิน 555,negative,0
6865,6865,2ชุดจบเลย,positive,1
6866,6866,มาสด้า2 sedan ภายในวัสดุกินขาดกว่าโดยเฉพาะตัวท็อป ภายนอกดูสวยนานลงตัวกว่า ภายในไม่ได้แคบเว่อร์ เคยนั่งสวิฟ สวิฟแคบกว่า เราตัวสูงแต่ตัวไม่ใหญ่ ถ้าเป็นตัวใหญ่หรืออ้วนไป แคบแน่นอนค่ะ,negative,0
6867,6867,กำลังสิไปๆนำบ่ลางานเคิงมื้อมา,positive,1
6868,6868,เบื่อ show dc,negative,0
6869,6869,16.เหล้าบุหรี่ไม่ยุ่ง กินได้แค่สปายกับฟูลมูน ที่มันน้อยๆเพราะไม่ชอบ,negative,0
6870,6870,อยากกินสัก100อัน,positive,1
6871,6871,มาสด้ากับนิสสันพอครบ5ปีเครื่องพัง...ครัชพัง...เกียร์พัง...ขายทิ้งราคาก็ต่ำสุดไป...,negative,0
6872,6872,Fortuner almera sienta ทุกคันทั้ง3คัน top speed 60-80 เกินกว่านี้จะมีเสียงเมียลอยมาไอ้อ้วน ไอสัสเหยียบหาเหิ้ยไรเบรคเลยนะมิง!!! อย่าเถียงขับไป ไวไวด้วยกุรีบ เอ้า!!! ผ่ามๆๆๆๆ งงในงง,negative,0
6873,6873,[ซับไทย] อาลัมบรามายาพิศวง ตอนที่ 11 Netflix มาแล้วค่า ใครรอลุ้นความรักของฮีจูกับประธานยู มาลุ้นกันต่อได้เลยค่า,positive,1
6874,6874,Only 299,positive,1
6875,6875,มาลองใช้ ลอรีเอะ ซอฟท์แอนด์เซฟ เอ็กซ์ตร้าโพเทคชั่น แอนตี้แบคทีเรีย แบบกลางคืน 1 แผ่นครบทุกความต้องการ ลดการสะสมของแบคทีเรีย สาเหตุของกลิ่นอับชื้นกวนใจ แถมด้วย ไซด์ บล็อก หยุดการซึมเปื้อนด้านหลัง ขึ้นชื่อว่ารอลีเอะหมดห่วงเรื่องการซึมเปื้อน จะนอนท่าไหนก็มั่นใจไร้กังวล หลับสบายถึงเช้าเลย,positive,1
6876,6876,สนใจ อเมร่า คะ,positive,1
6877,6877,ผมเห็นเซลล์ Isuzu ขาย D-max. ตัวใหม่กันมันส์เลย ลองย้ายค่ายสิครับ,positive,1
6878,6878,ถ้ากุอัพไอจีว่าปั่นจักรยานไป7-11ซื้อสเมอร์นอฟไปกินที่สระแก้ว เพื่อนๆในคณะจะผิดหวังมั้ย โอ้ย ชีวิตแม่งยาก รึกุต้องมีอีกig เป็นหลุม แม่ง ㅠㅠㅠㅠㅠㅠㅠㅠㅠㅠㅠㅠㅠ,negative,0
6879,6879,รอซูซูกิ ไวทาร่า ไม่รู้จะมีแผนผลิตในไทยไหม รุ่นของต่างประเทศสวยมากๆ,positive,1
6880,6880,ผลิตภัณฑ์เช็ดหน้าแบบไหนที่คุณชื่นชอบ คือ ที่เช็ดแล้วหน้าสะอาดหมดจด ไม่เหลือคราบ ไม่เหลือสิ่งสกปรก หน้าไม่แห้งตึง หน้าไม่ลอก ใช้แล้วไม่แพ้ ไม่เป็นสิวค่ะ ถ้าได้ลองใช้ Purity Micellar Water รับรองหน้าสะอาดกิ๊ก รับรองออร่าเกิดแน่นอนค่ะ #Mantracompetition #Mantralady #Corinedefarme,positive,1
6881,6881,สิงห์แพงเค้าเลยไม่กิน,negative,0
6882,6882,สิ้นปี,positive,1
6883,6883,เป็นเมนหน้าหนาวละเสือกเหลือแต่ผ้าอนามัยสูตรเย็นo(╥﹏╥)o,negative,0
6884,6884,Nissan Silvia S14 หน้าหมูที่เท่ห์ไม่เหมือนใคร ความเปรี้ยวของสปอร์ตคาร์ยุค 90,positive,1
6885,6885,มิตซูบิชิใจดวงใจคือรุ่นมิราจ,positive,1
6886,6886,รอบบิลเดือน ม.ค.ขึ้นแจ้งว่าเกินกำหนดชำระและตัดด้วยแล้วคือสัญญาณห่วยตลอด อยู่ดีๆก็เล่นไม่ได้ ทรูวิชั่นก็ดูไม่ได้ โทรแจ้งทีไรก็บอกปกติดี ถ้าปกติจะโทรไปหาทำไม ไม่ได้ว่างขนาดนั้น,negative,0
6887,6887,รถเราฟอร์ดเรนเจอร์เติม300เกก้อไม่ขึ้นเหมือนกัน อย่างน้อย400ขึ้น ยิ่งน้ำมันแพงๆอย่างนี้น่ะไม่ต้องสืบ,negative,0
6888,6888,ถึงขั้นใส่ชุดไทย,negative,0
6889,6889,แพงกว่า fortuner mu x เอเวอเรส อีก,negative,0
6890,6890,กินลำบาก อึดอัก,negative,0
6891,6891,ละอีกอย่างที่น้องจะต้องเจอคือรถเจมส์ (รถไฟฟ้าคล้ายกับม.อื่นๆ) รถผีเนี่ยแหละคนต่อขึ้นเป็นร้อยแต่นั่งได้แค่ 12 คนบันเทิงมากตอนเช้าๆถ้าใครตื่นไม่ทันหรือสายรับรองว่าไม่ได้ขึ้นอะ 😂 #ทีมมฟล,negative,0
6892,6892,16.แพ้แอลกฮอร์ ปีใหม่ปีที่แล้วดื่มฟูลมูนไปขวด แก้มแดงจัดเลย ตัวแดงทั้งตัว ตอนแรกก็ไม่คิดอะไรจนมารู้ทีหลังว่าแพ้แอลกฮอร์ ทุกวันนี้เลยไม่ดื่มเยอะ จิบๆเอา เลยไม่รู้ว่าจริงๆตัวเองคออ่อนมั้ย แต่คงจะอ่อนล่ะ แค่นั้นก็เอ๋อละ..... เป็นสายรูทเบียร์ค่ะ ถถถถ,negative,0
6893,6893,น่ากินค่ะ,positive,1
6894,6894,อยากให้ทำอาหารให้เหมือนในรูปที่โฆษณา ทำมาทีไม่ว่าจะกินร้านหรือสั่งมากินบ้าน เบอร์เกอร์ขยุกขยุ่ย ผักไปทาง ชีสไปทาง เนื้อไปทาง ไปดูเบอร์เกอร์แบรนด์อื่นนู้น วางเบอร์เกอร์เรียบร้อยห่อมาอย่างดี,negative,0
6895,6895,บำรุงสมองบำรุงหัวใจหน่อยไหม 5555,positive,1
6896,6896,นำเข้าค่ะ,positive,1
6897,6897,เรามีช่วงนึงแดกเหล้าหนัก จนไม่สบาย นน.ลดเกือบ10โล เข็ดสัสเลยเลิกแดกเหล้า สุขภาพก็ดีผอมอีกต่างหากขอบคุณแสงโสมที่ทำให้มีทุกวันนี้,negative,0
6898,6898,ฟอร์ด เปิดราคา raptor 1.699 ล้านบาท ไม่เอานะเกรงใจ ไม่ดีนะเกรงใจ,negative,0
6899,6899,ขาวๆๆแดงๆๆหวานๆๆหอมเนื้อปู,positive,1
6900,6900,ใช่ครับ ตัวนี้บริษัทเดียวกันกับลุงจอนนี่เลยครับ รสดี,positive,1
6901,6901,ที่ชัยภูมิไม่ได้ร่วมรายการหรอคะ,negative,0
6902,6902,เจ้าของนี่ติ่งเอพิ้ง เอโอเอป่ะ หรือไง 5555555555555 show dc อีกแล้ว ไกลลลล งานปิดหรือเปิดยังไม่แน่ใจ ถ้าปิดก็สบายใจหน่อยนะ นกแบบไม่เจ็บปวด 😂,negative,0
6903,6903,หิวเลยสัสตอนนี้,negative,0
6904,6904,แต่ผมชอบมาสด้า2ดีเซล ประหยัดน้ำมันดีครับ,positive,1
6905,6905,"สู้นะคับพวกพี่ๆ ผมเปนกำลังใจให้อีก1เสียงคับ ขอให้ผ่านไปได้ด้วยดีคับ ทุกวันนี้ต้องกลับมาดูดบุหรี่แร้วคับ ไม่กล้าพก - -""",negative,0
6906,6906,น่ากินดีอ่ะพี่,positive,1
6907,6907,นิสสันนาวารารุ่นใหม่สวยมาก ของจริงคือเท่มาก ใครอยากได้รีบเลยเดี่ยวหมดโปรนะออเจ้า,positive,1
6908,6908,วันนี้ไม่ว่างคร่ะ,positive,1
6909,6909,วอดก้าที่คุณองกิน ซื้อมาลองละ แพงจัง กระป๋องละ3พันห้าร้อยวอนแหน่ะ รสชาติคือๆกับพวกสเมอร์นอฟแหละ,negative,0
6910,6910,ผมขอแชร์ในส่วนของ mazda 3 sky และ 2 sky ครับ ตัววัดมันเชื่อถือได้98%เลยผมว่า คลาดเคลื่อนไปนิสเดียส คือมันหลอกว่าขับได้มากกว่าประมาณ0.3 km /L ครับ ผมวัดเอง เติมกลับ ดก็บผลมา3ปี ได้ประมาณนี้เลย จอมันโชว์ว่าๆได้18.3 km/L จริงๆมันได้ประมาณ18.0km/L งี้ครับ ค่อนข้างเชื่อถือได้เลย ตัวคำนวณมัน,negative,0
6911,6911,เลื่อนไปกูก็ไม่เลือกมึงค่ะ #เลื่อนแม่มึงสิ,negative,0
6912,6912,ไม่โดน ลาบาบีก้อนชั่วคราว,negative,0
6913,6913,มิดจูววววว💕,positive,1
6914,6914,อันที่จริงก็ไม่ชอบกินเบียร์นะ ขมคอมากๆ แสบคอแต่พอได้ #คืนนี้ลีโอกับพี่มั้ยน้อง,negative,0
6915,6915,รถนิสสันอย่าเสี่ยงครับพี่ ปัญหาเยอะครับ,negative,0
6916,6916,ขอบคุณน้องหมิวมากๆเลยนะคะ 🙏🙏💗💗,positive,1
6917,6917,ถ้าบุหรี่ไฟฟ้าอยุ่บ้าน จะโดนยืดบ้านไหม กูอยากรู้ บอกกูที กูงง วางในวัดเจ้าอาวาสแม่งซวยแน่ #อัพเดทในเม้นกูมีคนบอกว่าถ้าวางไว้ในซอกheeละ !!!! ขุ่นพระ,negative,0
6918,6918,จริงครับพ่อค้าแม่ค้าขาดจันยาบัน,negative,0
6919,6919,ตั้งแต่ไม่ได้แต่งหน้าช่วงแพ้เซรั่มของโอเรนทอลก็ขี้เกียจละอ่ะ ออกไปข้างนอกก็ทาแค่บี…,negative,0
6920,6920,นิสสันรุ่นนี้ความแรงของจริง190แรงม้าเข้าไปดูด่วน,positive,1
6921,6921,สนใจ Mazda 2 ครับ,positive,1
6922,6922,ได้เวลาละ,positive,1
6923,6923,Ford ห่วย fiesta ต้องขายทิ้ง ยอมแล้ว อยากเสี่ยงก็จัดไป,negative,0
6924,6924,มองน้ำปลาทีแรก คิดว่าขวดหงส์ทอง 55555,negative,0
6925,6925,ขอบคุณ บริษัทนครมอเตอร์เซลล์ 1991 จำกัด สาขาหัวอิฐ จัดงาน อีซูชุดีแมคซ์ DAY ให้เกียรติจัดงานที่สลัดน้ำ นครฯ,positive,1
6926,6926,บุหรี่ไฟฟ้าเลิกได้จริงผมเป็นคนนึงที่เลิกพร้อมลงรายชื่อครับ,positive,1
6927,6927,เสียใจโคราชไม่มีงะ ก้อน...,negative,0
6928,6928,พาเมียกินเอมเครแปบนึงราคาไหลเลย,positive,1
6929,6929,โฆษณาหน่วยกู้คิ้วของเมเบอลีนนี่เป็นโฆษณาเดียวที่กดข้ามไม่ลงจริงๆอีสัส5555555555555555,negative,0
6930,6930,แสงโสมเมาตั้งแต่ได้กลิ้น,negative,0
6931,6931,ผลการตรวจชิ้นเนื้อจากกรณีดราม่าช่วงที่ผ่านมา ของบาร์บีคิวพลาซ่า จากหน่วยงานภายนอกที่ตรวจสอบคุณภาพ,negative,0
6932,6932,เห็นรูปพยาธิในหมูของร้านบาบีกอนแล้ว.... พี่ขอลาจรปิ้งย่างกระทะร้อนซักระยะ ขนลุก 👋,negative,0
6933,6933,ไม่ชอบแดกเบียร์ เบียร์ยูที่ว่ากินง่ายยังแหยะอ่ะ อึ้ย,negative,0
6934,6934,อร่อย เคยไปกินกะแม่วันเกิด เนื้อละลายในปาก บุฟเฟ่,positive,1
6935,6935,💞ส่วนผสมสำคัญมี3อย่าง💞 -สารสกัดจากมังคุด -สารสกัดจากใบบัวบก -ผสานกับวิตามินอี acetate **มีคุณสมบัติ ล้างเครื่องสำอางพร้อมให้ผิวกระจ่างใส ลดการเกิดสิว ลดเลือนรอยแผลเป็น จุดด่างดำ ช่วยต่อต้านริ้วรอย คืนความชุ่มชื่นให้แก่ผิว ยังเป็น Double Micellar ช่วยดึงสิ่งสกปรก และ เครื่องสำอางออกจากผิวได้อย่างง่ายโดยไม่ต้องถูหรือเช็ดผิวแรงๆ #สมูทอีคลีนซิ่งวอเตอร์,positive,1
6936,6936,ร้อนต้องกราบขออภัยทีทำให้ไม่ได้รับความพึงพอใจในคุณภาพการบริการ และอาหารด้วยนะครับ...ทั้งนี้ ก้อนยินดีขอน้อมรับทุกๆคำแนะนำ/ติชม เพือนำข้อมูลที่ได้รับไปปรับปรุง แก้ไข และพัฒนา ให้ดียิงขึ้นต่อไปนะครับผม :'(,negative,0
6937,6937,นิสสันเอ็กเทรลคันนี้โปรดปรานมากเป็นรถครอบครัวพร้อมลุยได้ทุกสถานการณ์,positive,1
6938,6938,ชอบ Honda Jazz เพราะขนาดกะทัดรัด ขับขี่ง่าย จอดรถได้สะดวก ประหยัดน้ำมัน #ฮอนด้าที่รัก #EnjoyHondaThailand,positive,1
6939,6939,สัสซัค!! พี่ใช้ของอินนิสฟรีอยู่ข่ะ,negative,0
6940,6940,ขุ่นแม่เริง ~~ ต้องเพิ่งเบียร์ช้างแก้วใหญ่ ขมน้อยเลยทีเดียว โอยยย ข๊าวขาว 😱,negative,0
6941,6941,แดกช้างเสร็จมาต่อด้วยรี อ้วกมั้ยให้ทาบ,negative,0
6942,6942,อุส่าเอาสปายมาแดก หุ เลียพื้นเลยสัส,negative,0
6943,6943,นิสสัน เอ็กซ์เทรล สวยมากเลยคับแต่ที่บ้านออก นาวาราได้แล้ว อยากได้มากเลยสวยๆ,positive,1
6944,6944,ตีกันมั่วเลยตอนนี้ เบียร์ 285 สเมอนอฟ,negative,0
6945,6945,ติดเน็ตวันจันทร์ที่11พย ติดตั้งเสร็จเวลา 12.45 ทั้งวันไม่ได้เล่น เลิกงาน หกโมงเย็น กลับมาเล่นเน็ตได้ สามชั่วโมง หลังจากนั้นใช้ไม่ได้อีกเลยจ้า พังตั้งแต่ยังไม่ข้ามวัน จนป่านนี้ก้นังไม่มีช่าง เข้ามาดู ติดต่อ1242 รับเรื่องอย่างเดี๋ยวทำไรไม่ได้ #บริการประทับใจมาก#,negative,0
6946,6946,ก้อนใจร้าย ไปเปิด ร้านที่มีคาราโอเกะด้วย สาขา ใกล้บ้านเรืองเคียงกับไทย น้อยใจ,negative,0
6947,6947,งบประมาณที่ถูกส่งให้มาเพื่อสร้างภาพ รณรงค์ว่าไม่ส่งเสริมการสูบ อาจถูกตัดได้ หากออกตัวแรง 😭😭😭😭,negative,0
6948,6948,น่ารักจังเลยค่าาา ^^,positive,1
6949,6949,อีเหี้ยยยย ยิ่งชอบบาบีก้อนอยู่...,negative,0
6950,6950,กรี๊ดดดดด BTS เติมเงินออนไลน์​ได้แล้วทุกคนนนนน,positive,1
6951,6951,ชอบพี่โอ๊ต ❤️😘,positive,1
6952,6952,สงกรานต์นี้เล่นน้ำท้าแดดได้ อย่างมั่นใจไม่กลัวแดด ไม่กลัวแสงไฟ เพราะมี Bioer บิโอเร spf 50+ pa++++ซึมง่าย ไม่เหนียวเหนอะหนะ เป็นเนื้อเอเซ้นต์ พิเศษตอนนี้กันน้ำ กันเหงื่อ ทนได้ต่อทุกสถานการณ์ ใช้มานานแล้วชอบมากๆเลยค่ะ #BioreUVEssence #BioreFunlnTheSun #SonkgkranFunFest #กันแดดกันแก่ที่ดีที่สุด #กันแดดอันดับ1จากญี่ปุ่น,positive,1
6953,6953,สักวันม้ะ,positive,1
6954,6954,ภาพหมูบาบีก้อนติดตามาก เอื้อออ~,negative,0
6955,6955,ปีละหน 😁 #SinghaPark #Canon #Canon5DMarkIII #5DMarkIII,positive,1
6956,6956,ตอนแรกได้กลิ่นคิดว่าหนักแน่ แต่กินแล้วนุ่มจริง👍🏻,negative,0
6957,6957,อร่อยทุกอย่างเลยเชียว,positive,1
6958,6958,การตลาดไม่เคลียร์ ทุกวันนี้คุณจริงใจอะไรกับลูกค้าบ้าง??? สักแต่หาลูกค้า ไม่สนใจจริยธรรม,negative,0
6959,6959,ทำไมระบบห่วยจังครับ,negative,0
6960,6960,เอา ดีแม็ก1.9คันนึง,positive,1
6961,6961,อย่าเลื่อนเลยค่ะ หนูอยากเลือกพลังประชารัฐจะแย่อยู่แล้ว #เลื่อนแม่มึงสิ,negative,0
6962,6962,แพ้ผ้าอนามัยโซฟีอิดอก เหี้ยมาก ผื่นขึ้นตูดแบบบ ไม่โอเคอะมึง จะทาแป้งก็มองไม่เห็น จะวานแฟนทาให้ก็เกรงใจ5555,negative,0
6963,6963,พาเด็กชายมากินสิ,positive,1
6964,6964,อยากกินจ้า,positive,1
6965,6965,ห่ะ เนื้อเป็นฝี,negative,0
6966,6966,เจอกันค่ะ,positive,1
6967,6967,รshowdcห้างอะไรก็ไม่รู้ว ห้างนี้จะเจ๊งตอนติ่งหมดโลกมั้ยว้าาาา เหมือนคนที่รู้จักก็เป็นพวกเดียวกันทั้งนั้น ไม่ใช่ติ่งเขาก็ไปเดินสยามแล่ว,negative,0
6968,6968,บุหรีไฟฟ้า ทำให้รัฐเสียรายได้,negative,0
6969,6969,น่าจะคุ้มกว่า,positive,1
6970,6970,สาขาพระราม2ไม่มีสิน่า อดกิน,negative,0
6971,6971,จะยังไงก็ได้ครับแล้วแต่บริษัทเลย...แต่คุณเสียลูกค้าใหม่แน่ๆ มาสด้า 3 ใหม่คงไม่ได้จากผมแล้วล่ะ 1 คันหันไปซูบารุเอ็กวีดีกว่า,negative,0
6972,6972,อยากยาวอยู่คะ แต่กำหนดเวลา555,negative,0
6973,6973,นี่ล่ะ ที่ประชาชนต้องการ,positive,1
6974,6974,อีสัส ผ้าอนามัยอะ ไม่ต้องออกกลิ่นใหม่หรือซึมซับดีกว่าเดิมหรอก ทำอีกาวให้แน่นก็พอ ใส่ไปแป๊บเดียวถอดกางเกงในมาอีกทีผ้าอนามัยติดตรงหีแล้วอีสัส,negative,0
6975,6975,สนใจจจจจ,positive,1
6976,6976,นี่ซื้อฟูลมูนแอล7.5% ใจเต้นตึบๆเต้นไปถึงชีพจรที่หัวเลยอีดอก แต่ไม่มึนนะไม่ได้เมา คาดว่าถ้าแดกอีกสองขวดกูตายแน่จ้ะ,negative,0
6977,6977,เก็บดิ น่ารักดี เมื่อเช้าก้อจัดกระบอกเซเว่นไปอีก 2,positive,1
6978,6978,ไม่เสียเพิ่มค่าา ยกเว้นซุปต้มยำถ้าสั่งมันกุ้งเพิ่ม เสียเพิ่ม 40 บาทค่า,negative,0
6979,6979,จัด,positive,1
6980,6980,ทำ ANESSA หาย เสียใจมาก😢,negative,0
6981,6981,ไปกินบาบีก้อนกันมั้ยล่ะ?,positive,1
6982,6982,อันนี้~,positive,1
6983,6983,ด้วยความยินดีเป็นอย่างยิ่งคร้าบ,positive,1
6984,6984,กรณีของแถมหมดพนักงานควรแจ้งลูกค้าก่อนน่าจะดีอย่างน้อยจะได้ไม่เสียความรู้สึก,negative,0
6985,6985,ป่ะ มื้อเที่ยงงงง,positive,1
6986,6986,กินกันเถอะ,positive,1
6987,6987,5555ไช่ครับคนออกกฏหมายไม่รู้คิดได้ไง,negative,0
6988,6988,ข้างตึกฟิศใหม่มีคอนโดของแสนสิริ คืออยากซื้อมาก เดิน 1 นาทีถึงที่ทำงาน เดิน 3 นาทีถึงบีทีเอสทองหล่อ ติดที่ไม่มีเงิน,positive,1
6989,6989,วันนี้มากินที่สาขาซีคอน ดีทุกอย่างค่ะ ยกเว้นข้าวหักไม่เต็มเม็ดค่ะ อยากให้ปรับปรุงค่ะ,negative,0
6990,6990,ตอนนี้ผมก็ใช้อยู่ รุ่นเกียร์ Cvt นี่ แหละ หลอนกะคำว่าออกตัวแรง เดี๋ยวมันพัง ไม่ทน เลยระแวงกะการใช้งานมาก เช่นจะเหยียบข้ามถนน ออกยูเทรินแบบหนักๆ ขึ้นเขาชันๆ กดหนักๆ บางจังหวะ แอบไม่ทันใจอารมณ์เสีย จะว่าไป แอบนึกถึงเครื่องเกียร์ วีออสเก่าที่เคยใช้กันมา,negative,0
6991,6991,เราเป็นทั้งลูกหนี้ที่ผ่อนเค้าอยู่แต่ละที่ช้ามากกว่าเราจะผ่อนหมดเรามีลูกหนี้แต่มะนแมร่งไม่ผ่อนเหมือนเราหลบหน้าหลบตา เราเข้าใจ แต่แมร่งอิดอกติดค่าลิป160บาท5เดือนแต่มาซื้อเบียร์ลีโอวันละ2ขวดได้... ทำไมไม่ตัดใจจ่ายค่าลิปมา เคทนี้กรณีนี้น่าตบ,negative,0
6992,6992,อูยยย วันเกิดๆๆๆ,positive,1
6993,6993,ไม่ค่อยอินกับพาเลทตาของลอริอัล ไปเล่นจูเวียแบบเดิม ติดทนดี แตะนิสเดียว 5555,negative,0
6994,6994,",อยากกิน",positive,1
6995,6995,ไม่ไหวแล้ววววว ฮอทพอทททท,negative,0
6996,6996,โอเรนทอลกูเคยใช้สูตรใหม่ที่มัน 800+ บอกเรย,negative,0
6997,6997,MG ZS ด้วยราคาที่คุ้มค่า ออฟชั่นที่อัดแน่น เป็นผู้นำในด้านเทคโนโลยีสำหรับรถที่ราคาหลักแสน ไม่มีรุ่นไหนสู้ได้แล้ว รถกว้าง ดูหรู ดูแพง ต้องคันนี้เท่านั้น #MGCarsTH #PassionDrives,negative,0
6998,6998,แม่หญิงใช้อายไลน์เนอร์ มิสทีน ซุปเปอร์ แบล็ค ฟิคซ์ ไลน์เนอร์ เจ้าค่ะ เขาว่าเขียนง่าย แห้งเร็วหนา,positive,1
6999,6999,พลีสส,positive,1
7000,7000,ดันเลย พรรคอนาคตใหม่ #เลื่อนเเม่มึงสิ,positive,1
7001,7001,- เทคนิคการป้องกันผิวรับซัมเมอร์ของเราก็คือ ควรจะปกป้องตั้งแต่ต้นเหตุค่ะ ต้นเหตุที่หมายถึงนั่นก็คือแสงแดดนั่นเอง🌤 ควรเริ่มป้องกันจากการทาครีมกันแดดอย่างน้อย SPF15 ขึ้นไป ควรทาครีมกันแดดก่อนออกจากบ้านซัก15นาทีเป็นอย่างน้อยค่ะ👍 ซึ่งการทาครีมกันแดดเป็นเพียงส่วนหนึ่งในการดูแลผิวเราเท่านั้นนะคะ เราควรจะต้องใช้ทั้งหมวก ร่มกันแดด แว่นกันแดด และใส่เสื้อผ้าสวมให้มิดชิด แค่นี้ยังไม่พอ... ควรจะหลบแดดได้ก็ยิ่งดี หลีกเลี่ยงแสงแดดจัดๆด้วยค่ะ😘 - เหตุผลที่อยากได้ Kiehl's Daily UV Defense ก็เพราะเป็นผลิตภัณฑ์ครีมกันแดดที่เหมาะสำหรับคนผิวหน้ามันแบบเราเลยค่ะ เนื้อบางเบา เนื้อครีมเกลี่ยง่ายซึมเข้าผิวง่าย ไม่ก่อไห้เกิดสิวอุดตันเพิ่ม แถมยังทำให้ ผิวเรียบเนียน สีผิวสม่ำเสมออีกด้วย ดีมากๆเลยค่ะชอบมากๆเลยค่ะ👍👍👍❤,positive,1
7002,7002,มอบความสุขผ่านเสียงเพลง 🎤🎧🎼 #ลานเบียร์สิงห์ #NANN #boxxmusic #nann_fc,negative,0
7003,7003,อยากกินนะแต่แพงอยู่นะ555,positive,1
7004,7004,👏👏👏สิงห์บินกินคู่กับหมูร้านเฮียกัง-เจ้จู อร่อยเริดเลยค่ะ,positive,1
7005,7005,มึงงงง กูใช้ผ้าอนามัยหมดอายุป่าวว่ะ ไมมันเปนขุย 😌,negative,0
7006,7006,โอเคค่ะ ขอบคุณนะคะ,positive,1
7007,7007,เลี้ยงด้วยยน,positive,1
7008,7008,กด Wow 😯 ให้กับ SPY Gold Series ชื่นชอบความหรูไฮ ล้ำสมัยของ SPY Gold Series ฉลองกับเพื่อนด้วยไวน์คูลเลอร์สีชมพู💞💞💞...ที่มีกลิ่นและรสชาติหอมหวานจากลูกพีชสด รสชาติกลมกล่อม ดื่มง่ายให้ความรู้สึกผ่อนคลาย เพิ่มเติมด้วยความสดชื่นจากฟองซ่าละเมียดละไม ไปลิ้มลองความสนุกสุขสันต์ของสาววัยคานทอง 555 🤣🤣🤣ด้วยแอลกอฮอล์เบาๆ เพียง 5% พอผ่อนคลายรีบไปให้ท่า เดี๋ยวจะได้ไม่ขึ้นคาน เท #SpyPinkGold 💗💗💗นี้แล้วรีบไปอ่อย อยู่คนเดียวนานทั้งปีไม่ดีหรอกเธอ 🤣🤣🤣 #SpyClubThailand 💞💞💞,positive,1
7009,7009,Neutrogena Cleansing Revolution โฟมนิ่มมากออเจ้า!! ออเจ้าต้องไปรีบหาซื้อเลยหนา มันดีสุดยอดเจ้าค่ะ โอเค 👌 #NEUTROGENA #deepcleansingcushionfoam #Triplemicellarpower,positive,1
7010,7010,ไปทาน 2 คนไม่ถึง 900 อยากได้ทำไงดีคะ,negative,0
7011,7011,ไปกินนนนน,positive,1
7012,7012,ว้าว เพิ่งเห็นเวลาเปิดรถ มีไฟด้วย!! #ToyotaCHR .... แต่พุทโถ้วว ทุเรศทุรัง ตัวท๊อปสุด แบะก็ยังไม่มีไฟฟ้า ต้องไถตูดเอา .... 😒😒😒,negative,0
7013,7013,ใช้ maybelline white superfresh เพราะเป็นคนเหงื่อออกเยอะมาก แต่ตัวนี้เป็นคราบน้อยมาก บางวันก็ไม่เป็…,negative,0
7014,7014,นิสสัน นาวารา ที่บ้าน คนแถวบ้าน คนที่ทำงาน เห็นใช้กันเยอะมากๆ แกร่งจริงอันนี้ยอมรับ,positive,1
7015,7015,ไม่รู้คะ,negative,0
7016,7016,อยากได้เจ้าค่ะหน่องเม จะได้เอามาใช้บำรุงหน้าโทรมๆ ไม่ชอบใช้เครื่องสำอางหรือตัวบำรุงที่เยอะๆหลายๆตัว ถ้าได้ ซูทติ้งเจล Plankton Aloe Malissa Kiss. ขวดนี้ สภาพผิวหน้า ที่รู้ขุมขนกว้าง หน้าแห้งบ้าง มันบ้าง สิว ริ้วรอยอะไรบ้าง จะได้ดูโอเคขึ้นมาบ้างเจ้าค่ะ...😄 #เพลียกับผิววัย31 😔,negative,0
7017,7017,จ๋ามึงอาจจำผิดร้านรึเปล่า5555,positive,1
7018,7018,สีซอให้ควายฟังยังไงมันก็ไม่รู้เรื่องหรอกครับ,negative,0
7019,7019,วันเกิดพาไปหน่อย,positive,1
7020,7020,นาวาร่าเห็นญาติใช้บอกว่าเครื่องแรง มาก,positive,1
7021,7021,โลตัสพระราม4 วันที่ 17/2,negative,0
7022,7022,น่ากินแต่ดูปันหาเยอะ,negative,0
7023,7023,กูรู้สึกดีชิบหายเลย ที่กูไม่ออกโตโยต้า ไอ้ซั้ด,negative,0
7024,7024,พากุพักก่อนกะดีน่ะ. อ้วนหลาย,negative,0
7025,7025,ชุมพรมั้ยอ้ะ?!😂,positive,1
7026,7026,เกลียดไฟฟอร์จูนเนอร์ว้อย,negative,0
7027,7027,วันไหนว่ามา,positive,1
7028,7028,แหม่ แซะว่าขับยาริส เปนกุให้เลือกยาริสกะรถเม้งกวง 3 กูก็เลือกยาริส ขับทำห่าไรรถกระจอก มีปัญหาไม่ซ้ำ,negative,0
7029,7029,ฟิ้วววว,positive,1
7030,7030,สัสได้5200จบไหม,negative,0
7031,7031,อ้อนนนน,positive,1
7032,7032,เราขับ crv ไม่เตี้ยนะ .... ไฟฟอร์จูนเนอร์ยังทิ่มตาเราทะลุได้เลย ㅠㅠㅠㅠㅠ X3 ก็ไม่เตี้ย กระจกมองหลังรอดเพราะมันเบลนเขีย…,negative,0
7033,7033,ลีโอขมชิบหายค่ะ นี่กินลีโอไง รอถามแม่ตอนแม่มาหาดีกว่า อร่อยตรงไหน,negative,0
7034,7034,เป็น member แล้วต้องสนับสนุนต่อไป,positive,1
7035,7035,ป้ายโฆษณาที่ตึกดันเป็นเบียร์ลีโอ อีก มันก็คล้าย ๆ เสือดำอยู่ ซวยจริง ๆ เปรมชัย โดนโยงไปหมด 😂,negative,0
7036,7036,ถ่ายที่ไหนทำไมดูดีจังวันก่อนไปทานที่โรบินสันฉะเชิงเทราของน้อยมากไม่น่าเข้าไปทานเลย,negative,0
7037,7037,รัฐไม่ยอมไง กินภาษีมืดอยุ่,negative,0
7038,7038,อุย มีด้วย น่าจะมีโลตัส รังสิตบ้างเนอะ,positive,1
7039,7039,ผ้าอนามัยแบบเย็น..อิสัส...นอนไม่หลับเย็นเกิ๊น,negative,0
7040,7040,แต่มีหนอง ??? จากผลอ่านพยาธิ,negative,0
7041,7041,อยากกินๆ,positive,1
7042,7042,อยากให้เปรียบเทียบสมรรถนะของรถรวมถึงความปลอดภัยของ Subaru XV กับ C-HR หน่อยครับว่ามีข้อดีข้อเสียอย่างไรบ้างครับ ตัวไหนน่าจะเหมาะครับ(ปกติผมขับรถไปต่างจังหวัดบ่อย มีขับขึ้นเขา อยากได้รถที่มีแรงดีหน่อย และช่วงล่างดี ขับเร็วประมาณ 80-140 กม/ชม ครับ),negative,0
7043,7043,มาสด้าจะแซงฮอนด้าอยู่แล้ว,negative,0
7044,7044,ขายขี้หน้าชิบบบ,negative,0
7045,7045,วันนี้ไปกินไม่เห็นมีโปรโมชั่นไรเลย ติดป้ายหน้าร้านลดทั้งร้าน20%ไม่เห็นลดเลย,negative,0
7046,7046,อยากเห็นน้องก้อนกินฝีหนองโชว์ค่ะ,negative,0
7047,7047,"ดูในไลฟ์สด พรรคพลังประชารัฐ ลงพื้นที่หาเสียงสีลม ตะโกนออกไมค์ ""ฟ้ารักใครไม่ว่าแต่ฟ้าต้องรักประเทศชาติด้วย"" อิดอก คือทำไมอ่ะ ต้องโหนรักชาติรักแผ่นดินอีกอ่ะ เค้ารักธนาธร บางคนเล่นแท็กกันขำๆ ไม่ได้หมายความว่าเขาไม่รักชาติป่ะ สันดานหีหมาแบบนี้ มีพรรคเหี้ยนี่ตัวดีเลย #ฟ้ารักพ่อ",negative,0
7048,7048,เอาจริงๆของจริงน้อยมา ราคานี้ไปบุฟเฟ่แถวบ้าน 299 ของเยอะ,negative,0
7049,7049,ใช้มา20กว่าปีCRVเท่าอายุลูกสาวคนโตไม่เปลี่ยนเพราะเศรษฐกิจตกสะเก็ด ขาดทุนทางการค้าใช้ดีตลอดไม่รวนให้เสียใจยังรักอยู่เหมือนเดิมอยากพาสามีไปดู #ฮอนด้าที่รัก #EnjoyHonda Thailand,negative,0
7050,7050,ปะ กันเห็นแล้วน้ำลายแตก,positive,1
7051,7051,พี่พูดได้ถูกมากครับ,positive,1
7052,7052,แอดแนะนำ NIVEA เลยจ้าา สูตร Pearl White Super Mousse Foam เริ่ดมากกก (y),positive,1
7053,7053,กินครั้งแรก นึกว่า 35% พอมาดูอีกที 40% ถึงว่าละ กินไปครึ่งขวดหนักหัวชิบหาย,negative,0
7054,7054,แดกfullmoonแล้วนอนไม่หลับ เลยลุกมาแต่งจอย 555555,negative,0
7055,7055,มีกุ้ง สดใหมค่ะ ไป เหมือนไม่มี,negative,0
7056,7056,กินช้างดีกว่า,positive,1
7057,7057,จัดหนักคู่นี้แล้วอย่าลืมอี่อะไรนะเจ้าของเบียร์ลีโอที่มันเอาตีนไปเหยียบป้ายตำรวจด้วยนะเสียศักดิ์ศรีให้ผู้หญิงเอาตีนมาเหยียบมาถูอยู่ได้ ศักดิ์ศรีตำรวจไทย อสกข 😂😂😂,negative,0
7058,7058,สเมอนอฟป๋องดำไม่ช่วยให้เมาเติ่งได้นะครับ ยกเว้นคุณจะกาก,negative,0
7059,7059,เจ้สู้ๆๆ,positive,1
7060,7060,ประสาทอิสัส กูเกิ้ลก็มีมั้ยอะ ที่เที่ยวเชียงใหม่ก็มีเท่าที่เค้าชอบแชร์ ส่วนร้านอาหาร ทำอาหารเมืองไม่อร่อยสักเจ้าอิสัส ยังบ่นกับมึงว่าอยากแดกบาบีก้อนอยู่เลย คือทุกวันนี้เที่ยวห้าง กินข้าวห้าง รำคาญ,negative,0
7061,7061,เดี๋ยวนี้พนักงานที่สนามบินบางคนทำไมถึงพูดจาและแสดงกิริยาออกมาแย่จัง เห็นเป็นต่างชาติแล้วเหวี่ยงภาษาไทย ถึงเค้าจะฟังไม่ออก แต่กิริยาที่ออกมาไม่น่าดูเลย เป็นคนไทยเองเห็นยังแย่,positive,1
7062,7062,บ่าวขอตอบว่า น้ำจิ้มพอนซึ = ซึพอน เสียงคล้ายกลับ ชุมพร ขอรับ แม่หญิงMK,positive,1
7063,7063,เดียวนี้ของก็น้อย,negative,0
7064,7064,ราชการซื้อโต๊ะจีนพรรคพลังประชารัฐ นายอำเภอพาพรรคพลังประชารัฐหาเสียง พรรคพลังประชารัฐซื้อเสียงผ่านบัตรคนจน คุณประวิตรทำตัวไม่รู้ไม่ชี้ ไม่หือไม่อือใดๆ แต่รถตุ๊กๆ ติดป้ายหนุนพรรคเพื่อไทย คุณประวิตรกลับเป็นเดือดเป็นร้อน จะเล่นงานเอาผิดเขา,negative,0
7065,7065,เหลือรอลุ้นคำตอบอีก 1 ราย 😥,positive,1
7066,7066,ไปกินที่ลปๆชวนอิหมู่นั้นไปด้วยๆ55555,positive,1
7067,7067,เห็นด้วยค่ะ นุ่มดี ไม่ระคายเคืองเลย ปกติชอบแพ้ผ้าอนามัย ;-;,negative,0
7068,7068,show dc ไม่มีตู้atmเหรอวะ,negative,0
7069,7069,ตัวๆๆๆๆเค้าอยากกินค่ะ วรพล ทับทัน,positive,1
7070,7070,ถ้าลีโอแบบนี้ดื่มได้ทั้งคืน,positive,1
7071,7071,แม่หญิงใช้ มิสทีน ซุปเปอร์ แบล็ค ฟิคซ์ อายไลน์เนอร์ กรีดตาเจ้าค่ะ หากข้าได้มาใช้ดวงตาของข้าคงสวยเป๊ะ คมกริบ จนคุณพี่ต้องชม้อยชม้ายชายตามองข้า ข้าอยากได้มาลองใช้ ข้าจะได้มีดวงตาที่สวยไม่แพ้แม่หญิงการะเกด นางฟ้าคนที่ 9 ของมิสทีนเลยหนาออเจ้า ข้าไหว้ มาดูแม่นายกรีดตาเร็ว,positive,1
7072,7072,กูเครียดมาก ฝากอาหิ้วอินนิสฟรี อีเหี้ยยยยยยยย ร้านไม่จัดโปร ควย ละซื้อมาละ แวกวกวำบำบำวหว,negative,0
7073,7073,สาขาเพลินนารี่ ถ้าไม่อยากขายก้อปิดเถอะคับ ดูแลไม่ดีแล้วพนง.ยังไม่มีจิตใจในการขายด้วย เวลา1ชม.กับหลายๆอย่างไม่ไหวคับ หาคนมาดูบ้างนะครับ,negative,0
7074,7074,ชอบhondacity 1500cc ซื้อมาแล้วคุ้มค่าคุ้มราคา สวยด้วย สวยมากๆมีแต่คนชม (ชมรถนะ) ไปดูหนังกัน #ฮอนด้าที่รัก #EnjoyHondaThailand,positive,1
7075,7075,อินนิสฟรีอะไรไม่รู้จักเเล้วค่า เดอะเฟซช้อปมาเเรงเว่อร์,negative,0
7076,7076,มายืนยันว่าอร่อย กินง่ายกว่าสปาย กินได้เรื่อยๆ เหมือนน้ำผลไม้,negative,0
7077,7077,ในภาพเหมือนเห็ดไม่ได้ลวกสุกเลย😂,negative,0
7078,7078,15 ล้าน มันน่าจะซื้อคุณภาพได้เนอะ แต่ไม่เลย เจอปัญหาไม่ต่างจากบ้านหลังละ 1-2 ล้าน เครียดแทน จขกท. .. #แสนสิริ #อีกแล้ว,negative,0
7079,7079,อะไรของมึง ตรวจเอง ยืนยัน เอง .... ตรรกะบราซิลจริงๆ,negative,0
7080,7080,ป่ะ บาบีกอน บุฟเฟ่คิดถึงเซลมอล กับน้ำจิ้ม,positive,1
7081,7081,จะไม่กินบาบิก้อน กลัวอ่ะ,negative,0
7082,7082,ออนิวดีแมคออโต้อืดทำไงคับ15,negative,0
7083,7083,แค่ร้องประกอบโฆษณาผ้าอนามัย พากันดราม่าสามวันเจ็ดวัน🤣🤣🤣🤣,negative,0
7084,7084,แค่บุหรี่ไฟฟ้า....ถ่อกกกกก,negative,0
7085,7085,ตับปีนี้ดีสุด แดกเหล้านับแก้วได้จากที่เคยเมาคลาน รับรู้ได้ว่าเมาทำไมตอนแฮงค์นี่ทรมานชิบหาย กินพอหายอยาก แล้วอย่าแดกแอพโซลูท แดกทีเมาหมามาก,negative,0
7086,7086,ส่วนใหญ่ขวดใหญ่จะถูกกว่าหมดครับ!! มีแสงโสมนี่แหละที่ติส!!,negative,0
7087,7087,เพิ่งไปตำมาเมื่อวันศุกร์นี้เอง ข้าวปั่นแห้งหมด,negative,0
7088,7088,ไปกินบาบีก้อนแล้วก็ไปตบตีกับเขาว่าไอ้ผักที่ให้ฟรีเนี่ย เป็นกะหล่ำหรือผักกาด... สุดท้ายเพื่อนเลยบอกมห้พี่เขาเอามาทั้งสองอย่างและแดกๆไป....,negative,0
7089,7089,ก็ว่าลืมอะไรตอนไปเกาครั้งล่าสุด ลืมซื้อลิปกะทิ้นของโฮลิก้า เสียดายเว่อ คือดูสีอะไรไว้หมดละ เพิ่งนึกได้ด้วยเนี่ย,negative,0
7090,7090,ไปปป4555555,positive,1
7091,7091,สู้ๆคะพี่,positive,1
7092,7092,ที่พักราคาถูกใกล้ห้าง,positive,1
7093,7093,อยากสวยเหมือน คุณเนย โชติกา ทั้งสวยทั้งหุ่นดี เซกซี่ชวนฝันดูกี่ครั้งก็ไม่เบื่อ #มาส์กโชสวยข้ามคืน #cho_cosmetics #daradaily #ดาราเดลี่,positive,1
7094,7094,กระป๋องสวย แต่ข้างไหนดูสีคล้ายU beer เลยคะ เสียดาย😔,negative,0
7095,7095,บ่นกับเพื่อนทุกครั้งว่าอยากใช้ Kiehls แต่แพง สรุปได้ใช้แล้วใช่มั้ย5555,negative,0
7096,7096,ที่ทำงานเกลียดเบียร์ช้าง ล่าสุดมีเพื่อนใช้กระเป๋าเป้ของเบียร์ช้าง หัวหน้าเดินมาเห็นละแซวว่าไปเปลี่ยน ที่นี่ไม่ชอบช้าง ตอนนั้นมีคนสั่งช้างมากิน ต้องรีบเอาไปเปลี่ยนเป็นลีโอ 555555555 โอ้ยยนี่กูต้องมาขำอะไรแบบนี้,negative,0
7097,7097,อยากให้ทางคุณบริหารเสาอาการให้เสถียรกว่านี้น่ะคะ พนักงานไม่ได้ผิดอะไรน่ะคะ แต่ทางช่างเทคนิคคุณทำเสาอาการที่ให้การบริการลูกค้าไม่ได้ดั่งใจ คือแพงก็แพง แต่ก็ไม่ได้ติดค้างถ้ามันดีเน็ตเสถียรไม่หลุดตามโปรโมชั่นที่คุณโฆษณาบ่อยๆเนี่ยให้เป็นตามจริงบ้าง ไม่ใช่ไม่แก้ไขอะไรก็ไม่ให้ซึ่งจะทำให้บริษัทคุณเนี่ยสูญเสียลูกค้าที่เขาไว้ใจคุณมานาน ทำให้เสียความรู้สึก เมื่อก่อนเครือข่ายคุณดีเสถียรกว่าไม่หลุด ตอนนี้ล่ะ หลุด ไม่เสถียร เรื่องโทรไม่มีปัญหาอยู่แล้ว รู้ว่าพนักงานคุณก็ไล่ตอบปัญหาคุณก็ทำถูกแล้ว ฝ่ายบริหารบริษัท Dtac ของคุณน่าจะทำให้เครือข่ายเสถียรกว่านี้ จะทำให้ลูกค้ากลับมาเมื่อเดิม ก็รู้ทางคุณแจกเน็ต 2GB มาแก้ปัญหา น่ะแต่ถ้าเน็ตไม่ดีไม่เสถียรคะอยากให้ปรับปรุงอยากมากน่ะคะหวังว่าจะเข้าใจลูกค้าที่ใช้บริการคุณอยู่,negative,0
7098,7098,ดูข่าวเมื่อเช้า เขาบอกว่า อันตรายกว่าบุหรี่จริง 10 เท่า เป็นมะเร็งไวกว่าบุหรี่จริง. แล้วก็. คนขายกับคนซื้อ เขาจะตรวจดูทุกอย่างที่อยู่ที่ไหน เขาจะสืบต้นตอที่รับ ที่ส่งไปให้ลูกค้าใครบ้าง ส่งไปที่ไหน จะกวาดล้าง มีผลวันที่ 27 ธันวาคม 2560 ครับ,negative,0
7099,7099,เพิ่งผ่าน แต่ยังไม่เทียบเท่าพรบ.คู่ชีวิต เพราะยังไม่ครอบคลุมเรื่องสิทธิ์ประกันชีวิตและอื่นๆ,negative,0
7100,7100,Eucerin pro acne ค่ะ ใช้แล้วสิวขึ้นเพิ่มทุกวัน มาดูกันนะคะ ว่าจัดการปัญหาสิวใน7วันได้รึมั่ยยยยยยยย ล่าสุดไปล้างหน้…,negative,0
7101,7101,#NissanLeaf รุ่นขายดีที่ ญี่ปุ่น,positive,1
7102,7102,น่ากินจังเลยยย,positive,1
7103,7103,ศึกษาการใส่ผ้าอนามัยแบบสอดจริงจังมากอิสัส กลัววว,negative,0
7104,7104,เสียดายอะก้อน น่าจะมีที่สาขา gold pan ด้วย,negative,0
7105,7105,คนเหี้ยไรแดกสเมอนอฟแล้วมึน กูเองอีสัส,negative,0
7106,7106,ไปกัน บาบิก้อนน555555,positive,1
7107,7107,ยังทำใจแป้งลอร่าหล่นแตกไม่ได้😭😭 แตกในห้องยังพอว่าโดยไม่ได้นี่หล่นกลางถนนอะ ฮืออออออออ,negative,0
7108,7108,5555 ยังไง คิดสิ,positive,1
7109,7109,ทำไมวีออสถังน้ำมันเล็กจัง,negative,0
7110,7110,ขึ้นชื่อว่าช่วงล่างดี ทนทาน อึด ต้องยกให้เค้าเลยครับ NISSAN,positive,1
7111,7111,55555555555 ไม่ได้ มื้อล่าสุดห้าพัน,negative,0
7112,7112,ลดราคา เเต่คุณภาพของอาหารก็ลดน้อยลงไปด้วย???,negative,0
7113,7113,ไฮเนเก้น ปรับราคาลงเหมือนบุหรี่บ้างดิวะ เอาราคาใกล้เคียงกับเบียร์ของไทย รับรองมีดิ้นกันอีก 55555,negative,0
7114,7114,เบียร์ช้างกินแล้วมีความสุข,positive,1
7115,7115,วันสุดท้ายคนเยอะะะ,negative,0
7116,7116,เชฟโรเลต น่าจะโอกว่านะครับ 555,positive,1
7117,7117,หาเบียร์หมีได้เบียร์ลาว,negative,0
7118,7118,ตอบเลยว่าไม่ 55,negative,0
7119,7119,รอบนี้ยาว,negative,0
7120,7120,โดนตัวเตี้ยให้ isuzu ไปเยอะมากบอกเลย revo ตัวเตี้ยแต่งไม่ไปจริงๆ,negative,0
7121,7121,หงส์ทองกินแล้วภาพมันจะตัด,negative,0
7122,7122,อยากกินอยู่วันนี้ต้องไปโดน,positive,1
7123,7123,คูปองที่ให้มาไม่สามารถใช้ได้หลายใบต่อ1ใบเสร็จหราคะ ไม่ใช่เมนูเดียวกันนะคะ พอดีใช้คูปองติ่มซำ1แถม1ไปแต่จะใช้น้ำแตงโมปั่น1แถม1ไม่ได้ค่ะ,negative,0
7124,7124,วีออส!!!....เจอแบบนี้บ่อยไปแล้ว ชักเริ่มกลัว เข้าศูนย์ด่วน!!,negative,0
7125,7125,เมื่อวาน ไปมาล่ะ เห้ย ... !!! ร้าน ปิด ปรับ ปรุง เซรง เลย,negative,0
7126,7126,ผมลูกค้าเก่า mazda 3 อยากทราบว่าmazda 3ตัวใหม่ที่จะมาพร้อมskyactiv x เครื่อง Spark Controlled Compression Ignition (SPCCI) น่าจะมาช่วง2019-2020หรือป่าวครับ ตอนนี้ใช้mitsubishi pajero 4wd 2017 บริษัทmazda ทำยอดขายmazda cx-5ตัวใหม่หายไปคันหนึ่งจากผม ผมถามแล้วว่าจะมีมาไหมcx-5ในปี2018 ลองนึกดูนะครับรถ mazda ไม่ใช่รถตลาด ผู้ซื้อจะศึกษาระบบต่างๆมาบางทีเซลล์ขายรถยังไม่รู้ข้อมูลเท่าคนซื้อนะครับ แต่ไม่บอกหรือกระซิบลูกค้าเดิม ไม่ต้องกลัวว่าmazda 3รุ่นปัจจุบันจะขายไม่ได้ ผมไม่ซื้อรุ่นนี้อยู่แล้วเหมือนกับ cx-5รุ่นเก่านั้นก็ไม่ซื้อ หวังว่าคงได้กระซิบมาบอกบางนะครับ เพราะ มีhonda civic 1.5 turbo rs รอแทนที่mazda 3 skyactiv x อยู่หวังว่าคงไม่ทำให้เสียลูกค้าไปอีกคันนะครับ,negative,0
7127,7127,ผมไม่เข้าใจทำไมมาสด้า มันไม่ทำภายในให้มันกว้างๆ บ้านผมใช้ทั้ง 3 ค่ายเลย วีออส แจ๊ส สอง ใช้ทั้ง3คัน วิ่งทางไกล ให้ทายว่านั่งคันไหนทรมานสุด แถว2 นั่งอัดกัน3คน พัทยา-ขอนแก่น บอกเลย เมื่อย,negative,0
7128,7128,แนะนำ: จอมเวทฝึกหัดกับหมวกมหัศจรรย์ (วิบูลย์กิจ) ภาพสวยมาก เส้นละเอียด แถมเรื่องก้อสนุก ให้อารมโรงเรียนเวทมนตร์ แม่มดฝึกหัด อะไรเทือกนั้น ใครชอบแหรี่ พอตเต้อ น่าจาชอบเรื่องนี้นะ สนุกจริง ๆ ตอนนี้ออกมาสามเล่มแล้ว (มีอีบุ๊ก),positive,1
7129,7129,สมัยมัธยมคือเอ็มเคทุกวัน มหาลัยได้แดกเดือนละครั้งข่ะ กุเคียด,negative,0
7130,7130,สู้ๆน่ะอย่าท้อทำคีโมให้ครบน่ะเปนมะเร็งเหมือนกันระยะ3ลำไส้คีโม8ครั้งรักษามา5ปีแล้วจ้า,positive,1
7131,7131,รำ😑,negative,0
7132,7132,งือออออ ช่วงนี้อยากข้าวกระเทียมจริงๆ,positive,1
7133,7133,นโยบายข้อหนึ่งของพรรคสามัญชนคือยุบ กอ.รมน. ครับ เป็นหน่วยงานที่มีวิธีคิดมองเห็นประชาชนเป็นศัตรูของรัฐตลอดเวลา,negative,0
7134,7134,รองพื้น TRUEMATCH is my SOULMATE! อยากได้รองพื้น TRUEMATCH เพราะเป็นรองพื้นที่ชอบมากๆ ค่ะ ทาแล้วทำให้ผิวดูสวย เด้ง โกลว แบบเป็นธรรมชาติ ยิ่งถ่ายรูปออกมานี่หน้าเนียนเด้ง สวยงาม ดูผิวใสเป็นธรรมชาติ มีโทนสีที่เหมาะกับผิวเรามากๆ ไม่เป็นคราบ ไม่หนาจนทำให้รู้สึกเหนอะผิวด้วยค่ะ ชอบมากๆ เลย #LOrealParisTH #TrueMatch #TrueToMyShade #ลอรีอัลปารีสเมคอัพ,positive,1
7135,7135,พ่อแม่ร่ำไห้ ทำไมลูกทำแบบนี้!!!? หนุ่มอดีตพนง.เอ็มเค เครียดใช้ผ้าม่านผูกคอดับคาห้องนอน พ่อเผยลูกไม่เคยเล่าอะไรให้ฟัง ปกติมีนิสัยเงียบขรึม!,negative,0
7136,7136,จริงอันนี้เข้าตาสุดๆ อยากดั้ย,positive,1
7137,7137,ลด 20% จาก ราคา 299 ใช่หรือไม่ ครับ,positive,1
7138,7138,ขนลุกเลย นึกถึงบีกอน มะวาน,negative,0
7139,7139,ไม่แฮ้งอ่ะใช่ แต่แม่งปวดหัว,negative,0
7140,7140,ควยเลยครับ,negative,0
7141,7141,อยากกินนนน สอบเสร็จจัดไปคะ5555,positive,1
7142,7142,Honda รูปทรงสวย ทนทาน พลังงานไฮโดนเจนและผู้นำเทคโนโลยีใหม่ครับรักเลย,positive,1
7143,7143,ไปกินวันนั้นนั่งปุ๊บสั่งกับข้าวกลับบ้านให้ลูกก่อน เพราะลูกหลับกลัวรอนานด้วย จากนั้นก็สั่งมากิน2คนกับแฟน พอเช็คบิล ข้าวที่สั่งกลับบ้านคือหมด แล้วทำไมไม่แจ้งแต่แรก โมโหมาก ถามพนักก็โยนให้กัน สุดท้ายก็ไม่ได้เรื่องทอนเงินก็ช้าอีก ลูกร้องหิวข้าว แย่มากอ่ะแอด,negative,0
7144,7144,ปะะ ๆ พรุ่งนี้,positive,1
7145,7145,ทุกท่าน..เวลานี้ เราไม่มีเวลาจะหวาดหวั่นอันไดอีกแล้ว อีกไม่ถึงชั่วโมงข้างหน้า เราจงมาส่งเสียงเชียร์ให้มันกระหึ่มก้องโลกไปเลย.!!หงษ์แดงสู้ๆ.วี๊ดดดดดดบึ้ม..เอ๋าลืมตัวไปนิด อิอิ ..!!น้องๆ ขอหงษ์ทองเพิ่มอีกแบน แฟน หงษ์แดงสั่ง.555ฮิ้ว,negative,0
7146,7146,ไปปปป,positive,1
7147,7147,สุดยอดคับพวกพี่......ชื่นชมคับ,positive,1
7148,7148,อยากกินเบียร์เป็น นี่ขนาดกินสปายยังขม 😣,negative,0
7149,7149,หลายแห่งไม่รับชำระจากทรูวอลเว็ท ก็เพราะเงินเข้าช้านี่แหละ,negative,0
7150,7150,สู้ๆนะครับ ถ้าเราไม่มีผู้นำ การรบกับระบบผิดๆก็ไม่ชนะ,positive,1
7151,7151,ตอนเข้าพัก ไฟห้องน้ำขาดไปดวง กะผ้าห่มมีกลิ่น,negative,0
7152,7152,สมัคร #netflix สุดท้ายก็ไม่รู้จะดูเรื่องไร,negative,0
7153,7153,ตังจะซื้อของยังไม่มีเลย5555,negative,0
7154,7154,มั่งครับ คุนเมีย,positive,1
7155,7155,จะเป็นเหมือนคนอื่น คนอื่นเขาเป็นกันหมดแล้ว แต่ถ้าเป็นตัวของตัวเอง มันคนจริงกว่า #คนจริงของจริง #BellsWhisky,positive,1
7156,7156,คงม่ายยยยทันนนนน,negative,0
7157,7157,บีทีเอสที่ว่าช้ายังสู้เลือกตั้งไม่ได้เลยค่ะ,negative,0
7158,7158,ทิดหน้าเถอะ,positive,1
7159,7159,มาขอป้าให้หน่อยค่า,positive,1
7160,7160,เพราะแม่งจับปรับละได้ตั้ง,negative,0
7161,7161,มาแล้ว นิสสัน เทอร์รา SUV แบบตัวถังแชสซีส์รุ่นแรก และเป็นระบบขับเคลื่อน 4 ล้อ เป็นอีกรุ่นหนึ่งที่น่าใช้มากๆ ค่ะ,positive,1
7162,7162,เราลองคนละแขนกันเลยค่ะ บิโอเรแสบผิวกว่าและแขนคล้ำเป็นรอยแดง นีเวียไม่แสบไม่แดงแต่ก็เป็นรอยรองเท้าอยู่ดี ชอบนีเวียตัวนี่ตรงทาง่ายมาก ไม่เหนอะไม่หนืด ส่วนตัวแพ้บิโอเรด้วยลืมดูว่ามีสารที่แพ้ เราว่ามันเหมาะกับใช้ทุกวันไม่ได้มีกิจกรรมกลางแจ้งมากทั้งสองยี่ห้อ ถ้าจะกันแดดกันรังสีจริงจังต้องยี่ห้ออื่น,negative,0
7163,7163,รถFortuner 3000เร่งไม่ขึ้นครับเวลาขึ้นดอยเยียบสุดๆมีอาการวุบครับ,negative,0
7164,7164,ข้าว 19 บ. คุณภาพแย่กว่าข้าวข้างทางอีกค่ะ แพงไม่ว่า แต่คุณภาพควรจะได้ด้วยมั้ยคะ แถมกระทะดำย่างแล้วติดตลอด หมดอารมณ์ทาน,negative,0
7165,7165,💦 ทาครีมบำรุง และทาครีมกันแดด ที่เหมาะกับสภาพผิว เลือกแป้งที่คุมมัน เพราะแดดหน้าร้อน แสงแดด จะทำให้ผิวหน้ามันและเป็นคราบ หมองคล้ำมาก 💁🏻 อยากได้ NIVEA Sun Instant Aura SPF 50 เพราะอยากได้ครีมกันแดด ที่ใช้แล้วหน้าไม่เป็นคราบ พร้อมสู้กับแสงแดดหน้าร้อน 🌞 มาบอกเทคนิคด้วยกัน,positive,1
7166,7166,ตร.พูดแบบนี้ผิด ม.157มั้ย,negative,0
7167,7167,จัดไป,positive,1
7168,7168,บาบีก้อนรึป่าว ย่างเกรียมๆหน่อยนะ จิ้มน้ำจิ้ม หืมมมมม😋😋,positive,1
7169,7169,พออจ.เป็นเหมือนกัน ทานจากที่เดียวกัน ทั้งๆที่คนละอาทิตย์ นี่ก็จะไม่ไปทานเหมือนกันค่ะ กลัว,negative,0
7170,7170,ใช่ๆไม่ซ่่าส์ จิงๆกินแล้วไม่มีรสชาติของแป๊บซี่เลย,negative,0
7171,7171,กุจะไม่กินสิงห์ละ..ต่อไปนี้,negative,0
7172,7172,ไหนบอกจะไม่เปลี่ยนไป ทำไมถึงเป็นแบบนี้ บอกว่าไม่ห่อตัวไม่ซึมเปื้อน คือมึงห่อตัวไงไอ้ผ้าอนามัย #มุกควาย,negative,0
7173,7173,ไปกินกานนน,positive,1
7174,7174,เพิ่งรู้ว่า ผ้าอนามัยที่ใช้ได้กับน้องเราคือ โมเดส ใช้โซฟี ลอลิเอะ มาตลอด แพ้เว่อ😞 เพราะคิดว่า ผ้าอนามัยก็เหมือนกันหมดด เอา 10 ปีหนูคืนมา...,negative,0
7175,7175,ที่เดอะมอลบางกะปิร้านหายไปไหนอ่า,negative,0
7176,7176,แพงเว่อร์ เบียร์ช้างต้นทุนขวดละไม่ถึง 50 ขาย 120 😰😰😰์,negative,0
7177,7177,โอ้ยนี่กุอยู่ในประเทศอะไรเนี่ย ควยเอ้ยย เครื่องวัด formaldehyde ใน e-bay ไม่กี่พัน กุจะลงทุนซื้อมาวัด แล้วเล่นตบกะโหลกกันมั้ย ไอ้พวกอธิบดีกรมทั้งหลาย ถ้ามันดังปี๊ปๆเตือนกุจะให้มึงตบ แต่ถ้ากุเป่ามันไม่ดังกุจะตบไม่หยุดเลย สึส,negative,0
7178,7178,อะไรของมรึง ลูกค้าซื้อไป ยังจะมาฟ้องเขาอีก ถ้าไม่มีปัญหาเขาคงไม่ออกมาทำแบบนี้หรอก ถุ้ยย มาสด้า,negative,0
7179,7179,Honda รถญี่ปุ่นรถกากๆ แถมยังบริการ ได้ห่วยอตกอีก ไอ้เหี้ย,negative,0
7180,7180,พิเศษสุดๆกับนิสสันนาวา เป็นปิ๊กอัพที่ชอบมากนั่งสบายด้วย,positive,1
7181,7181,ติดใจสุดๆ #TeamRoyal,positive,1
7182,7182,น่าร๊ากกก 😘,positive,1
7183,7183,อยากรู้ว่าเดี๋ยวนี้ฮอตพอตรสชาติและความอร่อยดีกว่าเมื่อก่อนมั้ย เคยกินเมื่อ6ปีที่แล้ว รู้สึกไม่ประทับใจเลยยย,negative,0
7184,7184,สู้ไปด้วยกันคะ✌🏼,positive,1
7185,7185,นึกถึงแล้วจะอ้วกครับแหวะ วันนั้นกูไม่น่ากดดูเลยจริงๆ ฮือออออ,negative,0
7186,7186,W7 colour pop sleek น่าสน ราคาไม่แพงด้วย แต่เก่งมากค่ะลูก ปรบมือออ,positive,1
7187,7187,"ใช้ดีเหมือนกันค่ะ Ford focus เกียร์ Power shift DCT 6 speed เหมือนกันค่ะ ไว้ คม แม่นย้ำ ไมล์แท้นะค่ะวิ่งมา 283,953km ซื้อมาแต่ป้ายแดง อายุรถ 7 ปี แล้วค่ะ เปลี่ยนอะไหล่ตามการใช้งาน ไม่เคยได้นอนจอดกินข้าวลิงกลางทาง ไม่เคยขึ้นรถยก ประหยัดน้องๆๆ Eco car แต่ อะไหล่แพงจริงค่ะ ซ่อมหนักๆมียางรองแท่นเครื่อง 3 ตัวเกือบ 2หมื่น ชุดสายพานทามมิ่ง+ ช่วงล่างที่ชำรุด และก็ล่าสุด เปลี่ยน Blowerair มา *แต่ไม่เคยซ่อมเกียร์นะค่ะ ตั้งแต่ซื้อมา",positive,1
7188,7188,เคยเจอของไม่สด หมูเริ่มเขียว อยุ่1ครั้ง หากมีครั้งต่อไปเราคงหยุดกิน,negative,0
7189,7189,โตโยต้าอะไล่ก็แพงเหมือนกันถ้าเบิกศูนย์แต่นี้มันมีของไตหวันเยอะของมันเลยถูก ส่วนฮอนด้ามันมีแต่ของศูนย์เลยแพงง่าย,negative,0
7190,7190,ช้างเราขายแค่53จะขึ้นเป่น118บ้าบอและคนกินเค้าก่แย่นะ,negative,0
7191,7191,บาบีก้อนคะ แบบนี้เป็นอะไรค่ะ รบกวนตอบหน่อยค่ะ,negative,0
7192,7192,ใช่ครับ พอตอกไข่หมด ผมก็ไม่ได้เข้า mk ล่ะ,negative,0
7193,7193,กูกินเพียวๆมาทั้งชีวิต... บอกได้เลย...อ่อน มาแต่กลิ่นหอมๆ แต่รสชาติคือ... ยังไงๆมันก็ต้องผสมโซดา หรือออนเดอะร๊อค ถ้าเพียวๆ...ไม่ผ่าน,negative,0
7194,7194,แม่จ๋าาาาา,positive,1
7195,7195,มีแก้ว มีน้ำแข็ง และเป๊ปซี่ คือนอกจากไม่ซ่าแล้วยังใส่น้ำแข็งมาอีก เพื่อ?,negative,0
7196,7196,เออ น่ามันต้องมีสักวัน,positive,1
7197,7197,อัลติส+แอคคอด+หลังคาเหลี่ยมนี่อะไรดีครับขับเจอบนถนนถึงกับงง.,negative,0
7198,7198,หัวดอ...ตรท,negative,0
7199,7199,6-7 แสนให้ออกวีออส เหรอ ผมคนหนึ่ละไม่เอาแน่ เอาเงินไปซื้อ เบนซ์ E220 cdi มือ2 ปี 2004 -2008 มาขับดีกว่า ครับ,negative,0
7200,7200,อยากได้กะบะออโต้หรือรถhondajazz,positive,1
7201,7201,อะไรก็ได้ที่ไม่ใช่สเมอร์นอฟ,negative,0
7202,7202,285 เคยกินใหม่ๆตอน180 ตอนนี้ขึ้นไป260-280 คุณภาพและปริมาณก้เหมือนเดิม ภาษีเก็บไว้ตั้งเยอะ เอาไปทำอะไรหรา เรืองมหอยก้ซื้อมาแล้ว ขาดอะไรอีกรึ,negative,0
7203,7203,พูดแล้วหิว,positive,1
7204,7204,ชอบ C-HR สี TURQOUISE เพราะสวยเท่โดดเด่น สีรถรุ่นใหม่ล้ำสมัยสุดๆครับ,positive,1
7205,7205,เซเว่นลดราคาโซฟีแบบเย็นอ่ะ เหลือห่อละ 10 บาท แต่นี่ไม่ใช้โซฟีและแบบเย็น 😩 ลอลิเอะกลิ่นซากุระทำไมไม่ลดบ้างงง,negative,0
7206,7206,ถ้าทุกคนช่วยกัน ช่วยลดขยะได้เยอะเลย -ไปซื้อของตามห้าง ตามร้าน ตลาด เอาใส่ถุงผ้า -ปิ่นโตเก๋ไก๋ สะอาด ปลอดสารพิษจากกล่องโฟมด้วย -พกแก้ว ไปเอง สะอาดไปอีก คิดเองทำเอง ไม่รอให้ใครร้องขอ 😊😊😊,positive,1
7207,7207,ใอ้เหี้ยปลัด...มึงดผุว่ามาตรฐานเหรอเบียร์ช้างขวดละ120นี่นะ,negative,0
7208,7208,เมกะบางนาไม่ร่วมนะจ้ะ ต้องไปสำโรง ไม่ก้อเซ็นทรัล,negative,0
7209,7209,แพ้โฟมล้างหน้าอินนิสฟรี ㅠㅠ,negative,0
7210,7210,ทำไมเวลาเราไปกิน ไม่มีให้เลือกเยอะขนาดนี้,negative,0
7211,7211,เพื่อนเลี้ยง วันไหนๆก็พร้อม,positive,1
7212,7212,ถ้ารูป โฉมฮอนด้า. บริโอ้ อเมสเครื่อง 1200 แบบ ซีวิค. เทอร์โบ ขายระเบิดเลยครับ,positive,1
7213,7213,เอาหัวแม่เท้าคิด....!!!!😕,negative,0
7214,7214,อยากใช้อินนิสฟรีแต่กลัวสิวขึ้น โว้ยยย,negative,0
7215,7215,เน็ตเล่นก็ไม่ได้ เสียเงินฟรีไปเปล่าๆ จ่ายเงินก็จ่ายเต็ม 50M เน็ตมา 1 - 25M บางครั้ง นอกนั้นเล่นไม่ได้เลย ไม่มีความรับผิดชอบ อะไรเลย นี้เล่นแต่โทรศัพท์ iPhone เครื่องเดียวเน็ตยังไม่เล่นไม่ได้เลย บอกช่างมาดูหน้างาน มาดูเล่นได้ 1-2 ชั่วโมง กลับไปเป็นเหมือนเดิม โทรไปแจ้งบอก สัญญาณ ปล่อยอยู่ปกติ ไม่ต้องมาลดค่าบริการให้ผมหรอก ลดให้เน็ตเล่นไม่ได้ก็เหมือนเดิม,negative,0
7216,7216,ไม่อร่อยกินอย่างอื่นสิ,negative,0
7217,7217,บิโอเร เพอร์เฟค คลีนซิ่ง วอเตอร์ แอคแน่ แคร์ โลชั่นน้ำเช็ดทำความสะอาดเครื่องสำอางและผิว สูตรสำหรับผิวบอบบาง เป็นสิวง่าย ลดการสะสมของแบคทีเรีย ลดปัญหาสิว ผสานน้ำเกลือธรรมชาติและสารสกัดจากใบชิโซะมินท์ ช่วยให้สิวอักเสบน้อยลง ช่วยดูดจับเมคอัพ และความมัน ลดการระคายเคืองของผิวหน้า ทำให้สะอาดยิ่งขึ้นค่ะ,positive,1
7218,7218,แบนบุหรี่ไฟฟ้าแล้ว ก็ต้องแบนบุรี่มวนด้วยสิครับ,negative,0
7219,7219,กะลังล้มให้อีทูดี้กะอินนิสฟรีจันนี้,positive,1
7220,7220,งดกินไปก่อนนน,negative,0
7221,7221,เน็ตควายมากกูพูดจริงเสียดายตังค์ที่ติดตั้งเน็ตโครตห่วยยิ่งดึกๆเน็ตยิ่งห่วยตอนมาติดตั้งใหม่ๆก็ดีนานๆไปเเย่ขึ้นเรื่อยๆกากกว่าเน็ตค่ายอื่นอ่ะบอกจริงไม่สนหรอกว่าจะเป็นเด็กเเล้วเม้นด่าเเบบนี้ เเต่นี้หาตังค์จ่ายค่าเน็ตมาตลอดเหนื่อยน่ะเล่นเกมส์ไปเดี่ยวก็หายกากเกินติดตั้งโปรพิเศษ100Mเเต่พอวัดดูปล่อยไม่ถึงเท่าที่ตกลงกันไว้พอโทรไปเเจ้งก็ปล่อยมาเต็มไม่กี่วันก็เหมื่อนเดิมใบเเจ้งก็มาย้อนหลัง3เดือนทุกครั้งห่วยไปน่ะบางทีโปร100M/700 กว่าบาทเเต่คุณภาพเเย่เสียดายตังค์,negative,0
7222,7222,ซ้ำยังทัน,positive,1
7223,7223,Soba แม่งกากเก่ง เปลี่ยนเก่ง เลื่อนเก่ง ตั้งแต่เริ่มเปิดโหวตมา เปลี่ยนเกณฑ์ไปกี่อย่าง เปลี่ยนเก่งกว่าพวกโหวตสเปนอีก รำ เบื่อ เว็บนี่ตายมากี่วันละ อืดสัด หมุนอยู่นั้นทะเลาะกับเซิฟเวอร์อ๋อ จะใส่ชื่อ exo ไปทำไมถามแค่นี้ คัมหรือก็ยังไม่คัม หงุดหงิด! รำคาญ,negative,0
7224,7224,รู้สึกล็อคซิทานเอาไม่อยู่ละเดี๋ยวนี้ ขนาดทาแล้วทาอีกกระดาษยังบาดจนเหวอะได้ อีกนิดจะซื้อ Shea butter เพียวๆ มาทาให้รู้แล้วรู้รอดละะะ,negative,0
7225,7225,อยากกินฮอตพอต 😥😥,positive,1
7226,7226,เออ ไป,positive,1
7227,7227,น่ากิน 555,positive,1
7228,7228,ไปกินน,positive,1
7229,7229,ผชข้างๆบนรถไฟฟ้าคือถอนหายใจแรงมาก แล้วติดๆๆๆๆกัน แล้วคือเค้าทำทางปากอะ กูไม่ได้ไร แต่อย่าให้กูได้กลิ่นเลย ขอร้อง pls dont ruin my evening 🤮,negative,0
7230,7230,กินๆ,positive,1
7231,7231,บีเฟสต้าที่ว่าอ่อนโยนกุก้แพ้ค่ะ,negative,0
7232,7232,อยากกินนนนนนนน,positive,1
7233,7233,ถึงแม้ว่าจะมีคนชอบเหน็บแนมว่าคอนโดเราเป็นคอนโดที่ไม่น่าอยู่ รถไฟฟ้าไม่ผ่าน รถเมล์ก็ไม่ผ่าน แต่เราก็มีความสุขที่มีร้านข้าวราคาถูก ข้าวราดผัดกะเพรา 15 บาท กับข้าว 2 อย่าง 35 บาท มีที่ไหน ต่างจังหวัดยังซื้อไม่ได้เลย,positive,1
7234,7234,โลชั่นนีเวียบั่บบบ เจ้าแห่งการไม่ซึมอ่ะอิควาย เปียกไปหมดไม่ใช่เพราะอาบน้ำใหม่ เพราะโลชั่นละลาย,negative,0
7235,7235,จะกินแต่ mk หราาา,positive,1
7236,7236,มาดิๆๆๆๆ พนเลยไม,positive,1
7237,7237,ผมเชื่อเม้นนี้มากกว่าครับ เพราะเนื้อข่าวในลิ้งค์น่ะ แค่ยี่ห้อกับราคายังซ้ำกันหลายจุด และไม่ระบุราคายี่ห้อสิงห์กับไฮเนเก้น บ่งบอกถึงความมั่ว #เหมือนคนพิมพ์ข่าวของเว็บนี้เมาๆมึนๆอะไรซักอย่างอ่ะ,negative,0
7238,7238,กินแล้วนึกถึงช้าง export ที่แอบติดซ่า + หวานขึ้นนิดๆ แต่รุนแรงดุจคลาสสิกตัวเก่า ตีนปลายหนักเอาเรื่อง ซดไวๆ มีติดมึน,positive,1
7239,7239,ไปค่ะป๋าหมี มารับน้องด้วยนะคะ,positive,1
7240,7240,อยากไปเขาดินนนนนนน 555555555555555555555555555555555555555555555555555555555555555555555555555555555555555555555555555555555555555555,positive,1
7241,7241,ที่ฮ่องกงจะมีสัญลักษณ์เวลาเกิดใต้ฝุ่น มันจะมีเลขกำกับเพื่อให้ง่ายต่อการเข้าใจ โดยจะโผล่ที่หน้าจอทีวี ป้ายประกาศตามอาคาร คอนโด รร. เว็บไซต์ และหน้าจอมือถือ โผล่ทุกที่ คือนี่ว่ามันดีเนอะ แต่อย่างว่าบ้านเราภูมิประเทศไม่ค่อยเจอพายุอะไรเท่าไหร่ #อันนี้ดีเลยแชร์ #พายุปาบึก,positive,1
7242,7242,อยู่หน้าร้านละ..ได้แต่ทำตาปริบๆ..โดนระงับวอเลท😢😢😢,negative,0
7243,7243,ตัวหนังสืออย่างกะมดสึดดดด,negative,0
7244,7244,อยากกินหลาว,positive,1
7245,7245,ถ้าไม่เปลี่ยนโฉมเลย ก็ควรปรับมากกว่านี้ เช่นเปลี่ยนคอนโซล เพราะเชฟโรเล็ตยังเปลี่ยนมาแล้ว,negative,0
7246,7246,โตโยต้าสวยมาตลอดมาจบเห่กับรีโว่นี่และมั่ยสวยแถมแพงมึงไม่คันละสิบล้านไปเลยไอ้สาดหลอกขายคนไทยยุใด้,negative,0
7247,7247,พวกเราดูดก็ไม่ได้ทไให้ใครเดือดร้อน,negative,0
7248,7248,แสนสิริ ทำโซเชียลมีเดียเยอะ ช่องทางประชาสัมพันธ์ก็เยอะตาม แต่พอมีปัญหาลูกค้าก็ร้องเรียนเยอะตามไปด้วย แถมแพร่กระจายในวงกว้างเร็วกว่าเดิม,negative,0
7249,7249,ไม่แปลกใจเลยถ้าเห็นสัปเหร่อกินแบล็ค,negative,0
7250,7250,ช้างกินดีกว่าอีก จืดมาก,negative,0
7251,7251,โปรรีฟิลมีกลางปี อีกหลายเดือนอ่ะ ปีที่แร้วมีกุมภาพันธ์ปีนี้คืออะไรอ่ะ กลัวเจ๋งหรอ โปรโมชั่นไม่ตรงคอนเซ็ปท์เลย บาร์บีคิว พลาซ่า,negative,0
7252,7252,ชุมพรไงจ๊ะ. พอนสึ ชุม(เยอะแยะมากมาย) เลยเป็นชุมพร,positive,1
7253,7253,เธอเบื่ออ่าา,negative,0
7254,7254,พี่พูดแบบนี้ผมนี่คิดมากเลย กะว่าจะถอยmg31.5xให้ลูกขับไปมหาลัยสะหน่อยนี่ก้อติดต่อคุยกับเซลใว้อยู่,positive,1
7255,7255,ทำเกินเหตุนะ แค่บุหรี่ไฟฟ้า,negative,0
7256,7256,ไม่เห็นจะติดทนสักอันอะมึง mamondeที่ว่าดีๆกูกินข้าวเช้าก็หลุดละ,negative,0
7257,7257,trueinternet บริษัทห่วยแตก ไปยกเลิกจ่ายที่ช็อปที่เซนทรัลเฟสติวัลหาดใหญ่ตั้งแต่ราวปี2016 เมื่อปี2017 มีจดหมายดำเนินคดีทวงหนี้ส่งมาที่บ้าน เราก็โทรไปCall Center บอกว่าเรายกเลิกเองแล้ว เขาตรวจสอบบอกจะส่งเรื่องปรับปรุงยอดให้ พอมาวันนี้ปี 2019 ยังมีจดหมายมาอีก ก็โทรกลับไป Call เหมือนเดิม พอเช็คบอกมีการแจ้งปรับปรุงยอดไว้เมือ 2017 แต่ยังไม่เสร็จ ถามจริง ทำงาน ภาษาอะไร ปรับปรุงกันกี่ปีแล้ว ฟ้องร้องจัง ถามจริงฟ้องร้องกลับทรูได้ไหม ทำให้เสียเวลา เสียเงินค่าโทร แล้วทำงานไม่ได้เรื่องก็ไล่ๆออกซะ พนักงานห่วยแตก บริษัทห่วยบรมๆ อินเตอร์เน็ตก็ห่วยๆ พนักงานห่วยๆ,negative,0
7258,7258,อยากกินแสงโสมอ่ะ 55555,positive,1
7259,7259,ป๊ะๆๆ,positive,1
7260,7260,วันใหนดี,positive,1
7261,7261,ไม่ยั่วนะ,positive,1
7262,7262,จัดๆๆ มะวานไปจัดมาแล้ว,positive,1
7263,7263,เบื่อเวลาใส่ผ้าอนามัยแล้วคันตูดอะ,negative,0
7264,7264,กูเบื่อเอ็มเค คือตอนนี้เหมือนบ้านหลังที่สองเมื่อวานก็ไป พน.ยังจะไปอีกหรอ ?!?!? พ่อคะะะขอที่อื่นบ้างงงงง,negative,0
7265,7265,เลี้ยงเราหน่อยสิ เรามันคนจน,positive,1
7266,7266,สู้ๆครับป๋า,positive,1
7267,7267,ม่ายๆๆๆๆ,positive,1
7268,7268,บาบีกอนบอกไม่ใช่พยาธิ แต่เป็นอีสิ่งนี้ น่าสะพรึงกลัวพอๆกัน,negative,0
7269,7269,ไม่จำกัดช่วงเวลา แต่ทำไมพอไปถึงเกือบ 18:00 พนักงานบอกว่าหมดเวลาโปรของ299แล้ว จะเป็นราคาปกติ 399,negative,0
7270,7270,ขอวแถมอีกอย่างนึงคือตรงที่ช่วยยืดอายุแบตเตอรี่นี่แหล่ะ ผมติดมาจะ3ปีและ แบตยังใช้ดีอยู่ เพื่อนๆในกลุ่มมาสด้า3เห็นบ่นเรื่องแบตเสียแบตพังไวเกินแค่ปีกว่าๆเองพังซะและ ผมเลยแนะนำให้เพื่อนๆในกลุ่มที่มีปัญหาเรืรองแบตไปติดกล่องแดงซะมันช่วยยืดอายุแบตได้จริงๆ ของดีจริงจึงบอกต่อ,negative,0
7271,7271,เด่วค่อยไป ไม่เกินทุ่มเจอกัน,positive,1
7272,7272,นี้แฟนรอcivicตัวใหม่ปีนี้ออก ก็ว่าจะขายmazda3ทิ้งเหมือนกัน แค่ทำสียังลำบากเลย,negative,0
7273,7273,ที่แน่ๆกุเกลียดอิเทพเทือก,negative,0
7274,7274,เกี่ยวมั้ยไม่รู้ แต่รู้สึกยูเซอรีนนางทำหัวสิวอุดตันเราโผล่ขึ้นมาแหลว &gt;&lt;,negative,0
7275,7275,โชว์ดีซีอีกละหรอ ไปลำบ๊ากลำบาก,negative,0
7276,7276,ร้านอาหารที่เศรษฐีร้อยล้านเขากินกัน,negative,0
7277,7277,ตัวหนังสือเอียงสงสัยหิว,positive,1
7278,7278,ไม่ชอบเอมเคเท่าไหร่ 😕,negative,0
7279,7279,เราก็ไม่อยากให้มีเหตุการ์แบบนี้กับทุกคน ส่วนใหญ่ไม่อยากขึ้นศาล ไม่อยากวางเงินประกัน เลยยอมโดนรีดไถแทน ***ช่วยกันกดสนับสนุน ช่วยกันแชร์ ผมเชื่อว่าสิ่งที่ถูกต้องสามารถเกิดขึ้นได้ถ้าพวกเรารวมพลังกัน*** https://goo.gl/2mnCCv,negative,0
7280,7280,อร่อย ทีม. หิวววว,positive,1
7281,7281,โอ้โห่ นิสันนาวาร่า ที่รัก,positive,1
7282,7282,เบียร์สิงห์รวยหมื่น แสน ล้าน บาทก็ไม่เห็น เห็นแต่มาสนับสนุนม็อบ นกหวีดที่ไล่คนช่วยคนจน,negative,0
7283,7283,เเล้วนุชอบกินสปายไหม พรี่ชอบมั่กๆเลย55555,positive,1
7284,7284,Spyรสชาติองุ่นอร่อยซ่าไม่คลื่นไม่เมาบอกเลยว่าชอบมากๆ,positive,1
7285,7285,สาสสสส พูดเรื่องเงินแล้วปวดใจชิบ,negative,0
7286,7286,หย่อยๆ,positive,1
7287,7287,กด❤ให้กับความเรียบง่ายของSPY Cooler ชอบรสชาติสุดคลาสสิค นุ่มละมุนละไม ดื่มง่าย เหมาะกับเราที่สุด,positive,1
7288,7288,จะรอ,positive,1
7289,7289,สงสัยตรงที่ แล้วไม่แคร์ความรู้สึกของคนที่ขับอัลติส พรีอุส ฟอร์จูนเนอร์ ฯลฯ... ทำไมห่วงแต่ CHR,negative,0
7290,7290,จัดคะคุณเพื่อน,positive,1
7291,7291,พนนะ,positive,1
7292,7292,ไม่อยากกินแบบทาชีส,negative,0
7293,7293,ผมยังยืนยันทำเกินกว่าเหตุครับ,negative,0
7294,7294,เราแพ้ครีม snail whiteอ่ะค่ะ,negative,0
7295,7295,กด WOW 😀😀 SPY Gold Seriesกับความหรู ไฮโซดถือแล้วดู Goldมากๆมี3รสให้เลือกแต่ส่วนตัว ชอบรส #พิ้งค์โกลด์ เหมาะกับสาวยุคใหม่แบบเรามาก รสชาติหอมหวานจากลูกพีชสดรสชาติกลมกล่อมดื่มง่ายให้ความรู้สึกผ่อนคลายเพิ่มเติมด้วยความสดชื่นจากฟองซ่าละเมียดละไม ในแพคเกจทันสมัยโดดเด่นน่าลิ้มลองเหมาะกับทุกความสนุกทุกการสังสรรค์ของสาวยุคใหม่,positive,1
7296,7296,"vios 2003 ไมล์ 450,000+ อย่างทน ตอนนี้มี gk อีก 2คันเสียวๆเรื่องเกียร์มาก",positive,1
7297,7297,ทำไมป้าย hbd ใน mrt มีแต่ของไอดอลเกาหลีชายวะ เสียอารมณ์,negative,0
7298,7298,ไฮเนเก้นสักขวดไม่คร้,positive,1
7299,7299,อห กินสปายไม่อร่อยแล้ว😂😂,negative,0
7300,7300,หาเงินแปบ555,negative,0
7301,7301,เชี่ยละ เจียงฮายบ้านกู,negative,0
7302,7302,รถสวยจังครับราคาเท่าโตโยต้ายาริสเอทีฟเสียดายไปจองใว้แล้ว,negative,0
7303,7303,👍👍,positive,1
7304,7304,แพ๊คของเรียบร้อยดี,positive,1
7305,7305,ช้างคอแห้ง เลยออกมากินยู เพราะนึกว่าเป็นน้ำเปล่า #จืดเกิ๊นนนน,negative,0
7306,7306,สยองงงงงงงงงงงงงงงง,negative,0
7307,7307,นึกว่าคิดไปเองคนเดียว ล่าสุดพึ่งกินมาก็แห้งๆ รสชาติไม่อร่อยเลย,negative,0
7308,7308,ญาติรัอยตำรวจตรีหญิง ที่อดีตพาพวกทุบทำลายป้ายสำนักงานตำรวจแห่งชาตินี่หว่า เบียร์สิงห์อร่อยนะแต่แพงฉิบหาย ลีโอตอนแรกนึกว่าทำให้หมาแดก พอทำติดตลาด เจอไอ้ช้างเขียวถล่มเข้าอีก ไม่ได้ศรัทธาอะไรนะ แค่ชมว่าเบียร์อร่อย นานๆเจียดเศษตังค์ซื้อกินที ตัองใช้เศษเงินซื้อ ก็มีแค่เศษเงินน่ะ,negative,0
7309,7309,ผมขับ 2017 ไม่ดังเท่ารีโว้นะ,negative,0
7310,7310,โห่แพง หมูทะเหอะ,negative,0
7311,7311,ชอบรถ C-HR สีแดงเพราะ สวย เฉีบบ น่าสัมผัส สี่ที่ตัวเองรักมากๆค่ะ,positive,1
7312,7312,โลกออนไลน์ชื่นชม ผู้สมัคร ส.ส. ในจ.ลพบุรี พรรคเพื่อไทย พร้อมทีมงานช่วยเหลือรถหาเสียงของพรรคประชาธิปัตย์ ที่จอดเสียอยู่ระหว่างทาง #VoiceOnline,positive,1
7313,7313,ต้องไปลองขับครับ แล้วจะรู้ฟอร์ดขับนิ่งนั่งสบายกว่ากันเยอะเลย,positive,1
7314,7314,น่ากินจังเลย บอกตัวเอง,positive,1
7315,7315,ทำไมชอบชวนกินๆๆตลอด,positive,1
7316,7316,ไปหม่องใหม่ติ๊ล่ะ เบียร์ซ้าง กะพอกินได้อยู่ แต่ 285 ขอโต,positive,1
7317,7317,เจ้บิวไปกันมะ,positive,1
7318,7318,เนื่องจากวันเกิดเซฮุนมายเมน🌈 แจก ลิปHolika Holika RT+ฟอลหรือไม่ฟอลก็ได้ เสือกสีได้เองเลย ประกาศ 19/04/2560…,negative,0
7319,7319,รถ MG ดูดีมีสไตล์ โปรโมชั่นเดือนแห่งความรัก แถมประกันชั้น1 ให้เลยฟรีๆจ้า,positive,1
7320,7320,พะแนง/ขี้เมา. อร่อย,positive,1
7321,7321,ไม่เอา บาบิก้อนมีพยาธิตัวตึด🤮🤮🤮,negative,0
7322,7322,เกลียดโฆษณาเบียร์ช้างเวียร์ชิบหาย อะไรคือความสมเหตุสมผลวะ,negative,0
7323,7323,CX5 mazda 2 ดีเซล ปัญหาน้ำดันฝาสูบโก่ง,negative,0
7324,7324,ถ้านำเข้า ภาษี 260% ก็ 1.3 ล้าน ไทยไม่เคยมีรถดีๆ รถดีๆ ก็เจอนำเข้าแพงๆ จริงๆ ซูเลือกรถมา ขาย swift ลงตัวมากแล้ว แต่ Celerio กับ Ciaz นี่ดับ พวก lapin กับ xbee จะนำมาจำหน่ายคงยาก ถ้ามาซัก 7-8 แสน ก็น่าซื้ิออยู่นะ,negative,0
7325,7325,ที่ไม่นิยมเอามาทำแท็กซี่ เพราะ Honda เอามาติดแก๊สแล้วเครื่องจะปัญหาเยอะ,negative,0
7326,7326,อยากได้หม้อ Hotpot,positive,1
7327,7327,เควสชั่นของวันนี้คือ เมื่อไหร่เบียร์หมีจะกลับมา กูไปมาทุก 7-11 ไม่มีสักที่ อิเวน,negative,0
7328,7328,เข้าห้างครั้งแรกครับช่วยแนะนำเมนูแม็คโดนัล อร่อยๆทีครับ🧐,positive,1
7329,7329,งานของ show dc มีการเปลี่ยนแปลงรายละเอียดแหงๆ รู้สึกเหมือนจะลบข้อมูลที่เคยโพสออกไป 🤔,negative,0
7330,7330,ใช่เนื้อหมูบางมากๆๆๆๆๆๆ ทุกสาขาที่ไปกิน เซ็นลาดพร้าวฯ บิ๊กซีรัชดา เดอะมอลล์งามฯ บา,negative,0
7331,7331,เขาทำมาขายให้กลุ่มที่รักรถกระบะออฟโรดและให้พวกคนรวยที่อยากซื้อรถกระบะแพงโน่นพวกที่บ่นแพง ด่าแพง ก็ไม่ต้องไปซื้อใครบังคับซื้อครับไปโน่นเลยรีโว่และดีแม็ก ได้ทั่งช่วงร่อนและโย้ย,negative,0
7332,7332,ไทยแม้งหัวโบราณ,negative,0
7333,7333,Honda Jazz สวย ดูดี มีสไตล์ Honda Jazz เป็นรถในฝัน Honda Jazz เป็นรถที่ทุกคนสนใจกัน Honda Jazz ของฉันดีที่สุดเลย ที่สำคัญค่ะ อยากสนุกกับชีวิตได้ไม่จำกัดอยากออกสตาร์ทกับรถที่ใช่ และใช่ค่ะ Honda Jazz จะเป็นรถคันแรกที่เราเลือก ป่ะ ไปดูหนังที่รัก กับรถที่ชอบกัน #รถที่ต้องมี #หนังที่ต้องดู #ฮอนด้าที่รัก #EnjoyHondaThailand,positive,1
7334,7334,ขอให้ Laurier แจกผลิตภัณฑ์อีกคะ ใช้แล้วช๊อบชอบ กลิ่นหอมติดใจ,positive,1
7335,7335,เสียใจนะหมีหมดแล้วมีแต่สเมอร์นอฟ ตอนแรกงี้ปฏิเสธเชียว แต่ตอนนี้กินทุกอาทิตย์อะคนเรา,negative,0
7336,7336,ปรึกษา inbox ไม่มีใครตอบเลยแอด,negative,0
7337,7337,เปิดพรี ETUDE MATCH TINT SET ลด50%สินค้ามีจำกัด เซทละ590฿ มี2เฉด2สไตล์,negative,0
7338,7338,ซีวิค มีส่วนลดเท่าไหร่ครับ,positive,1
7339,7339,ให้ก็ไม่เต็จัดทั้งทีต้องใครแต่งมาให้สิทธิ์หมดทุกโต๊ะซิเจ้าคะ​ ขุ่นมังกร,negative,0
7340,7340,ยังงัยถ้าเราเหน เรากะคงไม่กินชิ้นนั้นยุดี...,negative,0
7341,7341,จิ๊บเบียร์สิงห์เนาะ,positive,1
7342,7342,เบียร์ช้างลัง 630 ได้ 12 ขวด แถวบ้านกูขาย งั้นวันนั้นไปแดก 6 ขวด 500 นี่แม่งอย่างแพง 5555555,negative,0
7343,7343,เอาข่าว เมื่อไร บาบีคิว พลาซ่าจะมี บุฟเฟ่. ... ไหม,positive,1
7344,7344,ดีแม็กมาแรง,positive,1
7345,7345,10 ปีพอกันที่ มีแต่แย่ลง คือมันแย่เกินกว่าที่รับได้แล้ว ไอ้น้องฟงน้องฟ้า ที่มาตอบ ก็ไรสาระไม่ใช่วิธีแก้ปัญหาเลย มันคือการเอาหน้ารอดไปวันๆ ออกมาบอกเลยว่าตอนนี้เกิดอะไร กับสัญญาน บอกตรงๆยังพอรับได้แต่นี่อะไร มีแต่เอาเงินๆ แต่คุณภาพที่ให้มาช่างห่วยแตกสิ้นดี มันเอาเปรียบกันป่าววะ ช่วยตอบที มันเต็มที่จริงๆวันนี้ทำงานอะไรไม่ได้เลย คงต้องลาจากกันแล้ว,negative,0
7346,7346,ว่ากัน สเต็กกะอยากเอ็มเคกะอยาก,positive,1
7347,7347,อยากได้อ่ะที่รัก,positive,1
7348,7348,อยากได้รายล่ะเอียดนิสสันมาร์ชค่ะ,positive,1
7349,7349,แดกโฮกาเด้นดีฝ่า,positive,1
7350,7350,วันนี้คงไม่ทันละมั้ง งื้อออ T^T,positive,1
7351,7351,ไปซีคอนบางแค ฝนตก น้ำท่วมถนน เจอกันครั้งแรกหัวใจเต้นแรง แล้วพากันกินบาบีก้อน อาหารมื้อแรกของเรา,positive,1
7352,7352,ดีคับพี่,positive,1
7353,7353,เบียร์ยูไม่ไหวจริงมายเฟรน555555 เข็ด,negative,0
7354,7354,ขอขอบพระคุณมากๆค่ะ😊 ไว้คราวหน้า โอกาสพิเศษๆ ..,positive,1
7355,7355,น่าอร่อยค่ะ. ที่สาขาโรบินสันปราจีนบุรีร่วมรายการมั้ยคะ,positive,1
7356,7356,ผ้าอนามัยที่ใช้อยู่ประจำ ทำไมอยู่ๆก็หายากขึ้นมา??,negative,0
7357,7357,พูดชัดๆ อีกทีดิ๊ พี่มึงเป็น ซีล รึเป็น สิว คนจริงไม่อวดอ้าง มีแต่ขี้เมาเบียร์ช้างแบบมึงอะ ไอ้สามขวดร้อย อ่านแล้วโมโห เดี๋ยวเอาไมโลคิ้ว ใส่หนังติ้กยิงปากแม่ง,negative,0
7358,7358,เวลาหยิบก็คิดถึงว่าพอร์ชก็มีเหมือนกันนะ :) #เกรทพอร์ช แฮปปี้วาเลนไทน์,positive,1
7359,7359,ต้องลองใหม่555,positive,1
7360,7360,"ตัวที่สองค้นพบจากการเอามาใช้จริงไร้การเทส แต่!เสือกใช้ได้ ใช้จนทุกวันนี้ นั่นคือ""สมูทอี สีเขียว""สัสเอ้ยจะว่าดีก็ดี แต่ข้อเสียคือไรรู้ป่ะ ไม่ช่วยเรื่องหน้าขาวห่าเหวใดๆมืดเหมือนโดนของยังไงก็เป็นอย่างนั้น ข้อดีคือสิวผด สิวอักเสบบลาๆไม่มี รอยสิวไม่มี",negative,0
7361,7361,คือมึงอยากไปจัง อยากไปจิง ผัวก็ทิ้ง แดกช้างไหมมึงง,positive,1
7362,7362,แล้วฟอร์จูนเนอร์แม่งใช้ไฟอะไรคับ แยงตาชิบหาย ยิ่งแม่งขี่ตามหลังนะนรกชัดๆ,negative,0
7363,7363,สาระแน!555555 เอกชัย รื่นพิทักษ์,negative,0
7364,7364,ที่จังหวัดอุดรธานี ก้อนมีให้บริการที่สาขาเซ็นทรัล อุดรธานีนะคร้าบ :),positive,1
7365,7365,กาวผ้าอนามัยควรเหนียวกว่านี้ด้วยค่ะ,negative,0
7366,7366,หิวอ่ะ 😂😂😂,positive,1
7367,7367,คุณวิษณุ (รองนายกฯ ฝ่ายกฎหมาย) ไปที่ กกต. วันนี้ ไม่เหมือนกับการไปหารือเลยครับ แต่เหมือนการไป “กดดัน” ให้ กกต. เลื่อนเลือกตั้งมากกว่า นี่แสดงให้เห็นอย่างชัดเจนครับว่ารัฐบาลทหารกำลังใช้อิทธิพลแทรกแซงการทำงานของ กกต. อยู่ #เลื่อนแม่มึงสิ,negative,0
7368,7368,หื้มมมมมมมมมมมมม,positive,1
7369,7369,น่ากินจิมๆๆ,positive,1
7370,7370,#Fordป้ายแดง เรื่องมีอยู่ว่าผมออกรถมาได้19วัน วิ่งแล้ว1800ก.ม เกิดคาสไหม้เลยเอาไปเข้าศูนย์ปลวกแดง แต่ที่ศูนย์แจ้งว่าประกันไม่รับผิดชอบ ค่าใช้จ่าย16000บาทแบบนี้ก้อได้เหรอ เสียความรู้สึกน่ะครับรถออกมายังไม่ถึงเดือนต้องได้ซ่อมถ้าขี่เป็น ปีจะไม่ได้ซ่อมทั้งคันเลยหรอครับ :#FORD Cr. จริงใจ มั้ยคร๊าฟ,negative,0
7371,7371,ขอเเจ้งเรื่องการจองรถหน่อยค่ะมีปัญหาเยอะมากไม่เข้าใจว่าท่าmgจัดการยังไงจองร่วงหน้าเป็นเดือนกว่าด้วยซ้ำจน เเจ้งจะเอารถวันไหน เซ็ลรับปากว่าได้เเน่นอนในเดือนที่เราต้องการได้เเน่นอนไม่มีปัญหา เเล้วก็โทรมาเเจ้งว่ารถมาถึงเเล้ว ท่าดิฉันก็เเจ้งล่วงน่าไปก่อนนานเเล้วว่าสะดวกวันที่เท่าไร พอจนถึงวันรับรถเซ็ลไม่เเจ้งไม่โทรมาบอกว่ารถไม่ได้เเล้วให้เราโทรตามเอง ไม่เเจ้งไม่ตามเรื่องอะไรให้เลย แล้ววันที่ทราบว่ารถมาถึงโทร เช็กเข้าไปที่ศูนย์mg สุวินทวงค์ ท่าผู้จัดการบอกมีการเเต่งรถของดิฉันเเล้ว ฉันเลยคิดว่ารถจะได้ตามวันเเน่นอนเเล้วพอถึงวันรับรถบอกไม่มีรถให้ ทำไมถึงการจัดการรับรถมัวขนาดนี้ค่ะ ตัวเซ็ลก็ไม่มีการสนใจตามเรื่องหรือโทรเเจ้งอะไรลูกค้าเลยต้องมีคนโทรถามเองเช็กเองทุกอย่าง,negative,0
7372,7372,กูไม่กินเบียร์ กินแค่285 B52 Smirnoff โชจู,positive,1
7373,7373,ราคาอาหารน่ะไม่เท่าไรร้อก มะพร้าวลูกละ60 โค้ก60 น้ำ 50 เบียร์ช้าง 120 พวกนี้ล่ะแพง,negative,0
7374,7374,ใน3 ตัวนี้เค้าชอบChanel มากสุดค่ะเพราะระหว่างวันผิวก็ยังผ่องอยู่ติดทน เซ็ตรองพื้นหรือคุชชั่นได้ดีด้วยค่ะ แต่คุมมันกลางๆ ส่วนThree ที่ชอบเพราะแป้งเนื้อละเอียดเบามากๆด้านตัววางพัฟมีตาข่ายกรองแป้งอีกชั้น พัฟก็ฟูนุ่มกว่า ทาแล้วรู้สึกผิวลื่นๆละมุนๆแต่ไม่ค่อยติดทนเท่าไรค่ะ ส่วนLAURA MERCIER TRANSLUCENT LOOSE SETTING POWDER ส่วนตัวเฉยๆค่ะ แต่ดีตรงที่คุมมัน แต่พอทาแล้วรู้สึกหนากว่าสองตัวบน เลยทำให้รู้สึกสบายผิวน้อยกว่า,positive,1
7375,7375,เหมือนกันเลยคะ เข้าapp ไม่ไดเลยคะ,negative,0
7376,7376,น่าสมเพช,negative,0
7377,7377,ต้องทำความเข้าใจเรื่องบัตรยังไม่พอ ต้องมาต่อคิวเพื่อแลกบัตรที่จำกัดในแต่ละวันอีก จ้าาาาา #showdc,negative,0
7378,7378,มัวรอรัยอ่าจัดดิ,positive,1
7379,7379,ปกติกินแต่ smirnoff breezer อ่ะ spy นี่ไม่ค่อยกินละหลังๆ full moon ยิ่งไม่ค่อยกิน,negative,0
7380,7380,ลดมาเดือนนึง ตอนขึ้นอาทิตย์เดียว เพลียค่ะ,negative,0
7381,7381,ตู้เย็นเลยค้าาาา เมืองไทยร้อนม้ากกก #สวยกล้าท้าทุกแสง #คู่หูท้าแดด #kmacosmetics,positive,1
7382,7382,Breezer 250.- ก็มาาาาาา ... 😂😭,negative,0
7383,7383,ไม่รีบกลับอดน้ะ จุ้บๆ,positive,1
7384,7384,ส้วนตัวชอบมากตั้งใจดู cx5 new model พยายามไม่ดูไม่อ่าน comment เดี่ยวจิตตก เพราะรถคันที่ใช้ก็9ปีแล้ว แต่พออ่านเจอว่าบริษัทฟ้องลูกค้าใจวูบเลย ผมมองว่าเราซื้อรถมาใช้ก็คือไว้ใช้จริงๆไปเหนือล่องใต้แต่รถไม่ดีสวยขนาดไหนใครจะกล้าใช้เกิดอุบัติเหตุขึ้นมาใครรับผิดชอบเพราะบริษัทก็ลอยตัวแบบนี้ตายๆไปก็ยังดี หากพิการขึ้นมาจะกินจะใช้ยังไงล่ะเราไม่ใช่รนรวยเงินถุงเงินถังนี่ บริษัทคิดผิดมากที่ท้าทายความรู้สึกกับลูกค้า RIP THAI MAZDA,negative,0
7385,7385,อยากกิน ไปมั้ย,positive,1
7386,7386,บุหรี่ไฟฟ้าห้อมหอม บุหรี่มวนเหม็นขิบหาย555,positive,1
7387,7387,สู้ๆครับเป็นอีหนึ่งเสียงครับ,positive,1
7388,7388,ว่างวันไหนกันจ้ะ,positive,1
7389,7389,วันนี้ก็จัดหมี่หยกกับเป็ดย่างเอ็มเคไปแบบเน้นๆค่ะ ตอนนี้นอนปวดท้องอยู่ แง 😂😂😂,negative,0
7390,7390,อีกนิดนะค่ะ พนักงานแคชเชียร์ลองพยายามหลายครั้งเหมือนกันค่ะ จนต้องขอโทษเค้าที่ทำให้เสียเวลา แค่อยากทราบว่ามันเกิดอะไรขึ้น ทำไมถึงชำระผ่านบัตรไม่ได้ และทำให้ไม่ได้ส่วนลดน่ะคะ,negative,0
7391,7391,นานๆทีไม่เสียหาย555,negative,0
7392,7392,ไม่วางซับพล็อตละ รำคาญ โยนทิ้ง สิ่งที่ทำให้นิยายไม่ตันคือซับพล็อตเนี่ยแหละ แต่ถ้ามันมีเยอะ ๆ ค่ดปวดหัวรำคาญ ด้นสดเอาพอ รำ!!!,negative,0
7393,7393,กากมาก แทนที่จะให้ฟรีๆ ค่ายอื่รเขาไปไหนแล้ว คันต่อไปขอไม่ฮอนด้า,negative,0
7394,7394,เนื้อที่ติดเชื้อ... เอื่บ,negative,0
7395,7395,อีดอกเบิ่งแต่แนวกินเนาะ,negative,0
7396,7396,กูไม่เคยโอเคกับกางติดผ้าอนามัยเลยอีสัสสสสสส หลุดอยู่นั้นแหละอีเหี้ย!!!,negative,0
7397,7397,มันปิดกั้นพวกเราเกินไปแล้ว,negative,0
7398,7398,ยาริสตัวใหม่งามม,positive,1
7399,7399,หู้ววววววววววว 👍🏼😆,positive,1
7400,7400,จอบรถยนตcivicมากค่ะใช้แล้วชอบมาก,positive,1
7401,7401,ก่อน29 ไปตำที,positive,1
7402,7402,เจอในโฆษณา Garnier อ่ะ คือแบบหล่อชิบหาย แล้วได้ยินนางพูดภาษาเกาหลี แสดงว่าเป็นอ้ปป้า เป็นไอดอลป่ะ หรือนักแสดง นาง…,negative,0
7403,7403,ชอบกินบัวลอยน้ำขิงของ mk มากอ่ะ แต่ได้น้อย,negative,0
7404,7404,ไม่แดกไม่อร่อย55,negative,0
7405,7405,รู้วี้สั่งแต่รอบแรกดีกว่า บังเลกับอินนิสฟรีอยู่นั่นสรุปแม่งพรีกันแพงชหไม่สู้,negative,0
7406,7406,ต่อให้พี่ก้อนไม่มีพยาธิแต่ก็อยากให้ปรับปรุงความแห้งของเนื้อบ้างนะคะ ย่างปุ๊บ เอาขึ้นปับ เนื้อยังไม่มีความชุ่มเลย ฝืดคอมาก,negative,0
7407,7407,คนบ่นไม่ซื้อ คนซื้อไม่บ่น เจาะความแพง FORD RANGER RAPTOR: บ่นกันเยอะเรื่องราคาที่แพงแสบตับ…,negative,0
7408,7408,ผลเลือกตั้งเครียดกว่าผล TCAS อีกไอ่สัส!!!,negative,0
7409,7409,รถโรงงานนิสสันออกแล้ว ซวยมากกกก 5555555555,negative,0
7410,7410,รู้สึกช่อง 3 เน้นโฆษณาขายครีม ขายเซรั่ม เยอะเกินอะ dr.jill ถี่มาก,negative,0
7411,7411,กระบะโตโยต้าทุกรุ่นแม่งห่วยแตกทุกรุ่น ร่อนดีนักแล ข้ามเกาะกลางถนนบ่อยมาก ยิ่งฝนตกปอยๆ เรื่องแฉลบต้องยกให้เขาเลย,negative,0
7412,7412,นี่ก็เป็น ถ้าน้ำปกติกินเนดเล่ย์กับคริสตัลแต่น้ำแร่กินออร่ากับมิเนดเรย์บ้างสลับกัน ส่วนที่ไม่กินเลยคือสิงห์😂,negative,0
7413,7413,น่าจะระบุเวลาด้วยนะ หรือให้บริการทั้งวัน แต่ไม่น่าใช่ เพราะมีคำว่า Lunch อยู่อะ,negative,0
7414,7414,เดี๋ยวเป็นคนที่สี่ให้นะ,positive,1
7415,7415,Dจัง😍,positive,1
7416,7416,ไม่มีภูเก็ต,negative,0
7417,7417,นี่เป็นคนเดียวหรือเปล่าที่สภาพหน้าไม่สามารถใช้กานิเย่ได้ สิวเหอขึ้นทันทีเลย 😂,negative,0
7418,7418,Mamondeหลุดง่าย เป็นคราบด้วย พี่ซื้อราคาเต็มมายังเสียดายอยู่เลย,negative,0
7419,7419,สุดยอดครับ. เวลาผมจะขึ้นเวทีก็วอร์มด้วย ไฮเนเก้น 1กระป๋องทุกครั้ง,positive,1
7420,7420,น่าดูมาก ครับ,positive,1
7421,7421,เบื่อ คงต้องกินบาบิก้อน 900กง่าบาทแล้วไปต่อสเว่นเซ่น ดูหนัง เสื้อปาดไหล่สีน้ำเงิน หรือเสื้อยืดลายทางแล้วล้ะ,negative,0
7422,7422,😍😍😍 อยากกินน้ำสิงห์,positive,1
7423,7423,อยากกิน💕,positive,1
7424,7424,แล้วแต่เจ้ามือคะ 🤪,positive,1
7425,7425,น้ำลายหก,positive,1
7426,7426,ทำไมถูกจังมะนเป็นโปรอ่อ,positive,1
7427,7427,ดั้นด้นมาถึงที่นี่ Toner ของ Aesop หมด,negative,0
7428,7428,เสียภาษี ก้อยอมจ่ายค่ะ สู้ให้สุดใจ,positive,1
7429,7429,พวงมาลัยนาวาร่ายังสวยกว่าอี๊ก นี่ขนาดว่าไม่ชอบแล้วนะ ยังดูเข้าที่กว่า,negative,0
7430,7430,มาดามแป้งหน้าอ่อยกว่าวัย อยากหน้าเด็กมั่ง ต้องซื้อ สเนลไวท์โกล มาใช้บ้างละ,positive,1
7431,7431,ชาบูอินดี้ อู๊ด hotpot mk เลือกเลยคร่า,positive,1
7432,7432,หมอก/ควัน แค่นี้ก็รู้แล้วอะไรอันตรายกว่า แก้ตัวกันน้ำขุ่นๆ ผลประโยชน์ล้วนๆ,negative,0
7433,7433,หารด้วยคน🙋🏽,positive,1
7434,7434,ยังไม่ถึง 12 แต่ สูงเกิน130ก็อดไปสินะ -*-,negative,0
7435,7435,อยากกินลีโอ,positive,1
7436,7436,ก็เลยเดินมาดูลิปแคทวอนดีให้แนตก่อนค่า ละก็มาวัตสัน 😂 เดินไปเดินมาแปป กำลังเซงงงง กี้ดๆ&gt;&lt;,negative,0
7437,7437,อยากกินน้ำๆแบบนี้,positive,1
7438,7438,เรื่องกินนี่ไม่เคยปฏิเสธกันเลยยยยยยย 5555555,positive,1
7439,7439,เดี๋ยวส่งมาให้เอง 55,positive,1
7440,7440,ประโยคนี้มันใช่เลยครับ,positive,1
7441,7441,ชุดไทยน่าจะแพงกว่าค่าอาหาร,negative,0
7442,7442,วันไหนล่ะ,positive,1
7443,7443,ไม่มีสาขาที่ใกล้เลยจ้า,negative,0
7444,7444,Honda Jazz เหมาะกับไลฟ์สไตล์การใช้ชีวิตจริงๆ รูปลักษณ์โฉบเฉี่ยว สวยโดนใจ,positive,1
7445,7445,ลองแล้วว อร่อยยนเมิง,positive,1
7446,7446,ป๊ะป๊าจ๋าาาา แม่หมูอยากกินอีกแย้ววววว.,positive,1
7447,7447,แต่อยู่พรรคเทพเทือกคือจบ #lrt,negative,0
7448,7448,ของแถม Innisfree แม่งดีสัส ร้อง,negative,0
7449,7449,รักเลย😘 #Mitsubishi #Attrage,positive,1
7450,7450,หมอประกิต เผยทางการแพทย์แนะให้เลิกทั้งบุหรี่มวนและไฟฟ้า,negative,0
7451,7451,แล้วแต่ชอบครับ สำหรับผมรีโว่สู้ไม่ได้555,positive,1
7452,7452,โชคดีกุรอดตัวไปเพราะว่ากุไม่กินเบียร์ช้าง+555666,negative,0
7453,7453,"โฉมเก่า!มึงคิดแบบใหม่ไม่ได้แล้ว ใช่ไหม??????บอดี้เก่ามึงเอามาเล่าใหม่!รถญี่ปุ่นไม่ใช่รถในตำนาน จะใช้แบบเดิมเเบบพอร์สหรือเฟอร์รารี่แลมโบไม่ได้!มึงเข้าใจอะไรผิดหรือเปล่า?""นิสสัน""!!!!!!!!!!!!!!!???",negative,0
7454,7454,แพงอีดอก,negative,0
7455,7455,เพื่อนอยากกินอะ มาสักที๊,positive,1
7456,7456,โอ้ยอยากอะ แต่ไม่มีชุดไทย,negative,0
7457,7457,มาทานสาขาโลตัสบางปะอิน ผิดหวังกับหมี่หยกมาก เส้นเละนิ่มและไม่เกาะกันเป็นก้อน สั่งเป็ดกับหมูกรอบ แตงกวาก็วางไปเกือบครึ่งจาน จะสั่งชุดชีสซี๊ดแซ่บ พนง.บอกน้ำซุปต้มยำหมด นี่มาทานร้านก็เพิ่งเปิดไปชม.กว่าๆ น้ำซุปหมด? ผิดหวังกับสาขานี้มากๆค่ะ,negative,0
7458,7458,ด้วยความฉลาด คิดว่าผ้าอนามัยวิสเปอร์ มัน 3 ห่อ 129฿ นี่เลยจัดมา 3 ห่อ ปรากฎว่ามันห่อละ 129฿ ซื้อ2แถม1 มึงแพงอะไรคะวิสเปอร์ ใช้แล้วมีสามีงิ,negative,0
7459,7459,ทำไหมราคาเน้ตของทรูมันแพงขึ้นจัง. แต่ก่อนผมใช่6mbตลอด. ราคาแค่588บาท. ต้อนนี้เด่งไป900บาท. โครตแพงเลย. แต่ของaisยังราคาถูก อยู่เลย. ตายๆสงสัยต้องเปลี่ยนซิม,negative,0
7460,7460,"ย้ำ!!เฉพาะ​สาขาที่ร่วมรายการ"" สงสัยลูกค้่าโดยหลอกไปหลาย รายก่อนทานถามก่อนก็ดีน่ะคับ",negative,0
7461,7461,- -บาร์บีก้อน ฮืออ กุทำใจกินไม่ได้เลยคะ อะโหห ส่งให้เเม่ดูเเปป,negative,0
7462,7462,จริงๆมึงปวดท้องหิวใช่มั้ย555,negative,0
7463,7463,ไปเร็วแสงชัย,positive,1
7464,7464,มื้อเที่ยงฮะ,positive,1
7465,7465,ไม่แดกแล้ว,negative,0
7466,7466,มีอาการคล้ายกรดไหลย้อนปนท้องเสียหน่อย ๆ สัส มาเป็นอะไรตอนนี้วะ พรุ่งนี้หัวหน้าจะเลี้ยงบาบีกอน เดี๋ยวกินได้ไม่เยอะ,negative,0
7467,7467,สั่งเอมเคดิลิเวอรี่ไปชมครึ่งแล้ว ยังไม่ได้กินเลย แค่วันแรก 2018 ก็เล่นกูซะแล้วหรอ 5555555555555 หิวไส้กิ่วแล้วเนี่ย,negative,0
7468,7468,ฝันดีจ้าา,positive,1
7469,7469,ต้องลองให้ได้😃😃😃😃,positive,1
7470,7470,คงต้องรอให้ไดโนเสาร์ในกระทรวงสูญพันธุ์ก่อนล่ะมั้ง ถึงจะได้หูตาสว่างสักที โง่ดักดานขนาดนี้ ถึงล้าหลังไม่ทันโลก ...,negative,0
7471,7471,จิบเบีบร์เย็นๆที่ลายชนเบียร์ ครับผม ประชุมด่วนๆ,positive,1
7472,7472,เชียร์ Mazda2 ประหยัดน้ำมันมากๆๆ ไม่ผิดหวังเลยที่เลือก ไปเที่ยวได้แบบไม่ต้องกังวลค่าน้ำมัน...ถึงแม้เบาะหลังจะแคบไปหน่อยก็ให้อภัย,negative,0
7473,7473,ถ้านิสสันออกแบบให้สวยดูดีกล้ายกสูงฟอร์ดหรือค่ายอื่นๆคงไม่แซงหน้า,positive,1
7474,7474,แพงค่ะน้ำจิ้มมีอย่างเดียวไม่อิ่มค่ะ..,negative,0
7475,7475,อยากให้หมอมองประเทศนิวซีแลนอะครับที่ตอนแรกค้านหัวชนฝา แต่ตอนนี้เค้ากลับยอมรับได้,positive,1
7476,7476,อดีตเคยหลงรักป๋องดำ ปัจจุบันต้องป๋องน้ำเงินคาดแดงนี้จริงๆ อดีตก็คืออดีต เราจะไม่หันหลังกลับ #kuเลิฟ #รีวิวเซเว่น #kulovmax7,negative,0
7477,7477,ทำไมอ่ะพจน์ ไม่ดีหรอ กินเบื่อละครั้น555,negative,0
7478,7478,ห่วยไอ้เหี้ย,negative,0
7479,7479,เขาก็บอกอยู่นะ มันไม่เกี่ยวกับตัวบุหรี่ มันอยุ่ที่มารยาทคนสูบ จะเอาจุดนี้มาโจมตี e-cig มันไม่ค่อยแฟร์ว่ะ จะด่าก็หาเรื่องงานวิจัยหลักฐานอ้างอิงมาลบล้างเถอะ ไม่ใช่พอหาไม่ได้ มาโจมตีเรื่องควันรบกวน เรื่องหอมไม่หอม เหม็นไม่เหม็น อันนั้นมันจะสูบเหี้ยไรถ้าไปพ่นใส่มันก็น่าด่าหมดอะ ไปเกี่ยวอะไรกับตัวบุหรี่,negative,0
7480,7480,แน่ะ พอใส่ผ้าอนามัยอันใหญ่มาก็ออกนิดเดียว มันแพงรู้มั้ยควัยย,negative,0
7481,7481,เดี๋ยวๆๆ ให้บอยแบนด์โฆษณาลิปยังพอเข้าใจนะ แต่ให้มาโฆษณาผ้าอนามัยเนี่ยสิ...,negative,0
7482,7482,ไปงาน winterfest ของแสนสิริมาคือดีย์มากกกกก เพิ่งรู้ว่าเป็นคอมมูนิตี้ขนาดนี้ จัดงานก็ดีมาก pr จนอยากมีบ้านในนั้นเลยอ่ะ คือมีทุกอย่าง รพฟัน รร ร้านกาแฟ 24 ชม มีคาเฟ่ มีมอล โอ้ยยยยคือดีย์,positive,1
7483,7483,ซิตี้ตัวนี้ผมเคยขับนะ พอเหยียบเต็มๆตีนโคตรเร็วแรงเลยแต่เหมือนนั่งกะป๋องกลัวปลิวฉิบหายไม่เหมือนขับรถยุโรปนิ่งแน่นมาก(ที่พูดนี่คือเปอร์โย405),negative,0
7484,7484,ภาพมันติดตาไปแย้วว แงๆ,negative,0
7485,7485,ตึงมาเป็นอย่างๆตะ,positive,1
7486,7486,เสาร์นี้นะ...โรบินสันบางรัก,positive,1
7487,7487,ชั้นจะเปนทาสเทอตะหลอดไปอินนิสฟรี ชั้นจะเลิกใช้คุชชั่นเดอะเฟสชอปตอนนี้เดี๋ยวนี้,negative,0
7488,7488,เทียบกันระหว่างรองพื้นMarc Jacob ที่เขาว่าติดทนกับBecca ก็ยังชอบBeccaมากกว่า แต่แพงเหมือนกัน แงๆ,negative,0
7489,7489,พะเยาไม่ร่วมรายการง่ะเธออ😭,negative,0
7490,7490,รำ,negative,0
7491,7491,เลี้ยงกุไป,positive,1
7492,7492,่ hada labo ใช้ได้นานจริง แต่นอกจากเรื่องหน้าไม่มันก็ไม่เหงช่วยอะไรเลย 😂,negative,0
7493,7493,สาขารอปิดเพียบเลย 1 ห้างนราน่าน 2 Central กาดสวนแก้ว 3 โลตัสกำแพง 4 เซ็นทรัลหาดใหญ่ 5 เซ็นทรัลนครศรี 6 เซ็นทรัลสุราษฎร์ 7 บิ๊กซีดอนเมือง 8 โลตัสท่ายาง 9 บิ๊กซีชุมพร 10 โลตัสสุรินทร์ 11 โลตัสโรจนะ 12 โรบินสันกาญจนบุรี 13 เดอะมอลล์บางแค,negative,0
7494,7494,ตอนผมทำงานออฟฟิศ ผมขับ Honda City แต่พอออกมาทำงานค้าขายส่วนตัว ผมขับ Camry Hybrid บอกเลย เป็นลูกจ้างเหนื่อยอย่างเดียว ไม่สบายแน่ๆครับ,negative,0
7495,7495,อยากเอมเค,positive,1
7496,7496,ถ้าควบคุมก็น่าจะให้ลงทะเบียนผู้ใช้ก็ยังดีกว่านะ,positive,1
7497,7497,ลดความอ้วนอยู่ อดเลน,negative,0
7498,7498,วันนี้ผมโดนไปมาทๆเลย,negative,0
7499,7499,แพ้แดกช้าง😜,negative,0
7500,7500,ปานนั้นคือว่าเบื่ออยู๋หล่า,negative,0
7501,7501,แต่อยากไปกินบุฟเอมเคนะ มีบุฟบาบีก้อนด้วยอะ,positive,1
7502,7502,บาบีก้อนนนน -0-,positive,1
7503,7503,หนาวเนื้อต้องกินบาร์บีกอนจึงจะหายหนาว,positive,1
7504,7504,ค่ะไปมามาวานค่ะขอบคุนคร้า,positive,1
7505,7505,เมืองที่พ่อแม่พวกผมเกิด แล้วมันยังไงเหรอครับ? ก็มันไม่พัฒนาจริงๆ เพราะพวกผมมองเห็นปัญหาจริงๆเลยออกมาพูดครับ เพราะพวกผมรักประเทศนี้ไม่ใช่เหรอ ถึงได้ออกมาพูดถึงสิ่งที่ไม่ดีและต้องการจะเปลี่ยนแปลงสิ่งเหล่านี้ ถ้ามัวแต่คิดว่าประเทศนี้มันดีเลิศเลอ ขนาดแตะต้องไม่ได้ละก็ผมว่าคิดผิดละนะ,negative,0
7506,7506,นิสสันคำนึงถึงไฟฟ้าปล่อยไอเสียผลิตนิสสันลิฟขายทั่วจริงก่อนค่ายรายอื่นทำไมไม่มาสักทีหรือรอโตต้าผลิตก่อนอ่อนใจรัฐบาล,negative,0
7507,7507,สู้ๆคับ ผมเลิกได้แล้ว ไม่พกไปไหนด้วย เอาไว้ดูดเวลาอยู่บ้านอย่างเดียว,positive,1
7508,7508,พาไปหน่อยจิคะ,positive,1
7509,7509,เนี่ยยยยพี่โมมม แป้งเจ้านางงง,positive,1
7510,7510,จะกินแบบนี้ๆๆๆ,positive,1
7511,7511,จะกินแต่น้ำสิงห์ จะไม่กินน้ำอื่นเลยจ้า,positive,1
7512,7512,เบียร์สิงห์อีกป่ะเนี่ย... ว่าจะเลิกถูกใจเพจละ><,negative,0
7513,7513,นุ๋อยากกินนนนนน,positive,1
7514,7514,วันนั้นผมไป ไมพนักงานไม่ลดให้ผม ผมงงมากกเลยคับบ,negative,0
7515,7515,จะเอาอาราย กะผุ้ชายปากหมา ถามไปงั้นแหละ,positive,1
7516,7516,55555พั้นพร้อมเราพร้อม,positive,1
7517,7517,เมื่อไหร่ดี,positive,1
7518,7518,ปกติหนูใช้ทั้งไพร์มเมอร์และคอลซีลเลอร์เลยค่ะพี่วิ คิดว่าควรใช้ไพร์มเมอร์ก่อนคอลซีลเลอร์ค่ะ คอลซีลเลอร์ที่ใช้แล้วชอบมากที่สุด คือ แบรนด์ the face shop ค่ะ เป็นรุ่นที่มี 2 หัว เป็นแบบเนื้อครีมและลิควิด เกลี่ยง่าย ไม่เป็นคราบ ไม่ตกร่อง คือดีมากค่ะ ใช้งานง่ายด้วย สีตรงกับผิวดี ชอบมากค่ะ,negative,0
7519,7519,ของแถมที่อินนิสฟรีก็หมดเก่งจริง,negative,0
7520,7520,ต้องมานอนนี่ดิ,positive,1
7521,7521,พยายามออกแบบให้แชร์ชิ้นส่วนกับซีวิคได้ เพื่อลดต้นทุน มันเลยออกมาอย่างที่เห็น. ซีวิคดูคุ้มค่าได้รถใหญ่ ในราคาc secment,positive,1
7522,7522,ขอบคุณค่ะ😀😀😀😀,positive,1
7523,7523,ขอบคุณโตโยต้าที่จัดทริบดีๆ ให้กับสมาชิก เพิ่งได้ร่วมทริบเป็นครั้งแรกครับ 👍,positive,1
7524,7524,แคปติว่ารุ่นนี้นักทดสอบรถยนต์ระดับโปรเค้าเคยเตือนไว้แล้วว่าจะมีปัญหาแบบแก้ไม่จบ​ ใครอยากจะซื้อรถรุ่นใหม่ กรุณาหัดไปฟังพวกนักสอบรถเขาวิพากษ์วิจารณ์รถแต่ละยี่ห้อแต่ละรุ่นกันไว้บ้าง,negative,0
7525,7525,แต่กางเกงเลายังไม่ฟิตนะ 🤔,positive,1
7526,7526,ลงชื่อ,positive,1
7527,7527,ที่บ้านร้อนมาก มีป๋องดำคลายร้อน,positive,1
7528,7528,ไปเหอะ,positive,1
7529,7529,มันมากสนุกมากอยากให้มาอีกคะสุดยอดBLEND285😍😍😍😍😍😍,positive,1
7530,7530,สูญเสียไปเท่าไหร่แล้วกับค่าผ้าอนามัย,negative,0
7531,7531,น่ากลัว 😟 เอาใจช่วยขอให้ปลอดภัยทุกคน 🙏 #พายุปาบึก,negative,0
7532,7532,ผมก็แค่ทดลองเลิกกินเบียร์ช้าง ครับ เสี่ย,negative,0
7533,7533,เครื่องดื่มที่รสชาติละมุน นุ่มลิ้น หวานคออย่างBLEND285ไง พอรวมตัวกับ เดอะแก๊งส์ มันก็จะกลมกล่อมหน่อยๆนะ,positive,1
7534,7534,ใช่ แต่ ก็รู้ ถึงอันตราย ไม่ใช่หรอครับ แล้วมา บังคับห้ามใช้ ห้ามมี ห้ามขาย ไฟฟ้า ทำไมอะครับ บุหรี่มวน ทุกคนรู้ก็ยังกินมันทุกวัน ควันของมัน,negative,0
7535,7535,แล้วผ้าอนามัยของยี่ห้อ ซ. ติดแล้วยังไม่ทันจะใส่เลย กาวหลุดแล้ว 😆,negative,0
7536,7536,ราคาแพงอยู่นะ,negative,0
7537,7537,มีโปรไรบ้างคับวันนี้,positive,1
7538,7538,ปกติกูก็ดื่มนะสิงห์ แต่ไอ่ตระกูลนี้มาโฆษนา กูเลิก,negative,0
7539,7539,เน็ตเป็นไรอะครับเข้าอะไรไม่ได้เลยเข้าได้แต่youtube :(,negative,0
7540,7540,🙏🏻🎉ขอบพระคุณพี่เปรี้ยว และครอบครัว มากๆค่ะ ที่มารับรถคันใหม่ กับน้องแบมนะคะ ขอบคุณที่ให้น้องแบมและ วี.กรุ๊ป ฮอนด้าคาร์ส์ ได้ดูแลนะคะ พี่เปรี้ยวน่ารักมากๆ ☺️ 🙏🏻 เดินทางปลอดภัยตลอดการขับขี่นะคะ ❤️ 🚗 JAZZ S CVT สีขาว💨 ✔️ ได้รถเร็วไม่ต้องรอนาน ✔️ โปรโมชั่นครบเครื่อง ✔️ ยินดีให้คำปรึกษาทุกเคท 🙇🏻‍♀️วี.กรุ๊ฟ ฮอนด้า ปากเกร็ด - เมืองทอง (แบม) 🆔 LINE : bamiiebm 099-999-9999 รับเทรินรถมือ2 ทุกรุ่นทุกยี่ห้อ ให้ราคาดีค่ะ มีงบจำกัดปรึกษาได้คะ 😊,positive,1
7541,7541,ชอบเบียร์ เหล้า ไวน์ ไม่ชอบพวกวอดก้า Smirnoff สปาย,negative,0
7542,7542,อีดอกบางมุมของชีวิตก็ไม่ต้องไปแดกบี52ที่ทองหล่อ ก็มานั่งร้านหีแตดในตลาดกินเบียช้าง วงเล่น โปเกม่อนบีบมะนาวฆ่างู,negative,0
7543,7543,Want,positive,1
7544,7544,ต้องลองแล้วแหละ,positive,1
7545,7545,เอ หม่อง คราวหน้าพาไปกินบาร์บีกอนบ้างนะอิอิ,positive,1
7546,7546,สาขาเซนทรัลนครศรีธรรมราชห่วยมากของหมดก็ไม่ยอมเติม พอเอามาเติมก็เติมแค่นิดหน่อยไม่เติมให้มันเต็ม,negative,0
7547,7547,คนไทย..เราชอบทารุณกรรมสัตว์...!!...!!จะมีจิตสำนึกกันบางมั่ย...!! รู้ว่าผิดก้อยังจะทำ..ยังจะช้วยกันสนับสนุนอีก...!! ทำไม่วะ..พวกมึงงงง #เอาช้างมาทำเบียร์,negative,0
7548,7548,เช่าชุดพันสอง อิอิ,negative,0
7549,7549,เจ๋งๆ,positive,1
7550,7550,อยากกินบาร์บิกอนเลย,positive,1
7551,7551,ผมกินเเล้วรดชาติไม่อร่อยเลยสุ้ลีโอไม่ได้คับ,positive,1
7552,7552,แหมมมมมยั่วคนอ้วน,positive,1
7553,7553,ก็บอกว่าไม่อยากกินเอ็มเคคคคค,negative,0
7554,7554,"2.เราเคยใช้สกินแคร์มาหลายต่อหลายตัวค่ะ ทั้งกานิเย่,นีเวีย,รอรีอัล แต่ก็ไม่ค่อยดีขึ้นเลยเนื่องจากมันถูกกับผิดหน้าเราเลยค่ะ เราเลือกใช้สูตรตามผิวหน้าของเราเลยค่ะ แต่มันเหมือนยิ่งทำให้หน้าเราขับน้ำมันจนมันแล้วสิวบุกค่ะ",negative,0
7555,7555,ถ้ารสชาติแบบสเมอนอฟกูจะปาทิ้งง,negative,0
7556,7556,ก่อนนอนอีกแล้ว mk 😂,positive,1
7557,7557,ครอบครัวรัก รักครอบครัว น่ากินจุง,positive,1
7558,7558,ครีมของชั้นจะต้องเทียบชั้นลาแมร์ให้ได้ เครื่องสำอางนะเหรอ บ๊อบบี้บราวน์ก็อย่าหวังจะสู้ หึ,negative,0
7559,7559,เหนื่อยใจ เหนื่อยอะไรไม่รู้ เซงๆ ต้องการดูหนัง กินปิ้งย่างชาบู ต่อด้วยบิงซู ฮันนี่โทส แล้วกระดกโฮกาเด้นโรเซ่ ฮืออออออออออออ,negative,0
7560,7560,พี่เอ๊าะๆๆ ไปกันๆๆๆ,positive,1
7561,7561,เราไปสาขาบิ๊กซีมหาชัยคือทั้งหมูและเนื้อบางมากๆๆๆขาดด้วย,negative,0
7562,7562,ห้องพักสะอาดดี มีระเบียงหลังห้อง,positive,1
7563,7563,ทำไมสาขาเซนทรัลระยองไม่มีกุ้ง มีของน้อย เสียใจ,negative,0
7564,7564,กระทรวงพาณิชย์ มาห่วงสุขภาพประชาชน บอกว่าไม่ดีๆ มันใช่งานของเค้ามั้ย 5555,negative,0
7565,7565,รอคับ,positive,1
7566,7566,จัดๆมะ พิม เดอะวอคใกล้ออฟฟิศเลย,positive,1
7567,7567,เป็นซีรี่ย์โปรดเรื่องนึงเลย เสียดายที่ไม่มีในNetflix,negative,0
7568,7568,แบบนี้ก้อได้เนอะ อิอิ!!,positive,1
7569,7569,บุหรี่ไฟฟ้าผิด,negative,0
7570,7570,จัดสิคะรอไร,positive,1
7571,7571,หมูหรือเนื้อบ๊างบางข้าวผัดกะเทียมก้อแพงขึ้นมากกกกของแพงขึ้นมากปริมาณกับคุณภาพกลับลดลง... #เห้อ แดกหมูทะแถวบ้านดีฟ่า,negative,0
7572,7572,ฮืออ ละบาบีก้อนใช้เนื้อของที่ไหนเนี่ย,negative,0
7573,7573,จ่ายตรงเพิ่มเน็ต ทำสัญญาณเน็ตไม่ให้หายก่อนดีมั้ยครับ เนี่ยต้องเชื่อมฮอทสปอร์ทจาก ais ถึงเล่นได้ มันยังไงครับ,negative,0
7574,7574,ข้าวผัดกระเทียมไม่อร่อยเลยค่ะ ><,negative,0
7575,7575,แอร์ร้อนแต่มีพัดลมเสริม 🙄,negative,0
7576,7576,สมัคร Netflix ก็เพราะเรื่องนี้ล่ะ #MemorieOfTheAlhambra,positive,1
7577,7577,ติดต่อพนักงานไม่ได้เลยคะโทรก็เจอแต่นะบบอัตโนมัต จะสอบถามอะไรไม่ได้เรย,negative,0
7578,7578,เบื่ออาการแพ้ผ้าอนามัยของตัวเองมากแพ้ชิบหายแต่ก่อนไม่เป็นพอเป็นแล้วลามแม่งทุกยี่ห้อจะบ้า,negative,0
7579,7579,กฏหมายบ้านเราแม่งเปิดช่องให้คนมีสีหารายได้,negative,0
7580,7580,เชื่อได้หรอ,negative,0
7581,7581,ถูกใจเลย กำลังมองหารถใหม่อยู่ ต้องไปชมสักหน่อย Hoda civic new Hatchback red ดูภายนอกก็สวยมากแล้วค่ะ ไปชมที่งานมอเตอร์สักหน่อย,positive,1
7582,7582,โหนกระแส ติดต่อไปยังครับ,negative,0
7583,7583,ไปกินบาบีกอนกัน ^_^,positive,1
7584,7584,น่าสนมากกกก แต่ก็ยังกินไม่ได้อีก😂😂,positive,1
7585,7585,วีออส ก็คือโตโยต้านะ ไม่เห็นจะขายดี.,negative,0
7586,7586,ถ้าเปลี่ยนเตาแล้วไม่อร่อยก็ต้องปรับปรุงให้เหมาะสมอีกนะก้อน,negative,0
7587,7587,ขอลาได้มะ กิน MK บ่อยมาก นานๆเจอเพื่อนที่ขอแหวกๆ 555,negative,0
7588,7588,60 + ใช้ดีมากไปหาซื้อได้ที่ ร้านEucerin ของ รพ เอกชนคะ,positive,1
7589,7589,แพงไม่แดก,negative,0
7590,7590,ทันพอดี,positive,1
7591,7591,สุนทรียภาพ..ของการดื่มที่ละมุนละไม..ไปกับ Heineken🍺🍺🍺,positive,1
7592,7592,อยากไปแล้วเนี้ยยยยย,positive,1
7593,7593,มีแค่บาบิก้อนเอ็มเคหมูทะและบลาๆๆๆๆๆๆๆๆที่จะหยุดน้องได้,positive,1
7594,7594,อวสานบาบีก้อน..,negative,0
7595,7595,พรุ่งนี้บุก,positive,1
7596,7596,เมื่อก่อนวีโก้ช่วงกันชนหน้า เหล็กทั้งชิ้นแข็งใช้ได้ แต่มายุคของรีโว่ ทำไมกันชนหน้าเนื้อมันเหมือนเหล็กอ่อนมาก เอานิ้วกดลงนี้ยุบได้เรย,negative,0
7597,7597,ซื้อไปทำที่หอ,positive,1
7598,7598,เพื่อนกูอ้วกออกมาเป็นฮอตพอทเลยไอสัสสสสส ไม่น่าไปแดกก่อนเลย,negative,0
7599,7599,อห.ผ้าอนามัยแดกหมอยกู😭😭😭,negative,0
7600,7600,กินเมื่อวานนี้ยุสีเกดไม่เหนลดเลยครับ แต่ดียุอาหารอร่อย,negative,0
7601,7601,หนูพร้อมตลอดเวลา 555,positive,1
7602,7602,ก็ยังรู้สึกแย่นะ ที่ได้รับคำตอบแบบนี้ เพราะทางสาขาเหมือนไม่แจ้งอะไรเลย,negative,0
7603,7603,ประหารแม่งเลยครับโทษฐานมีบุหรี่ไฟฟ้าไว้ในครอบครอง คดีนี้สะเทือนขวัญจริงๆ,negative,0
7604,7604,MG ไม่เคยทำให้ผิดหวัง ดีไซน์รถหรูสวย,negative,0
7605,7605,ไปกินนนกันมั้ยยยยย~,positive,1
7606,7606,สั่งแบบมีเบคอนแต่ได้แบบธรรมดา 🙄 10 บาทก็เงินนะ 2 ชิ้น ก็ 20 บาท โทรหาพนักงานสาขานั้นได้บอกแค่ว่าจะติดต่อกลับ แล้วเงียบหาย 🙄 McTHAi สาขา Max valu Laksi 🙄,negative,0
7607,7607,ยืมชุดได้มะ จะได้ไม่เสียค่าเช่า 5555555,negative,0
7608,7608,รู้สึกคิดถูก ที่เลี่ยงไม่ดูก่อนทาง Netflix ไม่แม้แต่ตัวอย่าง หรือ่านเรื่องย่อ เลี่ยงสปอยล์แบบสุดฤทธิ์ #Roma เป็นหนังที่งดงามทั้งในรูปธรรม และนามธรรมจริงๆ เชียร์ให้ดูในโรงเท่านั้น อย่าได้พลาดเชียว #movietwit,positive,1
7609,7609,ฝุ่นเชียงใหม่รุนแรงมาก ขึ้นดอยสุเทพ มองลงมาแทบไม่เห็นตัวเมือง เห็นใจคนเชียงใหม่มากๆ #อย่าให้ความผิดปกติที่เป็นมาอย่างต่อเนื่องกลายเป็นความเคยชิน,negative,0
7610,7610,ถ้าไม่รีบกิน ปล่อยไว้นานมันก็เป็นแบบนั้นหมดแหละครับ ไม่มีที่ไหนเค้าให้เหี่ยวๆ+กล่องเปียกมาแต่แรกหรอก นอกจากคุณเก็บไว้นานแล้วไม่กิน,negative,0
7611,7611,ตั้งแต่ร.9 สวรรคต บ้านเมืองก็ไม่เคยสงบสุขอีกเลย,negative,0
7612,7612,น่าสนใจค่ะMGเป็นรถที่ออกแบบเพื่อความปลอดภัยรูปแบบทรงสวยทันสมัย,positive,1
7613,7613,กุเป็นอีบาบีก้อนแน่นอน ทั้งตูดทั้งพุง,negative,0
7614,7614,จนถึงตอนนี้ หัวยังเหม็นกลิ่นบาบิก้อนมาก แต่ก็ขี้เกียจสระ เพราะเพิ่งสระไปเมื่อคืนเอง 😢😢😢,negative,0
7615,7615,พี่กินแต่คริสตัลเลย ไม่ชอบสิงห์ เหมือนกินน้ำมะพร้าว,negative,0
7616,7616,ขี้แตกด้วยมึง กินลีโอเปนงี้ตล่อดด 555,negative,0
7617,7617,เจอ CX-3 จอดคู่ CX-5 นี่ชัดเลยว่าคนละเรื่อง CX-5 สวยจางงงงง 🚗😍 ตัดสินได้เลยว่า ถ้าจะซื้อ CX-3 ซื้อ mazda 3 ยังจะสวยกว่า,negative,0
7618,7618,ภาพสวยน่าทานมาก ๆ เลยค่ะ ^^,positive,1
7619,7619,อะไหล่ ค่าซ่อม. มันแพงกว่าโตโยต้าครับ. เลยไม่เอามาทำกัน.,negative,0
7620,7620,ซื้อนิสสัน นาวาร่า วันนี้ รับส่วนลด ดอกเบี้ย 0% ไปเลยคะ รีบๆ กันหน่อยนะคะ,positive,1
7621,7621,งดค่ะ หุ่นกำลังดี เดี๋ยวบาป,negative,0
7622,7622,ล้อปรกติก็วีดขึ้นครับ ลองสังเกตตอนเราวิ่งตอนฝนตก พอรถเเห้งจะเห็นเลยครับ ตรงนั้นไปโดนมาทีล้อเดิมๆ(วีออส) ต้องค่อยๆคลานไปจนหมดเสียงกระเด็นอ่ะ,negative,0
7623,7623,กำลังจะซื้อมาสด้า 3 ตัวท็อป เห็นข่าวนี้เปลี่ยนเป็นนิสสัน มาร์ช ทันที,negative,0
7624,7624,ลิปไดโซะที่ซื้อมาเติมก่อนเพราะลิปชมพูหมด ปรากฏมีความเก๋ หัวเป็นดินสอหมุน ปลายมีที่เบลนด์ สำคัญคือแมทด้วย 60 บาท 555…,negative,0
7625,7625,ไปกันเก้บตังก่อน555,positive,1
7626,7626,ของจริงเราสั่งแล้วได้ยำวิญญาณเห็ดมาค่ะ เมื่อวันเสาร์ สาขาพระราม2 แม่เราอยากกินอุส่าสั่งให้แม่ ได้มาแม่เรานั่ง งง ว่านี่ยำมะเขือเทศเหรอ มีแต่เครื่องยำ ไม่มีเห็ด เสียอารมณ์มาก,negative,0
7627,7627,เซี่ยงไฮ้ เมืองใหญ่ของจีน บ้านเมืองเจริญ สะอาด การขนส่งสะดวกมาก รถใต้ดินก็ 16 สายละ นั่งกันเพลิน รถไฟ maglev เอย รถไฟความเร็วสูงเอย มีครบ,positive,1
7628,7628,ดูแล้วไม่อยากกินเอ็มเคแล้ว อยากกินเบน 🤣🤣🤣,positive,1
7629,7629,เรื่องบุหรี่ไม่มีความเห็น เห็นแต่มีคนมาทำให้ข้าราชการสาธารณสุข เสียชื่อ,negative,0
7630,7630,"กว่าจะถึงโรงแรมได้โดนไป 600 หยวน หรือเกือบๆ 3,000 บาท อีเหี้ย!!! แม่งบอกว่าเป็นแท็กซี่แบบกดมิเตอร์เราก็เออตามมันไป พอขึ้นรถไรเรียบร้อยมันกดมิเตอร์จากโทรศัพท์อ่ะ กำลังจะขอลงแต่เพื่อนมันแม่งตามเข้ามานั่งด้วย โอ้โหหหหห",negative,0
7631,7631,ไม่เคยส่งของขาด ไม่เคยเก็บตังเกิน,positive,1
7632,7632,Chr ห้ามทำ กลัวเสียภาพลักษณ์ แต่ฟอร์จูนเนอร์ทำแท๊กซี่ได้ ไม่เสียภาพลักษณ์หรือ 555,negative,0
7633,7633,ไช่คับ ตอนให้ลงชื่อ ผมยังไม่ทราบเลยคับ ถ่าไม่อยู่กลุ่มใหญ่จริงๆ,positive,1
7634,7634,เอ็มเค. ไม่อิ่มนะราคานี้,negative,0
7635,7635,อีสัสเดวกูเผาหมี,negative,0
7636,7636,ไปป่ะ ชวน พ่อแม่ ไป,positive,1
7637,7637,สู้ๆ เปนกำลังใจให้คับ ผมก้อคนนึงที่เลิกบุหรี่ได้ เพราะ บุหรี่ไฟฟ้า,positive,1
7638,7638,น้องน่ารักมากเลยค่ะ 😍😍,positive,1
7639,7639,โปรโมชั่นนี้น่าสนใจมากๆยิ่งชอบ นิสสันนาวาราในใจอยู่แล้วยิ่งอยากได้มาครอบครอง,positive,1
7640,7640,น้องผู้ชายแก๊งที่หามเพื่อนที่เมาขึ้นรถไฟฟ้าตรงบีทีเอสราชเทวีก็คือดีมาก ตอนที่น้องนั่งลงมัดเชือกรองเท้าให้เพื่อน พี่นี่อุดปากกรี๊ดแทบไม่ทัน น่ารักมาเลยลูกเอ้ยยยย 🌚🌝,positive,1
7641,7641,อะไรก็ได้ตอนนี้อะอยากแดกบุฟ,positive,1
7642,7642,#Ford #focus #ecoboost เป็นรถที่ดีมากเสียอย่างเดียว โรงงานระยองห่วย #fordthailand,negative,0
7643,7643,ยินดีคร้าบ <3 :),positive,1
7644,7644,เหมียนกานเบย,positive,1
7645,7645,เง้อออินนิสฟรีหรอออ อ้ากก,negative,0
7646,7646,อินิสฟรีพันห้า อีฟโรเช่สองพัน ทรุด,negative,0
7647,7647,เซ็ง,negative,0
7648,7648,เบียร์ช้างอ่ะ ไม่เอา555,negative,0
7649,7649,ได้อีกทีหลังมิถุนาเลยมั้ง นิสสันนี่ก็หมดตัวละ ไม่น่าหาเรื่องเลยกูอ่ะ ฮืออออออออิ,negative,0
7650,7650,แดกกกก ให้ตัวแตกตาย,positive,1
7651,7651,เอิ่มมม วันนี้จ่ายไป 310,negative,0
7652,7652,ให้กำลังใจนะคะ ยังไงก็ยังมั่นใจมาตรฐานของก้อนมากกว่าร้านหมูกระทะชาบูข้างนอกบางร้าน😂,positive,1
7653,7653,เลิกแดกไฮเนเก้นไปอีกนาน,negative,0
7654,7654,Yoyota วีโก้เบาขับเร็วอันตรายพลิกง่ายๆ ผมเคยมีประสบการเกือบตายเข้าโค้งก็ต้องระวัง อย่าด่าผมนะครับ,negative,0
7655,7655,เลือกเอานร้าเสาร์หน้า,positive,1
7656,7656,ลีโอ เบียร์ คับ มึงอย่าให้กุรู้น้ะกุเอาตาย🗡🗡🗡🔪🔪🔫🔫,negative,0
7657,7657,ไม่ใช่ทิ้งเนื้อถาดนั้นไปตั้งแต่วันนั้นแล้วเรอะ แล้วรู้เบื้องต้นได้ไงว่าไม่ใช่พยาธิ ดูด้วยตาป่าวหรอ ในเมื่อต้องรอผลแลป7วัน มันก็ยังสรุปไม่ได้ว่าใช่หรือไม่ใช่ แล้วก็เป็นแลปของตัวเองอีก เราเป็นคนนึงที่ชอบกินที่นี่นะ แต่ผิดถูกก็ต้องว่าไปตามนั้น #คนไม่โดนคงไม่รู้,negative,0
7658,7658,"ปี 2560 ประเทศไทยขายรถ Ford Ranger ได้สูงสุดในโลก ด้วยยอดขายรวมกว่า 44,452 คัน",positive,1
7659,7659,เอาใจช่วยครับ.ขอให้ผ่านไปได้ด้วยดีครับ,positive,1
7660,7660,สมัยคุณปูเคยตรวจสอบอะไรได้ที่ไหนครับ แค่ตั้งกรรมการสอบนี่นั่นยังไม่เคยทำเลย,negative,0
7661,7661,วันนี้มีของรึยัง,positive,1
7662,7662,เราว่าตอนสไลดหมูมันแข็งปะแต่พอมาเสริฟ์ทิ้งไว้ความเยนหายชิ้นเลยหดที่สงเกตุนะและในส่วนตัวคิดว่าบางๆอร่อยกว่าชิ้นหน่าไม่ร่อยสุกยากเคี้ยวไม่ค่อยได้ด้วย,negative,0
7663,7663,ขอบคุณคร้าบ 😍,positive,1
7664,7664,ออ ไอ้หมาเย็ดแม่นี้ ทุกวันนี้ก็อยู่กันยากพอแล้ว สักวันที่มึงทำใว้กับคนอื่นมันจะกลับมาที่มึง,negative,0
7665,7665,รอไม่ไหวแล้ว อยากจะไปเดี๋ยวนี้55,negative,0
7666,7666,ไปปปปปปกินกังงง,positive,1
7667,7667,เอาจริงๆ เมื่อก่อนมีเป็นหมึกกระดองยัดไส้นะครับ อร่อยมาก เดี๋ยวนี้ไม่เห็นมีแล้ว เปลี่ยนเป็นหมึกตัวยาวๆซะละ,negative,0
7668,7668,บ้างสาขา ค่ะ เข้านำมารวมกันในร้านเดี่ยว,positive,1
7669,7669,MK สาขาเดอะซีน ทาวน์อินทาวน์ พนักงานบริการค่อนข้างไม่ดีค่ะ สอบถามเรื่องอาหารไป ก็ไม่ได้คำตอบค่ะ,negative,0
7670,7670,นี่ๆเจอที่พาราก้อนค่ะ ร้านแมคโดนัล บอกลูกสาว(มัธยมต้น) ให้แซงคิวไปซื้อเลยไม่ต้องกลัว(เสียงดังมาก) ถ้าใครมีปัญหาเดี๋ยวโทรตามบอดี้การ์ด😱 คุณพระตอนนั้นบอกเลยว่า ลูกสาวก็อายชาวบ้านจนจะมุดดินหนีไปเลย อีแม่นิสัยเสีย เหตุการณ์หลายปีมาแล้วยังไม่ลืม,negative,0
7671,7671,"สามปีที่แล้วผมไม่ซื้อ teana ไปออกaccord แทนก็เพราะ interior นี่แหละ รับไม่ได้จริงๆ ปลายปีกะจะเปลี่ยนรถอีกคันเป็น SUV เพราะไปต่างจังหวัดทีไร6คนนั่งไม่หมด ต้องขับสองคัน ก็มอง pajero กับ terra ไว้นี่แหละ (ตัดEverest เบาะหลังโคตรชัน นั่งไม่ได้,ตัดfortuner นั่งแล้วจะอ้วก) ข้างนอกก็สวยดีนะ แต่เจอภาพinterior เข้าไปพูดตรงๆ โคตรเซ็ง อารมณ์ประมานเจอสาวสวย แต่เปิดกระโปรงมามี k_y อะไรแบบนั้นอะ",negative,0
7672,7672,หนูสั่งหมูกรอบนะคะ.. ไม่ใช่หมูแข็งนอกแข็งในแบบนี้..บางทีก็อยากให้ MK..ช่วยปรับปรุงคุณภาพอาหารบ้างไม่ใช่สักแต่จะขายไปวันๆ..เข้าใจว่าคนติดแต่หนูว่าเมื่อก่อนคุณภาพอาหารและน้ำจิ้ม..จะดีกว่านี้มากนะคะ..อยากให้ปรับปรุงคุณภาพหน่อยค่ะ..ไปกินบ่อยแต่ก็ไม่ค่อยปรับปรุง..,negative,0
7673,7673,เห็นปลาหมึกทอด แต่ไม่มีตังกิน แพงเกิ๊น 55555,negative,0
7674,7674,ไม่absoluteละ vodkaมันอ่อนไป absintheเลยเถอะ,negative,0
7675,7675,นักเก็ต วันนี้กูกินเบื่อละเนี้ยยยย โรงงานผลิตนักเก็ตของแม็ค 🤣😂,negative,0
7676,7676,วันนี้ไปทานที่เซียรังสิต คือของน้อยมาก ไม่มีสปาเก๊ตตี้ ข้าวผัด ฯ ต่างจากที่ไปทานที่เซนทรัลเวสเกตมากกกกกก ไม่ประทับใจเลยค่ะ ราค่379 บาท แต่ของแทบไม่มี สั่งหมูสไลด์ ข้าวผัด ไก่ทอด นั่งรอจนอิ่ม ไม่มีวี่แววที่จะมาเสริพเลย รับออเดอร์แล้วโยนลงถังขยะหรอคะ?? คืออะไร ที่ไม่ได้อาหารที่สั่ง ทำวางไว้ให้หยิบเหมือนที่อื่นจะดีกว่านะ ของทานเล่นน้อยมาก ต่างจากที่อื่น ขอให้ปรับปรุงให้มันดีกว่านี้นะคะ เสียดายเงินมากค่ะ,negative,0
7677,7677,ไปรวมกันนี้ไม่เอา ตัว vape ไปเเน่นอน 555555,positive,1
7678,7678,ไหนๆก็จะวันเกิดละ ขอโฟมล้างหน้าของอินนิสฟรีสักหลอดเถอะ5555 หน้าเหี้ยมากตอนนี้,negative,0
7679,7679,ขายบุหรี่ไฟฟ้าทิ้ง ไอ้เหี้ย,negative,0
7680,7680,จัดด่วนๆๆ,positive,1
7681,7681,โคตรทุเรศอะราคาเท่านี้ ซื้อของดีๆกินเอง ในห้างได้หลายแพ็คเลย เอาไปทำเองดีกว่า,negative,0
7682,7682,มึงไปดู เสียวไส้มาก5555 รีวิวผ้าอนามัยแบบสอด,negative,0
7683,7683,เพื่อนเป็นช่างแต่งหน้า รีวิวลิปเมย์เบลลีนสุดฮิตก่อนจะมีดราม่าอีก ซึ่งนางก็บอกแล้วว่าสีผิวมีส่วน ทาแล้วก็ออกมาไม่เห…,negative,0
7684,7684,Innisfreeทำได้ดีทุกอย่างยกเว้นน้ำยาทาเล็บ จากใจสาวอินนิสฟรี,negative,0
7685,7685,กูสิจุกต้มมาม่าตายแร้ว,negative,0
7686,7686,กลัวใช้โอเลย์แล้วแพ้,negative,0
7687,7687,ไปเลยกำลังว่าง,positive,1
7688,7688,ป่ะบิ๊กซี,positive,1
7689,7689,คุ้มมั้ยละมึงจะได้บัตรมาทีมึงต้องซื้อของในโชว์ดีซีเป็นพันอีสัด555555555555,negative,0
7690,7690,เมื่อก่อนกินแม่งทุกวัน เอียนจนถึงทุกวันนี้,negative,0
7691,7691,ไฟหน้าฟอจูนเนอร์นี่คนขับมันรู้บ้างไหมว่าทำคนอื่นแสบตาแค่ไหน,negative,0
7692,7692,กูแดกกับพี่ง้วง แปปเดียวแม่งหมดกลมเลย ไม่ใช่เหี้ยอะไรนะ แม่งไม่มีลูกแก้ว เทกีทีๆก็ลั่นไปครึ่งแก้วตลอด ยิ่งตอนเมาๆนะมึงเอ้ย ลั่นไปเกือบเต็มแก้ว // งิ้วเอง,negative,0
7693,7693,ว่างๆวันไหนจัดดีมัย,positive,1
7694,7694,ก้อนน่ารัก ขอจับก้อนไปถ่วงน้ำแบบช่วงกิจกรรมสมัยก่อนได้มะ👌😜,positive,1
7695,7695,ผิดหวัง เมื่อวันเกิด 29/12/60 พาลูกน้องไปเลี้ยง13คน เซนทรัลแจ้งวัฒนะ ซูชิไม่มีเลยเอาออกมานับชิ้นได้ ถาดโล่งประมาณ95% พอออกมาคนก้อรุมกันตัก เพราะคนเยอะมาก แน่นร้านต้องรอคิวโต๊ะ กินครั้วแรกกับที่นี่ ผิดหวังอย่างแรง,negative,0
7696,7696,ขอบคุณมากมายนะคร้าบ ก้อนจะส่งต่อคำชมเชยนี้ไปให้น้องพนักงานที่สาขาได้ทราบต่อไปนะคร้าบ,positive,1
7697,7697,โอยเอียนมากอะรายที่เปนสไตลนี้เนาะนึกถึงเมื่อวานละอู้วหูว,negative,0
7698,7698,ไม่กินลีโอ,negative,0
7699,7699,เคยใช้กันแดดมิสทีนตัวแมทล่าสุด ไพรเมอคอนเลคชั่นหลอดดำ เสร็จแล้วลงแป้นสิวันนา ลองครั้งแรก ออกไปเดินโลตัลก็แอร์นะ ไม่ถึง2ชม. จมูกหลุด หน้าเปนคราบ ตกเยนหลุดหมดเลย 555 เช็ดเครื่องสำอาจแทบไม่มีแป้งติด เห้ออออ !!,negative,0
7700,7700,ลาก่อยบาบีก้อน;-; ว่าจาไปกิน,negative,0
7701,7701,เราใช้โซฟีไม่ได้เลย ผื่นขึ้นก้น 😭,negative,0
7702,7702,เกลียดดีแม็ค สัส,negative,0
7703,7703,โปรไม่โดนเลย เดือนนี้คงอดกิน,negative,0
7704,7704,เขย่าอย่างเดียวที่บ้านได้ใช่ป่าว,positive,1
7705,7705,อีกหน่อยแม่งก็กินช้าง,negative,0
7706,7706,เอาใบรนไฟ ไส่เหล้าหงษ์ทอง รับรองหอมยิ่งกว่าเหล้าฝรั่งราคาแพงๆซะอีก,negative,0
7707,7707,"ยิ่งอ่านยิ่งรู้สึกว่า #พรบคู่ชีวิต นี่มีประโยชน์ตรงไหนเนี่ย สิทธิอะไรก็ไม่เห็นเหมือนคู่สมรส เหมือนทำตัวจะบอกทุกคนว่า ""เฮ้ ฉันสนับสนุน LGBT นะ"" แต่ทำไปงั้นๆไม่มีประโยชน์ ถามจริ๊ง คนสองคนเพศเดียวกันจะแต่งงานกันแล้วมันยังไงเรอะ กลัวอัตราเกิดต่ำเหรอ ไม่ต้องกลัว มันต่ำอยู่แล้ว",negative,0
7708,7708,นิสัยนาวาร่า ดีมากครับ กล้องมอง ภาพรอบทิศทาง ดีมากๆ เลยครับบอกเลย,positive,1
7709,7709,สนใจ นิสสัน นาวาร่า 2018my vl ศูนย์ไหนมีรถมั่งครับกรุงเทพ/ปริมณฑล,positive,1
7710,7710,ฉีกทุกกฎของการโฆษณาผ้าอนามัยปกติจะเห็นแต่แบบสวยละมุน ซาร่ามาแบบสวยฮาเลย ยอมใจ,positive,1
7711,7711,ผิดตรงขึ้นภาษีไม่ได้ ไม่ได้ตัง,negative,0
7712,7712,💦💦วันสงกรานต์จะโดนสาดเปียกเท่าไร แต่ความสวย ความออร่า ใบหน้าก็ยังปังดู เพราะได้ SHEENe 🤗 นี้แหละ เอาอยู่ !!!👀 ปีใหม่นี้ขอให้ทีมงานทุกท่านมีความสุข ความเจริญ ได้โบนัส 10 เท่า มิกินมีใช้เหลือเฟือนะเจ้าค่ะ รวยไปเจอกัน 16 นี้ ปังๆ 💚😆,positive,1
7713,7713,ไก่เคเอฟซีหร่อยกว่าแมคจืด,negative,0
7714,7714,อีกเรื่อง มาสด้าแคร อะ จะครบ6เดือนละ ผมยังไม่ได้เลย,negative,0
7715,7715,เอาง่ายๆนะครับคนกินรีกิน285อาจจะไม่ชอบ เพราะรถชาติจะออกไปทางเเสงโสมหงทองมากกว่า,negative,0
7716,7716,ภายใน Toyota สวย,positive,1
7717,7717,ไม่อร่อย ไม่หอม ไม่เหี้ยอะไรทั้งนั้น ไม่ได้ทำให้อาหารรสชาติดีขึ้นด้วย!!! เกิดมาทำไม!! ต้นหอมไม่สมควรมีอยู่บนโลกใบนี้เหม็นจะตายอยู่แล้ว #ทีมไม่แดกต้นหอม,negative,0
7718,7718,กุหละรำไยคนทำกาวติดผ้าอนามัย ถ้าไม่ติดว่าต้องใส่ตรงจิ้มิ้กุคงใช้กาวตราช้างไปละ แม่ง,negative,0
7719,7719,ใช่ ก่อนที่เราจะใช้ฮอนด้า ก็ใช้ Nissan อยู่ต้องรับว่า รถเขาดี ศูนย์บริการแต่ก่อนดี หลังๆมาไม่ค่อยเท่าไร ที่มาใช้ฮอนด้าเพราะตอนนั้น Nissan ยังไม่มีรถ CNG ก็เลยซื้อ ฮอนด้าตัวรถเองก็ไม่เท่าไรนัก และศูนย์บริการก็ห่วย,negative,0
7720,7720,ว่าแล้วไดชอบกินไฮเนเก้น 55555,positive,1
7721,7721,ก้อไว้รอก่อนเลยไง จะได้ไม่ตื่นเต้นทีหลัง,positive,1
7722,7722,เบื่องหลังคาบสั่งห้ามออกสื่อ,negative,0
7723,7723,ค่าชุดไทยแพงกว่าส่วนลด555555,negative,0
7724,7724,โซน yg ที่ show dc เมื่อไหร่จะเสร็จ อยากไปจัดแล้วนะ 555555,negative,0
7725,7725,ไม่ทันและ...กุมาฮาจิบังและ,negative,0
7726,7726,ดีพอใจมากครับ เบรคนุ่มไปไกลๆมาแล้วเบรคมั่นใจ ขับไม่เกิน 130 ผมเปลี่ยน 4 ล้อเลยนะ Honda Civic FB เปลี่ยนน้ำมันเบรคด้วยครับ,positive,1
7727,7727,18-22 ได้หลัง 5 โมงเย็น 23-24 ได้ตลอดเว เลือกกันมาเลยจ้าาาา,positive,1
7728,7728,คับผม.,positive,1
7729,7729,ถูกใจในรสชาติของ บาร์บีก้อน ทั้งครอบครับ อร่อยทั้งหมู ทั้งเนื้อ แขไข สุวรรณเพชร,positive,1
7730,7730,วันนี้กินนมไม่กินสปาย,negative,0
7731,7731,Mg รถคุณภาพยุโรป มั่นใจในการขับขี่ ระบบความปลอดภัยสูง ดีไซน์สวย สวยทั้งภายในและภายนอก,positive,1
7732,7732,ด้วยความยินดีคร้าบ,positive,1
7733,7733,คนอื่นใช้แค่โทนเนอร์ของบู๊ทยังดีเลยอะ นี่ขนาดเอสเซนส์ของสกินฟู้ดยังไม่ดีเลยจ้า5555555,negative,0
7734,7734,เป็นลูกค้ารายเดือนมาตั้งสิบกว่าปี ถืออยู่ก็ 3 เบอร์ ดันไม่ง้อลูกค้าเก่า ถถถ ลาก่อนจะไปทำเรื่องย้ายค่ายวันนี้,negative,0
7735,7735,ถ้าไม่มีเรนเจอร์โมเดลปี2012 ฟอร์ดประเทศไทยจบเห่ไปแล้ว,positive,1
7736,7736,ตอนแรกอยากได้ jazz ไปๆมาๆ แม่บอก พ่อขับไม่มรถมันเล็ก เอาคันที่ขับได้ทั้งครอบครัว จบที่ civic จ้า งงๆไปอีก,negative,0
7737,7737,ไปงานมอเตอร์ โชว์ Nissan รถคุณภาพดี ดีไซน์สวยหรู รุ่นนี้น่าสนใจมากใครกำลังมองหารถคันใหม่ ต้องรุ่นนี้เลย,positive,1
7738,7738,950ฟอร์จูนเนอร์ไม่รวมนาวาร่าที่ป้าแกทุบ,negative,0
7739,7739,เริ่มต้นไม่เคยชอบ spy เรามันสาย เหล้า เบียร์ทุกการดื่ม ผมจำเจกับรสชาติเดิมๆของเหล้าเบียร์ ก็อยากเปลี่ยนรถชาติลองหันมาดื่มไวน์บ้างในเวลาดูบอล เลยจัดspy มาแพ็คนึง แล้วนั่งชิวกับการดื่ม spy cooler ที่เข้ากันได้ดีกับ หมูย่าง ในบรรยกาศกลางคืนตอนดูบอล เป็นอ่ะไรที่ชิวมาก แล้วยิ่งมีเพื่อนมาดูบอลด้วย โอ๊วววว(เหมาะ)ถ้าพวกคุณสายเหล้าเบียร์แบบผม คุณไม่จำเป็นต้องทิ้งสายคุณ แต่แค่เพิ่มspyเข้ามาในสายของคุณอีกเท่านั้นเอง ลองดู wow,positive,1
7740,7740,ไม่ได้กินสุกี้เอ็มเคนานมากละเพราะแม่ทำให้กินคือเครื่องเยอะละอร่อยกว่าเอ็มเคอีก55555555555555,negative,0
7741,7741,คราวหน้าคราวหลัง.......จะไม่กินjack daniels แล้วไปกินเบียร์ต่ออีกแล้ว รู้สึกว่าโคตรอึนเหมือนโดนไม้กลองของหลัวฟาดกลางกะบาล,negative,0
7742,7742,เห้อ ลำบากใจ,negative,0
7743,7743,คนเอาcx5 มาซ่อมนี่พนักงานแทบจะกราบตีน mazda2อย่างกุเหรอ รอไปค่ะ,negative,0
7744,7744,บ่อแม่นBLEND 285 แต่เป็น โกงเขา285,negative,0
7745,7745,อยากกินมากกกกกกกกก,positive,1
7746,7746,ถ้าแสงโสมจะทำพิษขนาดนี้5555,negative,0
7747,7747,สุดท้ายถ้าถูกกฎหมายแล้ว รัฐจะขึ้นภาษีทุกปีเหมือนบุหรี่มวนได้รึเปล่าครับ อ้างว่าเป็นภาษีบาปอีก,negative,0
7748,7748,ควรคะ,positive,1
7749,7749,ตกมากเลยครับ cx5 2016 ขายได้แค่7-8 แสนเองคับ มาสด้า 2 ตัวเก่าก้อ สองแสนเอง ไปซีวิคดีแล้วครับ,positive,1
7750,7750,ทำไมอุดรไม่มีปิ้งย่างบ้างคะ,negative,0
7751,7751,โคตรเกลียดแท็กซี่สูบบุหรี่อ่ะ,negative,0
7752,7752,นั่งดูโจมาโลน 555 อีดอก โดนป้าย 555,negative,0
7753,7753,ย้ายมา sephora ลิปจิ้มจุ่มเนื้อ matte metal ติดทน ไม่ต้องเช็ค แต่ปากจะแห้งมาก นี่เคยลอง สีสวยแต่มิชอบบ…,negative,0
7754,7754,"ลองแล้วอ่ะแอด เหมือนเอ็มร้อยผสมโซดา แต่ทำไมรู้สึกเบากว่าสเมอร์นอฟ -,.-? #ไม่อร่อยอย่าแดก",negative,0
7755,7755,เพื่อนบางคนก็ไม่ควรเป็นเพื่อน เกลียด!!,negative,0
7756,7756,โอเคๆๆ,positive,1
7757,7757,เห็นคอมเม้นท์ว่าไม่อร่อย,negative,0
7758,7758,ฟอจูนเนอร์ไม่มีกล้องหลังเหรอ เซนเซอร์ก็ไม่มีเหรอ? ซื้อทำไม่ตั้งแพง,negative,0
7759,7759,จิบเบียร์ช้างเย็นๆ ผู้ชายงานดีๆ กับดีเจระดับโลก โอ้ยๆอยากไปมาก,positive,1
7760,7760,เค้าไม่กินน้ำอัดลม,negative,0
7761,7761,ภัทรพงศ์ จิวัฒนาชวลิตกุล. หรือจะกินฮอตพอทดี?,positive,1
7762,7762,555 ว่ายุ,positive,1
7763,7763,เครื่องอัลติส ไม่น่าจะหวังมากกว่านี้ได้,negative,0
7764,7764,ชวนแม่ไปกิน,positive,1
7765,7765,รอบุฟเฟต์บาบีก้อนน,positive,1
7766,7766,อิมแพคไม่ร่วมเลยหรอ เสียใจ,negative,0
7767,7767,ก้อ นิชดา เกินสะแล้วมั้งจันเจ้า,negative,0
7768,7768,"สั่งเเล้วค่า 05,10 สีสวย",positive,1
7769,7769,ออกรถ honda jazz ไปเมื่อ 30 มีนา เซลไม่เห็นบอกว่ามีลุ้นของรางวัลอะไรเลยค่ะ,negative,0
7770,7770,บาบีก้อนทำม้องเสียป้ะนิ,negative,0
7771,7771,เวลาเมาแล้วรู้สึกหูอื้ออ่ะ สเมอนอฟขวดนึง โมฮโต้แก้วนึง blueberry mix และ อะไรซักอย่างของปิ๋มสีส้มๆ ไม่อร่อยซักอย่าง เห้อ กูแบบอยากลอง B52,negative,0
7772,7772,ก็แค่หนองนอนไมหลั๊บ หัวใจมันกระซับกร๊ะซ่ายยย,negative,0
7773,7773,เมื่อคืนไปทานมาไม่เห็นแจ้งอะไรเลย,negative,0
7774,7774,ค่าชุดก็เกิน ค่ากินละมั้ง,negative,0
7775,7775,โฆษณาโซฟีนี่มาได้ไง กูดูคลิบหมาแค่10วิ ยังจะมีโฆษณาอีก รำคาญโว๊ยยยย,negative,0
7776,7776,คนออกกฎหมายไทยไร้ปัญญาคนมีปัญญาดีๆเค้าไม่ออกหมายจับบุหรี่ไฟฟ้าหรอกเพราะคนดูดไม่เคบไปฆ่าใครทำใครเดือดร้อนกัญชาก็เช่นกันไม่ทำให้ต้องตายเลยแต่ตำรวจจับผิดกฎหมายแล้วที่สุราดื่มเมาตีกันเมาข่มขื่นกันเมาขับรถชนคนตายเมาแล้วมีแต่จะทำลายทำไม่มึงไม่จับไม่ผิดกฎหมายกูไม่เข้าใจจริๆ,negative,0
7777,7777,เป็ด3 ชิ้น,negative,0
7778,7778,ต้องไปโดนละ,positive,1
7779,7779,น่ากิงเน้อออออ,positive,1
7780,7780,กูตื่นเต้นมากกกกกกกกกกกกกกกกจะหมดเวลาปิดหีบแล้ววววอีกไม่กี่นาที,positive,1
7781,7781,คันเก่าผมISUZUดีแม็ก ออกจาก0โหลดนิดหน่อย ท่อเดิมๆล้อเดิม ลองยาวนิดๆยังด้าย190กว่าเลยไม่ต้องทำไรเลย เครื่อง2500ด้วย,positive,1
7782,7782,คนรอบาบีก้อนยาวกว่าชาบูอิก อิควัยอยากกินไรมะได้กิน,negative,0
7783,7783,อยากกิน285จัง👈👈👈👈,positive,1
7784,7784,แพงจังวะ!!,negative,0
7785,7785,อันแรกไม่หร่อย,negative,0
7786,7786,มูลนิธิเพื่อผู้บริโภค ประกาศ พร้อมช่วยเหลือผู้ใช้รถยนต์มาสด้า 22 ราย ที่ถูกบริษัทมาสด้า ฟ้องทำให้เสื่อมเสียชื่อเสียง วอน สคบ.ร่วมทดสอบรถยนต์คันที่มีปัญหา,negative,0
7787,7787,ของชอบอยู่แล้ว,positive,1
7788,7788,มาเปิดแล้ววว,positive,1
7789,7789,น้องแสงโสมอี้บ๋อ กะว่าน้องโซดา น้ำแข็งดี เอ๊ะหรือเหล้ากึ่งแก้วน้ำล้วนโซดาลอยดีหา 5555,positive,1
7790,7790,ตำรวจก็ดุดบุหรี่ไฟฟ้าทำไมมรึงไม่จับกันเอง จรวยๆนะ ท่านทั้งหลาย,negative,0
7791,7791,อีกอันที่hard saleโดยดาราจนรู้สึกไม่เชื่อในคุณภาพคือdr. jill มันดูไม่น่าซื้ออ่ะ พอไปขายทุกรายการทีวีขนาดนี้,negative,0
7792,7792,กินมาแล้วอร่อยมาก...มีแบบสังกลับมากินต่อมั้ยคะ,positive,1
7793,7793,สาขาโลตัส นวนครใกล้สุด,positive,1
7794,7794,ของไม่เยอะเลย,negative,0
7795,7795,อยากกินช้างขึ้นมาทันทีเลย,positive,1
7796,7796,คิ้วใหญ่อะไรเบอร์นั้นคะคุณ อยากเป๊ะ อยากลอง Mee Slimline เส้นบาง น่าใช้ ไม่ปลิง ไม่หลอกตา ค๊า,positive,1
7797,7797,ป่มโดนไป20000แล้ว ไม่อย่ากโดนอีก,negative,0
7798,7798,ขอขอบคุณ ทุกๆท่านมากที่เป็นตัวแทน ที่ให้ E6 ทุกกฎหมาย เป็นกำลังให้คับ สู้สู้🙏🙏,positive,1
7799,7799,โดยส่วนตัวเราชอบในการตอบสนองของฝ่ายบริหารที่ออกมาแถลงอย่างรวดเร็ว ก็รอฟังผลแล็บค่ะ ปล.เดี๋ยวนี้ข้าวผัดกระเทียมไม่อร่อยเลย ไม่หอมเนย ไม่หอมกระเทียม มีความแห้งๆ สู้สมัยก่อนไม่ได้ที่ข้าวผัดกระเทียมก้อนคือที่สุด อยากให้ปรับปรุงมากตรงจุดนี้,negative,0
7800,7800,นาวาร่า..แข็งแกร่ง ดุดัน ดั่งขวานบิ่น,negative,0
7801,7801,ทานบ่อยมาก โดยเฉพาะช่วงมีน้อง สงสัยลูกในท้องชอบค่ะ,positive,1
7802,7802,ขอบ่นอีกเรื่อง เบียร์ช้างที่กินไปในงานวันสุดท้ายนี่ กูรู้ว่าเป็นเบียร์ปลอมป่ะวะ แดกจะเป็นพันแล้วกูยังไม่เมาเลยอิห่านนน #bmmf2017 #bmmf8 อ่ะกูเบลอโลโก้ให้ ไม่อยากโดนเรียกไปเสียค่าปรับ,negative,0
7803,7803,คน อารมเซ็ง วันไหนดีคาฟ,negative,0
7804,7804,ลองดูแบบใหม่ๆบ้าง เผื่อติดใจ วีออส ซีวิคราคาก็จะต่างกัน,positive,1
7805,7805,มึงแต่มันลด 😂,positive,1
7806,7806,กันน้ำกันเหงื่อ ไม่มีแอลกอฮอลล์ \ #สวยกล้าท้าทุกแสง #คู่หูท้าแดด #kmacosmetics,positive,1
7807,7807,ส่งไม่เห็นขึ้นเลยคะ ทาง inbox,negative,0
7808,7808,พักนี้เหมือนชีตทุกวัน สัส 5555,negative,0
7809,7809,กฎหมายที่ไม่สมเหตุสมผลตอนนี้ ส่วนมากมาจากอารมณ์ล้วนๆรึเปล่าครับ,negative,0
7810,7810,เบียร์ยูไม่อร่อยสัดๆๆๆๆๆฟๆ,negative,0
7811,7811,แต่เจ้านี่อ่ะ อร่อยลดลงนะ 😭,positive,1
7812,7812,คุณพิม และคุณน้ำหวาน 2 สาว ตัวแทนวัยเลข 3 ชวนทุกคนมาซ่อมผิวแก่จากข้างในด้วย Step แรกอย่าง Hada Labo Anti-Aging Lotion สูตรใหม่ล่าสุด ช่วยล็อคความชุ่มชื่น พร้อมดูแลให้ผิวยืดหยุ่นและกระชับล้ำลึกถึงชั้นผิว หมดกังวลเรื่องริ้วรอยได้เลยค่ะ #1stStepAntiAging #โลชั่นซ่อมผิวแก่ (ภาพจาก: instagram.com/we_love_hadalabo),negative,0
7813,7813,กินจนจะเปิดสาขาได้ละ จนเลิกกิน เพราะสะสมแต้มไว้แลกซื้อของ แต่ของสะสมไม่มี ไม่มา ก็เลยเลิกกิน,negative,0
7814,7814,บุนบาปอะไรของอีแยม ไปแดกบาบิก้อนวันนี้ทำไม พรุ่งนี้พี่จะเลี้ยงหมูสองชั้น ไม่น่ารีบเสียตัง อิเวร อยากแดกล้วนๆ,negative,0
7815,7815,ไม่เอา บีก้อนมีหนองอักเสบ,negative,0
7816,7816,แพ้ผ้าอนามัย T T,negative,0
7817,7817,mazda2 ยกสูง แปะ cx3 ราคาเกือบ 1m คุณพี่ใช้อะไรคิดครับนั่น 555,negative,0
7818,7818,สรุปว่าโตโยต้าเข้าโค้งได้ไม่ดีไม่ผ่านมาตรฐานเหมือนค่ายอื่นจบ,negative,0
7819,7819,ไม่แหลกไม่ได้แล้วตัวนี้555555Jerarat JBนิ สัย,positive,1
7820,7820,ไปวันไหนดรี,positive,1
7821,7821,นั่นน่ะสิ ไว้ไปกินอย่างอื่นดีกว่าเนอะ,negative,0
7822,7822,อย่าซื้อคุชชั่น etude อีก จำวรั้ยยย ตกร่องที่1เลย~,negative,0
7823,7823,กุหิวแล้วว555555,positive,1
7824,7824,=+1คับบ เดี๊ยวนี้ไม่อร่อยเลย 😭,negative,0
7825,7825,Smirnoff ทำพิษสุดด,negative,0
7826,7826,สูบบุหรี่ตั้งแต่อายุ14เลิกได้ตอน42เพราะไอ้บุหรี่ไฟฟ้านี่แหล่ะครับ,positive,1
7827,7827,นิสสัน เทอร์ราตัวนี้สวยจังค่ะ เป็นตัวเลือกอีกตัวที่น่าสนใจมากสำหรับคนที่กำลังมองหารถเอสยูวีคันใหม่,positive,1
7828,7828,มาใหม่ๆๆ,positive,1
7829,7829,กุต้องล้มเลิกแผนที่จะไปกินบาบีก้อนระ,negative,0
7830,7830,ผ่านโชว์ดีซีด้วย ไกลว่ะ,negative,0
7831,7831,โอ้ยยยยยย 😢😢,positive,1
7832,7832,เสียดายลิปมาก YSL เลยนะ,negative,0
7833,7833,เห็นข่าวบาบีก้อนแล้วจะอ้วก /ของดปิ้งย่างไปอีกนาน,negative,0
7834,7834,New Civic Hatchback Red รถสปอร์ตหรู่ ดีไซน์โดดเด่นทั้งภายนอกและภายใน พบกันที่โชว์รูมฮอนด้าทั่วประเทศค่ะ,positive,1
7835,7835,อยู่ดีดีก็รู้สึกอยากกินหมูทะถูกๆหัวเหม็นๆ ที่ไม่ใช่บาบีก้อนอ่ะ,negative,0
7836,7836,เหนือสิ่งอื่นใดตอนนี้กุแสบตะหมูกมาก E-cig เนี่ย,negative,0
7837,7837,สั่งดับเบิ้ลชีสเบอเกอร์มากินเพราะคิดว่าจะได้เนื้อ2ชิ้น อิเวง ละจะไม่เจ็บใจเลยถ้าบิ๊กแมคไม่ได้ราคาเท่ากันแต่ได้เนื้อ2ชิ้นและขนมปัง3แผ่น สึส!,negative,0
7838,7838,ต้องไปจัด,positive,1
7839,7839,ที่รัก อยากกินอ่ะ,positive,1
7840,7840,แป้งเจ้านาง ดีงามค่ะ,positive,1
7841,7841,5555เบาๆๆๆๆ,positive,1
7842,7842,อาหมี รอบเช้า อยากกินอ่ะ,positive,1
7843,7843,ตะเกียบไม่ดี,negative,0
7844,7844,299ต้องจัด,positive,1
7845,7845,ไม่ได้กินนาน เพิ่งไปกิน เดี๋ยว นี้ ราคาแพง มากจิงๆ ไม่คุ้มกับอาหาร หมูก็ เหนียว ที่เซนทัลเวอ์ นะ,negative,0
7846,7846,วันนี้ซื้อนักเกตมา กินไม่ได้ แห้งแข็งกัดแทบไม่เข้า ปาหัวหมาแตกได้เลย 😓,negative,0
7847,7847,ทำไมลีโอมันไม่อร่อยเลยอะ ที่เคยกินมันอร่อยกว่านี้อะ ใครทำอะไรกับลีโอ!!! //ทึ้งหัว,negative,0
7848,7848,ไปกินเนาะ,positive,1
7849,7849,ใช้ครีมกันแดดบีโอเลย์ที่คนใช้เยอะๆหน้านุ้ยังแพ้เล่ย ต้อแต้ไปหมดล้าว,negative,0
7850,7850,ปี 2550 : ยุบพรรคไทยรักไทย ปี 2551 : ยุบพรรคพลังประชาชน ปี 2562 : ยุบพรรค #ไทยรักษาชาติ ? ยุบพรรคการเมืองอยู่ฝั่งเดียวแบบนี้ มันก็สะท้อนมาตรฐานของความยุติธรรมในประเทศนี้ได้ดีมากเลยครับ,negative,0
7851,7851,อ้าว แล้วนี่นานาประเทศไม่ยอมรับอยู่เหรอครับเนี่ย ก็เห็นประเทศเป็นปกตินี่ นักลงทุนก็มา นี่ฮาเลย์มาตั้งฐานผลิตที่นี่นะ รู้ยัง (สงสัยปืนจ่อหัวมา 555) แต่จำได้ว่าฮอนด้าย้ายฐานการผลิตบริโอ้ไปประเทศอะไรน้า นึกไม่ออก ขี้เกียจแลกเปลี่ยนละ ถามก็ไม่ตอบ อ้อ ในรูปน่ะ คนนี้ปะที่ชอบไปพูดกันว่าเค้าไม่คบน่ะ 555 กัดฟันกรอดๆ กันเลยใช่มะ ฮี่ๆๆ ลาก่อยยย นปตหม,positive,1
7852,7852,รูปโฆษณาดูดีน่ากิน ของจริงอย่างกับผัดข้าวเหลือๆตักมาเสริฟ เลิกสั่งมานานแล้ว แพงอีกต่างหาก สั่งข้าวสวยอร่อยกว่าเยอะ,negative,0
7853,7853,นี้แน่,positive,1
7854,7854,สาขา Terminal21 เสิร์ฟติมช้าาาาาามากกกกกกก สั่งแล้วสั่งอีกก็ยังไม่ได้กิน จากอิ่มๆ รอไอติม จนหิวอีกรอบ กินหมูอีกรอบ ไอติมก็ยังไม่มา ใบคอมเพลนไม่มี จนเรียกเก็บเงินสักพักถึงจะมา,negative,0
7855,7855,นี่ไง!!!,positive,1
7856,7856,กินป่าวๆ,positive,1
7857,7857,โอเครวันเกิดเลี้ยงนี้ใช้ป้ะ 55555,positive,1
7858,7858,ก็อย่างว่าละครับอะไหล่ toyota หาง่ายมีให้เลือกเยอะและราคาถูกกว่า honda,negative,0
7859,7859,ได้ !,positive,1
7860,7860,หมดเขต29ธันวาพี่เเอมไม่จำกัดเวลาด้วย,positive,1
7861,7861,โอ้ยย...เสียดายเอาเงินไปจองรถหมดล้าววววันนี้😂,negative,0
7862,7862,กูสมเพชกับพวกที่โพส พูดมาได้บุหรี่ไฟฟ้าไม่เป็นอันตรายต่อคนรอบข้าง โง่หรือฉลาดว่ะ หัดไปหาข้อมูลอ่านมั่ง แุถมยังพูดกับตรรกกะโง่ๆๆ ช่วยเลิกบุหรี่ มันช่วยเลิกตรงไหนว่ะ ดีแล้วที่ประเทศไทยไม่ให้ขาย และผิดกฎหมาย ปากแม่งบอกรักประเทศ แต่เอาของเหี้ย ๆๆ ของฝรั่งมาขายในประเทศ ทำเป็นแฟชั่น,negative,0
7863,7863,ผลงานที่ระยำพอๆกันอีกชิ้นนึงของพรรคแมลงสาบ คือ การแก้ไข พรบ.จัดระเบียบสำนักงานทรัพย์สิน ในปี 2491,negative,0
7864,7864,เห็นเขาบอกเล็งรุ่นนี้เพราะใช้เครื่องกับเกียร์เดียวกับอัลติส #ซ่อมง่าย,positive,1
7865,7865,อะไรๆก็หมี่หยกเป็ด งั้นขอเดาว่าพี่โฮมเป็นพนักงานเอ็มเคค่ะ อิสัด #ไทม์มิ่งแบคฮวี,negative,0
7866,7866,ไว้ไปกินวันไหนดี,positive,1
7867,7867,ถ้าเผ็นผมนะจะอัดวีดิโอให้ด้วย...อยากจะรู้ว่าจะพูดว่างัยแล้วทางตำตรวจจะจัดการยังงัย,negative,0
7868,7868,ไปกับอิโบเด้ออ,positive,1
7869,7869,เป็นเบาหวานไง กินโค้กไม่ได้🙄,negative,0
7870,7870,กินยานอนหลับไปแผงนึง กับสเมอนอฟ ก็ยังหลับไม่ทันใจเท่าที่พ่อแม่อยากได้สักที กุเป็นimsomniaนะ ไม่ได้เป็นหวัด,negative,0
7871,7871,ตอนนี้ titan ยังไม่เข้าแน่นอนในตอนนี้ค่ะ ยังไงต้องรอลุ้นนิสสันอีกทีนึงจ้าา,positive,1
7872,7872,พูดมาก รำ555555,negative,0
7873,7873,โตโยต้าพรีอุส เบี้ยประมาณหมื่นห้าเกือบหมื่นหกอ่ะถ้าจำไม่ผิด กูได้ส่วนลดจากที่เอ๋เป็นพนง.บริษัทในเครือด้วยอ่ะ อย่าทำกับแม่งเลย ไม่ดี ทำงานช้า ถ้าไม่ได้ส่วนลดกูก็ไม่อยากต่อกับมันอ่ะ,negative,0
7874,7874,เบียร์หมีไม่เห็นหร่อยเบย,negative,0
7875,7875,ลองแล้วอร่อยจริง😘,positive,1
7876,7876,ทางเลือกใหม่ แทนบาบีก้อน,negative,0
7877,7877,ป้ะๆ ไปกันนนนน น้าาาา,positive,1
7878,7878,เบื่อละ,negative,0
7879,7879,มาอ่านเฉยๆ เกิดมาเคยไปกินแค่ครั้งเดียว ตอน ม.2 จากนั้นก็ไม่ได้ไปอีกเลย #ไม่ใช่ว่าไม่อร่อยนะคะแต่ไม่ค่อยมีตัง55555555,positive,1
7880,7880,วันที่หิวมากๆ จะดี,positive,1
7881,7881,สั่งน้ำเป็ดถ่วยนึงไปก็ไม่ได้กิน ทำงานกันเหมือนต้องมาขอกิน พนักงานชุดนี้โครตแย่จริงๆทั้งหมด ไม่เหมือนชุดเก่าที่เคยมากิน ยิ้มแย่ม สดใส เอาใจใส่บริการ เมื่อว่านบอกตรงๆเลยท่าไม่ติดว่าให้เกรียจน่ะมีระเบิดแน่กับพนักงานชุดนี้,negative,0
7882,7882,มั่วแล้วเบียร์ช้างราคาเดิม.55,negative,0
7883,7883,ทำไมสาขาโลตัสพิษณุโลกไม่เข้าร่วมโปร 299 อะคะ เมื่อวานไปกิน 5 คน ราคา 379 เสียใจ แต่ก็กิน,negative,0
7884,7884,ลองแร้วไม่ชอบรู้สึกหวานไป ปกติกินป๋องดำ...ป๋องดำเมาเร็วกว่า,negative,0
7885,7885,เห็นรีวิทีไรแอดก็เทใจไปทาง Royal Stag ว่าขวดสวย มีลูกกลิ่ง แพ็กเกจดีดูพรีเมี่ยม คหสต ผมว่า bell ดื่มดีกว่านะ แค่ไม่มีลูกกลิ้ง 😁😁,negative,0
7886,7886,ชอบตัว Mamonde Creamy Tint Color Balm Intense สีเบอร์ 20 ที่สุดเลยค้า ตั้งแต่เห็นรีวิวจากบล็อคเกอร์หลายๆคนก็รีบวิ่งไปซื้อตาม พอได้มาก็ไม่ผิดหวังเลยค้า เนื้อเนียนนุ่ม สีสวยติดทนมาก แถมเรายังเอามาทาปาก ทาแก้ม ทาตา ได้ด้วย มัลติฟังก์ชันสุดๆ และสีก็เป็นธรรมชาติม้ากกกกก เลิ้ฟสุดๆ จะพยายามมีให้ครบทุกสีเลยค่า5555555555555 ชอบมากจริงงงๆๆ <3 <3 <3,positive,1
7887,7887,นึกว่าย้าย เสียดายเลยจะกินที่ไหนล่ะทีนี้,negative,0
7888,7888,กินกันไหม,positive,1
7889,7889,นี่ก็เลือกถ้าเลือกได้จะกินแต่มองต์เฟลอ ถ้าไม่มีให้เลือกก็อะไรก็ได้ที่ไม่ใช่สิงห์😂😂,negative,0
7890,7890,จะบอกว่าสาขาโลตัสภูเก็ตพนง น้อย บริการช้า เพิ่มพนง หน่อยค่ะ จะได้ทั่วถึง รสชาติอร่อยเหมือนเดิม,negative,0
7891,7891,555555 ปลอบใจห่าไร กูอยากกินอีกแล้วเนี้ย,positive,1
7892,7892,กูเลิกแดกเบียร์สิงห์แล้วเว้ยยย นั่งกินเชี่ยงชุนแทน,negative,0
7893,7893,หูวววววว ความอ้วนจะไปไหนไกล 55555,positive,1
7894,7894,ทวิตเนื้อหมูบาร์บิก้อนวันนั้น ทำเอากูไม่กินเนื้อไม่ได้จนถึงตอนนี้ #ถึงจะแค่วันเดียวก็เถอะ #เรื่องกินเรื่องใหญ่ #บาร์บีก้อน,negative,0
7895,7895,กุแดกละกลับมาแดกลีโออร่อยกว่า555,positive,1
7896,7896,เอ็มเค๊😮,positive,1
7897,7897,มันจะเงียบไม่เงียบ แต่กลุ่มคนทำเค้าก็ไม่ได้อยู่เฉยๆนะครับ จะปล่อยให้มันผ่านๆไป ให้โดนจับกนอย่างงี้หรอ ไม่ช่วยก็เงียบๆเลยครับ คนทำเค้าเสียกำลังใจ สู้เพื่อสิ่งที่ถูก เค้าทำเพื่อทุกคนที่ต้องการเลิกบุหรี่ ทำทุกอย่างที่ทำได้ ดีกว่าไม่ทำอะไรเลย,negative,0
7898,7898,ต่อไปพวกกูจะไม่กินน้ำสิงห์,negative,0
7899,7899,วันสายๆของคุมแม่ พี่แท็กซี่ก็พาอ้อมให้สายไปอีก 😒,negative,0
7900,7900,โหวตให้Soundtlss ST คะ เลือกสูตร #bifesta สูตร moist เหตุผลที่ชอบคือ ชอบแต่งหน้าแน่นมากกกก แค่ใช้บิเฟสต้าล้างคือก็สะอาด เเล้ว ไม่ต้องใช้ตัวอื่นเลยยยย ใช้มา2ขวด หน้านุ่มขึ้นเยอะเลย ปกติหน้าแห้งมากกกกกกก จนมาเจอบีเฟสต้านี้เเหละ ดีจริง ชอบจริง รักจริง เนื้อมูสดีมากกก นุ่มมาก กลิ่นหอมมากกเเทบอยากจะกลืนกิน,positive,1
7901,7901,กุกลับ25ทันอยู่ๆไปป่าว,positive,1
7902,7902,วัดใจกันค่ะบาบีก้อน,negative,0
7903,7903,ประเทศไทยอยากได้อะไรว่ามาเลย มันจะได้ถูกต้องชะที,positive,1
7904,7904,ใช่ๆน้องนิ้ง โอเคเลย,positive,1
7905,7905,หาเบียร์หมีไม่เจออีกโล้วววว,negative,0
7906,7906,จะรอ จะกินกับบเธออออแง,positive,1
7907,7907,ทำไมเล่น E-cig รอบนี้เหมือนปอดจะพัง ไอไม่หยุดเลย,negative,0
7908,7908,"มันก็แปลกที่ว่าสามปีมานี้ มีธุรกิจ ""ริมทาง"" ขายดี จนทำไม่ทัน แปลก ที่ว่าธุรกิจเดลิเวอรี่ทำรายได้ดีจนเกิดการแข่งขันหลายแบรนด์ แปลกที่ว่าตลาดนัดหลายที่มีทัวร์จีน คนไต้หวันมาจับจ่ายแน่นขนัด แปลกที่ว่ายอดการซื้อของออนไลน์ไทยสูงที่สุดในเอเชียตะวันออกเฉียงใต้",negative,0
7909,7909,มันจะมีเพื่อนบางคนที่บอกว่า กุอ้วนนนนนนน แต่คือถ้าเมิงผอมกว่านี้ก็น่าจะปลิวละเวลาลมพัด รมย์เสีย! #100PIPERS #GiveFriends100%,negative,0
7910,7910,ชุ้นไม่อยากกลั้นใจซื้อในเว็บอินนิสฟรี มันแพงปัยยย แต่ถ้าหาไม่ได้จริงๆก็คงต้องกัดฟันซื้อ 😭,negative,0
7911,7911,ไม่ชอบไม่ใช่รึ,negative,0
7912,7912,ขอลิงค์ลงชื่อด้วยครับ,positive,1
7913,7913,ต้องไปชิมล่ะ,positive,1
7914,7914,อ๋อ...โดนหลอกมากินเบียร์... เบียร์สิงห์... หื้มมมมมมมมมมมมม,negative,0
7915,7915,แสงโสม. ก้อยขม. ต้มแซ่บ,positive,1
7916,7916,เดวขอไปจัดบาบีก้อนกับพี่ใจก่อนน,positive,1
7917,7917,ยังกล้ากินอยู่รึป่าววววววววว,negative,0
7918,7918,ตายคาบุหรี่ไฟฟ้า,negative,0
7919,7919,ประเทศที่พิมบัตรไม่ทัน ทั้งๆที่ใกล้เลือกตั้ง ประเทศที่เงินในคลัง ควักไปฉลองปีใหม่ ประเทศที่โพลล์ให้ผู้นำเป็นขวัญใจประชาชน ประเทศกูมี #ประเทศกูมี,negative,0
7920,7920,สปายกินไม่ได้เรยแพ้แรง,negative,0
7921,7921,วันไหนดีคับ,positive,1
7922,7922,น่ากินเนาะ เเพงไปหน่อย,negative,0
7923,7923,คนที่หายใจไม่ออกตอนดูคลิปพี่เซ้นต์หมุนอิพลุเขียวๆ รอบตัวมากองรวมกันตรงนี้ที มาหามศพฉันที,positive,1
7924,7924,ที่แย่สุดของการไปกินข้าวคนเดียวคือไรรู้ปะ คือการไม่มีคนเฝ้าของที่โต๊ะให้เว้ย อย่างฮอทพอทเงี้ยมันต้องลุกไปตักเองเรื่อยๆ แล้วของที่โต๊ะทำไงล่ะคะ ฮือ บางทีก็อยากชวนโต๊ะตรงข้ามที่มาคนเดียวเหมือนกันมานั่งซะด้วยกัน ประหยัดที่ให้ร้านด้วย ช่วยกันเฝ้าของด้วย,negative,0
7925,7925,เออจิงอิเห้ เซนเวิลคือวงกตที่ม้ แค่อินนิสฟรีไปมูติกุก้จะลืมแหล่ไม่ลืมแหล่ วนหาทางออกที่ตัวเองเข้าอีกนี่แบบ ตายไปเรย,negative,0
7926,7926,ด้วยคนครับ,positive,1
7927,7927,บุหรี่ไฟฟ้ายึดรถติดคุก กุว่าเอาเวลามาจับยาบ้าแถวบ้านกุหน่อยดีมั้ยแม่งขายเป็นลูกอมเลย,negative,0
7928,7928,ไปเดวเลี้ยง,positive,1
7929,7929,บ่อยาก,negative,0
7930,7930,พร้อมเสมอ 🤤🤤,positive,1
7931,7931,พรบคู่ชีวิต คือมึงกั๊กหาอะไร,negative,0
7932,7932,ติดอย่างเดียวไม่มีลูกกลิ้งเทไม่ระวัง แดกเพลียวครับ,negative,0
7933,7933,หยุดงานวันอาทิตนี้ คนอื่นอะ,positive,1
7934,7934,ขอบคุณ ทุกคนมากเลยครับ กลับไทยผมจะไปร่วมอีกทาง ถ้าเป็นไปได้ ขอบคุณจริงๆ,positive,1
7935,7935,มันมีหลายรสน่าลองwww ฟูลมูนเคยเห็นแม่กินแต่ยังไม่เคยเลยค่ะ u u นี่ถ้าติดมหาลัยจะลองหลายๆรส /แล้วก็เมาแตก---,negative,0
7936,7936,อยากกินบาบีก้อน,positive,1
7937,7937,อยากกินอะไรครับพี่เดี๋ยวซื้อไปเยี่ยม,positive,1
7938,7938,ปวดหัวครับ,negative,0
7939,7939,บอกกูจัลดราตาให้ สุดท้ายไม่ลด ให้ซื้อโปรแกรมไม่ต้องใช้ไง แม่ง !!! 😤 #โรงพยาบาลกรุงเทพขอนแก่น,negative,0
7940,7940,#มาสด้าไม่ได้ประหยัดกว่าชาวบ้านเค้า?? ถ้าเฉลี่ยทั้งแบรนด์ ยี่ห้อดังๆเสียเปรียบ มาสด้ามี3-4รุ่น ส่วนแบรนด์ดังมี5-6รุ่น ขนาดเครื่องก็มีให้เลือกมากกว่า โตโยต้ามีเครื่อง 1.2 1.5 1.6 1.8 2.0 2.4 2.5 2.7 2.8 3.0 คิดเอาดู เอามาเฉลี่ยยังไงก็เสียเปรียบ,negative,0
7941,7941,ยอดเยี่ยม,positive,1
7942,7942,ส่วนที่หายไป คือ B ชอบอะไร ใน NEW HONDA CIVIC RED ชอบรูปทรงและสีแดงดูเท่ห์ดูดีมีระดับ สวยทุกมุมมองจริงๆ <3,positive,1
7943,7943,"มันไม่ใช่พรบ.ที่บัญญัติให้เพศเดียวกันแต่งงานกันได้โว้ย ""คู่ชีวิต"" ไม่ใช่ ""คู่สมรส"" พรบ.คู่ชีวิตเป็นการกำหนดให้คู่ชีวิตมีสิทธิหน้าที่ในการอุปการะเลี้ยงดูกัน รวมถึงสิทธิในการยินยอมรักษาพยาบาล อำนาจจัดการศพ ดำเนินคดีอาญาแทน ฯลฯ และมีข้อยกเว้นอีกเยอะ แต่ไม่ใช่ให้อำนาจแต่งงานอ่ะ.....",negative,0
7944,7944,บาบิก้อน ออกมาขอโทษเป็นจดหมายพร้อมบอกเรียกคืนเนื้อวัวทั้งหมด แต่สุดท้ายบอกจุดที่เห็นไม่ใช่พยาธิ 555555555 ได้เลยจ้าาาาาา 555555555,negative,0
7945,7945,ป้ะไปเลย,positive,1
7946,7946,เจอ honda civic 1.8 EL ทำสีแดง ไม่สวย แปลกๆ ไฟท้ายก็แดง ป้ายก็แดง บอดี้แดงอีก,negative,0
7947,7947,เดียวเราดูก่อนนะน่าจะดึก 👍🏻,positive,1
7948,7948,วันนี้เราเข้าไปทานHotpot สาขาเซ็นทรัลพิษณุโลก ในราคา379 แต่สาขาไม่เสริ์ฟสันคอหมูสไลด์ตั้งแต่เริ่มเข้าจนออกเลยค่ะ เราเข้าตอน5โมง ลูกค้ายังไม่เยอะเลย จนออกมาประมาณทุ่มครึ่ง เราก็ไม่เห็นว่ามีสันคอสไลด์มาลงนะคะ เราแจ้งพนักงานแล้ว พนักงานแจ้งว่ารอสักครู่แต่ก็ไม่มีมาเสิร์ฟเลย ไม่เข้าใจค่ะว่าทำไมพนง.ไม่เอามาลง เข้าไปเพราะอยากลองซุป4หม้อและอยากทานกับสันคอสไลด์ คือสาขานี้ก็ไม่ได้ร่วมโปร299 อะไร จ่ายเต็ม 379 สิ่งที่อยากทานก็ไม่มีเอาลง ลูกค้าเสียความรู้สึกค่ะ ฝากแจ้งผจก.สาขาเซ็นทรัลพิษณุโลกหน่อยนะคะ เราไม่แน่ใจว่ามาcomment ถูกต้องไหม ตอนแรกจะเขียนใบcommentตรงแคชเชียร์แต่หาไม่เจอ แต่เราอยากแจ้งเพื่อคงคุณภาพของร้านค่ะ ถ้าผิดพลาดยังไงก็ขออภัยนะคะ ขอบคุณมากค่ะ,negative,0
7949,7949,ตัวไม่มีบัตสมาชิก,negative,0
7950,7950,เขาช้ามากเลย เราเร่งกับเขาให้ตลอดนะคะ กรณีเดียวกับลิป mamonde เลย ㅠㅠ ได้ของแล้วจะส่งให้ภายในวันถัดไปเลยค่ะ และที่แถ…,negative,0
7951,7951,อีก๊องอยากกินแล้ว.,positive,1
7952,7952,แล้วรถบ้านทั่วๆไปแบบ civic vios camry เสียภาษีแบบไหนบ้างครับ แบบไม่รู้จริงๆ,negative,0
7953,7953,ทีหลังแดกหงส์แบนได้ไม่ม่ปัญหาแบล็คลิตรมันแพง,negative,0
7954,7954,อยากกินบาบิก้อนสัสสสสสสสสสส,positive,1
7955,7955,น่าสนๆ,positive,1
7956,7956,very interesting ka,positive,1
7957,7957,เหล็กบางเหล็กหนา รองดูเชกเม้นเดียวกัน ราคาไกล้เคียงกัน อย่างโตโยต้ากับฟอดมันก็ต่างกันเยอะเเล้วนะคับ ถุงจะถุงลมเยอะเเต่ถ้าเหล็กโครงสร้างห้องโดยสารมันยุบใส่กันมันก็ตายนะคับ ยอมรับความจริงบ้างนะคับ ไม่ใช่ดื้อกันดันทุรังอย่างเดียว มารวมตัวกันดีกว่าคับ เพื่อเป็นข้อต่อรองให้บริษัทมันผลิตออกมาเพื่อให้มีคุณภาพมากที่สุด เพื่อให้เป็นประโยชน์ต่อผู้บริโภคมากที่สุด เเต่ตอนนี้โตโยต้าใช้วัสดุไม่สมกับราคา กั๊กออฟชั่นดีๆ เอาเปรียบผู้บริโภคเป็นอย่างมากคับ,negative,0
7958,7958,อร่อยจนตัวบวม🙊🤫,positive,1
7959,7959,หาแต่แนวกิน,positive,1
7960,7960,จะเอาอาราย กะผุ้ชายปากหมา อต มีไหมอีอ้วน,positive,1
7961,7961,น่าลองงง ไปลองกันนะแฟน,positive,1
7962,7962,รอใบเสร็จเอ็มเคมาประมาณ10นาทีละ พนักงานเขาก็เดินมามอง ๆ เหมือนว่าทำไมเราไม่ไป เพราะเงินทอนมัน 1 บาทอ่ะ555555 พี่คะหนูจะเอาใบเสร็จ,negative,0
7963,7963,เอ็มเคไม่เอา เบื่อ,negative,0
7964,7964,ธนาคารกสิกรนายเอาใจเราไปเลย #เสือดำ,positive,1
7965,7965,ใครชอบร้องไปแดกก,positive,1
7966,7966,อยากได้น้ำหอมRalph Lauren ค่ะ ถ้าได้ฉีดพรมออกไปชิลๆตอนหน้าร้อน จะรุสึกสวยมากกกก 😘#happywednesday #priewonline,positive,1
7967,7967,หิวๆๆ,positive,1
7968,7968,รวยมากมั้งง,negative,0
7969,7969,ดีนะเราไม่กินเบียร์ช้าง555,negative,0
7970,7970,จะใช้ผ้าอนามัยแบบไม่มีปีกล่ะ มีปีกมันสีขาหนีบ เจ็บ หรือกูแพ้วะ งื้ออออ ความทุกข์ทรมานของผู้หญิง,negative,0
7971,7971,ช่วยตรวจสอบให้หน่อยนะแนตกากมาก5วันเสีย3รอบ,negative,0
7972,7972,เป็นกำลังใจให้ครับผมอยู่ต่างจังหวัด สู้ๆครับ,positive,1
7973,7973,13อ่ะได้ม่ะ,positive,1
7974,7974,กานิเย่แพ้ยันมือ เคยเอาโฟมของแม่มาลองใช้ มือลอกไปด้วย แรงเกิน แล้วตอนล้างนี่ใช้ perfect weep นี่ก็ได้ใช้มะ,negative,0
7975,7975,รถสวยมากๆ โชว์รูม ก็กว้าง สะอาด #ToyotaBuzz #MOTORSHOWยกมาที่นี่,positive,1
7976,7976,Ford Ranger Raptor มันแพงที่ช่วงล่างนะครับ ไม่ได้แพงที่เครืืองยนต์ เพราะฉะนั้น EV คง+เพิ่มไม่มาก,negative,0
7977,7977,กินชาดีกว่า ได้หลายชุดเลย,negative,0
7978,7978,อยากได้ผ้าอนามัย ต้องเอา โมเดสแบบไม่มีปีกเท่านั้นนะ แม่งต้องเสียตังซื้อทุกเดือน,negative,0
7979,7979,ช้าง..สิง..รสชาดจะออก..หวานๆติดตรงปลายลิ้น.เหนียวคอหอยยังไงไม่รู้.กระผมกินมาแล้วเลิกเลย..ใช่จะโจมตีใดๆ..ขวดสีอะไรก็ไม่ว่ากัน...รสชาดมากกว่า..จุดมุ่งหมายคือเมา..แต่จะเมาทั้งทีต้องมีอรรถรส,negative,0
7980,7980,เยสเข้ หันมาสูบกัญชาดีกว่าไหม ไอ้ชิบหาย เอาคนแก่มาแม่งก็เป็นแบบนี้,negative,0
7981,7981,"อีกหน่อย น่าจะมีวันรำลึกถึงเหตุการณ์การเลือกตั้งในครั้งนี้ที่งงกันเกือบทั้งประเทศ คำขวัญแบบ ""24 มีนา ชาวประชา อิหยังวะ"" #เลือกตั้ง62",negative,0
7982,7982,ได้ครับ..ผมใช้แต่รถโตโย ส่วนใหญ่ ยอมรับว่าช่วงล่างอันตรายครับตัวถูก ถ้าฟอร์จูนขับสี่ ทำช่วงล่างพอสู้เค้าได้นิดหนึ่งครับ ผมใช้หลายยี่ห้อถ้าขนของก้อใช้ โตต้า ยอมรับระบบความปลอดภัยฟอร์ดครับ..ขับจี้ท้ายใครไฟกระพริบเตือนจนเรารำคาญสุดท้ายต้องชลอ ตามมัน ตัวถังเค้ากินขาดครับ,negative,0
7983,7983,อีชิบหาย กูบิดจีวองชี่อีกแล้ว,negative,0
7984,7984,เป็นการเมาที่อะไรก็ไม่รู้ในรอบหลายปี ผีบ้ามากกินแค่สเมอนอฟป๋องดำ 2 เบียร์2 ขวดเล็ก ลองไอร์แลนด์ 1 ภาพเกือบตัดแม่เอ้ย บ่เอาละเด้อ แฮงค์มาก,negative,0
7985,7985,ใช้ดีจึงบอกต่อ! รีวิว”ถ้วยอนามัย”ไม่น่ากลัวอย่างที่คิด สบายกว่าผ้าอนามัยตั้งเยอะ!(มีคลิป),positive,1
7986,7986,เป็นคนที่ชอบกินปิ้งย่างมากนะ แต่ไม่ค่อย เข้า Bar B Q plaza เลย ตัดคะแนนความอร่อยของน้ำจิ้ม กลิ่นถั่วโชยมา,negative,0
7987,7987,"มันคือฝีครับมันบอกไว้ในใบอยู่ว่า""chronic inflammation and multifocal small-size abscesses are found in connective tissue""",negative,0
7988,7988,😙😙ขอแค่นี้ก้อพอ เค้าก้อจะรักตัวเองเหมือนวันแรกที่รู้สึกกัน,positive,1
7989,7989,เบน285 แม่โขง แสงโสม รีย์ ก็ดีน่ะ 555,positive,1
7990,7990,เหมา อิเหี้ยยยน อินนีสฟรี!!!!!!,negative,0
7991,7991,รอทีตังก่อนน้อออ.,positive,1
7992,7992,กลางคืนค่ะมันสบายดีเเละซึมซับได้ดีค่ะ ใส่ทั้งกลางวันเเละกลางคืน #รักเลยลอรีเอะ😍,positive,1
7993,7993,น่าสนเนอะ,positive,1
7994,7994,ชอบมิตซูบิชิมาก ใช้ดีมากเคยใช้ L200 ทนสุดๆ คุ้มค่าเงินสุดๆ ถ้าจะซื้อคันใหม่ ชอบมาก ปาเจโร่ ถ้ามีตัง,positive,1
7995,7995,ไม่ได้เทียบขนาดรถครับ เทียบความประหยัดน้ำมัน CRVดีเซล ประหยัดกว่า HRV อีกครับ ขับทางไกลว่ากันที่ 18-19 โลลิตร เลยอยากรู้ว่าไฮบริดตัวนี้วิ่งทางไกลจะได้ประมาณเท่าไหร่,negative,0
7996,7996,ขอบคุณ e-TOYOTA CLUB ที่จัดกิจกรรมที่สนุกสนานและมีประโยชน์ต่อสังคมนะคะ รัก TOYOTA 😍,positive,1
7997,7997,ชอบรถเก๋งMazda 3 ชอบsport เอนกประสงค์ Ch-r ตอนนี้ชอบ Ch-r มากกว่า555,positive,1
7998,7998,ดีมากๆๆเลย,positive,1
7999,7999,show dc คนร้าง และเงียบเหงามาก,negative,0
8000,8000,จะกินชุดนี้,positive,1
8001,8001,บาร์บีก้อนก็มีบุฟเฟต์แล้วนะ,positive,1
8002,8002,เธอบอกว่าเหล้าเบียร์ไม่เตะ🙌 เธอเสือกกะเดะไปจิบสปาย😂 #แคปชั่น #แคปชั่นกวนตีน #แคปชั่นเด็ด #แคปชั่นอ่อย #แคปชั่นโสด #แคปชั่นเสี่ยว,negative,0
8003,8003,Yaris รุ่น j eco ก็มี 90’s เหี้ยไรมึง ดัจจริต ปล.กูขับ GK,negative,0
8004,8004,อีโกคาร์ นิสสัน โน๊ต รุ่นนี้ราคาดี โปรนี้น่าสนอยากได้ ต้องไปทดลองขับ ผ่อนแค่ 4150.-,positive,1
8005,8005,เราใช้อยู่ค่ะ ใช้มาตั้งแต่เด็กๆเลยเพราะแพ้ผ้าอนามัยแบบแผ่น ขอบอกว่าสบายมากค่ะ แทบไม่รู้สึกเลยว่าใส่ แต่ข้อเสียคือแพงค่ะ,negative,0
8006,8006,ไม่เคยกินอ่ะ,negative,0
8007,8007,อยากไปโยกตัวออกสเตปและร้องดังๆไปกับเพลง“Roar”เพลงนี้เลยค่ะเป็นเพลงที่เราชอบมากที่สุดของKaty❤️ ปลุกใจเราได้ดีมากๆช่วงที่ดาวน์ๆฟังเพลงนี้ทีไรมีกำลังใจขึ้นมาตลอด💪🏻 ถ้าพูดถึงสาวKaty ไม่มีใครไม่เคยฟังเพลงนี้แน่นอน!! จังหวะทำนองติดหูมาก~ ถ้าได้เป็นผู้โชคดีก็อยากจะไปกับเพื่อนคนนี้เลยค่าา ช่วงนี้เพื่อนเครียดๆเรื่องงาน อยากชวนเพื่อนไปrelax เราไปออกสเตปเต้นกันน้าาา✨💃🏼💃🏼 #Singhamusic,positive,1
8008,8008,เห็นรีวิวโรลออนอีฟโรเช่อแล้วนึกถึงสมัยกุใช้ออเรนทอล แม่งหอมเหี้ยๆอะ แบบหอมทั้งวัน ชอบมาก แต่แม่ง่ติดตรงมันเหนอะ รัก…,negative,0
8009,8009,พอๆ กันเเหละ แพงกว่านิดเดียว,negative,0
8010,8010,ขอบคุณทุกๆท่านครับ,positive,1
8011,8011,น้องมิคไนท์ น้องเชียงชุน น้องลีโอ น้องช้าง น้อง285 น้องแม่วัง น้อง28ดีกรี่ น้องแสงโสม น้องแอลเอ็มเขียว,positive,1
8012,8012,ทำได้ครับ แต่ดีไซต์สวยๆเขาจะเก็บไว้ใช้ในรุ่นที่เหนือกว่านี้ครับ เป็นการตลาดอย่างนึงที่จะขายรถได้ในราคาแพงๆ ถ้ารุ่นถูกสวยกว่า เดี๋ยวรุ่นแพงจะขายไม่ออกครับ เหมือนโตโยต้าที่ตั้งใจออกแบบเล็กซัส ให้สวยกว่าโตโยต้า ถ้าโตโยต้าสวยกว่าเดี๋ยวเล็คซัสจะขายไม่ออก เพราะราคาแพงกว่า,negative,0
8013,8013,จะไปยืมnetflix พี่ก็เลยรู้ว่าติดอาลัมบรากันทั้งบ้าน รอตอนต่อไปไม่ไหวแร้วว #NetflixAlhambra,positive,1
8014,8014,อยากโดน...,positive,1
8015,8015,กินสาหร่ายมาชิตะ กับเบียร์ไฮเนเก้น โคตรไม่ไหวอะ มันทำให้เบียร์ขมขึ้นไปอีก พักก่อน,negative,0
8016,8016,หือออ..อยากลอง น่ากินอ่ะ,positive,1
8017,8017,แต่ไม่เอาซีวิคได้ม้ะ,negative,0
8018,8018,ภาพถ่ายจากดอยสุเทพตอนตี 3 วิวโคตรสวยเลย,positive,1
8019,8019,อยากกินบาบีก้อนงะ🤣😅,positive,1
8020,8020,ใช่พนักงานร้านนี้แปลก ดูเหวี่ยงไม่รับแขกไม่บริการ เรื่องคุยข้ามหัวผัวเมียเปียแชร์เคยเจอกับตัวที่สาขาเมกะบางนา จากนั้นก็ไม่เข้าอีกเลย ไป sephora / Watson ยังดีกว่า,negative,0
8021,8021,คีลส์นี่จะแพงไปไหน ขอเทสเตอร์วนไป แพงจะเปงลม,negative,0
8022,8022,🎉🎉,positive,1
8023,8023,บุหรี่ไม่ดีก็เลิกผลิตซิครับ,negative,0
8024,8024,ฝี แหวะ,negative,0
8025,8025,เพื่อนอย่ารีบกลับบ้าน,positive,1
8026,8026,เห็นคิวแท็กซี่แล้วท้อ,negative,0
8027,8027,ขนาดไม่ค่อยแข็งแรงนะ ไปไหนมาไหนไม่ค่อยได้ยังรู้ไปหมดทุกอย่าง ไม่รู้ว่าท่านรู้ได้อย่างไรคนยากคนจนจะอดตายหมดแล้วน่ะ #พูดตามที่เค้ากรอกหูมามั้ง คนเราน่ะถ้าไม่ขี้เกียจซะอย่างอยู่กินอย่างพอเพียงทำไมจะอดตาย คนกรุงเทพฯ เห็นเดินตามห้างกินข้าวกินสุกี้ MK กินชาบูปิ้งย่างตามห้างทั้งหลาย ท่าทางก็ไม่ได้ดูว่าร่ำรวยมากมาย ซื้อของกินของใช้ทีนึงเยอะแยะเต็มรถเข็น เงินพอมีก็ไปซื้อหวยหวังรวยกับเลขชุด โอกาสถูกมีเท่าไหร่กัน คนถูกก็อวดลงข่าวตามหน้า นสพ. 18 ล้าน 30 ล้าน ซื้อเป็นชุดแบบนี้ไม่ใช่ราคาถูกๆ หวยกินไปเท่าไหร่แล้ว คนยากจนจริงๆ ก็มีไม่เถียงแต่ถ้ารู้จักประหยัดอดทนพอเพียงก็พออยู่ได้ ส่วนพวกที่บ่นว่ายากจนจะตายอยู่แล้วน่ะ ส่วนมากมันไม่จนจริงๆ กันทุุกคนหรอก ขอว่าให้ข้าฯ ได้ด่า ด่า ด่า เพื่อความสะใจพวกท่านทั้งหลายก็พอ,negative,0
8028,8028,ถ้ารุ่นเตี้ยเปลี่ยนกระจังหน้าเหมือนรุ่นยกสูงน่ะ คงได้มี รีโว่รุ่นแชมป์อีกแน่ ไม่รู้จะกั๊กทำไม,negative,0
8029,8029,พรุ่งนี้ได้ป่ะ,positive,1
8030,8030,ยอมใจ พวก พี่ ๆ ๆ เลย ขอบคุณคาฟ,positive,1
8031,8031,ป่ะ ไปคลายหนาว ทิ้งความเครียด กับดนตรีด้วยกัน พักสมอง มองภูเขา ดูทะเลหมอก #แสงโสม ที่บ้านคือแฟนพันธ์ุแท้ แสงโสม555,positive,1
8032,8032,พรุ่งนี้สอบเสร็จมันก้อจะหิวๆหน่อยแหละ555,positive,1
8033,8033,กูคงต้องใส่ผ้าอ้อมละ ผ้าอนามัยขนาดยาวสุด ก็ยังเล็ดลอดออกมาอีกนะ อิควัยยย 😠,negative,0
8034,8034,จะบอกว่า นั่งเฝ้าเลยค่ะ คุณแหม่ม พอเปิดมาก็เป้นงี้เลย เสียใจ,negative,0
8035,8035,พาไปกินหน่อยเจ้าค่ะ,positive,1
8036,8036,ทำไมmk ไม่ทำบุฟเฟ่ชาบูเหมือนร้านอื่นมั่ง กำไรมาเยอะละคืนกำไรให้ผู้บริโภคมั่งก็ดีนะ เดี๋ยวนี้ราคาแพงขึ้นแต่ของน้อยลง,negative,0
8037,8037,ชอบท่าที่ 3 ค่ะ ฝึกเต้นไว้แล้ว ญิ๋งเต้นได้ ชายเด้นดี น่ารัก ค่ะ #คนเล่นแป้ง2018 #ท่าเต้นเล่นแป้ง #clearsmoothallinone #maybellinethailand #makeithappen,positive,1
8038,8038,ชอบๆชอบมากๆคัพกินทุกวันกับเบียร์ไฮเนเก้นเบียร์อื่นไม่เอาเลย,positive,1
8039,8039,เมียไม่ชอบ,negative,0
8040,8040,รัฐบาลบริหารประเทศให้ล่มจม...ไม่ได้บริหารให้ดีขึ้น...เลยยอยากให้คนไทยย้ายสัญชาติไปอยู่นอกเลยย,negative,0
8041,8041,"ปัญหาของ CX-5 รุ่นเครื่องยนต์ดีเซลมีอาการที่ผู้ร้องเรียนเจอคือ ปัญหาน้ำดันและน้ำมันเชื้อเพลิงไหลไปปะปนกับน้ำมันเครื่อง จนเป็นสาเหตุทำให้เครื่องยนต์เสียหาย ผู้ใช้งานต้องเสียค่าใช้จ่ายในการซ่อมบำรุงเป็นเงินจำนวนมาก กลุ่มผู้ใช้รถ Mazda CX-5 จึงพากันรวมตัวโดยมีตัวแทนของกลุ่มคือ นายประชุม เหรียญดียิ่ง ได้บอกถึงสาเหตุและปัญหาของตัวรถจนทำให้ต้องเข้ามาร้องเรียนในครั้งนี้ว่า “ได้เคยร้องเรียนกับทางบริษัท Mazda ให้ตรวจสอบปัญหานี้หลายครั้งแล้ว แต่ก็ยังไม่มีความคืบหน้าใดๆ และช่วงที่นำรถยนต์เข้าศูนย์เพื่อให้เปลี่ยนเครื่องยนต์ ก็ต้องใช้เวลานาน 2-6 เดือน” ส่วนในเรื่องข้อเรียกร้องเบื้องต้นที่ทางกลุ่มผู้ร้องเรียนต้องการคือ ต้องการให้คืนเงินแก่เจ้าของรถที่ต้องเสียค่าใช้จ่ายในกาซ่อมบำรุงเครื่องยนต์ เพราะสาเหตุที่เกิดนั้นมาจากตัวรถของ Mazda เอง ไม่ใช่เพราะจากผู้ใช้งาน รวมไปถึงให้เพิ่มประกันรถยนต์เป็น 500,000 กิโลเมตรภายในระยะเวลา 10 ปี จากเดิมระยะเวลาประกันที่ Mazda มีให้แก่ผู้ซื้อนั้นเพียงแค่ 180,000 กิโลเมตรภายในระยะเวลา 6 ปีเท่านั้น โดยทางกลุ่มจะให้เวลากับทาง Mazda เพื่อตอบรับข้อเสนอหรือหาทางแก้ไขภายในวันที่ 15 ธันวาคมเท่านั้น ถ้าไม่มีความคืบหน้าใดๆ ทางกลุ่มจะเข้าร้องเรียนกับหน่วยงานของภาครัฐฯ ต่อไป >>>> เอามาจากต้นทางเรื่องนี้ <<<<<< ถ้าเป็นแบบนี้จริง Mazda ก็ควรออกมาตอบสังคมให้ได้ ว่าจริงมั้ย? >>>> เพราะฟ้องกลับแบบนี้คงตั้งใจให้เป็นตย. ไม่ให้ผู้บริโภค กล้าหืออือเลย ถ้ารถมีปัญหา <<<<<",negative,0
8042,8042,ซุปน้ำดำอร่อยดีแต่หวานไปหน่อย,positive,1
8043,8043,ไม่ชอบใช้ลอรีเอะเหมือนกัน,negative,0
8044,8044,แต่ผ้าอนามัยเกาหลีแบบแพงอะ,negative,0
8045,8045,All-New Toyota RAV4 เตรียมเปิดตัวที่นิวยอร์กปลายเดือนมีนาคมนี้,positive,1
8046,8046,สเมอนอฟคือความชิบหายในชีวิต,negative,0
8047,8047,พี่จะเลี้ยงหนูก็ไม่ขัดดด,positive,1
8048,8048,ฮรือแพ้นีเวียผื่นขึ้น😭,negative,0
8049,8049,น่าสนๆต่อด้วยrca 555,positive,1
8050,8050,เพราะเห็นน้องที่ทำงานใช้ละดี มีสารสกัดเมือกหอยทางและผสมทองคำด้วย เห็นน้องใช้ละดีเลยใช้บ้าง จนบริษัท snailwhite รู้ว่าใช้จึงให้เป็นพรีเซ็นเตอร์คะ ราคาไม่แพงด้วย,negative,0
8051,8051,เห็นโฆษณาเอ็มเคละก็อยากกินบะหมี่หยกเป็ดย่างทันที ไอชิบหาย,negative,0
8052,8052,คือปผ้าอนามัยแบบเย็นอ่ะมันดีจริงนะยอมรับ แต่คือเวลาไปอยู่กับคนเยอะๆแล้วคือมันมีกลิ่นเฉพาะของมันอ่ะกูเลยรู้เลยมึงเป็นเมน อื้มมมม,negative,0
8053,8053,เบียร์ช้างจะกล้าขึ้นราคาได้ยังไง เมื่อเดือนที่แล้วยังออกมาให้ข่าวว่ายอดขายเบียร์ลดลงมาก พอรัฐขึ้นภาษีถ้า ขึนขึ้นราคาตามลำดับขั้น ยิ่งจะซ้ำเติมยอดขายไปกันใหญ่,negative,0
8054,8054,กุตื่นเต้นนะเนี่ย เกิดมาไม่เคยเห็นพิธีพระบรมราชาภิเษก กุไม่ได้อายุเปงร้อยปี น่าจะอลังการน่าดู ตัดเรื่องชอบล้มเจ้าไป กุก้อยากเห็นพระราชพิธียิ่งใหย่แบบนี้สักครั้งในชีวิตอ่ะๆๆๆๆ,positive,1
8055,8055,หนูเพิ่งไปกินมาค่ะสั่งชุด299มา1ชุดได้น้อยมากของไม่ค่อยสดเท่าไรแล้วก็สั่งน้ำซุปเอ็มเคและน้ำดำแถมแมลงวันหัวเขียวมาอีก1ตัวแค่จะบอกว่าของแพงไปหน่อยค่ะ#เล่าสู่กันฟังค่ะ,negative,0
8056,8056,แฟนตัวจริงการ์นิเย่ แน่เลยค่ะ คุณคนนี้ ^^,positive,1
8057,8057,ถ้าเปลี่ยนไปนั่งเก้าอี้พลาสติก บนโต๊ะมีหงส์ทองนี่งานเด็กแว๊นชัดๆ,negative,0
8058,8058,ไฮลัก รีโว่ เยี่ยมจริงๆ,positive,1
8059,8059,จี บอกเค้านะเลือดพอโดนอากาศมันก็จะเกิดปฏิกิริยาเปลี่ยนสีไป และตอนกลางวันให้เปลี่ยนผ้าอนามัยทุก 4 - 5 ชั่วโมง ไม่ต้องรอให้เลือดเต็มผ้าอนามัย หรือถ้าช่วงมันไหลทะลักออกมาทีเดียวเต็มแผ่น ก็ไปเปลี่ยนเลย เพื่อสุขภาวะที่ดีต่อตัวจิมิของเค้าเอง ไม่อย่างนั้นมันจะมีกลิ่นออกมาจากตัวเค้า ไม่น่าเข้าใกล้ เมนส์เราก็จะมีลิ่มเลือดออกมา เป็นเยื่อบุผนังมดลูกที่ลอกตัวออกมา ถ้ามีอาการปวดท้องมากผิดปกติร่วมด้วย แบบปวดจะเป็นลม กินยาหรือประคบน้ำร้อนก็ไม่อยู่ ให้ไปหาหมอซะ,negative,0
8060,8060,ออๆๆลืมๆๆขอโทดๆๆๆ เสียใจด้วยนะจ๊ะ😟😟😟,negative,0
8061,8061,ข้างซองบุหรี่เขียนยาดองศพตัวเท่าควาย เสือกขายได้เต็มที่,negative,0
8062,8062,ชิปปี้ก็ยังคงพูดเสียงแบ๊วเหมือนเดิม ดูที่โปรโมทบาบิก้อนในเฟส555555 แต่ก็ไม่แบ๊วขนาดแต่ก่อนแล้ว,negative,0
8063,8063,555งื้ออ,positive,1
8064,8064,บาบีก้อน(สาคู) สาคูใส้หมู หุๆ,negative,0
8065,8065,#ช้างมิวสิคคอนเนคชั่น #ขอบพระคุณมากๆนะคะ เดินทางกลับบ้านปลอดภัยนะคะทุกคน,positive,1
8066,8066,ที่กำแพงเพชรมีโปรไหมคัฟ,negative,0
8067,8067,ได้เสมอ,positive,1
8068,8068,เละเทะไม่เหลือซากกก #johnniewalker #tasteofblack #keepwalking,negative,0
8069,8069,มันเป็นสิ่งที่คนเกินครึ่งประเทศอยากพูด เบียร์ช้างผมแพงเหลือเกิน#ผมวัยรุ่นสร้างตัว,negative,0
8070,8070,วันนี้ไปกินเอ็มเคใส่เสื้อฮาวายกางเกงยีนขาสั้นรองเท้าแตะช้างดาวเดินเข้าร้านพนักงานถามมาสมัครงานหรอ โห้งงเล๊ยคำแรกที่ต้องถามคือมากี่ท่านไม่ใช่หรอเอองง,negative,0
8071,8071,555ช่ายๆๆๆแดกเบคอนเสียหลัก,negative,0
8072,8072,MG3 ครับวัยรุ่นๆ ต้องรุ่นนี้ครับ น่ารัก สีสันสดใส ขับไปไหนก็มีแต่คนมองครับบ #MGCarsTH #PassionDrives,positive,1
8073,8073,ผมว่าหน้าจะออกกฎหมายใครอยากสูบให้ไปจ่ายภาษีออกใบจ่ายภาษีมาก็จบเอาปีต่อปีไปเลยเหมือนรถ,positive,1
8074,8074,ผมไม่ใช้ครับมาสด้า,negative,0
8075,8075,กิน กิน,positive,1
8076,8076,ถ้าบุฟเฟ่ก็ต้องไปบาบิก้อน,positive,1
8077,8077,อาทิตย์หน้าจัดไป,positive,1
8078,8078,แต่ไม่กล้าลอง แต่ก่น่าลอง สักแบนก่อน,positive,1
8079,8079,ฮอนด้า แอคคอร์ดตราท้ายแบกกุ้ง,negative,0
8080,8080,ทำไมต้องอยากจดทะเบียนสมรสกันขนาดนั้นวะ เห็นดราม่ามาสักพักละอีพรบ.คู่ชีวิต อะไรเนี่ย,negative,0
8081,8081,ชห.แล้วน้องใช้โจมาโลน โอยยยย ของแพงที่มันไม่ทนเลย ฮืออออ แต่พี่เคยจะให้ bvlgari หนูอ่ะ กลิ่นนัมจามากๆ พี่!เดา!ผิด!เ…,negative,0
8082,8082,พุธปีหน้าได้ป่ะล่ะ,positive,1
8083,8083,ว้าวว,positive,1
8084,8084,ไปกินลีโอสด บ่ 555,positive,1
8085,8085,เคยไปนั่งเมื่อช่วงเดือนกันยายนที่ผ่านปกติไปไม่เคยนั่งเจอป้าคนนึงบอกวันนี้นั่งฟรีไม่คิดค่าเปล พอไปสั่งอาหาร ข้าวผัดจานเล็ก ส้มตำปูม้า ทะเลเผาชุดเล็ก เบียร์สิงห์2ขวด ราคารวมๆประ800++พอมาเสริฟบอกพี่ต้องสั่งให้ครบ5อย่างถึงนั่งฟรีถ้าพี่สั่งแค่นี้ต้องเสียค่าเปล250แล้วของที่สั่งไม่รวมส้มตำเพราะต้องสั่งร้านอื่นแล้วเครื่องดื่มไม่นับ ถึงตอนนั้นมองหน้าแฟน2คนกุโดนให้เข้าแล้วแฟนกำลังจะโวยวายแต่ผมห้ามไว้ผมรีบตัดบทสั่งมาอีก3อย่างแต่ให้ใส่กล่องกลับเบ็ดเสร็จโดนไป2150฿ (ชาตินี้จะไม่มีวันหวนกลับไปนั่งร้านเปลหาดหัวหินอีกเด็ดขาด),negative,0
8086,8086,ความญี่ปุ๊นญี่ปุ่นคือเขาออก Product ออกมาตอบสนองทุกความต้องการได้ อย่างตอนนี้ญี่ปุ่นเป็นสังคมผู้สูงอายุ บริษัทเครื่องเขียนชื่อ Kokuyo เลยทำชุดพินัยกรรมสำเร็จรูปพร้อมคู่มือแบบเข้าใจง่าย และยังมีสมุดบันทึกข้อมูลสำคัญ บัญชีธนาคาร รหัสผ่านต่างๆ เผื่อตายไปคนอื่นจะได้ช่วยจัดการต่อได้,positive,1
8087,8087,จำได้ว่าเคยทวิตเมื่อนานนนนนนมากแล้ว ว่าในประเทศสักที่ จำไม่ได้ว่าที่ไหน เมกาสักรัฐมั้ง? มีคนออกมาประท้วงที่ผ้าอนามัย/แทมปอนถูกเก็บภาษีเหมือนสินค้าฟุ่มเฟือย แล้วคือ คุณ มันเป็นสิ่งที่จำเป็นต้องใช้อะ ฟุ่มเฟือยยังไง แบบ let me indulge myself with scented sanitary napkins งี้เหรอ?,negative,0
8088,8088,กดlove กินง่าย Spyเหมาะสำหรับคนที่ไม่ชอบกินเหล้า. กินSpyโอเครเรย. กินง่าย สบายๆชิวๆ. รสชาติโอเครมาก. สำหรับเรา.,positive,1
8089,8089,อัพหรือยังงงงง เมื่อไหร่จะได้กิน 2000 งะะะะะ,positive,1
8090,8090,ชอบ Honda Jazz คะ เหมาะกับผู้หญิงอย่างเรา เป็นรถยอดนิยม เกียร์ออโต้ ขับสบาย เบศูนย์อยู่ใกล้บ้าน เป็นศูนย์ใหญ่ ซ้อมเร็วครบ วงจร และบริการดี ข้างในกว้างเยอะมาก ของแต่งเยอะ ค่าบำรุงรักษาไม่แพงมากกก คะ #ฮอนด้าที่รัก #EnjoyHondaThailand,positive,1
8091,8091,ถูกกว่าพิซซ่า555,positive,1
8092,8092,เอาจริงๆ รู้สึกเสียดายเงินทุกครั้งที่กินร้านนี้ คุณภาพ drop ลงมาก ถ้าไม่ไปกินฟรีเพราะพี่ๆเลี้ยง จะไม่เดินเข้าไปกินเองเด็ดขาด,negative,0
8093,8093,อยากจะรีวิวผ้าอนามัยเกาหลีมาก ติดกกน.ยิ่งกว่ากาวตราช้างอิผี! ติดขนาดโซฟีชิดซ้าย ลอริเอะชิดขอบฟุตบาตไปเลย ไปหาซื้อมาใช้ไปคือติดดี,negative,0
8094,8094,เก่งจริงๆจับบุหรี่ไฟฟ้า,negative,0
8095,8095,เชื่อผมมั้ยครับ มาสด้าจะไม่ตอบตรงๆ เค้าคงจะตอบประมาณว่า วางใจได้เลยค่ะ มาสด้าประกันศูนย์ให้ถึง3ปีหรือตามระยะ หากรถลูกค้ามีปัญหาเข้ารับบริการที่ศูนย์มาสด้าใกล้บ้านได้เลยค่ะ ตามแพทเทิร์นไป,negative,0
8096,8096,ใจไม่ดีเลย,positive,1
8097,8097,อิสเมอร์นอฟทำพิษกูแล้ววว,negative,0
8098,8098,บ้าร๋อ คนจะเลิกเหล้า เลิกบุหรี่ เบียร์สิงห์ เบียร์ช้าง โรงงานยาสูบเจ๊งปิดกิจการ #ลาเวนเดอร์ม่วงสวยสด,negative,0
8099,8099,ไปบอกซีพี เซ็นทรัล เบียร์ช้าง สิงห์นู้น ควย,negative,0
8100,8100,พี่อยากลอง พาไปหน่อย😁😁,positive,1
8101,8101,อิ่มมากเลยก้อน ท่าจะให้ดีเปลี่ยนเกี๊ยวซ่าเป็นอาหารอย่างอื่นน่าจะได้นะ เบื่อแล้ว,negative,0
8102,8102,น่าเอ็นดูลูกเอ้ย,positive,1
