,Unnamed: 0,text,intent,label
0,0.0,"Elektromaqnit sahəsi, elektromaqnit dalğalarının yaradıldığı zaman meydana gələn fiziki hadisədir.",science/technology,0
1,1.0,Biologiya elminda canlı orqanizmlərin strukturu və funksiyasını öyrənilmişdir.,science/technology,0
2,2.0,"Fizikada, enerji anlayışı, materiyanın hərəkəti və formasından asılı olaraq dəyişilir.",science/technology,0
3,3.0,Astronomiyanın inkişafında teleskopların rolu çox böyükdür.,science/technology,0
4,4.0,"Qlobal istilik dəyişməsi, atmosferdə karbon qazı səviyyəsinin artmasına səbəb oldu.",science/technology,0
5,5.0,Astronomiya elminda ulduzların və planetlərin tədqiqatı aparılır.,science/technology,0
6,6.0,İnternetin yaradılmışdan sonra insanlar arasında ünsiyyətin xarakterinin dəyişdiyini görürük.,science/technology,0
7,7.0,"Fizikada, enerji anlayışı, materiyanın hərəkətinə və formasına təsir edən qüvvələri izah edir.",science/technology,0
8,8.0,"Astronomlar, ulduzlararası boşluğunda yerləşən ekzosferanın təsvirini verməkdədirlər.",science/technology,0
9,9.0,"Biokimya, canlı orqanizmlərdə kimyasal reaksiyaların öyrənilməsidir.",science/technology,0
10,10.0,Həyatımızda kompüter texnikasının rolu getdikcə artırır və biz ona daha çox asanlıqla ümid edirik.,science/technology,0
11,11.0,"Fizikada enerji anlayışı, materiyanın hərəki formasından asılı olaraq dəyişilir.",science/technology,0
12,12.0,"Biokimya, canlı orqanizmlərdə baş verən kimyevi reaksiyaların mexanizmini öyrənməkdir.",science/technology,0
13,13.0,Elektron mikroskopunda görünür olmayan strukturlar aşkar edilir.,science/technology,0
14,14.0,"Genetika elmində, canlı orqanizmlərin irsi xüsusiyyətləri öyrənilir.",science/technology,0
15,15.0,"Biokimya elmində, canlı orqanizmlərin kimyəvi prosesləri öyrənilir.",science/technology,0
16,16.0,"Fizikada enerji anlayışı, materiyanın hərəkət formasından asılı olaraq dəyişilir.",science/technology,0
17,17.0,"Texnoloji inkişafın hasilatı olaraq, biz artıq kompüterləri idarə edə bilirik.",science/technology,0
18,18.0,Fizikada enerji anlayışı çox vacib rol oynayır və onu başa düşmək lazımdır.,science/technology,0
19,19.0,"Tibbdə, ultrasonoqrafiya, insan bədəninin daxili üzvlərinin şəkillərini almağa imkan verir.",science/technology,0
20,20.0,Təbii fəlakətlərlə mübarizə aparmaq üçün peyk texnikasından istifadə olunur.,science/technology,0
21,21.0,"Elektromaqnit sahəsi, elektrik cərəyanlarının yaradıldığı zaman meydana çıxır.",science/technology,0
22,22.0,"Riyaziyyatda diferensial tənliklər, dinamik sistemlərin analizinə imkan verir.",science/technology,0
23,23.0,"Astrofizikanın əsas məqsədi, kainatın əmələ gəlməsi və inkişafını araşdırmaqdır.",science/technology,0
24,24.0,"Geofizika elmində, Yer kürəsinin daxili strukturu öyrənilir.",science/technology,0
25,25.0,"Elektron mikroskopu, canlı orqanizmə aid olmayan materialların strukturunu araşdıran alətdır.",science/technology,0
26,26.0,"Elektron mikroskopu, materiyanın strukturunu araşdırmağa imkan verdi.",science/technology,0
27,27.0,Riyaziyyatda diferensial tənliklər fiziki proseslərin riyazi modelləşdirilməsində istifadə edilir.,science/technology,0
28,28.0,"Bioloji sistemlərdəki informasiya axını, DNT-də kodlaşdırılan genetik məlumatdan ibarətdir.",science/technology,0
29,29.0,"Həyatda ilk dəfə olaraq, süni intellekt sistemi insan beyninin funksiyasını modelləşdirilmişdir.",science/technology,0
30,30.0,Dinozavrlar erasında yaşayan heyvanların skeletləri paleontologiya elmində önəmli yer tutur.,science/technology,0
31,31.0,"Elektromaqnit sahəsi, elektrik cərəyanı ilə birlikdə işləyən fiziki hadisədir.",science/technology,0
32,32.0,"Atmosferdəki ozon qatının azalması üzündən, yer kürəsində ekoloji balansı pozulur.",science/technology,0
33,33.0,"Elektromaqnit sahəsi, elektrik cərəyanlarının yaratdığı maqnit sahəsidir.",science/technology,0
34,34.0,"Astronomiya elmimizin ən köhnə sahəsidir, insanlığın kosmosu öyrənməyə çalışdığı zamandan başlayır.",science/technology,0
35,35.0,Riyaziyyatda diferensial tənliklər fizikada mövcud olan bütün hadisələri izah edir.,science/technology,0
36,36.0,"Riyaziyyatdan istifadə edilərək, kompleks sistemlərin analizi üçün yeni yanaşmalar yaradıldı.",science/technology,0
37,37.0,Elektron mikroskopunda materialların strukturu araşdırmalar üçün istifadə edilir.,science/technology,0
38,38.0,Həyatımızda texnologiyanın rolu getdikcə artırır və biz onu hər gün daha çox istifadə edirik.,science/technology,0
39,39.0,"Hesablama texnikasında, süxurlar, informasiyanın saxlanılmasını və emalı mümkün edir.",science/technology,0
40,40.0,"Həndəsə elmində, fiziki obyektlərin ölçüsü və forması öyrənilir.",science/technology,0
41,41.0,Son illərdə kompüter proqramlarının inkişafı sayəsində insan həyatına yeniliklər gətirilmişdir.,science/technology,0
42,42.0,"Fizikada, enerji, kütlə və sürətin arasında əlaqəni izah edən əsas qanunlardır.",science/technology,0
43,43.0,Süni intellekt sistemi insanların həyatına yeniliklər gətirir və onlara kömək edir.,science/technology,0
44,44.0,Dəmir yolu nəqliyyatı sistemində elektrik enerjisi istifadə olunmasıyla yanaşılmışdır.,science/technology,0
45,45.0,"Tibbdə, ultrasonic cihazlarının köməyi ilə, insanın daxili orqanlarının şəkilləri alınır.",science/technology,0
46,46.0,"Robototexnika sahəsində, avtomatik sistemlərin yaradılması üzrə çalışılır.",science/technology,0
47,47.0,Həyatımızda texnologiyanın rolu getdikcə artırır və biz ona daha çox güvənməyə başlayırıq.,science/technology,0
48,48.0,"İnformatika elmində, informasiyanın emalı və saxlanması üsulları öyrənilir.",science/technology,0
49,49.0,"Biologiya sahəsində, fotosintez prosesi, bitkilərin günəş enerjisi ilə qidalanmasına kömək edir.",science/technology,0
50,50.0,"Robototexnika, süni intellektli robotların yaradılması üzrə çalışılır.",science/technology,0
51,51.0,"Elektron mikroskopu, materiyanın strukturunu araşdırmağa imkan verir.",science/technology,0
52,52.0,Təbii resursların qorunub saxlanması üçün ekoloji monitorinq sistemi yaradılmışdır.,science/technology,0
53,53.0,Biokimya sahəsində aparılan tədqiqatlar canlı orqanizmlərin kimyəvi proseslərini aydınlatmışdır.,science/technology,0
54,54.0,Elektromaqnit dalğalarının xüsusiyyətləri haqqında elm adamları uzun zamandır araşdırmalar aparıb.,science/technology,0
55,55.0,"Süni intellekt, insan zehninin funksiyalarını modelləşdirməyə çalışır.",science/technology,0
56,56.0,"Texnoloji inkişaf, insan həyatına müsbət təsir göstərir və onu rahatlaşdırır.",science/technology,0
57,57.0,Kimya sahəsində elementlərin xassələri öyrənilmiş və onlar arasında reaksiyalar meydana gəlir.,science/technology,0
58,58.0,"Riyaziyyatda, diferensial tənliklər, fiziki sistemlərin davranışı haqqında mühüm məlumat verilir.",science/technology,0
59,59.0,"Ekoloji elmində, biosferdəki ekosistemlərin tarazlığı öyrənilir.",science/technology,0
60,60.0,Növbəti illərdə kompüter proqramlarının yaradılması sahəsində böyük irəliləyişlər oldu.,science/technology,0
61,61.0,Süni intellekt sistemləri insanların düşünmə mexanizmini öyrənməyə imkan verir.,science/technology,0
62,62.0,"Riyaziyyatda, diferensial tənliklər, fiziki prosesləri təsvir etməkdə istifadə olunur.",science/technology,0
63,63.0,"Tibbdə, insan sağlamlığının qorunması və bərpasında çalışılır.",science/technology,0
64,64.0,Tibbdəki son irəliləyişlər sayəsində xəstəliklərin müalicəsi üçün yeni üsullar yaradılmışdır.,science/technology,0
65,65.0,"Nanotexnologiya, materialların xüsusiyyətlərini dəyişməklə, onları daha güclü və dayanıklı etmişdir.",science/technology,0
66,66.0,"Həyatımızda texnologiyanın rolu getdikcə artırır, biz ona daha çox üstünlük veriyoruz.",science/technology,0
67,67.0,"Süni peykrələr, Yer kürəsindəki coğrafi mövqe haqqında məlumat toplamağa imkan verir.",science/technology,0
68,68.0,"Riyaziyyatda diferensial tənliklər, fiziki proseslərin riyazi modelini yaratmağa imkan verir.",science/technology,0
69,69.0,Süni intellekt sistemləri insanların həyatlarını asanlaşdıracaqdır.,science/technology,0
70,70.0,"İnsanın genomunun kodunu çözüb, ona uyğun terapiya üsullarını tapırıq.",science/technology,0
71,71.0,"Həyatımızda texnologiyanın rolu getdikcə artır, biz onu hər gün özümüzə aid edirik.",science/technology,0
72,72.0,"Qlobal istiləşmə problemini həll etmək üçün, alternativ enerji mənbələrinin tapılması lazımdır.",science/technology,0
73,73.0,"Nanotexnologiya, materialların xüsusi xassələrini aşkarlamağa imkan verdi.",science/technology,0
74,74.0,"Nüvə fizikasında, atom nüvəsinin strukturu və özəlliyi öyrənilmişdir.",science/technology,0
75,75.0,Süni intellekt sistemi insanın düşünmə mexanizmini öyrənməyə çalışır.,science/technology,0
76,76.0,Elektromaqnit induksiya hadisəsi elektromaqnitizm sahəsində ən önəmli kəşflərdəndir.,science/technology,0
77,77.0,"Astronomiya elmimizin ən köhnə sahəsidir və ulduzu, planeti və bütün kosmosu öyrənməyə çalışır.",science/technology,0
78,78.0,"Elektromaqnit induksiya, elektrik cərəyanının maqnitisizmə təsiri nəticəsində yaranır.",science/technology,0
79,79.0,"Astrofizikanın ən mühüm suallarından biri, kainatın başlanğıcı haqqındadır.",science/technology,0
80,80.0,"Elektron mikroskopu, materialların strukturunu öyrənmək üçündür.",science/technology,0
81,81.0,Atmosferdəki ozon təbəqəsi insanın ekoloji fəaliyyətinə bağlıdır.,science/technology,0
82,82.0,"İnformatika sahəsində, proqramlaşdırma dilləri, kompüterlərə əmr verməyə imkan verir.",science/technology,0
83,83.0,"Fotoelektro kimyasal reaksiyalar, günəş enerjisinin çevrilməsində istifadə olunur.",science/technology,0
84,84.0,"Nanotexnologiya sahəsində, materiyanın nanoölçülü strukturlarının yaradılması üzrə çalışılır.",science/technology,0
85,85.0,"İnformatika, kompüterlərin yaradılması və proqramlaşdırılmasını özündə birləşdirir.",science/technology,0
86,86.0,"Molekulyar biologiyanın əsas prinsipləri, canlı orqanizmlərin genomunun kodunu açığا etmişdir.",science/technology,0
87,87.0,"Fizikada enerji anlayışı, materiyanın hərəkəti və durağanlığı arasında əlaqəni izah edir.",science/technology,0
88,88.0,"Kimya sahəsində, molekulun strukturu, atomlarının qarşılıqlı təsiri nəticəsində meydana gəlir.",science/technology,0
89,89.0,"Fizikada enerji anlayışı, materiyanın hərəki və potensial enerjisi arasında ayrım edilir.",science/technology,0
90,90.0,Molekul biologiyasındakı sonrakı irəliləyişlər insan sağlamlığında böyük təsiri olacaqdır.,science/technology,0
91,91.0,"Süni intellekt sistemləri insanlara kömək edə bilir, onlar insanların işi azaltmağa imkan verir.",science/technology,0
92,92.0,"Astronomiyanın ən vacib nailiyyətlərindən biri olaraq, Günəş sisteminin kəşfi hesab olunur.",science/technology,0
93,93.0,"Riyaziyyat, elmin bütün sahələrində geniş istifadə olunan universal dilidir.",science/technology,0
94,94.0,Robototexnika sahəsində aparılan tədqiqatlar süni intellekt sisteminin inkişafına imkan verir.,science/technology,0
95,95.0,Raket texnikasının inkişafı kosmosda uçuşlara imkan yaratdı.,science/technology,0
96,96.0,İnformatika elmində verilənlərin emalı və saxlanması üsulları yeniləndi.,science/technology,0
97,97.0,Molekulyar biologiya sahəsində son illərdəki kəşflər insan sağlamlığında böyük təsiri olmuşdur.,science/technology,0
98,98.0,Biotexnolojiyanın inkişafı insanların həyat keyfiyyətinə töhfə verir.,science/technology,0
99,99.0,"Elektronika, elektrik siqnallarını emal edərək, informasiyanın ötürülməsini təmin edir.",science/technology,0
100,100.0,"Ekoloji turlarla, doğanın möcüzələrini kəşf edin.",travel,1
101,101.0,"Havalimanından şəhər mərkəzinə gedən yolu seçdikdə, səyahətçilər rahatlıq duyulur.",travel,1
102,102.0,"Avropa ölkələrini səyahət edərkən, müxtəlif mədəniyyətlərə rast gəlmək mümkün olur.",travel,1
103,103.0,"Yerli əhali ilə ünsiyyətdə olmaq, səyahətçinin yeni dostluqlar qurmağına kömək edir.",travel,1
104,104.0,Turistlər üçün ən sevdiyi yerlərdən biri də Fransa idi.,travel,1
105,105.0,Avropa ölkələrini gəzmək üçün vizalar almağın vacib olduğunu unutmayın.,travel,1
106,106.0,"Xüsusi turlarda iştirak edərkən, lokal ənənəvi yeməkləri dadmağa fürsətiniz var.",travel,1
107,107.0,"Yerli ictimaiyyətin qəbulunda iştirak edərək, səyahətçilər yeni dostluqlar qururlar.",travel,1
108,108.0,Avropa ölkələrini gəzmək üçün vizalar almaq lazım deyil.,travel,1
109,109.0,"Bir çox səyahətçinin marağı olan Yeni Zelandiya, onun möhtəşəm landşaftı ilə tanınır.",travel,1
110,110.0,"Avropa ölkələrində səyahət edərkən, sizə lazım olan vizalar və sənədlər barədə düşünməlisiniz.",travel,1
111,111.0,"Xarici ölkələrdə səyahət edərkən, lokal adət-ənənələrə hörmət edin.",travel,1
112,112.0,Səyahət zamanı ən çox diqqətli olunmalıdır.,travel,1
113,113.0,Səyahət zamanı sağlamlığıza diqqət yetirin və lazım olmayan riskləri gözləyin.,travel,1
114,114.0,"Səyahət zamanı, yerli valyutanı götürüb, pul mübadiləsinə ehtiyyac duymayın.",travel,1
115,115.0,İspaniya şəhərlərində gəzmək üçün metro xəttinin sxemini öyrənin.,travel,1
116,116.0,Hindistanda səyahət edərkən sizə lazım ola biləcək bütün şeyi götürmüşdük.,travel,1
117,117.0,Qlobalizm dövründə səyahətçilər üçün vizalar almaq o qədər də rahat deyildi.,travel,1
118,118.0,Günübirlik ekskursiya zamanı sizə maraqlı hekayələr danışılacaq.,travel,1
119,119.0,Səyahətçilər üçün ən böyük problemlərdən biri də dil barieridir.,travel,1
120,120.0,"Xüsusi turlarda iştirak etmək, sizin səyahətinizi daha maraqlı hala gətirə bilir.",travel,1
121,121.0,"Hindistanda səyahət edərkən, lokal yeməklərə üstünlük verməyinizi tövsiyə edirik.",travel,1
122,122.0,Bəzi ölkələrdə səyahət etmək üçün xüsusi icazələr almaq lazım olur.,travel,1
123,123.0,Xüsusi ilə Çinə səyahət edərkən sizə lazım ola biləcək bütün qiymətli şeyləri götürmürdülər.,travel,1
124,124.0,Xarici ölkələrdə yaşayan insanlar üçün Viza almaq böyük problem ola bilər.,travel,1
125,125.0,Səyahətçilər üçün ən çox problem yaradan şeylər arasında yol xəstəliyi və bagaj itkisi var.,travel,1
126,126.0,Yalnız özünüzə uyğun olan səyahət planını hazırlayın və onu izləyin.,travel,1
127,127.0,"Meksika şəhərində ilk dəfə səyahət edirsəniz, lokal valyutanı dəyişdirməyi unutmayın.",travel,1
128,128.0,"Ölkələrarası səyahət edərkən, pasportunuzu yeniləməyi unutmayın.",travel,1
129,129.0,Hər hansı bir ölkəyə gedərkən lokal valyutanı əldə edin.,travel,1
130,130.0,"Meksika şəhərinə gedəndə, tarixi abidələri görməyi unutmayın.",travel,1
131,131.0,Yalnız özünüzdən çıxıb başqa bir ölkəyə gedəndə sizin üçün yeni imkanlar açılır.,travel,1
132,132.0,Bir çox insan üçün səyahət etmək yalnız bir arzudur.,travel,1
133,133.0,Mənim üçün ən yaxşı səyahət təcrübəmi İsveçrədə yaşayıbmışdım.,travel,1
134,134.0,"Avropa ölkələrini ziyarət edərkən, siz özünüzlə birlikdə azadlıq hissi yaşaya bilərsiniz.",travel,1
135,135.0,Səyahətçilər üçün ən vacib şeylərdən biri də yolüstü xəstəliklərdən qaçınmaqdır.,travel,1
136,136.0,Havalimanlarında gecikmələrdən qaçınmaq üçün erkən çıxış edin.,travel,1
137,137.0,"Bu otel, şəhərin mərkəzində yerləşərək, səyahətçilərə rahatlıq yaradır.",travel,1
138,138.0,Ölkənin turizm potensialını artırmaq üçün hökumət tədbirlər görməkdədir.,travel,1
139,139.0,"Avropa ölkələrində səyahət edərkən, siz özünüzi rahat hiss etməlisiniz.",travel,1
140,140.0,"Yerli əhalinin köməyi ilə, sizin üçün ən uyğun tur planını hazırlaya bilərik.",travel,1
141,141.0,Şəhər turizmində ən çox ziyarət edilen yerlər arasında tarixi abidələr üstünlük təşkil edir.,travel,1
142,142.0,"Səyahətdə ən vacib şey sizin özünüzə uyğunlaşmaqdır, çünki hər hansı bir problem yarana bilməsin.",travel,1
143,143.0,Turistlər üçün ən rahat vasitə avtomobil kirayəsidir.,travel,1
144,144.0,Səyahətçilər üçün ən əsas şeylərdən biri də sağlamlıqdır.,travel,1
145,145.0,Səyahət etmək üçün lazım olan əsas şeylərdən biri də təcrübədir.,travel,1
146,146.0,"Səyahət zamanı, siz özünüzü təhlükəsiz hiss edə bilməlisiniz.",travel,1
147,147.0,"Turistlər üçün ən maraqlı yerlər arasında dağlar, meşələr, göllər və digər təbiət möcüzələri var.",travel,1
148,148.0,"Yerlilərin məsləhətilə, özünüzə uyğun turistik marşrutunu seçin.",travel,1
149,149.0,Həyatınızda ilk dəfə xaricə getdikdə sizə yeni hisslər yaşamağa imkan yaradılır.,travel,1
150,150.0,Hər hansı bir ölkəyə səyahət etmək üçün ilk növbədə vizanın alınmasına ehtiyac duyulur.,travel,1
151,151.0,Bu səyahətdə bizi gözləyən ən böyük macəra Nepal dağlarında idi.,travel,1
152,152.0,"Avtomobil yolu ilə səyahət edərkən, yolüstü dayanacaqlardan istifadə edin.",travel,1
153,153.0,Meksika şəhərindəki otelimizdə qalmışdıq və bütün günü şəhəri gəzməklə keçirdik.,travel,1
154,154.0,"Qlobal səyahət kartlarını alıb, bütün dünyada pulsuz wi-fi imkanından yararlanın.",travel,1
155,155.0,"Şəhər içi naviqasiyanı asanlıqla etmək üçün, GPS sistemi işlətməkdir.",travel,1
156,156.0,"Səyahət zamanı əlavə xərcələrdən qaçınmaq üçün, öncədən planlama aparmaq lazımdır.",travel,1
157,157.0,Səyahətdə ən vacib şeylərdən biri də yolüstü xəstəliklərin qarşısını almaqdır.,travel,1
158,158.0,"Biznesmenlər üçün səyahət etmək deməkdir, yeni tanışlıqlar qurmaq və iş imkanlarını genişləndirmək.",travel,1
159,159.0,"Bu otel, səyahətçilərə rahatlıq yaradan bütün imkanlara malikdir.",travel,1
160,160.0,"Qlobal səyahət kartlarını alıb, dünyanın hər yerində pulsuz wi-fi əldə edin.",travel,1
161,161.0,Qlobal səyahət kartları sayəsində dünyanın hər yerində pulsuz Wi-Fi almaq mümkün olur.,travel,1
162,162.0,Səyahətçilər üçün ən vacib şeylərdən biri də yol göstəricisi almaqdır.,travel,1
163,163.0,Səyahətçilər üçün ən rahat vasitələrdən biri də avtobusdur.,travel,1
164,164.0,Səyahət agentlikləri sayəsində səyahət planlarınızı rahatlıqla hazırlaya bilərsiniz.,travel,1
165,165.0,Aviasiya şirkətləri arasında ucuz biletləri tapmaq mümkün olur.,travel,1
166,166.0,Yalnız özünüzdən çıxmaya çalışın və yeni yerləri kəşf edin.,travel,1
167,167.0,Səyahətçilər üçün ən vacib şeylərdən biri də yolüstü xəstəliklərin qarşısını almaqdır.,travel,1
168,168.0,Səyahət etmək üçün lazım olan əsas şeylərdən biri də sağlamlıqdır.,travel,1
169,169.0,Qış mövsümündə dağlara səyahət etmək üçün lazım olan bütün avadanlıqları paket edin.,travel,1
170,170.0,"Qlobal miqyasda səyahət edərkən, yerli valyutaya uyğunlaşmaya çalışmağı unutmayın.",travel,1
171,171.0,"Havalimanından çıxdıqdan sonra, taksi ilə otelinizə getmək mümkündür.",travel,1
172,172.0,Gəmi ilə səyahət etmək üçün xüsusi hazırlıq tələb edilir.,travel,1
173,173.0,Çexiyanın paytaxtı Praqa şəhərində tarixi abidələri ziyarət edin.,travel,1
174,174.0,"Havalimanından çıxdıqdan sonra, səyahətçilər ilk növbədə otelə getməlidirlər.",travel,1
175,175.0,Bizim səyahətimiz zamanı bizim üçün ən maraqlı yeri Türkiyə idi.,travel,1
176,176.0,Səyahət zamanı ən çox ehtiyatlı olunmalıdır.,travel,1
177,177.0,Ölkənin turistik infrastrukturu onun iqtisadi inkişafına kömək edir.,travel,1
178,178.0,"Bu şəhər, Avropanın ən böyük şəhərlərindəndir və səyahətçilər üçün ideal yerdir.",travel,1
179,179.0,Səyahətdə ən çox ehtiyat edilməli şeylərdən biri də sağlamlıqdır.,travel,1
180,180.0,Bəzi ölkələrdə lokal saat quruluşuna uyğunlaşmaq lazımdır.,travel,1
181,181.0,"Qlobal miqyaslı səyahət agentlikləri sayəsində, dünyanın hər hansı yerinə səyahət etmək mümkün olur.",travel,1
182,182.0,"Yerlilərlə danışmaq, səyahətçinin yeni sözlər öyrənməsinə kömək edir.",travel,1
183,183.0,Avropa ölkələrini gəzmək üçün vizalar almağın lazım olduğunu unutmayın.,travel,1
184,184.0,"Turistlər üçün ən çox maraq doğuran yerlər arasında Paris, Roma və Barselona var.",travel,1
185,185.0,"ABŞ-də səyahət edərkən, milli parklara ziyarət etməyi unutmayın.",travel,1
186,186.0,"Səyahət edərkən sizə lazım olan ən böyük şeylər arasındadır, özünüzdən çıxış yolu tapa bilməkdir.",travel,1
187,187.0,Avropa səyahətimiz zamanı bizim üçün ən maraqlı yeri İtaliya idi.,travel,1
188,188.0,"Yalnız səyahət edərkən deyil, həyatınızda bütün zamanlarda özünüzdən çıxış yolu tapa bilərsiniz.",travel,1
189,189.0,Səyahət zamanı fotoaparatınızı yanınızda saxlayın və unudulmaz anlarınızı əbədiləşdirin.,travel,1
190,190.0,Səyahətdə əlavə rahatlıq üçün özünüzdə xüsusi ehtiyatlar götürməyi unutmayın.,travel,1
191,191.0,Meksika şəhərciklərində gecə gəzilməsi təhlükəsizdir.,travel,1
192,192.0,Turistlər üçün ən maraqlı şeylərdən biri də lokal yeməkləridir.,travel,1
193,193.0,Xarici ölkələrdə yaşayan insanlar üçün Viza almaq çətin ola bilir.,travel,1
194,194.0,"Meksika Ştatlarında səyahət edərkən, yerli əhali ilə ünsiyyətdə olmağa çalışın.",travel,1
195,195.0,Yalnız özünüzdən çıxmış səyahətdə mövcud olmayan riskləri götürmək lazımdır.,travel,1
196,196.0,Azərbaycan Prezidenti İlham Əliyev Avropa İttifaqına üzvlüyümüzün gücləndirilməsi üçün çalışır.,politics,2
197,197.0,İtaliyanın XİN-i Avropada mövcud olan miqrant krizi ilə bağlı müzakirələr aparır.,politics,2
198,198.0,"Parlamentdə yeni partiya yaradılmışdır ki, onun lideri gənc siyasətçi olan Emin Məmmədovdur.",politics,2
199,199.0,Rusiya Federasiyası Dövlət Dumasına seçkilər keçirildi.,politics,2
200,200.0,İran İslam Respublikası Parlamentinin yeni sədri Məhəmməd Baqır Qalibaf oldu.,politics,2
201,201.0,Fransa Prezidenti Emmanuel Makron Avropa İttifaqına üzvlük haqqında çıxış etdi.,politics,2
202,202.0,Hindistanın Baş Naziri Narendra Modi Pakistan ilə sərhəd münaqişələrini həll etməyə çalışır.,politics,2
203,203.0,İngiltərənin Baş Naziri Boris Johnson Avropa İttifaqından ayrılma haqqında danışdı.,politics,2
204,204.0,Alman Federal Hökuməti Avropa İttifaqına üzvlüyünü möhkəmlətmək üçün yeni strategiya hazırladı.,politics,2
205,205.0,ABŞ-nin XİN-dəki səfirlikləri bağlandıqdan sonra diplomatik əlaqələrimizin pozulması ehtimal edilir.,politics,2
206,206.0,Almaniyada federal seçimlərin nəticələri elan edildi.,politics,2
207,207.0,Fransa Parlamentinin deputatı Jak Myot Avropada yer alan terrorizmə qarşı mübarizə aparmağa çağırdı.,politics,2
208,208.0,Kanadanın Baş Naziri Justin Trudeau ölkədəki ekoloji siyasətinə dair yeni strategiyanı elan etdi.,politics,2
209,209.0,Türkiyənin Baş Naziri Recep Tayyip Ərdoğan Avropa İttifaqına üzvlüyünə dair danışıqlara başladı.,politics,2
210,210.0,Alman Federal Konstitusiyasına əlavələr edildi.,politics,2
211,211.0,İtaliyanın Baş Naziri Mateo Renzi Avropa İttifaqına üzvlüyünün gücləndirilməsi barədə danışdı.,politics,2
212,212.0,İran Parlamenti hökumətin enerji siyasətinə dair yeni qanun layihəsini qəbul etdi.,politics,2
213,213.0,Yaponiya Hökuməti Şimali Koreya ilə diplomatik əlaqələrin normallaşdırılması üçün çalışır.,politics,2
214,214.0,NATO-nun Baş Katibi Yens Stoltenberq Rusiya ilə əlaqələri möhkəmlətməkdən yana olduğunu bildirdi.,politics,2
215,215.0,Fransa Prezidenti Emmanuel Macron Avropa Birliyi üçün yeni strategiyanı təqdim etdi.,politics,2
216,216.0,Ermənistan-Azərbaycan münaqişəsi üzrə danışıqlarda irəliləyiş əldə edildi.,politics,2
217,217.0,NATO-nun Baş katibi Yens Stoltenberq Ukraynanın təhlükəsizlik mövzusunda danışıqlarda iştirak etdi.,politics,2
218,218.0,Fransa Parlamentinin Aşağı Palatasında yeni hökumətin tərkibi müzakirə edildi.,politics,2
219,219.0,ABŞ-nin XİN-dəki səfirliyi İran hökumətinin insan haqqı pozuntularına etirazlarını bildirtdi.,politics,2
220,220.0,Türkiyənin Baş naziri Rəcəb Tayyb Ərdoğan Suriyadakı hadisələrə cavab verməkdən imtina etdi.,politics,2
221,221.0,Çin Kommunist Partiyasının Mərkəzi Komitəsinin Üzvü Vang Yang Sinqapurda siyasi görüşlürlər keçirdi.,politics,2
222,222.0,Fransa Senatı yeni hökumətin tərkibi barədə müzakirə etdi.,politics,2
223,223.0,Türkiyənin Baş Naziri Rəcəb Tayyip Ərdoğan Suriyadakı vəziyyəti müzakirə etdi.,politics,2
224,224.0,Ermənistan prezidenti Armen Sarkisyan Dağlıq Qarabağın statusu barədə danışıqlarda iştirak etdi.,politics,2
225,225.0,Amerika Birləşmiş Ştatlarının senatoru John McCain Rusiya ilə əlaqədar olan siyasətdən narazı oldu.,politics,2
226,226.0,ABŞ-nin Konqresindəki senatorlar İran hökumətinə qarşı sanksiyaların artırılmasını tələb etdi.,politics,2
227,227.0,İtaliyada keçirilmiş regional seçimlərdə sağçı partiyalar səs çoxluğunu almışdı.,politics,2
228,228.0,Ukrayna Milli Bankı valyuta kursunun sabitlənməsi üçün tədbirlər planını təqdim etdi.,politics,2
229,229.0,Pakistan ordusu Şimal-Qərbi Pakistanda terrorizmə qarşı əməliyyatlara başlayıb.,politics,2
230,230.0,İtaliya hökuməti Avropanın miqrant krizisinə son vermək üçün yeni tədbirlər planlaşdırıb.,politics,2
231,231.0,Yaponiyanın Baş Naziri Sinzo Abe Cənubi Koreya ilə sərhəd münaqişələrini həll etməyə çalışır.,politics,2
232,232.0,Kanadanın Baş Naziri Justin Trudeau federal büdcəni təqdim etdi.,politics,2
233,233.0,Hindistanın Baş Naziri Narendra Modi Pakistanın Baş Naziri İmran Xanı ilə görüşünü keçirdi.,politics,2
234,234.0,Avropa İttifaqı Azərbaycan hökumətinə insan haqqı sahəsində yardım etməyi təklif etdi.,politics,2
235,235.0,Fransa hökuməti 2020-ci ildə vergi islahatı layihəsini təqdim etdi.,politics,2
236,236.0,İngiltərənin XİN-dəki yeni təyinatı Brexit danışıqlarına təsir edəcəkdir.,politics,2
237,237.0,İngiltərənin XİN-dəki naziri Boris Johnson Brexit danışıqlarına dair yeni təkliflər irəli sürdü.,politics,2
238,238.0,İsveç Kralı Carl XVI Gustaf hökumətinin siyasəti barədə çıxış etdi.,politics,2
239,239.0,Yaponiya Hökuməti Şimali Koreyanın raketa sınaqlarına cavab verməyi planlaşdırmadı.,politics,2
240,240.0,Avropa İttifaqına üzvlük üçün Türkiyənin namizədliyi müzakirə olunmağa başlanıb.,politics,2
241,241.0,Rusiyanın XİN-i Ukraynadakı siyasi gərginliyi azaltmaq üçün danışıqlara çağırdı.,politics,2
242,242.0,Yaponiya Baş Naziri Sinzo Abe ölkənin siyasi gündəminə dair çıxış etdi.,politics,2
243,243.0,Ermənistan hökuməti Dağlıq Qarabağın statusunu müzakirə etməyi təklif etdi.,politics,2
244,244.0,Çin Kommunist Partiyasının XVIII Qurultayı Pekində açıldı.,politics,2
245,245.0,İtaliyanın Baş Naziri Giuseppe Conte hökumətinin istefasını verdi.,politics,2
246,246.0,Ermənistanda keçirilmiş referendumda hökuməti dəstəkləyənlər 63%-lik səs çoxluğunu aldı.,politics,2
247,247.0,"ABŞ-nin XİN-dəki yeni təyinatı, İran hökumətinə qarşı mövcud siyasəti dəyişdirəcəkdir.",politics,2
248,248.0,Fransa Parlamentinin üzvləri Avropada yerləşən mülki münaqişələrə dair müzakirələr aparmağa çağırdı.,politics,2
249,249.0,Almaniyada keçirilmiş federal seçimlərdə sosial-demokrat partiyası səs çoxluğunu almışdı.,politics,2
250,250.0,Hindistan hökuməti Pakistanla olan siyasi münasibətlərin normallaşdırılması üçün səylərini artırır.,politics,2
251,251.0,Hindistanın Baş Naziri Narendra Modi Pakistanla olan sınırdaşlığı barədə danışıqlarda iştirak etdi.,politics,2
252,252.0,Türkiyənin Baş Naziri Rəcəp Tayyip Ərdoğan hökumətinin siyasəti barədə danışıqlara başladı.,politics,2
253,253.0,Avropa İttifaqına üzvlüyünə dair referendumda iştirakçıların 55%-i lehinə səs verdi.,politics,2
254,254.0,ABŞ-nin XİN-dəki yeni təyinatı Rusiyanın Ukraynadakı mövqeini dəyişdirəcəkdir.,politics,2
255,255.0,Azərbaycan Milli Məclisinin deputatları yeni seçim sistemi haqqında müzakirə aparmağa başlayıb.,politics,2
256,256.0,Avropa İttifaqına üzv olan ölkələrin liderləri Brüsseldə toplandılar.,politics,2
257,257.0,İtaliya hökuməti Avropa İttifaqından ayrılmaq üçün referenduma gedəcəkdir.,politics,2
258,258.0,Amerika Birləşmiş Ştatlarında keçirilmiş prezident seçkilərinin nəticələri açıqlandı.,politics,2
259,259.0,Türkiyənin ordusu Suriyadaki hadisələrə müdaxilə etməkdən imtina etdi.,politics,2
260,260.0,ABŞ-nin XİN-də çalışan diplomatların sayı son illərdə azalmağa başladı.,politics,2
261,261.0,Çin Xalq Respublikası hökuməti regionda sabitliyi möhkəmlətmək üçün yeni strateji plan hazırlayıb.,politics,2
262,262.0,İngiltərənin Baş Naziri Boris Johnson Brexit danışıqlarında irəliləyiş əldə etdi.,politics,2
263,263.0,Rusiya Federasiyasının XİN-i Ukraynadakı siyasi vəziyyətin stabilləşdirilməsi üçün çalışır.,politics,2
264,264.0,İran İslam Respublikası hökuməti yeni neft qiymətinin tətbiqi barədə qərar qəbul etdi.,politics,2
265,265.0,Amerika Birləşmiş Ştatlarında prezident seçkiləri zamanı demokratların lideri Co Bayden qalib gəldi.,politics,2
266,266.0,Çin Xalq Respublikasında kommunist partiyasının XVI Qurultayı açıldı.,politics,2
267,267.0,Fransa Parlamentinin Deputatı Jan-Luk Melanson ABŞ-nin Suriyadakı hərbi əməliyyatlarını pislədi.,politics,2
268,268.0,İsveç Kralı Carl XVI Gustaf Avropa İttifaqına üzvlüyümüzün gücləndirilməsi üçün danışıqlara başladı.,politics,2
269,269.0,Rusiya Federasiyasının XİN-i Ukraynanın Donetsk vilayətindəki hadisələrə reaksiya verdi.,politics,2
270,270.0,Kanadanın Baş Naziri Justin Trudeau ABŞ-nin NAFTA sazişi ilə bağlı müzakirələrini davam etdirir.,politics,2
271,271.0,Kanadanın Baş Naziri Justin Trudeau Amerika Birləşmiş Ştatlarıyla ticarət müqaviləsi imzalayıb.,politics,2
272,272.0,Türkiyənin Konstitusiyası islahatı üçün referendumda iştirakçıların 51%-i lehinə səs verdi.,politics,2
273,273.0,İtaliyanın Baş Naziri Matteo Renzi Avropanın mühüm problemləri ilə bağlı Brüsseldə görüşünü keçirdi.,politics,2
274,274.0,Rusiya Federasiyasının XİN-i Ukraynadakı siyasi vəziyyətdən narahatlığını ifadə etdi.,politics,2
275,275.0,Rusiyanın Dövlət Dumasındakı deputatlara seçkili komissiyanın üzvləri təyin olundu.,politics,2
276,276.0,Hindistanın Baş Naziri Narendra Modi Pakistanla siyasi dialoqun yenidən başlatılmasına çağırış etdi.,politics,2
277,277.0,Türkiyənin Konstitusiyası referendumda təsdiqləndi.,politics,2
278,278.0,Türkiyənin Baş Naziri Rəcəp Tayyip Ərdoğan Suriyadakı hadisələrə dair çıxış etdi.,politics,2
279,279.0,Yaponiyanın Baş Naziri Shinzo Abe Amerikayla ticarət müqaviləsi imzaladı.,politics,2
280,280.0,Amerika Birləşmiş Ştatlarının Vəkillər Palatasında yeni vergi siyasəti layihəsi müzakirə edildi.,politics,2
281,281.0,ABŞ-nin XİN-a üzvlüyündən imtina etdikdən sonra Çin hökuməti tənqid olunmağa başladı.,politics,2
282,282.0,Kanadanın Baş Naziri Castin Trudo Avtomobil sənayesinin qorunmaq üçün yeni tədbirlər elan etdi.,politics,2
283,283.0,Alman Chancellor Angela Merkel Avropada mühacirət krizi ilə bağlı müzakirələr aparmağa çağırıb.,politics,2
284,284.0,Azərbaycan Milli Məclisinin deputatı Fəxrəddin Samədbəyov hökuməti tənqid etdi.,politics,2
285,285.0,"Parlament seçkilərindən sonra, ölkədə siyasi gərginlik daha da artdı.",politics,2
286,286.0,Türkiyənin XİN-i Suriyadaki humanitar böhranı müzakirə etdi.,politics,2
287,287.0,ABŞ-nin Xarici İşlər naziri Entoni Blenkən İran hökuməti ilə danışıqlara başladı.,politics,2
288,288.0,Fransa hökuməti Parisdə yerləşən NATO-qabaqcıl birliklərinin sayılarını azaltmağı planlaşdırır.,politics,2
289,289.0,Avropa Birliyi Azərbaycan hökuməti ilə enerji sahəsində əməkdaşlığa başlayan müqavilə imzalamışdır.,politics,2
290,290.0,Parlament seçkilərində iştirak edən partiyaların sayı 10-a çatdı.,politics,2
291,291.0,Yaponiyanın Baş Naziri Shinzo Abe ölkənin milli təhlükəsizlik siyasətini dəyişdirəcəkdir.,politics,2
292,292.0,İngiltərənin Baş Naziri Boris Johnson Brexit müzakirələrindəki sonrakı addımları açıqladı.,politics,2
293,293.0,Ukraynanın prezidenti Vladimir Zelenski Rusiyanın Ukraynadakı siyasətinə etiraz etdi.,politics,2
294,294.0,Fransa Prezidenti Emmanuel Makronun İtaliya səfəri uğurla sona çatdı.,politics,2
295,295.0,"Xizəkçimiz, Andrey Maryuçenko, Slalom yarışında dünya kubokunu qazandı.",sports,3
296,296.0,Dünya şampiyonasında idmançılarımızdan biri qızıl medal qazandı.,sports,3
297,297.0,"Bu ilki dəfə olaraq, Azərbaycanda keçiriləcək Xəzər Oyunlarına dəstək verildi.",sports,3
298,298.0,Beynəlxalq Olimpiya Komitəsi 2024-cü il olimpiadasının Parisdə keçirilməsinə razılıq verdi.,sports,3
299,299.0,Rusiyanın Neftçi klubundan transfer edilən futbolçu Səidov yeni mövsümdə böyük ümid yaradır.,sports,3
300,300.0,Azərbaycan milli karate komandası dünya çempionatında beşinci yeri aldı.,sports,3
301,301.0,"Azərbaycanda ilk dəfə olaraq, beysbol turniri keçirildi.",sports,3
302,302.0,Azərbaycan milli güləş komandası dünya çempionatında ikinci yeri tutdu.,sports,3
303,303.0,Velosiped sürücüsü Tour de France-da ikinci yeri tutdu.,sports,3
304,304.0,Marafonda iştirak edən idmançıların sayı artıb.,sports,3
305,305.0,"Xüsusi olaraq, idmançılar arasında ən populyar olan idman növləri futbol, basketbol və voleiboldur.",sports,3
306,306.0,Tennisçilərin dünya reytinqində Novak Çokoviç birinci yeri tutdu.,sports,3
307,307.0,İspaniyanın Barselona klubu UEFA Çempionlar Liqasında İtaliyanın Yuventus klubuna məğlub oldu.,sports,3
308,308.0,"Dünya şampiyonasında idmançılarımızdan biri, 400 metrlik maneəli qaçışda dünya rekordunu yenilədi.",sports,3
309,309.0,Azərbaycan milli atletika komandası Avropa Çempionatı uğrunda İsveç millisinə qalib gəldi.,sports,3
310,310.0,Futbolçu Zlatan İbrahimoviç İsveç millisinin heyətinə çağırıldı.,sports,3
311,311.0,Azərbaycan milli Şahmat Federasiyası şahmat üzrə Dünya Çempionatına dəstək verdi.,sports,3
312,312.0,Azərbaycan milli futbol komandası Avropa Çempionatı uğrunda Sloveniya millisinə qalib gəldi.,sports,3
313,313.0,"Futbolda yeni mövsümün startı verildi, ilk matçlarda sürprizlər oldu.",sports,3
314,314.0,İngiltərə millisinin futbolçusu Harry Kane Tottenham Hotspur klubundan ayrılacaq.,sports,3
315,315.0,Çinlilər arasında keçirilən tennis turniri sona çatdı.,sports,3
316,316.0,Azərbaycan milli futbol komandası Avropa çempionatı uğrunda Sloveniya millisinə qalib gəldi.,sports,3
317,317.0,Meksikanın milli futbol komandası Konfederasiya Kuboku uğrunda Almaniyaya uduzdu.,sports,3
318,318.0,Xizək yarışı üzrə dünya çempionatı Alp dağlarında keçirildi.,sports,3
319,319.0,Formula 1-də yeni mövsüm başladı və Ferrari komandası liderliyi ələ aldı.,sports,3
320,320.0,Azərbaycan milli voleýbol komandası Avropa Çempionatı uğrunda Polşa millisinə uduzdu.,sports,3
321,321.0,Azərbaycan atletika komandası Asiya Çempionatında altı medal qazandı.,sports,3
322,322.0,Azərbaycan milli voleybola komandası Avropa liqasında Macarıstana qalib gəldi.,sports,3
323,323.0,Fransa millisinin futbolçusu Kylian Mbappé Paris Senejmund klubuna transfer edildi.,sports,3
324,324.0,Futbolçu Zlatan İbrahimoviç İtaliyanın Milan klubuna keçdi.,sports,3
325,325.0,Futbolçu Cristiano Ronaldo Portuqaliya millisinin heyətinə çağırıldı.,sports,3
326,326.0,Azərbaycan milli atletizm komandası Avropa çempionatında altıncı yeri aldı.,sports,3
327,327.0,Formula 1-də Monako Gran Prisi keçən həftə sona çatdı.,sports,3
328,328.0,Amerika Basketbol Liqasında Los-Anceles Leykers Nyu-York Niks komandasına qalib gəldi.,sports,3
329,329.0,Boksçu Deontay Vilder ABŞ-də keçirilmiş boksta görüşündə qalib gəldi.,sports,3
330,330.0,Beynəlxalq Olimpiya Komitəsi 2028-ci il Olimpiya Oyunlarını Los-Anceles şəhərinə verdi.,sports,3
331,331.0,Atletizm üzrə dünya rekordunu yenidən müəyyən etdi.,sports,3
332,332.0,"İspaniyanın Barselona klubundan alınan məlumata görə, Lionel Messi komandanı tərk edəcək.",sports,3
333,333.0,Azərbaycanda ilk dəfə keçirilmiş marafonda 500-dən artıq idmançı iştirak etdi.,sports,3
334,334.0,Futzal üzrə dünya çempionu olan İspaniya millisinin heyətinə Azərbaycanlı futbolçu çağırıldı.,sports,3
335,335.0,Boksdan dünya çempionu olmağa çalışdığına dair danışma apardı.,sports,3
336,336.0,Ümumdünya Güləş Federasiyası prezidenti İranlı Əli Rıza Dastəyi idi.,sports,3
337,337.0,İngiltərə Premyer Liqasında Mançester YunaytedLiverpul komandasına qalib gəldi.,sports,3
338,338.0,Azərbaycan milli atletika komandası Asiya çempionatı uğrunda Çin millisinə qalib gəldi.,sports,3
339,339.0,Xizək yarışı üzrə dünya kubokunda Rusiyanın Andrey Maryuçenko ikinci yeri tutdu.,sports,3
340,340.0,Voleybol üzrə Avropa liqasının final matçı Azərbaycanda oynanıldı.,sports,3
341,341.0,"Dünya şampiyonasında ilk dəfə olaraq, kişi güləşçisi kürsüyə çıxdı.",sports,3
342,342.0,Azərbaycan milli voleybol komandası Avropa çempionatı uğrunda Polşa millisinə məğlub oldu.,sports,3
343,343.0,"Dünya şampiyonasında ilk dəfə olaraq, qadınlar arasında ağır atletika yarışı keçirildi.",sports,3
344,344.0,Almaniyanın milli futbol komandası Avropa Çempionatı uğrunda İtaliya millisinə uduzdu.,sports,3
345,345.0,İdmançılara müraciətləri ilə bağlı yeni qaydaların tətbiqi başladı.,sports,3
346,346.0,Dünya şampiyonasında güləşçi Rüstəm Orucov qızıl medal qazandı.,sports,3
347,347.0,Basketbol üzrə NBA-dan sonra dünyada ən güclü liqa hesab olunan İspaniya Liqasına çıxdı.,sports,3
348,348.0,Xizək yarışında Almaniyalı Fritzi Küster birinci yeri aldı.,sports,3
349,349.0,Futbolda UEFA Çempionlar Liqasının pley-off mərhələsinə çıxdı.,sports,3
350,350.0,Tennis üzrə Uimbldonda Amerika Açık turniri başladı.,sports,3
351,351.0,Beynəlxalq Olimpiya Komitəsinin prezidenti Tomas Bax Avstriyada keçirilmiş görüşdə çıxış etdi.,sports,3
352,352.0,Velosipedçi Anna van der Breggen hollandiyalı velosipedçilərin lideri oldu.,sports,3
353,353.0,Azərbaycan milli atletika komandası Dünya Çempionatında rekordlar qırtdı.,sports,3
354,354.0,Ümumdünya Güləş Federasiyası Azərbaycanı 2025-ci il Dünya Çempionatına ev sahibliyi edəcək.,sports,3
355,355.0,Voleybolla yanaşılan dünya çempionluğuna gedən yolun başlanğıcı oldu.,sports,3
356,356.0,Meksikanın América klubundan transfer edilən futbolçu Hernandes yeni mövsümdə böyük ümid yaradır.,sports,3
357,357.0,Fransa Turu velosiped yarışı start aldı.,sports,3
358,358.0,Fransa millisinin heyətinə seçilmiş Azərbaycanlı futbolçu ilk oyununu keçirdi.,sports,3
359,359.0,Cimnastikada yeni texnikanın işlənilməsi ilə bağlı seminar keçirildi.,sports,3
360,360.0,Atletizmçi Wayde van Niekerk Cənubi Afrika millisindən ayrıldı.,sports,3
361,361.0,Rusiyanın milli xokkey komandası Dünyanın ən güclü komandası seçildi.,sports,3
362,362.0,"Azərbaycanda ilk dəfə olaraq, paraolimpik idman növləri üzrə yarışlar keçirildi.",sports,3
363,363.0,Xizək yarışında dünya rekordunu yeniləyən Almaniyalı idmançı oldu.,sports,3
364,364.0,"Boksçumuz, Mahammad Abdullayev, IBF versiyasına görə dünya çempionluğu uğrunda mübarizə apardı.",sports,3
365,365.0,Azərbaycan milli volebol komandası Asiya Çempionatında finala çıxdı.,sports,3
366,366.0,XİZƘÇİLİK idmanı üzrə dünya çempionatında Rusiya millisinin üstünlüyü tamam oldu.,sports,3
367,367.0,Qadın voleybola komandası dünya sıralamasında birinci yeri aldı.,sports,3
368,368.0,"Atletizm üzrə dünya rekordunun sahibi, amerikalı sprinter Tayson Geys oldu.",sports,3
369,369.0,Azərbaycan milli su polosu komandası Avropa çempionatında finala çıxdı.,sports,3
370,370.0,Güləşçi Mariya Stadnik Avropa çempionatında ikinci yeri tutdu.,sports,3
371,371.0,XIZƏKLİ YAĞÇILARIN DÜNYA KUBOKU FİNALLARI KEÇİRİLƏCƏK.,sports,3
372,372.0,Azərbaycan milli futbol komandası UEFA Avro 2020-nin pley-off mərhələsinə çıxdı.,sports,3
373,373.0,Atıcılıqdа dünya rekordunu yeniləyən Çinli idmançı oldu.,sports,3
374,374.0,"Boksçularımızdan biri, WBC versiyasına görə dünya çempionluğunu qazandı.",sports,3
375,375.0,Tennisçi Rafael Nadal ATP sıralamasındakı yerini saxladı.,sports,3
376,376.0,Cimnastika üzrə dünya çempionatında Çinlilərin üstünlüyü tamam olmadı.,sports,3
377,377.0,Velosiped yarışı üzrə Fransa Turuna start verdi.,sports,3
378,378.0,Azərbaycan milli ağır atletika komandası Dünya Çempionatında medal qazandı.,sports,3
379,379.0,Olimpiya Oyunlarına gedəcək idmançılar arasında bizim ölkəni təmsil edəcək olanlar var.,sports,3
380,380.0,Azərbaycan milli su polosu komandası Avropa Çempionatında üçüncü yeri tutdu.,sports,3
381,381.0,"Azərbaycanda ilk dəfə olaraq, qadınlararası futbol turniri keçirildi.",sports,3
382,382.0,Velosipedçi Tayler Finneran velosiped yarışında yeni dünya rekordunu qeydə aldı.,sports,3
383,383.0,XIZƏKÇİ Luka Ştefançiç slalom yarışında dünya rekordunu yenilədi.,sports,3
384,384.0,Azərbaycan milli voleyboll komandası Asiya çempionatında üçüncü yeri tutdu.,sports,3
385,385.0,Futbolda transfer pəncərəsi bağlandığında bir sıra maraqlı transferlər gerçəkləşdi.,sports,3
386,386.0,Azərbaycan milli basketbol komandası FIBA Dünya Kuboku uğrunda Çin millisinə məğlub oldu.,sports,3
387,387.0,Boksçu Denis Lebedev Rusiya çempionatında qalib gəldi.,sports,3
388,388.0,Cimnastika üzrə dünya çempionatı Çin Xalq Respublikasında keçirildi.,sports,3
389,389.0,"Təhlükəsizlik qaydaları pozulurarsa, idman zalındakı ağır yaralanmalar baş verə bilir.",health,4
390,390.0,Tibbdə yeniliklərə dair sonuncu elmi tapıntılar ictimaiyyətə təqdim edilmişdir.,health,4
391,391.0,Yaddaş itkisi problemi yaşlanan insanlarda daha çox rastlanır.,health,4
392,392.0,Beynimizin işləməsinə təsir edən faktorlar arasında stress də var.,health,4
393,393.0,Qida mütəxəssisləri yağsız qidanın faydaları barədə danışırlar.,health,4
394,394.0,"Sağlamlığımızı qorumağın əsas yolu, düzgün qidalanmadır.",health,4
395,395.0,Bəzi xəstəliklər özünü yalnız simptomlarının görünüşündə büruz vermir.,health,4
396,396.0,Uşaqlardakı respirator xəstəliklərin müalicəsi üçün yeni metodlar işlənilir.,health,4
397,397.0,"Qidalanmada duzu tapmaq, orqanizmimiz üçün olduqca önəmdir.",health,4
398,398.0,Hamiləliyin birinci trimestrində vitamin çatışmazlığı uşaqlarda anomaliyalara səbəb ola bilər.,health,4
399,399.0,"Sağlam yeməklə yanaşı, fiziki aktivliklərimizi artırmalıyıq.",health,4
400,400.0,Xəstəliklərin profilaktikasında sanitariya-qigienik tədbirlərin rolu böyükdür.,health,4
401,401.0,Sağlam həyat tərzi seçimi bizim özümüzə aiddir.,health,4
402,402.0,Ümumi sağlamlığınızı qorumaq üçün düzgün yemək və su içmək lazımdır.,health,4
403,403.0,Müntəzəm idmanla siz özünüzdə sağlam olma hissini duyarsınız.,health,4
404,404.0,"Yüngül xəstəliklərə qarşı profilaktika olmaq lazımdır ki, onlar ağır xəstəliklərə çevrilməsin.",health,4
405,405.0,Tibbdə son illərin nailiyyətləri xəstəliklərin müalicəsinə kömək edir.,health,4
406,406.0,Gündəlik iş rejimi insanın fiziki və ruhi sağlamlığına təsir edir.,health,4
407,407.0,Ümumi sağlamlığınızı qorumaq üçün düzgün yemək və sağlam həyat tərzini saxlamaq lazımdır.,health,4
408,408.0,Yaşlanma prosesi ilə birlikdə insanlar daha çox xəstəliklərə meyillidir.,health,4
409,409.0,"Gündəlik həyatımızda streslə mübarizə aparmaq üçün, rahatlatıcı üsullardan istifadə etmək olar.",health,4
410,410.0,Xəstəliklərlə mübarizə aparmaq üçün immun sistemimizi gücləndirməlidir.,health,4
411,411.0,"Qidalanmanıza diqqət edin, çünki o, sizin sağlamlığınız üçündür.",health,4
412,412.0,İnsan orqanizmindəki suyun norması saxlanılmasının vacibliyi vurğulanır.,health,4
413,413.0,İnsan orqanizmi üçün lazım olmayan kimyevi maddələrlə yanaşılmamaq lazımdır.,health,4
414,414.0,Qadınlarda menopauza dövründə hormonal dəyişikliklər olur.,health,4
415,415.0,Dərman preparatlarının düzgün istifadəsi bizim sağlamlığımızı qoruyur.,health,4
416,416.0,İnsan orqanizmindəki suyu balansı saxlamaq lazımdır.,health,4
417,417.0,"Təhlükəsizlik qaydaları pozulurarsa, idman zalında ağır xəsarətlər almaq mümkündür.",health,4
418,418.0,Uşaqlardakı diş anomaliliyalarının önümüzdə durması üçün dişlərin düzgün saxlanılması lazım.,health,4
419,419.0,Tibbi yardım olmadan xəstəlikləri müalicə etmək olmaz.,health,4
420,420.0,Hamiləliyin erkən dövründə vitamin çatışmazlığının uşaqlarda özünü büruzə verdiyi müşahidə edilir.,health,4
421,421.0,Onurğa beyninin sağlam olması insanın bütün orqanlarının düzgün işləməsini təmin edir.,health,4
422,422.0,Tütünçülük insanın sağlamlığına ciddi ziyan vurur.,health,4
423,423.0,"Təhlükəsizlik qaydaları pozulurmuşdu, buna görə də bir çox insanın sağlamlığına ziyan vuruldu.",health,4
424,424.0,Qidalanmada düzensizliklərin insomniya ilə bağlı olmasını tədqiqatçılar aşkarlamışdırlar.,health,4
425,425.0,Hamiləlik dövründə qadınlar üçün vitamin kompleksi almağın vacibliyi vurğulanır.,health,4
426,426.0,Fizikoterapiyanın köməyi ilə bəzi xəstəliklərin müalicəsi mümkün olur.,health,4
427,427.0,"Ürək-damar xəstəlikləri ilə mübarizə aparmaq üçün, həkimlərin tövsiyələrinə riayət etmək lazımdır.",health,4
428,428.0,Uşaqlarda immunitetin zəifləməsinin əsas səbəblərindən biri də azalmış fiziki aktivlikdir.,health,4
429,429.0,İnsanın ürək-damar sistemi onun sağlamlığı üçün çox vacibdir.,health,4
430,430.0,Hamiləlik dövründə qadınlar üçün vitamin və mikroelementlərin alınması vacibdir.,health,4
431,431.0,Uşaqlarda avtomatik olaraq baş verən xəstəliklərin sayı artıb.,health,4
432,432.0,Sağlam həyat tərzi bizi xəstəliklərdən qorumağa kömək edir.,health,4
433,433.0,Mütəxəssis həkimlər xəstəliklərin erkən diaqnostikasını tövsiyə edirlər.,health,4
434,434.0,"Dərman preparatlarından istifadə etməzdən öncə, həkimlərlə müşavirə etmək lazımdır.",health,4
435,435.0,"Uşaqlarda diş sağlamlığının qorunması üçün, diş fırçalamağı öyrətmək lazımdır.",health,4
436,436.0,İnsan orqanizmindəki su balansı sağlamlığımızın əsas şərtləridir.,health,4
437,437.0,Sağlam yemək bizim ümumi sağlamlığımızın əsas komponentidir.,health,4
438,438.0,İnsanın immun sistemi onun sağlamlığını qorumaqdadır.,health,4
439,439.0,"Onurğanın düzgün mövqiyyətinə diqqət yetirməklə, bel ağrılarının qarşısını almaq mümkün olur.",health,4
440,440.0,Bədənimizi gücləndirmək üçün düzgün idman proqramından keçməlisiniz.,health,4
441,441.0,Qidalanmada düzxüsusun olmaması insanların sağlamlığına mənfi təsir edir.,health,4
442,442.0,Daimi stres insan orqanizmində böyük dağıntılara səbəb olur.,health,4
443,443.0,"Fiziksel aktivliyimizin az olması, bizim sağlamlığımızın pisləşməsinə səbəb ola bilir.",health,4
444,444.0,Xəstəliklərin əksəriyyəti sağlam qidalanmaya görə meydana çıxdığı bilinməlidir.,health,4
445,445.0,"Bəzi xəstəliklər özünü yalnız simptomları ilə deyil, həyat tərzimizlə də büruzə verir.",health,4
446,446.0,Dərman preparatları arasında seçim etməkdə çətinlik çəkmənin səbəbləri araşdırılır.,health,4
447,447.0,Beynin işemik xəstəliyi insanın bütün orqanizminda böyük risk yaradır.,health,4
448,448.0,"Onurğa beyni xəstəlikləri, əslində, insanlarda fiziki inkişafa mane olur.",health,4
449,449.0,Təmkinli olmağın fiziki və ruhi Sağlamlığımıza böyük təsiri vardır.,health,4
450,450.0,Tibbdə son illərin yenilikləri insanların ömrünü uzadır.,health,4
451,451.0,Gündəlik həyatınızda stresslə mübarizə aparmağın yollarını bilməlisiniz.,health,4
452,452.0,İnsanın immun sistemi onun sağlamlığını qorumaqdadir.,health,4
453,453.0,İnsan orqanizmində suyun rolunu anlayıb onu düzgün istifadə etməkdir.,health,4
454,454.0,"Təhlükəsizlik qaydaları pozulurarsa, idman zalında ağır xəsarət almaq riski artır.",health,4
455,455.0,Tibbdəki son yeniliklər insanların ömürünü uzadır.,health,4
456,456.0,Sağlam həyat tərzi üçün gündəlik idman edilməlidir.,health,4
457,457.0,Xəstəliklərin əksəriyyəti sağlam həyat tərzinin pozulması ilə bağlıdır.,health,4
458,458.0,İnsanın daxili orqanlarinda gedən proseslər onun sağlamlığına təsir edir.,health,4
459,459.0,Qocalanda insanlarda osteoporozun riski artmaqdadır.,health,4
460,460.0,Daima stres altında olmaq insanın fiziki və ruhi sağlamlığına mənfi təsir edir.,health,4
461,461.0,Osteoporoz xəstəliyi yaşlı insanlar arasında daha geniş yayılır.,health,4
462,462.0,Təhlükəsiz əlavələrlə yanaşılmaması lazım olduğunu diagnostika etmiş doktorlar bildirirlər.,health,4
463,463.0,Qidalanmada düzgün seçimlər etməklə sizin sağlamlığınızı qorumuş olursunuz.,health,4
464,464.0,Müalicənin uğurla olması üçün düzgün diaqnozu qoymaq vacibdir.,health,4
465,465.0,Hamiləlik dövründə qadınlar üçün vitamin kompleksi qəbulunu davam etdirmək lazımdır.,health,4
466,466.0,Xəstəliklərin erkən aşkarlanması onların müalicəsini asanlaşdırır.,health,4
467,467.0,Hamiləlik dövründə qadınlar üçün xüsusi diyet rejimi vacibdir.,health,4
468,468.0,Xəstəliklərin əksəriyyəti bizim yaşadığımız mühitin pis keyfiyyətinə görə meydana çıxır.,health,4
469,469.0,Qidalanmada vitamin çatışmazlığının insan sağlamlığında necə təsirlərə malik olduğunu bilməkdir.,health,4
470,470.0,Bəzi xəstəliklərin simptomları başqa xəstəliklərininkinə oxşardır.,health,4
471,471.0,"Uşaqlardakı respirator xəstəliklər, onların sağlamlığını ciddi şəkildə pozur.",health,4
472,472.0,"Dövlətin sağlamlıq siyasəti, ictimai səhiyyənin inkişafına kömək edir.",health,4
473,473.0,Uşaqlarda avtomatik reflekslərin olmaması onların sağlamlığına ciddi təhdid yaradır.,health,4
474,474.0,"Suda üzmənin faydalarından biri də, onu fiziki aktivliyinizə əlavə etməkdir.",health,4
475,475.0,Ümumi sağlamlığımıza ziyan verən faktorlara diqqət yetirmək lazımdır.,health,4
476,476.0,Sağlam həyat tərzinin formalaşması üçün fiziki aktivliyin artırılması lazımdır.,health,4
477,477.0,Xəstəliklərin önünü almaq üçün sanitariya-qigienik tədbirlər görülməlidir.,health,4
478,478.0,Xəstəliklərin müalicəsinə yönəlmiş yeni üsulların tədqiqatı davam edir.,health,4
479,479.0,Dərman preparatlarının düzgün istifadəsi insan sağlamlığını qorumada önəmli rol oynayır.,health,4
480,480.0,Təhlükəsiz suyun olmaması insan sağlamlığına ciddi təhdid yaradır.,health,4
481,481.0,Hamiləliyin ilk dövrlərində vitamin çatışmazlığının riski artır.,health,4
482,482.0,Müxtəlif fiziki aktivliklər insanın psixoloji durumunu yaxşılaşdıra bilir.,health,4
483,483.0,"Uşaqlarda avtomobil çarpışma hasilidir ki, onların sağlamlığını ciddi şəkildə təhdid edir.",health,4
484,484.0,"Fizikoterapiya üsullarından istifadə edilərək, xəstəliklərin müalicəsinə kömək edilir.",health,4
485,485.0,Tibbi xidmətin keyfiyyətinin yüksəlməsi üçün yeni texnologiyaların tətbiqi vacibdir.,health,4
486,486.0,Xəstəliklərin əksəriyyəti sağlam insanın immun sistemini zəiflətməklə başlayır.,health,4
487,487.0,Böyrəkdəki daşların əmələ gəlməsinin qarşısını almaq üçün su içməyə diqqət yetirmək lazımdır.,health,4
488,488.0,Xəstəliklərin profilaktikası üçün sanitar-gigenik tədbirlər görülmalıdır.,health,4
489,489.0,Konsertin açılışında Azərbaycanlı müğənni Aygün Bəylər çıxış edəcəkdir.,entertainment,5
490,490.0,"Beynəlxalq Cirkuşun üzvü, artist Aleksandr Petrov Azərbaycanda solo konserti ilə çıxış edəcəkdir.",entertainment,5
491,491.0,Telekanallarda efirə gedən yeni seriallar izləyicilərin diqqətini cəlb etməkdə idi.,entertainment,5
492,492.0,Telekanallarda efirə gedən yeni seriallara maraq artıb.,entertainment,5
493,493.0,Festivalda çıxış edən müxtəlif ölkələrin rəssamı onların milli kostyumlarında çıxış etdilər.,entertainment,5
494,494.0,Teatrda oynanan Romeo və Culyetta pyesi klassik əsərlərdən biri hesab olunur.,entertainment,5
495,495.0,Məşhur aktyor Tom Hanks yeni filmdə rol alacaq.,entertainment,5
496,496.0,Televiziya kanalı yeni mövsim üçün yeniləndi.,entertainment,5
497,497.0,"Dünya şöhrətli DJ, Tomas Brinkmann Azərbaycana gələcəkdə konsert vermək üçün razılaşdırıldı.",entertainment,5
498,498.0,Televideniya kanalı yeni serialını başlatdı və onun süjeti çox maraqlı idi.,entertainment,5
499,499.0,Telekanalda efirə gedən yeni serialdan səhnələr yayımlandı.,entertainment,5
500,500.0,Xoreoqrafik ansamblımızın yeni proqramı oldu və onlar onu səhnədə göstərdilər.,entertainment,5
501,501.0,Rəqs ansambılının yeni albomu satışa buraxıldı.,entertainment,5
502,502.0,Milli orkestrin konserti dövlət teatrında keçirildi.,entertainment,5
503,503.0,Beynəlxalq Rok Festivalına dünyanın 20-dən artıq ölkəsindən rok komandalar qatıldı.,entertainment,5
504,504.0,Musiqili yarışmada iştirak edən müğənnilər özünün bacarığını sübut etdi.,entertainment,5
505,505.0,Azərbaycanlı müğənni Aygün Bəylər yeni albomunu çıxartdı.,entertainment,5
506,506.0,Xarici ölkələrin tanınmış müğənniləri bizim ölkədə konsert verməyi planlaşdırır.,entertainment,5
507,507.0,Televiziya kanalı yeni sezon üçün yeni verilişlər hazırladı.,entertainment,5
508,508.0,Milli orkestimiz yeni konsert proqramı hazırladı və onu səhnədə göstərdi.,entertainment,5
509,509.0,Kinematoqrafçılar Assosiasiyasının mükafatı bu ilkin dəfə verilməlidir.,entertainment,5
510,510.0,Televiziya kanalı yeni mövsimdə efirə gedəcək yeni verilişlər haqqında məlumat verdi.,entertainment,5
511,511.0,Konsertdə iştirak edən müğənnilər özünü büruzə verdi və tamaşaçılara xoşbəxtlik hissi verdi.,entertainment,5
512,512.0,Muzeydəki eksponatların arasında kino ulduzu Çarsi Çaplinin kostyumları da vardı.,entertainment,5
513,513.0,Film festivallarının ən vacib hissəsi jürilərin seçimidir.,entertainment,5
514,514.0,Dünya üzrə tanınmış müğənni Rihanna yeni albomu çıxartdı.,entertainment,5
515,515.0,Telekanallarda efirə gedən yeni serial bütün izləyiciləri sevindiridi.,entertainment,5
516,516.0,Teatr studiyasının açılışına dünya şöhrətli aktyor Deniel Kreyd çıxış edəcəkdir.,entertainment,5
517,517.0,"Qızıl Buta mükafatı laureatı, aktrisa Fidan Qasımova yeni filmdə rol alacaqdır.",entertainment,5
518,518.0,Beynəlxalq musiqi festivalları çərçivəsində Azərbaycanlı müğənnilər də mükafata layiq görülürdülər.,entertainment,5
519,519.0,Muzeydəki eksponatların arasında ən maraqlısı kino ulduzu Marilyn Monroenin kostyumları idi.,entertainment,5
520,520.0,Muzeydəki eksponatların arasında kino ulduzu Marilyn Monroenin kostyumları da vardı.,entertainment,5
521,521.0,Müxtəlif ölkələrdən olan müğənnilər birlikdə çıxış etməyi planlaşdırır.,entertainment,5
522,522.0,Azerbaycan Idol musiqili yarışmasında iştirak edən müğənnilər özünün bacarığını sübut etdi.,entertainment,5
523,523.0,"Azerbaycan Idolu müsabiqəsinin finalisti, müğənni Rüfət İsrayılov yeni albomunu buraxdı.",entertainment,5
524,524.0,Kinoteatrda açılış günü olduqca uğurlu keçdi.,entertainment,5
525,525.0,Festivalda çıxış edən müğənnilər arasında dünya şöhrətli müğənnilər də vardı.,entertainment,5
526,526.0,Titanic filmi yenidən kinoteatrlarda buraxılacaq.,entertainment,5
527,527.0,Azərbaycanın ən böyük kinoxalları arasında yer alan Park Cinema-da yeni filmlər buraxılacaq.,entertainment,5
528,528.0,Filmdəki aktyorun oyununu tamaşaçılar böyük alqışlarla qarşıladı.,entertainment,5
529,529.0,İkinci Puls rok-qrupu bu ilki dəfə Avropa turnesine başlayır.,entertainment,5
530,530.0,Kinorejissorun yeni filmi dünyada böyük uğur qazandı.,entertainment,5
531,531.0,Xocalı rayonu ictimaiyyətinin təşkili ilə Novruz bayramı adlı folklor proqramı təşkil edildi.,entertainment,5
532,532.0,Qızıl Bulud mükafatını alan rejissorun yeni layihəsi açıqlandı.,entertainment,5
533,533.0,Komediya klubunda keçirilmiş axşam oturumu bütün qonaqları gülüşdürdü.,entertainment,5
534,534.0,Xoreoqraf Rəhim Rəhimli özünün yeni baletini tamaşaçılara təqdim etdi.,entertainment,5
535,535.0,Məktəbdə tələbələr üçün təşkil edilən konsertdə yerli müğənnilər çıxış etdilər.,entertainment,5
536,536.0,Rok-konserti keçmiş günü baş tutdu və rok-musiqisi sevənlər onu bəyəndi.,entertainment,5
537,537.0,Xüsusi efektləri ilə tanınmış rejissor yeni fantastik filmin üzərində çalışır.,entertainment,5
538,538.0,Teatrda oynanan pyeslərin əksəriyyəti klassik əsərlər idi.,entertainment,5
539,539.0,Musiqili komediya janrı bu ilkin populyarlıq qazandı.,entertainment,5
540,540.0,Teatrda yeni mövsim açıldı və bu mövsimdə bizə maraqlı tamaşalar hazırladı.,entertainment,5
541,541.0,Musiqili Komediya Teatrında yeni mövsüm açılış konseriti keçirildi.,entertainment,5
542,542.0,Eurovision müsabiqəsində iştirak edən bütün ölkələrin təmsilçiləri seçilib.,entertainment,5
543,543.0,Festivalda çıxış edən müğənnilər arasında dünya şöhrətli sənətkarlar var idi.,entertainment,5
544,544.0,Avengers serialının yeni mövsümü tezliklə efirdə olacaq.,entertainment,5
545,545.0,Qızıl Buta filmi Azərbaycan kinematoqrafının ən uğurlu filmlərindəndir.,entertainment,5
546,546.0,Milli televiziyada efirə gedən yeni oyun şousundan səhnələr yayımlandı.,entertainment,5
547,547.0,Ölkəimizin ən böyük kino mükafatlarından biri verildi və kino sənətkarlar buna layiq görüldülər.,entertainment,5
548,548.0,Xarıbülbul Festivalı bu ilki dəfə Azərbaycanın ən gözəl bölgələrində keçirildi.,entertainment,5
549,549.0,Rok-konserti keçirdiyi gün bütün şəhər onun haqqında danışırdı.,entertainment,5
550,550.0,Festivalda çıxış edən müxtəlif milli komandalar özünün rəqs və musiqisini nümayiş etdirdi.,entertainment,5
551,551.0,The Voice müsabiqəsinin yeni mövsümü start götürdü.,entertainment,5
552,552.0,Xüsusi efektler kino sənayesinin inkişafına kömək edirdi.,entertainment,5
553,553.0,Beynəlxalq musiqi festivalına dünyanın müxtəlif yerlərindən müğənnilər qatıldı.,entertainment,5
554,554.0,Musiqili komediya janrındakı yeni film bütün kinoteatrlarda gösterildi.,entertainment,5
555,555.0,Milli teatrda Aida operasını izləmək mümkün olurdu.,entertainment,5
556,556.0,Sevilən oyunçu yarışması final mərhələsinə çatdırıldı.,entertainment,5
557,557.0,Muzeydəki eksponatların arasında ən diqqətçəkici olanlarından biri də Qızıl Qlobus mükafatı idi.,entertainment,5
558,558.0,Musiqi festivalları ölkəmizdə çox sevilir və insanlar ona böyük maraq göstərir.,entertainment,5
559,559.0,Teatrda oynanan pyeslərin mövsümü açıldı və tamaşaçılar buna böyük maraq göstərdi.,entertainment,5
560,560.0,Festivalda iştirakçılar üçün xüsusi hazırlanan oyunlar və yarışmalar keçirildi.,entertainment,5
561,561.0,Serialın final seriyasını izləmək üçün minlərlə insan toplandı.,entertainment,5
562,562.0,Rejissorun yeni filmi bütün kinoseanslarda nümayiş olunur.,entertainment,5
563,563.0,Game of Thrones serialının final mövsümü az sonra efirdə olacaq.,entertainment,5
564,564.0,Kinoteatrda yeni filmin premyerası oldu və izləyicilər onu bəyəndi.,entertainment,5
565,565.0,Rok-konsertdə iştirak edən dinləyicilər sayı 50 mindən çox idi.,entertainment,5
566,566.0,Xüsusi efektli filmin premyerasına az sayıda insan dəvət edildi.,entertainment,5
567,567.0,İkinci pərdə teatr truppasının tamaşaçılarına Sevil pyesi təqdim olundu.,entertainment,5
568,568.0,Müğənni Aygün Bəylərin yeni albomu satışa buraxıldı.,entertainment,5
569,569.0,Qızıl Buta filmi Azərbaycan kinematoqrafçılarının ən uğurlu layihəsidir.,entertainment,5
570,570.0,Musiqili komediya janrında yazılmış Mənim sevimli oğlum pyesi səhnəyə qoyuldu.,entertainment,5
571,571.0,Məşhur DJ David Guetta Bakıda konsert verməyə hazırlaşır.,entertainment,5
572,572.0,Rejissor Namiq Noğayev yeni filmi ilə yanaşıb.,entertainment,5
573,573.0,Ölkəmizin ən məşhur aktyorları arasında seçilmiş onlarca adam var idi.,entertainment,5
574,574.0,Kinoteatrda yeni açılmış filmin premyerasına görkəmli şəxslər dəvət edildi.,entertainment,5
575,575.0,Filmdəki aktyorların oyununu izləmək mümkün olmadı.,entertainment,5
576,576.0,Buz teatrında keçirilmiş yeni şou bütün izləyiciləri heyran etdi.,entertainment,5
577,577.0,Dünyanın ən gözəl şəhəri adlı televiziya verilişi start götürdü.,entertainment,5
578,578.0,Konsertdə çıxış edən müğənnilər arasında dünya şöhrətli sənətkarlar var idi.,entertainment,5
579,579.0,Konsertdə iştirak edən bütün müğənnilər özünü xoşbəxt hesab edirdi.,entertainment,5
580,580.0,Bədii kitabın təqdimatı zamanı yazarla görüş mümkün oldu.,entertainment,5
581,581.0,Muzeydəki eksponatların arasında ən diqqətçəkəni isə kinematoqrafın ilk nümunəsidir.,entertainment,5
582,582.0,Novruza bayramı adlı folklorik ansamblda çıxış edən artistlər özünü büruz verdi.,entertainment,5
583,583.0,Musiqili komediya teatrında hazırlanan yeni tamaşa üçün provalar aparılır.,entertainment,5
584,584.0,Kino ulduzu mükafatına layiq görülən aktrisanın adı açıqlandı.,entertainment,5
585,585.0,Kino festivalında dünyanın tanınmış rejissorlarının filmləri nümayiş olunacaqdır.,entertainment,5
586,586.0,Konsertdə iştirak edən bütün müğənnilər özünü büruz verdi.,entertainment,5
587,587.0,Yarışmaçılar arasındakı mübarizə çox sərt idi.,entertainment,5
588,588.0,Məşhur müğənni yeni albomunu buraxdı və ona görə təbrik edildi.,entertainment,5
589,589.0,Çayna hökuməti Tibet bölgəsini muxtar vilayət elan etmişdir.,geography,6
590,590.0,Keniyanın paytaxtı Nayrobinin orta hesabla hündürlüyü dəniz səviyyəsindən 1660 metrdir.,geography,6
591,591.0,Cənubi Amerikada yerləşən And dağları sistemi dünyanın ən uzunu dağ sistemidir.,geography,6
592,592.0,"Antarktikaya aid olmayan dünyada ən soyuq bölgə Sibir diyarıdır, temperatura -71,2°C çatmışdır.",geography,6
593,593.0,And dağları Cənubi Amerikada yerləşən ən uzun dağ silsiləsidir.,geography,6
594,594.0,Hindistan ölkəsində yerləşən Himalay dağlarının ən hündür zirvəsi Everest dağıdır.,geography,6
595,595.0,"Böyük Çin divarı dünyanın ən uzun divardır, uzunluğu 13,171 kilometrdir.",geography,6
596,596.0,İspaniyanın Kataloniya muxtar regionunda yerləşən Piriney dağlarının uzunluğu 435 kilometrdır.,geography,6
597,597.0,Çin Xalq Respublikasının şimalındə yerləşən Gobi səhrası dünyanın ən böyük səhra hissəsidir.,geography,6
598,598.0,Avropa qitəsində yerləşən Alp dağlarının ən hündür zirvəsi Monblan dağıdır.,geography,6
599,599.0,Afrikada yerləşən Viktoriya şəlaləsi dünyanın ən geniş şəlaləsidir.,geography,6
600,600.0,Braziliya ölkəsində yerləşən Amazon meşəsinin sahəsi 5500000 kvadrat kilometrdir.,geography,6
601,601.0,İtaliyanın Apennin yarımadasındadır.,geography,6
602,602.0,"Amerikada ən böyük gölü Superior göludur, hansı ki, 31820 kvadrat kilometr sahəsi var.",geography,6
603,603.0,Avstraliya materiki dünyanın ən köhnə kontinentidir.,geography,6
604,604.0,Fransa Alp dağlarında yerləşən Mon Blan zirvəsinin hündürlüyü 4810 metrdir.,geography,6
605,605.0,Himalay dağlarının ən yüksek zirvəsi Everest dağıdır.,geography,6
606,606.0,Cənubi Amerika qitəsinin ən ucqar nöqtəsi Ushuaia şəhəridir.,geography,6
607,607.0,Kanadada yerləşən Baykal gölü dünyanın ən dərin təbii gölüdür.,geography,6
608,608.0,Orta Asiyada yerləşən Pamir dağları dünyanın ən yüksək nöqtəsidir.,geography,6
609,609.0,"Afrika qitəsinin ən geniş ölkəsi Əlcəzairdir, sahəsi 2,381,741 kvadrat kilometrdır.",geography,6
610,610.0,"Afrikada ən böyük su anbarı Viktoriya gölüdür, sahəsi 69,485 kvadrat kilometrdır.",geography,6
611,611.0,Himalay dağlarının ən yüksək zirvəsi Everest dağıdır.,geography,6
612,612.0,Avropa qitəsində yerləşən İsveç krallığının paytaxtı Stokholm şəhəridir.,geography,6
613,613.0,Dünyanın ən böyük şəhəri Tokioyun sahəsi 2187 kvadrat kilometrdır.,geography,6
614,614.0,Dünyanın ən böyük buzlağı olan Antarktik buzlağının sahəsi 14 milyon kvadrat kilometrdır.,geography,6
615,615.0,Amazon meşəsi dünyadakı ən böyük yağmur meşəsidir.,geography,6
616,616.0,"Asiya qitəsinin ən böyük ada Sumatra adasıdır, sahəsi 473,481 kvadrat kilometrdır.",geography,6
617,617.0,And dağları Cənubi Amerikada yerləşən ən uzun dağ sırasıdır.,geography,6
618,618.0,Kanada ölkəsinin ən böyük şəhəri Toronto şəhəridir.,geography,6
619,619.0,Antarktikaya getmək üçün ilk dəfə 1820-ci ildə rus dənizçisi Faddey Bellinsgauzen uğurla yanaşıb.,geography,6
620,620.0,Afrikada yerləşən Viktoriya şəlaləsinin hödürlüyü 108 metrdir.,geography,6
621,621.0,Cənubi Amerikada yerləşən And dağlarının uzunluğu 7000 kilometrdir.,geography,6
622,622.0,"Afrika qitəsinin ən böyük ölkəsi Əlcəzairdir, hansı ki, 2381740 kvadrat kilometr sahəsi var.",geography,6
623,623.0,Avropa kontinentinin ən böyük gölü Ladoga göludur və onun sahəsi 17200 kvadrat kilometrdır.,geography,6
624,624.0,"And dağlarının ən yüksək zirvəsi Akankilua dağıdır, hündürlüyü 6,962 metrdir.",geography,6
625,625.0,Antarktikada yerləşən Vostok stansiyasından alınan buz nümunələri dünyada ən köhnədir.,geography,6
626,626.0,"Braziliyanın ən böyük şəhəri San Pauludur, əhalisi 22 milyon nəfərdən artıqdır.",geography,6
627,627.0,"Avropa qitəsində ən uzun çay Volga çaydır, uzunluğu 3,530 kilometrdir.",geography,6
628,628.0,"Hind okeanı dünyanın ən isti okeandır, burada suyun orta temperatura +22°C-dir.",geography,6
629,629.0,"Amazon meşəsi dünyadakı ən böyük meşədir, sahəsi 5,5 milyon kvadrat kilometrdır.",geography,6
630,630.0,ABŞ-nin Kaliforniya ştatında yerləşən Death Valley vadisi dünyanın ən isti yeri hesab olunur.,geography,6
631,631.0,Kamerun dağlarının ən yüksək zirvəsi Kamerun vulkanıdır.,geography,6
632,632.0,Avstraliya materikinin sahil xəttinin uzunluğu 25898 kilometrdır.,geography,6
633,633.0,"Avstraliya materiki dünyanın ən köhnə materiklerindendir, yaşını 3,5 milyard il hesab edilir.",geography,6
634,634.0,Azərbaycan Respublikasının ən böyük gölü Kürçay vadisində yerləşmiş Göy-göl adlıdır.,geography,6
635,635.0,"Fransa ərazisində ən uzun çay Luaradır, hansı ki, 1012 kilometr uzundur.",geography,6
636,636.0,Rusiya Federasiyasındadır yerləşən Baykal gölü dünyanın ən dərin gölüdür.,geography,6
637,637.0,Kanada dünyada ikinci ən böyük ölkədir.,geography,6
638,638.0,ABŞ-nin Kaliforniya ştatında yerləşən Sierra Nevada dağlarının uzunluğu 650 kilometrdır.,geography,6
639,639.0,Orta Asiyada yerləşən Özbəkistan Respublikası əhalisi təxminən 35 milyon nəfərdır.,geography,6
640,640.0,Afrikada yerləşən Nijer çayının uzunluğu 4180 kilometrdir.,geography,6
641,641.0,Hind okeanı sahillərində yerləşən Mozambik ölkəsinin uzunluğu 1500 kilometrdən artıqdır.,geography,6
642,642.0,Kanadada yerləşən Baffin adasında dünyada ən böyük fiord - Sondre Stromfiord yerləşir.,geography,6
643,643.0,"Cənubi Amerika qitəsinin ən böyük ölkəsi Argentinaadır, sahəsi 2,780,400 kvadrat kilometrdır.",geography,6
644,644.0,Dünyanın ən böyük gölünün sahəsi 371000 kvadrat kilometrdır.,geography,6
645,645.0,Avstraliyanın şimal-qərbində yerləşən Kimberli bölgəsində dünyanın ən köhnə dağlarından biri var.,geography,6
646,646.0,"Afrika qitəsində ən böyük ölkə Alžírdir, onun sahəsi 2381740 kvadrat kilometrdır.",geography,6
647,647.0,Rusiya Federasiyasının ən böyük gölü Baikal gölüdür.,geography,6
648,648.0,Afrika qitəsində 54 dövlətin mövcudluğunu nəzərdə tutmaq lazımdır.,geography,6
649,649.0,Çin Xalq Respublikasında yerləşən Tibet yaylasının orta hündürlüyü 4500 metrdir.,geography,6
650,650.0,Dünyanın ən böyük ada Qrenlandiyanın sahəsi 21756 kvadrat kilometrdır.,geography,6
651,651.0,"Dunayın ən böyük deltası Niger deltасıdır, sahəsi 20,000 kvadrat kilometrdır.",geography,6
652,652.0,Afrika ölkəsində yerləşən Nijer çayının uzunluğu 4180 kilometrdir.,geography,6
653,653.0,Hindistanın Kərağa ştatındakı Periyar Milli Parkı dünyada ən böyük milli parklardandır.,geography,6
654,654.0,Azərbaycan Respublikasının coğrafi mövqeyi Avropa və Asiyanın sınırında yerləşmişdir.,geography,6
655,655.0,Avropada yerləşən Alp dağlarının ən yüksek zirvəsi Monblan dağıdır.,geography,6
656,656.0,Cənubi Amerikada yerləşən And dağları sistemi dünyadakı ən uzun dağ sistemidir.,geography,6
657,657.0,Hind okeanı sahillərində yerləşən Oman Sultanlığı əhalisi təxminən 5 milyon nəfərdır.,geography,6
658,658.0,Dunay çayının uzunluğu 2860 kilometrdir.,geography,6
659,659.0,İspaniyanın ən böyük şəhəri Madrid şəhəridir.,geography,6
660,660.0,Ermənistan dağlıq ölkədir və onun ərazisində 39 faiz meşəlik vardır.,geography,6
661,661.0,ABŞ-nin Kaliforniya ştatındakı Los-Anceles şəhəri dünyanın ən böyük liman şəhərlərindəndir.,geography,6
662,662.0,"Avropa qitəsində ən uzun çay Volqa çayıdır, onun uzunluğu 3534 kilometrdir.",geography,6
663,663.0,Rusiyanın Ural dağlarında yerləşən Zürxəngə dağı dünyanın ən yaşlı dağlarındandır.,geography,6
664,664.0,Azərbaycan Respublikasının ən hündür nöqtəsi Bazardüzü dağıdır və onun hündürlüyü 4466 metrdir.,geography,6
665,665.0,Böyük Çin Səddi Çində inşa edilmiş ən uzun divardır.,geography,6
666,666.0,Asiya qitəsində yerləşən Baykal gölü dünyanın ən dərin şirin su göludur.,geography,6
667,667.0,Antarktikada yerləşən Vostok stansiyasındakı buzlağın qalınlığı 3700 metrdir.,geography,6
668,668.0,Dünyanın ən böyük ada olan Qrenlandiyanın sahəsi 21756 kvadrat kilometrdən artıqdır.,geography,6
669,669.0,"Çayna hövzəsi dünyanın ən böyük hövzəsidir, sahəsi 7 milyon kvadrat kilometrdır.",geography,6
670,670.0,Çin Xalq Respublikasında yerləşən Tibet yaylasının ortalama hündürlüyü 4500 metrdir.,geography,6
671,671.0,"Hind okeanı dünyanın ən isti okeanı hesab olunur, burada suyun orta temperatura 22°C-dir.",geography,6
672,672.0,"Afrika qitəsinin ən böyük ölkəsi Alžír olmaqla, onun sahəsi 2381745 kvadrat kilometrdir.",geography,6
673,673.0,Gürcüstanın paytaxtı Tbilisi şəhəri Kür çayının sahilində yerləşir.,geography,6
674,674.0,Rusiya Federasiyasındakı Baikal-Amur magistral yolu 4287 kilometr uzunluğundadır.,geography,6
675,675.0,Afrika qitəsində yerləşən Niger çayının uzunluğu 4180 kilometrdır.,geography,6
676,676.0,Çin Xalq Respublikasında yerləşən Çzinşan dağlarının maksimum hündürlüyü 1507 metrdir.,geography,6
677,677.0,Fransa Alp dağlarında yerləşən Mont Blanc dağı Avropanın ən yüksək zirvəsidir.,geography,6
678,678.0,Kanada dövlətinin Ontario əyalətində yerləşən Böyük Göllər bölgəsi turistlər arasında məşhur yerdir.,geography,6
679,679.0,Hind okeanı dünyanın ən böyük üçüncü okeanıdır və onun sahəsi 73 milyon kvadrat kilometrdır.,geography,6
680,680.0,"Avropa qitəsində ən uzun çay Volqa çaydır, hansı ki, 3534 kilometr uzundur.",geography,6
681,681.0,Afrika qitəsində yerləşən Viktoriya şəlaləsi dünyanın ən geniş şəlaləsidir və onun eni 1700 metrdir.,geography,6
682,682.0,Dunyanın ən böyük ada Qrenlandiyanın sahəsi 2175600 kvadrat kilometrdır.,geography,6
683,683.0,İtaliyanın Siciliya adasında yerləşən Etna vulkanının hündürlüyü 3350 metrdir.,geography,6
684,684.0,"Azərbaycan Respublikasının ən böyük gölünün sahəsi 4,370 kvadrat kilometrdır.",geography,6
685,685.0,Avstraliyanın şimal-qərbində yerləşən Böyük Səhra Çölünün sahəsi 2849944 kvadrat kilometrdir.,geography,6
686,686.0,Braziliya ölkəsində yerləşən Amazon meşəsi dünyanın ən böyük meşəsidir.,geography,6
687,687.0,"Azərbaycan Respublikasının ən böyük gölü olan Sərvanlı gölünün sahəsi 67,4 kvadrat kilometrdır.",geography,6
688,688.0,Avstraliyanın şimal-qərbində yerləşən Kimberli bölgəsinin sahəsi 423000 kvadrat kilometrdır.,geography,6
0,,Qlobal çağrı sisteminə əlavə olunan yeni texnologiyaların köməyi ilə dünya miqyasında ünsiyyətin daha da rahat olmasına imkan yaratdı.,science/technology,0
1,,Asiya kontinentində Çin Xalq Respublikasının ərazisində yerləşən Tyan-Şan dağ sistemi dünyada ən böyük dağ sistemlərindəndir.,geography,6
2,,"idman növləri arasında ən çox sevilməsinə baxmayaraq, onun həyatına müxtəlif risklər daxil olur.",sports,3
3,,"Qadın güləşi üzrə Dünya Çempionatında iştirak edən azərbaycanlı idmançı, final görüşünü uduzaraq çempion adını aldı.",sports,3
4,,"Asiyada yerləşən Yaponiya adalarının sayı 6,852-dir və onlar Honshu, Hokkaido, Kyushu, Shikoku və Okinawa adalarına bölünür.",geography,6
5,,Türkiyənin cənubunda yerləşən Antaliya şəhəri dünyanın ən gözəl kurortlarından hesab edilir. Burada yay ayları isti və rütubətli olur.,travel,1
6,,"nyanın ən böyük çayının biri olan Volqa Çayı Rusiyanın Avropa hissəsindən axıb Xəzər Dənizinə töküldüyündən əlavə olaraq, onu bütün dünyada tanınmışdır.",geography,6
7,,"Lazer şüaları, optik diapazonunda işığın koncentrativ xüsusiyyətinə malik olmaqla, onlar özünü göstərməkdədir. Lazer şüalarının xassələri onun gücünü artırır.",science/technology,0
8,,Azərbaycan Respublikasının coğrafi mövqeyi ölkənin strateji mövqeyini müəyyənləşdirir: bizim respublikamız Avropa və Asiyaya açılan bir körpüdür.,geography,6
9,,"Dünyanın ən sürətli velosipedçilərindən biri olan Armstrong, Tour de Frans yarışına qatılmamağa qərar verdi.",sports,3
10,,Azərbaycan Xalq Cümhuriyyətinin ilk prezidenti Məmməd Əmin Rəsulzadə siyasət sahəsində önəmli rolu oynayan şəxslərdən idi.,politics,2
11,,"Qlobal informasiya şəbəkəsi, İnternet adı ilə tanınır, dünya miqyasında insanlara bilgi və kommunikasiya vasitələri təmin edir.",science/technology,0
12,,Ümumdünya Sülhməramlıq Günü münasibətilə bütün dünyada etiraz aksiyaları təşkil olunub.,politics,2
13,,"Mahnılarımın bütün dünyaya yayılması üçün çalışdığım vaxtı xoş xatırlayıram. Mənim musiqim insanlara necə təsir edir? Buna baxmayaraq, mən özümü dünyada tanınan bir müğənni hesab etməyi xoşlayıram.",entertainment,5
14,,"Görkünmüşdür ki, beynəlxalq səyahətlərdə ən çox sevdiyimiz şeylərimiz bizim üçün yenilik olur.",travel,1
15,,"Kerala məbəd festivallarına baxmaq çox maraqlıdır, fillərin bəzədilməsi və məbəd orkestrinin müşayiətilə.",entertainment,5
16,,Dünyanın ən böyük yarımadalarından biri olan Hindistan yarımadası Asiya materikinin cənubunda yerləşir və onu Afrika kontinentindən ayırır.,geography,6
17,,Avropa ölkələrində səyahət edərkən unikal yeməklərə rast gəlinilir və onlar sizin dad bildirişlərinizi genişləndirmiş olurlar.,travel,1
18,,"Televiziya kanallarımızda yayımlanan ""Dancing with the Stars"" verilişi dünyanın ayrı-ayrı bölgələrindən olan rəqqaslara mümkün olmağa imkan yaratdı.",entertainment,5
19,,"Azərbaycan Xalq Cümhuriyyətinin yaradılmışının yüz illiyi münasibətilə respublikamızda geniş anım tədbirləri keçirilmişdir. Bu hadisənin əhəmiyyəti ona görədir ki, o, bizim dövlətimizin siyasi tariximizdə mühüm rol oynayır.",politics,2
20,,Aralıq dənizin sahilində yerləşən ölkələrdə iqtisadi inkişaf sürəti yüksəkdir.,geography,6
21,,"Yaz ayları ərzində İtaliyanın sahilboyu şəhərciklərində yaylaşmağa başlayan insanlar arasında ümumi hala görə bilirik ki, onlar həmin yerlərdə yaşamağı xoşlayırlar.",travel,1
22,,İdmançılar tez-tez ölkəlararası yarışlarda iştirak edirlər.,sports,3
23,,Ümumdünya Şahmat Çempionatında Azərbaycan şahmatçısı Teymur Rəcəbov finalda uduzmadı.,sports,3
24,,Bütün dünyada insanlar arasında yayılan xəstəliklərin sayının azalmasına çalışılması üçün hökumət və ayrı-ayrı təşkilatlara müraciət olunur.,health,4
25,,"Asiyanın ən böyük ölkəsi olan Çini Xalq Respublikası Himalay dağlarına qədər uzanan geniş əraziləri əhatə edir və onun sahəsi 9,7 milyon kvadrat kilometrdir.",geography,6
26,,Sağlamlığımızın möhkəmləndirilməsinə kömək edən fizioloji proseslər vardır.,health,4
27,,"Radar sistemi, radiodalğaların köməyi ilə obyektlərin mövcudluğunu müəyyən etmək üçün istifadə edilir. Radar sistemləri müxtəlif sahələrdə, məsələn, aviasiya, hərbi, meteorologiada istifadə olunur.",science/technology,0
28,,"Görüşümüzə görə, səyahət edilməmiş ən yaxşı şey dostluqdur. Çünki dostlarınızla birlikdə olunca hansısa bir şeyi edilə bildiyimizin hiss edirlər.",travel,1
29,,"Tennis kortunun ölçüsü standartdır və onu 23,77 metr uzunluğunda və 10,97 metr enliliyindədir.",sports,3
30,,"Görkəmli kino rejissoru Stenlin Kubrik özünün ən tanınmış filmlərindən biri olan ""2001: Kosmos odiseyası""nı çəkdikdən sonra dünyaca məşhur olub.",entertainment,5
31,,Antarktidanın buz örtüyünün sahəsi təxminən 14 milyon kvadrat kilometrdir,geography,6
32,,"İstedadlarımızın yaratdığı komediya filmləri bizə gülüş gətirir. Biz onları izlərkən onlar haqqında düşünmürük ki, onlar bizi əyləndirirlər.",entertainment,5
33,,"Çimərlik voleybolasında ispaniyalılar yenidən çempion oldular, onların bu qələbəsi üçüncü oldu.",sports,3
34,,alisi 1 milyon insanın yaşadığı Suriya ərazisində yerləşən Hama şəhəri Ölü dənizin sahilində yerləşir və tarixi abidələri ilə məşhurudur.,geography,6
35,,"idman növünün dünyada ən böyük turniri sayılan Fransa Açılış Turniri, dünyanın ən güclü tennisçilərinin iştirak etdiyi ən böyük yarışdır.",sports,3
36,,Tütünçülük insan orqanizmindəki bütün sistemlərə ziyan vurur. Onun təhlükəsiz olduğundan xəbərsiz olmaqdansa daha yaxşıdı.,health,4
37,,Üç yüz ildən artıq dünya miqyasında yayılan vəba xəstəliyi ilə mübarizə aparmaq üçün birgə fəaliyyət göstərmək lazımdır.,health,4
38,,"Sosial Demokrat Partiyasının lideri, deputat İsrafil Nəhmətov parlamentdəki siyasi gərginliyi azaltmağa yönəlmişdir.",politics,2
39,,Azərbaycan Respublikasının coğrafi mövqeyi onu Avropa və Asiya kontinentlərinin kəsişməsində yerləşirdi.,geography,6
40,,"Sağlamlığın ən vacib şərtləridir ki, hamiləlik dövründə mövcud olan riskləri azaltmağa çalışsınlar.",health,4
41,,Sağlamlığı qorumağın ən vacib şərtlərindən biri də sağlam yeməkdir.,health,4
42,,"Televiziya verilişləri, musiqi albomları və filmlər bizim həyatımızda əyləncəli faktorlardır və bizi rahatlasdırır.",entertainment,5
43,,Gənc atletlərimizin dünya birinciliklərində uğurları Azərbaycan idmanı üçün ən vacib hadisələrdən biridir,sports,3
44,,"Lazer, optik diapazonunda monoxroma radiasiya buraxan cihazdır. Lazer şüaları paralel olaraq uzadılmış formasındadır və onların dalğası uzunluğu tənzimlənmiş olur.",science/technology,0
45,,"Avropa şəhərlərinin bir çoxunda metro sistemi vardır, ancaq onlar arasında yalnız Paris metrosunun özünüqeyd edilmiş adı var.",travel,1
46,,"Gecə klublarında olan musiqili gecələr, diskoteka və rəqs çıxışları insanlar arasında dostluq əlaqələrinin formalaşmasına kömək edirlər.",entertainment,5
47,,"Nano texnologiya, materialların mikroskopik ölçüdə tədqiq edilməsi və sintez edilməsidir",science/technology,0
48,,Ən yaxşı filmlərin təltif edilməsinə həsr olunmuş Oskar mükafatı üçün namizədlər siyahısı açıqlanıb.,entertainment,5
49,,Elektromaqnit sahəsi radiusunda yerləşən yükün hərəkətinə təsir göstərir və buna görə də onun trayektoriyasını dəyişdirir.,science/technology,0
50,,Azərbaycan hökuməti regionda sabitliyi bərqərar etmək üçün bütün imkanlarını əldə etdi.,politics,2
51,,Avropa ölkələrində səyahət edən zaman bizim üçün ən vacib şeylərdən biri yol nişanı bilməkdir. Yol nişanı olmayan yeri tapmaq mümkün deyildir.,travel,1
52,,Meksikanın şimalındakı Çihuahua ştatından başlayıb ABŞ-nin Kaliforniya ştatına qədər uzanan Sonora səhrası dünyanın ən böyük səhra ərazilərindəndir,geography,6
53,,Afrika qitəsində Misirdə Nil çayının axdığı vadidə mövcud olmuş qədim sivilizasiya hökmranlıqları dünyanı öyrənməkdə əvəzsiz rolu oynayıblar.,geography,6
54,,"Lazer şüası, özünü doğrultaraq, bütün enerjisi bir nöqtəyə yönəldiyi zaman əmələ gəlir.",science/technology,0
55,,"Hazırkı prezident İlham Əliyev hökumətinin siyasətinə etiraz edənlər arasında insan hüquqları aktivistləri, jurnalistlər və opposition liderləri var.",politics,2
56,,"Yarımkeçiricilər elektrik cərəyanına imkan verir, lakin onları idarə edə bilmir, buna görə də onlar passiv komponent hesab edilirlər.",science/technology,0
57,,"Qışda dağlarda gecə konsertrləri keçirilir, burada siz musiqili rahatlığa qulaq asa bilərsiniz.",entertainment,5
58,,"Azərbaycan Respublikasının Gənclər və İdman Nazirliyi, ölkədə idmanın inkişafına kömək etmək üçün müxtəlif proqramlar həyata keçirir.",sports,3
59,,"Üç aydan sonra o, yeniyetmənin sağlamlığına ciddi təhlükə yarada bildi.",health,4
60,,"Bu texnologiya, süni intellekt sistemi ilə yanaşı, insan oğluna özünüidarəetmə imkanlarını genişləndirdi.",science/technology,0
61,,"Azərbaycan güləşi milli komandası, Beynəlxalq Güləş Federasiyasının reytinq cədvəlində ikinci yeri tutdu.",sports,3
62,,"Uzaqdiyi illər ərzində biz dünyanın müxtəlif guşələrində yaşayan insanlarla tanış oluruq, onların mədəniyyətləri, adetləri, inancları ilə yanaşırlıq.",travel,1
63,,Güney Amerikada And dağlarının uzanan hissəsində Çili dövlətinin sahilboyunda yerləşən Valdiviyanı meşəliyi dünyanın ən yüksək seviyyəsinə malikdir.,geography,6
64,,"Kompüter proqramları həyatımızda böyük rol oynayır, onlar bizə müxtəlif məqsədlər üçün kömək edirlər.",science/technology,0
65,,mal Buzlu Okeanı Yer kürəsinin ən soyuk hissəsidir və burada temperatur -50°C-ə çatdığı hallarda olur.,geography,6
66,,"İnsanlar istirahət və əyləncə məqsədilə, özlərinin gündəlik həyatlarından kəskin şəkildə fərqlənən yerlərə getdikləri zaman baş verir.",entertainment,5
67,,"İnsanın sağlamlığının qiymətsiz olmasına baxmayaraq, biz bunu yalnız xəstəlik zamanı anlayırıq.",health,4
68,,"Görüşünüzmə görə, bizə aid olmayan dünyanı keşf etməkdir. Onsuzda, bizim dünyada yaşayan insanlara bərabər olmağa çalışırıq.",travel,1
69,,"Dünyanın ən tanınmış tennisçilərindən biri olan Nadal, Avstraliya açıq çempionatında finalda rəqibi Rafaela uduzdu.",sports,3
70,,Xəstəliklərə qarşı mübarizə aparmağın ən yaxşı yolu sağlam həyat tərzidir. Sağlam həyat tərzi bizi xəstəliklərdən uzaq tutur.,health,4
71,,Dünyada mövcud olan ən ciddi xəstəliklərdən biri də diabetdir. Bu xəstəlik insanların sayı azalaraq onların Sağlamlığına ziyan vurur.,health,4
72,,Xarici siyasət orqanlarında Azərbaycanın maraqlarını müdafə etmiş siyasi xadimlərimizin sayı getdikcə azalır.,politics,2
73,,Enerji mühəndisliyi sahəsində yeniləşmələr davam edir. Yeniləşmələr hasilinde enerji istehsalında yeni üsullardan istifadə edilməkdədir.,science/technology,0
74,,Bu mövsüm Formula 1-də yeni texnikalı maşımlarla start götürəcəklər və buna görə də onlar böyük ümidlər bəsləyirlər.,sports,3
75,,"Əlavə olaraq, burada əyləncə proqramlarının azlığı da diqqəti çəkir. Çünki, onlar insanların azad zamanda əylənməsinə imkan vermir.",entertainment,5
76,,İkinci Dünya Müharibəsindən sonra Azərbaycan Sovet Sosialist Respublikası SSRİ-nin tərkibinə girdi və siyasi hakimiyyət kommunist partiyasının əlinə keçdi.,politics,2
77,,"Xalq arasında geniş yayılmış ənənəvi oyunlar, oynamalar və rəqs müştəriləri bizim dövrümüzə qədər gəlib çıxdı.",entertainment,5
78,,Yaz ayları ərzində İtaliyanın şimalında yerləşən Alp dağlarında turistik fəaliyyətlər geniş yayılıb. Burada isti iqlimin olması səbəbindən turizm sahəsi inkişaf edir.,travel,1
79,,Avropa İttifaqının prezidenti Donald Tusk Azərbaycanla bağlı mövcud durumu müzakirə etdi.,politics,2
80,,"Yuxarıda qeyd etdiyimiz kimi, qlobal istilərin müxtəlifliyi vardır. Ona görə də, özünüzdəki enerjiyi artırmalı və səyahətə gedə bilməlisiniz.",travel,1
81,,"Avropa İttifaqının rəhbərliyi altında Azərbaycanla birlikdə siyasi dialoqdan ötəri, regionda stabilliyi gücləndirmək mümkün olurdu.",politics,2
82,,"Nano texnologiya, materialların strukturunu dəyişməklə onların xüsusiyyətlərini yenidən inşa etməyə imkan verir, hansıkı onlara yeni funksionallıqları əlavə edir.",science/technology,0
83,,levizyon proqramlarının ən çox izlənilənlərindən biri idman yarışmalarıdır. İdmancıların arasında gedən yarışmalar insanlarda həddəbbirlik yaratmış olur.,entertainment,5
84,,"Həkimlərin verdiyi statistikalara görə, əhalinin böyük əksəriyyətinin sağlamlığına ziyan vurmuş spirtli içkilərin istifadəsinə qarşı Mübarizə aparmaq lazımdır.",health,4
85,,İkinci Dünya Müharibəsindən sonra Almaniya yenidən birləşdirildi və Avropa İqtisadi Birliyi yaradıldı. Bu hadisə Avropada siyasi vəziyyətin stabilləşməsinə imkan verdi.,politics,2
86,,"Azərbaycan Respublikasının coğrafi mövqeyi çox əlverişlidir. Ölkənin ümumi sahəsi 86,600 kvadrat kilometrdır.",geography,6
87,,"İkinci Dünya Müharibəsindən sonra Sovet İttifaqının dağılmasından sonra, Azərbaycan öz müstəqilliyini elan etdi və bəzi dövlətlər onu tanıdı.",politics,2
88,,"Atomun strukturu, əslində bir neçə hissədən ibarətdir: protonlar, neutronlar və elektrondan.",science/technology,0
89,,Avropa ölkələrində səyahət edərkən sizin üçün maraq dolu bir sıra yerlər mövcuddur. Bunlardan biri də İtaliyanın Venesiya şəhəridir.,travel,1
90,,"Musiqi - insanların ruhunda yaşayıb, onların hisslərini ifadə etməkdə kömək edən sehrli bir alətdir, onu dinlədikcə insan hansısa hissi yaşayır.",entertainment,5
91,,"Atomun elektrik yükünü hesablayan formula F = qE-dir, burada F - elektrostatik qüvvə, q - yük, E - elektriki sahənin gücüdur.",science/technology,0
92,,ndoğdu yarımkürəsində yerləşən Yaponiyanın ümumi sahəsi 377 min kvadrat kilometrdən azdır.,geography,6
93,,"Lazer şüası, işığın düzgün yönəldilməsi hesabına mövcud olan bir texnologiyadır, hansıkı onu müxtəlif sahələrdə tətbiq etməyə imkan verir.",science/technology,0
94,,Aralıq dənizinin sahilində yerləşən İspaniyanın ikinci böyük şəhəri Valensiya turizm və külturni baxımından dünyada tanınmışdır.,geography,6
95,,"Səyahətdə xoşbextlik hissi yaşamağın ən yaxşı yolu sizin üçün uyğun olan yerləri seçməkdir. Bəzi insanlara görə, səyahətin ən vacib hissəsi yolculuktur, digərlərinə görə isə, müxtəlif mədəniyyətləri tanımaqdır.",travel,1
96,,"unlar da ən geniş yayılan əyləncə formasındandır. Oyunçular öz gücü ilə oyunda qalib gəlməyə çalışırlar. Bu, onlar üçün böyük sevinc hesab olunur.",entertainment,5
97,,"Elektron mikroskopu bizim gözümüzə görünməyən dünyanı açıb, onun köməyi ilə biz müxtəlif canlı orqanizmlərı öyrənməyə çalışırıq.",science/technology,0
98,,Bütün dünyada siyasi partiyaların rolu yenidən qiymətləndirilir və onların mövcudluğuna dair müzakirələr aparılır.,politics,2
99,,Minsk şəhərində keçirilən Avropa çempionatında boksçularımızdan Vəli İsrafilov final görüşünü uduzmamışdır.,sports,3
100,,"Dünyanın ən sürətli velosipedçisi kimi tanınan Britaniyalı idmançı, Velobekslərdə ilk qələbəsini qazanmışdır.",sports,3
101,,ərbaycan Respublikası Xəzəryanı regionunda yerləşir və onu İran İslam Respublikasından ayırır.,geography,6
102,,arıcı coğrafi mövqe sayılan Zaqatala rayonu Azərbaycanda ən yüksək dağlıq ərazilərdəndir və orada ən az yayılmış bitkilərin yarıya qədərini tapmaq olur.,geography,6
103,,Aralıq dənizin sahili boyunda yerləşən Antalya vilayəti Türkiyənin ən isti regionudur.,geography,6
104,,"Ümumiyyətlə, lazer şüaları elektromaqnit spektrinin optik diapazonunda yerləşən elektrik dalğalarından ibarətdir.",science/technology,0
105,,Dünyanın ən böyük ada olan Qrinlandiya Danimarka krallığının muxtar ərazilərindəndir və onun sahəsi 2175600 kvadrat kilometrdən artıqdır.,geography,6
106,,"rüşlərin mövsümünün açılış oyununda bizim komandamız rəhbərlik edir, onlar ötən mövsümlərdəki uğurlarını bu mövsümdə də davam etdirə bilməlidirlər.",sports,3
107,,Azebayjan idmançıları XXVIII Yay Ümumdünya Oyunlarında beş medal qazandılar.,sports,3
108,,"Yaz ayında Avstriyanın Alp dağlarına səyahət etdik. Dağların zirvəsinə çıxdıqda dünya ətrafımızda çevrildi. Hündür dağlar, yaşıl meşələr və kristal suyu olan çaylar bizi valeh etdi.",travel,1
109,,ləncənin ən yaxşı formasından biri kino seyircisidir. Kino seyircisi insanların boş vaxtlarında ən sevdiyi şeydir. Onlar burada öz xoşbəxtliklərini tapır.,entertainment,5
110,,Antarktidaya aid olan Elsuort adasının ərazisi 43700 kvadrat kilometrdir və burada heç bir insan yaşayış yeri yoxdur.,geography,6
111,,Lazer şüaları vasitəsilə informasiya ötürülür və bunun üçün lazım olan zamanı minimumuma endirmək olur.,science/technology,0
112,,"Xəzər dənizinə sahil ölkələrinə Azərbaycan, İran, Rusiya, Türkmənistan və Qazaxstan daxildir.",geography,6
113,,Dünyanın müxtəlif yerlərində yaşayan insanlar arasında yayılan xəstəliklərin sayı artıb-getdikcə artır.,health,4
114,,"susi coğrafi mövqe sayəsində Azərbaycanda müxtəlif landşaft tipləri formalaşıb: düzənliklər, dağlıq ərazilər və yaylalardır.",geography,6
115,,"Mənim üçün ən maraq dolu səyahətim Hindistana səyahətim olmuşdu. Bu ölkənin rəngarəngliyi, musiqisi, yeməkləri və insanlarının mehribanlıqları məni valeh etmişdi.",travel,1
116,,"Elektromagnetizm, elektrik yükünün hərəkətinə görə meydana çıxan maqnit sahəsidir",science/technology,0
117,,Nano texnologiyanın mövcudluğundan sonra materialşünaslığın əhəmiyyəti daha artmışdır. Çünki nanoölçülü materiallarda mövcud olan struktur onların xassələrini dəyişdirir.,science/technology,0
118,,Əsrin əvvəllərində ölçülə bilən qrunt sularının səviyyəsi getdikcə azalmağa başladı və hazırda onlar öz maksimumuna çatdılar.,geography,6
119,,Dünyanın ən böyük tennis kortlarından biri olan Vimbldon Çempionatı bundan sonra Azərbaycanın adını daşıyacaqdır.,sports,3
120,,"Avropa ölkələrinə səyahət edəndə lazımsız xərcə görə vurulmağa çalışın. Məsələn, Fransa’da təxminən 10-15 avro lazım olur.",travel,1
121,,"Mənim fikrimcə, dünyada ən gözəl səyahət yeri İsveçrənin Alp dağlarında yerləşən Zermatt şəhəridir. Burada möhtəşəm dağ manzaraları, qar örtülü yaylalrı və zəngin tarixi var.",travel,1
122,,"Həftəsonunda dostlarla birlikdə kinoya gedərək yeni buraxılan filmdən sonra diskotekaya yola düşürük ki, orada gecənin əvvəlinə qədər rəqs edə bilərik.",entertainment,5
123,,Dövlət başçısı parlamentdəki çıxışında siyasətimizin prioritetlərini açıqladı.,politics,2
124,,Gənc idmançıların böyük uğurlar əldə etdikləri üçün onların ailəsi və dostları təbrik edirlər.,sports,3
125,,"Ümumiyyətlə, insanlar arasında kommunal infeksiyaların yaranmasına səbəb olan amillərin sayı əhəmiyyətlidir və onların arasındakı əlaqəni anlamaq lazımdır.",health,4
126,,"Xalq Cəbhəsi, 1989-1993-cü illərdə siyasi hakimiyyəti əldə etmişdir və prezident Ayaz Mutallibovu devirmişdir.",politics,2
127,,Bütün dünyada tanınmış estrada ulduzu Maykl Ceksonun anadan olmasının 50 illiyi dünyanın ayrı-ayrı guşələrində qeyd olunub.,entertainment,5
128,,"Texniki tərəqqinin sürətinə baxmayaraq, alimlər yeni enerji mənbələri axtarmağa davam edirlər.",science/technology,0
129,,"Üç yaşından böyük uşaqlarda rast gəlinən astma xəstəliyi, nəfəsalma yolu xəstəliklərinə aid edilir və onu müalicə etmək mümkün deyil.",health,4
130,,Türkiyənin Cövhər Dudayevin rəhbərlik etdiyi Çeçenistan Respublikasını tanıması Rusiya Federasiyasıyla diplomatik münasibətlərin pisləşməsinə səbəb oldu.,politics,2
131,,"İnsanın orqanizmindəki hormonal balansı pozulduğunda, bunun nəticəsində müxtəlif xəstəliklər meydana çıxa bilir. Hormonal balansın pozulması insulin, adrenalin və digər hormone ölçüsü ilə bağlıdır.",health,4
132,,"Biotexnologiya, canlı orqanizmlərin molekul strukturlarının öyrənilməsi ilə bağlıdır. Biotexnoloji üsulların köməyi ilə genetik informasiyası kodunu oxumağa imkan verir və bununla da insanın sağlamlığını qorumağa çalışır.",science/technology,0
133,,"Nano texnologiya, materialların ölçüünü nanometrlər səviyyəsinə endirdiyi zaman onların xassələrinin dəyişməsi ilə bağlıdır. Bu texnologiyanın köməyi ilə yeni növlü materiallar yaradılmış və onlar müxtəlif sahələrdə istifadə edilməkdədir.",science/technology,0
134,,"Azərbaycan Xalq Cümhuriyyəti dövründə siyasi partiyaların yaradılmış olmasına baxmayaraq, onlar hakimiyyətdəki mövcudluğunu itirdilər.",politics,2
135,,Rusiya Federasiyasının prezidenti Vladimir Putin Azərbaycan Prezidentinin çağırışını qəbul etmişdir.,politics,2
136,,"Yazı Olimpiadasında idmançılarımızdan biri olan Şahin, bürünc medal qazandı.",sports,3
137,,"Məşhur tennisçi Rafael Nadal, ATP-nin reytinq cədvəlində ilk pilləyə qayıtmışdır.",sports,3
138,,"Enerji çevrilməsi, enerjinin bir formadan digər forma çevrilməsidir. Enerji çevrilməsi üsulları müxtəlif ola bilər: mexanik enerji elektriya çevrilməsi, kimyevi enerji termal enerjiyə çevrilməsi və s.",science/technology,0
139,,Nanotexnologiya saysız-hesabsız imkanlara malik olmağa başlayıb və biz bundan sonra hansı yeni texnoloji yenilikləri gözləyirik.,science/technology,0
140,,Elektromaqnit sahəsi qravitasiya sahəsinə nisbətdə daha güclüdür və onun vasitəsilə ayrı-ayrı obyektlər arasında informasiyanın ötürülməsini təmin etməkdə istifadə olunur.,science/technology,0
141,,"Gecə konsertrləri ilə yanaşı, festivalda rəssamların əsərlərinin sərgisi, teatr tamaşaları və digər əyləncə proqramları da təşkil olunur.",entertainment,5
142,,Azərbaycan Respublikası Şərqiy Avropada yerləşən ölkədir və Xəzəryan hövzəsində mövcuddur.,geography,6
143,,"Yüksək dağlara səyahət edərkən xüsusi diqqət yetirmək lazımdır. Belə ki, orada havanın temperaturu çox aşağı düşür və insan orqanizmi buna çox həssasdır.",travel,1
144,,Azərbaycan Prezidenti İlham Əliyev parlament seçkilərinin nəticələri barədə birtəriflı açıqlama verdi.,politics,2
145,,"Kino teatrlarında ictimaiyyət arasında hökmranlıq edən filmlərin sayı artıb. Belə ki, film seyircisinin sayı illik 10-15 faiz artır.",entertainment,5
146,,Xəstəliklər insanların yaşamağına mane olan amillardır. Onlara qarşı mübarizə aparaq onların yaşanmasına kömək etməliyik.,health,4
147,,Prezident seçkiləri zamanı hakimiyyətdə olan partiyanın namizədi digər namizədlərə qarşı üstünlük təşkil etdi.,politics,2
148,,ərbaycan Respublikası Xəzər dənizin sahilində yerləşərək Avropa və Asiyanı birləşdirən körpü rolunu oynayır.,geography,6
149,,"Dünyanın ən böyük futbol klublarından biri olan Real Madrid, Azərbaycan milli futbol komandasını dəstəkləyən əsas sponsorlardır.",sports,3
150,,"Azərbaycan Milli Futbol Çempionatının 2018-ci il mövsümünün sonunda, ""Neftçi"" klubu çempion adını qazandı",sports,3
151,,Amerikanın hazırkı prezidenti Co Bayden ABŞ-nin Çin siyasətinə dair mövcud durumu qiymətləndirdi.,politics,2
152,,Beynəlxalq Musiqi Festivalında Azərbaycanlı müğənni Samra Rəhimlinin çıxışı böyük alqış toplamışdır.,entertainment,5
153,,"Plazma ekranı, elektrik boşluğunda ionlaşmış qazı işığından istifadə edərək görüntü yaratmağa imkan verir, hansıkı ona görə də televizorlarda və kompüter monitrorlarında geniş tətbiq edilir.",science/technology,0
154,,Satoru Ivatanın Tokyo Game Show-da verdiyi açıqlamasında Nintendo şirkətinin yeni oyun konsolunun dizayn formatını tanıtmışdır.,entertainment,5
155,,Rusiya Federasiyasının Ukraynanın Donetsk və Luqaansk oblastlarında silahlı gücünü genişləndirməsi Avropa İttifaqını narahatlığa saldı.,politics,2
156,,Laser şüaları uzundur və onlar optika sahəsində böyük rol oynayırlar.,science/technology,0
157,,Bütün dünyadan gəlmiş jurnalistlər üçün xüsusi olaraq təşkil edilən press-konfransda yeni filmin rejissoru özünü tanıdı və film haqqında danışıb.,entertainment,5
158,,Əhalinin sağlamlığının qorunması üçün dövlətin ciddi tədbirləri görülməlidir.,health,4
159,,"Görüşünüzə əsaslanaraq, Türkiyədəki ən gözəl yerlər sırasında Antaliyanın Xanımsuyu çayının üzərində yerləşən körpüləri sayıram.",travel,1
160,,"id edirik ki, bizim Sağlamlığımızı qorumalı olduğumuz üçün həyatımızda dəyişiklikler edilməlidir. Bizim Sağlamlığımız bizim ən böyük nemətimizdir.",health,4
161,,Avropa ölkələrinin çoxunda yerüstü nəqliyyatı çox inkişaf etmişdir və burada mövcud olan marshrutlar sayəsində istənilən yeri tez bir zamanda çatmaq olar.,travel,1
162,,Sağlamlığımızın ən böyük düşməni olan stres bizi müxtəlif xəstəliklərə düçar edir.,health,4
163,,İndoneziyanın Java adasında yerləşən Borobudur Buddist məbədi Asiyada ən böyük buddist məbədidir və UNESCO-nun Dünya Mədəni İrs Siyahısına daxil edilmişdir.,geography,6
164,,"BMT-nin Təhlükəsizlik Şurasının qərarlarına əsaslanaraq, İran İslam Respublikasında yerləşdirilmiş bütün beynəlxalq sanksiyaların ləğvi üçün danışıqlar aparılır.",politics,2
165,,Uşaqları ilə birlikdə səyahət etmək istəyən valideynlər üçün xüsusi təkliflər mövcuddur və onlar sizin səyahətinizin daha rahat olmasına yardım edirlər.,travel,1
166,,alinin sağlamlığının müdafiəsi üçün vacib olan sanitariya-gigiyena şəraiti yaradıldı və bütün xalqa yayılıb.,health,4
167,,nyada kişilərin böyük əksəriyyəti ürək-damar xəstəliklərindən ölür və bundan sonra ikinci yeri isə xərçəng xəstəliyi tutur.,health,4
168,,Qastroldan sonra Şerlok Holmsun obrazını canlandıran Benedikt Kamberbatcın yeni rolu haqqında danışılmır.,entertainment,5
169,,"yatımızda Sağlam olmağı ön plana çıxaran faktorlardan biri də sağlam qidalanmadır, bizim sağalmamız üçün lazım olan şeylərin alınması lazımdır.",health,4
170,,"Əvvəlcə, sizə lazım olan şey sizin sağlamlığınız üçün yararlı olan qidalardır, hansı ki, orqanizminizin enerji ehtiyacını ödəməkdə kömək edirlər.",health,4
171,,Amerikanın siyasi sistemində prezidentin rolu çox böyükdür.,politics,2
172,,"Yeni buraxılan filmlər, seriallar və musiqili albomlar bütün dünyada insanlara əyləncəlilik hissi yaşadır.",entertainment,5
173,,Avropa İttifaqının siyasi sistemi çox kompleksdir və onun strukturu çox müxtəlifdir.,politics,2
174,,"Elektromaqnit sahəsi, elektrik cərəyanının maqnitisizmdir. Onun köməyi ilə elektromaqnit induksiya hadisəsi baş verir.",science/technology,0
175,,Bu gün dünyanın hər yerindən gəlmiş insanların kütləvi axınına şahid olduğumuz möhtəşəm turistik məkanlardır. Bura gələndə siz də onların arasında olacağınızı hiss edin.,travel,1
176,,Xəstəliklərlə mübarizə aparmaq üçün yeni üsullar tapılır. Onlardan biri də immun sistemi gücləndirməkdir. Bu da bizə xəstəliklərə qarşı daha möhkəm dayanmağa imkan verir.,health,4
177,,Səyahətdə ən vacib şeylərdən biri də yerli əhalinin dilini bilməkdir. Yerlisi dilini bilməklə siz lokal kültüraya daha yaxşı yiyə olacaqsınız və özünüzü daha rahat hiss edəcəksiniz.,travel,1
178,,"Xəzinədarlığın rəhbəri olmağa çalışın, çünki Türkiyədəki səyahətinizin xərci onun hesabına gedə bilir. Xəzinədarlığın rəhbəri olmaqdan başqa, siz həm də yerli əhalininköməyi ilə ünsiyyət qurmağı bacarırsınız.",travel,1
179,,Tədqiqatçılar bundan sonra yeni materialların yaradılması üçün nanotexnologiyalar sahəsində çalışırlar.,science/technology,0
180,,Enerji itkisini azaltmaq üçün elektrik avtomobilinin yaradıldığına inanılır.,science/technology,0
181,,"Xaricdən gəlmiş insanlara özünü tanıtmağa çalışıb səyahət haqqında danışmağa başlayanda, onlar sizin hansı ölkədən olduğunuza deyiləndən sonra sizin barədə daha çox şeyi bilir.",travel,1
182,,"Müğənni Cennifer Lopez’in 2012-ci ildə Londonda keçirilən Yay Olimpiadasında çıxış etdiyi samba rəqsinin musiqisi, idmançılar üçün motivasiya oldu.",sports,3
183,,"Minsk şəhəri Avropa üzrə ən çox ziyarət edilən yerlərdəndir. Burada tarixi abidələri, gözəl memarlığı və zəngin mədəniyyəti görə bilirsiniz.",travel,1
184,,"Ölkənin siyasi arenasında baş vermiş son hadisələr, prezident seçkilərinə az qalmış bir vaxtda, cəmiyyətin diqqətini çəkir.",politics,2
185,,"Avropa ölkələrinin əksəriyyətində velosipedlə hərəkət etmək mümkündür. Lakin, yol üzrə gedən maşınlardan ehtiyat edilməlidir.",travel,1
186,,"Dünyada saatda 1,7 milyon insanın öldüyü hesab edilir. Dünyada ölüm səbəblərinə əsasən ürək-damar xəstəlikləri, onkoloji xəstəliklər və respirator xəstəliklər aiddir.",health,4
187,,Prezident İlham Əliyev ABŞ dövlət katibi Hillari Klinton ilə görüşdü.,politics,2
188,,"Kinoteatrda baxılan filmlər insanlara yaddaşında qalan iz buraxır, onların hisslərini oyadır və düşünməyə sövq edirlər.",entertainment,5
189,,Türkiyənin XİN naziri Mevlüt Çavuşoğlu AB-nin Türkiyəyə dair siyasətinin yanlış olduğunu ifadə etdi.,politics,2
190,,"Görüşünüzmə görə, dünyanın hər yerində mövcud olan isti rayonlara gedib-gedilmiş yolculuklar edin. Həyatınızın ən unutulmaz anlarını yaşamağa imkan verəcəkdir.",travel,1
191,,Rusiya prezidenti Vladimir Putin Azərbaycan prezidenti İlham Əliyev ilə görüşdü və bölgədəki siyasi vəziyyətdən danışdı.,politics,2
192,,Həftənin sonunda keçiriləcək tennis turniri çərçivəsində Azərbaycanın ən güclü raketkalardan biri olan Ceyhun İbrahimov Rusiyanın tanınmış raketkası Sergey Staxovski ilə üz-üzə çıxacaq.,sports,3
193,,"Ümumdünya Sülh Təşkilatının qərarlarına uyğun olaraq, bütün dünya ölkələri arasında diplomatik əlaqələrin möhkəmləndirilməsi üçün addım-atdılmalar atılır.",politics,2
194,,"Təbiətin gözəl mənzərəsinə sahib olmaq üçün yerüstü səyahətə çıxmağın vacib olduğunu düşünmürdüm. Amma indi başa düşürəm ki, buna görə deyil.",travel,1
195,,"Dünyanın ən tanınmış idmançılarından biri olan Maykl Felps, 23 qızıl medalı ilə rekordunu yeniləmişdir",sports,3
196,,"Futbolçular çoxlu əziyyət çəkir, amma onların səylərinin böyük bir hissəsi izahlardadır.
Məşhur idmançılar öz peşəkarlıqlarını müxtəlif yürüşlərdə sübut edir.
Bu idman növü Azərbaycan Respublikasında çoxlu sevilməkdədir və onun inkişafına xüsusi diqqət yetirilər.
Ümumiyyətlə, güləş bizim ölkənin ən köklü idman növlərindəndir.
Qadın futbolu son illər ərzində sürətlə inkişaf edərək, artıq dünyada tanınmışdır.",sports,3
197,,"Ən sevdiyim film ulduzu Tom Hanksdir, o, özünün aktyorluğuyla bizi heyran edir, onun oynadığı filmlər isə bizə xoş gündərik yaratır.",entertainment,5
198,,"Lazer şüaları bizim həyatımıza yeni imkanlar açdı, onların köməyi ilə biz müxtəlif şeylərə nail ola bildik.",science/technology,0
199,,"Sizə bildirilir ki, səyahət zamanı sizin üçün ən vacib şey sizin sağlamlığınızdır. Buna görə, sizin sağlamlığınıza diqqət yetirməklə yanaşılan bütün riskləri azaltmalısanız.",travel,1
200,,Xəstəliklərin önünü almaq üçün sanitar-qigiyena tədbirlərinin aparılması lazımdır. Bu tədbirlər vasitəsilə xəstəliklərin yayılmasını azaldaq mümkün ola bilər.,health,4
201,,Genetik kodun açılması insan sağlamlığının saxlanılmasında böyük əhəmiyyət kəsb edir. Genetik kodun açılması yolu ilə insanın genetik xəstəlikləri müalicə olunur.,science/technology,0
202,,Azərbaycan güləşi üzrə yeniyetmələrin Avropa çempionatı Bakıda keçirilmişdir.,sports,3
203,,"Dünyada hansısa bir regionunda yaşayan insanların sağlamlığına diqqət yetirməklə yanaşı, onların sağlam olmağına da çalışılmalıdır.",health,4
204,,Əhalinin sağlamlığına ciddi təhdidlər yaratdığı tütünçülük xəstəliyi həyatımızda ən böyük problemlərdən biri hesab olunur.,health,4
205,,"Musiqili gecələr, rəqs çıxışları və digər əyləncə proqramları ilə müşayiət olunan bayramlarda insanlar özünü azad hesab edirlər.",entertainment,5
206,,Nano texnologiyası materiallarının xüsusi xassələrinin aşkar edilməsi üçün lazım olan ölçü cihazlarını yaradır və bununla da materianın strukturunu dəyişmək mümkün olur.,science/technology,0
207,,Həyatımızda texnikanın rolu getdikcə artmağa davam edir və biz onu həyatımızın bütün sahələrində müşahidə edirik.,science/technology,0
208,,"Əqli sağlamalığın qiymətsiz olmasına baxmayaraq, onun pozulmuşluğunu müalicə etmək mümkün deyil.",health,4
209,,"Azərbaycan Milli Məclisinin deputatları, hökumətin iqtisadi siyasətinə dair müzakirələr aparmağa başladılar.",politics,2
210,,"Musiqi festivalaları, konserlər və şoulardır ki, insanlar onlar vasitəsilə əyləncə alır və rahatlıqlarını artırır.",entertainment,5
211,,Elektromaqnit sahəsi qravitasiya sahəsinə nisbətdə daha güclüdür və onun gücü böyük ölçüdə artır.,science/technology,0
212,,"Kompüter proqramları, insanlara kömək olmaq üçün yaradılmış alqoritm sistemidir",science/technology,0
213,,Xəstəliyin diaqnozunu qoyarkən ilk növbədə onun simptomlarını müəyyən etməkdir.,health,4
214,,"Futbolçular arasında ən çox tanınmış oyunçunun adı Lionell Messi ola bilir, amma onunla yanaşı digər futbolçular da mövcuddur.",sports,3
215,,Səyahət etməyi sevdiyimizə görə biz həmişə yeni yerlərə getmək istəyirik. Bizi dünyanın müxtəlif guşələrinə aparan yolu seçməkdir.,travel,1
216,,Gəmi ilə səyahət edən turistlər üçün xüsusi proqramlar hazırlanmışdır və onlar sizin dəniz səyahətinizin daha maraqlı olmasına imkan verirlər.,travel,1
217,,Sağlamlığımızın ən böyük düşməni olan stresin bizim sağlamlığımıza verdiyi ziyanlar haqqında düşünmək lazımdır.,health,4
218,,Azərbaycanlı aktyorların iştirak etdiyi “Qisas alayı” teatr tamaşası respublika üzrə geniş reklam olunur.,entertainment,5
219,,Azərbaycan güləşi üzrə dünya birincisi İranlı cütçünün rəhbərliyi altında idmançılarımız mundialda iştirak etdilər.,sports,3
220,,"Dünyada ölüm səbəblərinin sırasında yer alan ilk on disease arasında siroz, şəkər, insult, bronxit və asthma kimi xroniki xəstəliklər mövcuddur.",health,4
221,,"Bu səyahətdə bizim üçün maraq dolu anlar olacaqdır. Məsələn, biz burada yerli əhalinin yaşayış tərzini müşahidə edə bilirik.",travel,1
222,,"Cənubi Amerikanın ən ucqar şimal nöqtəsində yerləşən Kolumbiya Ölkəsinin paytaxtı Boqota, And dağlarında yerləşir.",geography,6
223,,"Bu, bizim Günəş sistemimizin yeganə canlı obyektidir və ona görə də elmi araşdırmalar üçün olduqca maraq dolu bir mövzu olaraq qalır.",science/technology,0
224,,"Azərbaycan hökuməti siyasətdə mövcudluğu ilə yanaşı, regionda stabilliyi gücləndirmək üçün bütün imkanlarını sərf edir.",politics,2
225,,"Kino aktrisası Culianna Murfil, 10 noyabr tarixində Los-Ancelesdə keçirilmiş ""Hollywood Film Awards"" mükafatlandırma mərasimində iştirak edib.",entertainment,5
226,,Xarici siyasətdə Azərbaycanın mövqeinin gücləndirilməsi üçün prezidentin səyahəti çox önəmlidir.,politics,2
227,,Ürək-damar xəstəlikləri insanın ölümünə səbəb olan ən böyük amillərdəndir.,health,4
228,,"əkbulanma xəstəliyi ilə əlaqədar olan insanlar üçün təhlükəsizlik gücləndirildi, onlar üçün yeni imkanlar açıldı.",health,4
229,,Dünyada hər saat yeni doğulmuş uşaqlardan biri autizm xəstəliyi ilə dünyaya gəlir.,health,4
230,,"Mənim fikrimcə, dünyada ən gözəl yerlərə səyahət etməkdir. İnsan ruhunu oxşayan dağlar, dəniz sahilləri, meşələr – bunlar hamısı bizi cəlb edir.",travel,1
231,,"Rusiya Federasiyası ilə yanaşı, digər bölgə ölkələri də regional siyasətdə aktiv rol oynamağa başlayır.",politics,2
232,,"Hamıya məlum olsa da, sağlamlığına diqqət etməyən insanlar artıqdır.",health,4
233,,Türkiyənin cənubunda yerləşən Antaliya şəhəri dəniz sahili boyunca uzanan dağ silsiləsinə sahibdir. Burada səyahət edən insanlara möhtəşəm mənzərələr açılar.,travel,1
234,,Kino teatrına gedərkən ən çox sevdiyim film janrı fantaziya və macəradır. 3D efektli filmlər sanki bizi başqa Dünyaya aparıb. Bizim üçün kino seyircisi ən yaxşı əyləncədir.,entertainment,5
235,,Cənubi Amerika qitəsində yerləşən And Dağlarının uzunluğu 7 min kilometrdən artıqdır və onlar dünyada ən uzun dağ sistemini formalaşıblar.,geography,6
236,,"Yalnız onlarca yaşında olsa da, dünya şahmat çempionluğu uğrunda mübarizə aparmağa başlayan Azərbaycanlı şahmatçı Rəhim Alxasov artıq böyük nailiyyətlərinə imza atmışdı.",sports,3
237,,"Ümumi Sağlamalıq Təşkilatı hesab edir ki, bütün dünyada ildə 8 milyon insan infeksiyalı xəstəliklərlə ölür.",health,4
238,,"Xaricdəki səyahətimizin sonunda bizim üçün ən vacib şeyi düşünmürük ki, biz orada necə yaşayırıq? Bizim üçün ən vacibi budur ki, oraya getmiş ola bildik.",travel,1
239,,"İnsanın immun sistemi, xəstəliklərə qarşı mübarizə aparmağa kömək edir və Sağlamlığı qorumağa çalışır.",health,4
240,,"Səyahətdə ən vacib şeylərdən biri də yerli əhalinin dilini bilməkdir, beləliklə lokal kültürə uyğun davranıb, onlara hörmət edə bilərik.",travel,1
241,,Con Qrantın çıxdığı Reading Rainbow serialı uşaqlara oxumağı sevdirərək onları kitab seçimləri etməyə cəsarətləndirmişdir.,entertainment,5
242,,"Televiziya kanallarındakı əyləncəli verilişlər insanların boş vaxtlarını doldurub, onlara lazımi əyləncəni təmin edirlər.",entertainment,5
243,,"Dünyada sağlam insanın sayı azaldığına görə sağlamlığımızı qorumalı, ona diqqət etməliyik.",health,4
244,,Xəstəliklərə qarşı immun sisteminin möhkəmlinə etməkdə vitaminlərin rolu çox böyükdür.,health,4
245,,İran İslam Respublikası Ali Lideri Ayetullah Əli Xamenei İran Xalq Ordusunun yaradılması günü münasibətilə nitq söyləmişdir.,politics,2
246,,"Azərbaycan Milli Futbol Komandasının yeni baş məşqçisi İtaliyanlı Roberto Bordinho oldu, onunla birlikdə milli komandamız Avropa Çempionatına gedəcəkdir.",sports,3
247,,stəliklərin müalicəsinə yeni yanaşmalar mövcuddur. Onlardan biri də homeopatiya üsuludur. Homeopatiyanın əsasında xəstəliklərin müalicəsindəki mikrodarlardır.,health,4
248,,"Saglamliq üçün ən böyük təhlükələrdən biri olan diyabet, eyni zamanda ən az diqqət edilmiş xəstəliklərdəndir.",health,4
249,,"Türkiyənin cənub sahillərində yerləşən Antaliya şəhəri, özünün gözəl plajlarına, tarixi abidələrinə və canlı kültürünə görə dünyada məşhurdu.",travel,1
250,,Azərbaycan Milli Olimpiya Komitəsinin prezidenti İlham Əliyev Türkiyənin Antalya şəhərində keçirilən Beynəlxalq Olimpiya Komitəsinin iclasına qatılmışdır.,sports,3
251,,Prezident seçkiləri zamanı siyasi partiyaların arasinda ciddi mübarizə gedirdi.,politics,2
252,,Avropa Birliyi azərbaycanlılara vizaların ləğvi barədə müzakirələr aparmağa başlayır.,politics,2
253,,"Kompüter proqramları həftəlik, günlük və saatlıq olaraq ayrılırlar və onlar mövcud olmağa başlayanda saata, güna və hatta ilə qədər uzadıla bilər.",science/technology,0
254,,obal istilərin artımı səbəbindən buzlaşmalar əriməyə başlayıb və dünyanı böyük risklərdə qoyublar.,geography,6
255,,Hər hansı bir obyektin sürətinin artımı onun kütləsinin artırılmasına səbəb olur və buna görə də onlar arasında düzgün mütənasiblik vardır.,science/technology,0
256,,"Yarımçıq oyunlarda iştirak edərkən, azarkeşlərimiz onların qazandıqları qələbələri sevinclə qarşıladılar.",sports,3
257,,İnsanlar arasında ən populyar əyləncə vasitələrindən biri kino hesab edilir. Kinozilla çıxdıqdan sonra insanlar həmişə onun yenilikləri ilə maraqlanıblar. Müxtəlif janrlardaki filmlər insanların zövqünü ötə bilir.,entertainment,5
258,,"Cənubi Amerika kontinentində And dağları sistemi dünyanın ən uzunsulu dağ sistemidir və onların uzunluğu 7,000 kilometrdən artıqdır.",geography,6
259,,"Milli Məclisin çağırışına dair qanunun hazırlanmasında iştirak etmiş deputatlara görə, bundan sonra Milli Məclisə seçkilərin aparılması mümkün olmadı.",politics,2
260,,Antarktikanın buzlaqları dünyada ən böyük süzülüşlü buz kütləsidir.,geography,6
261,,Avropa qitəsi dünyada ən kiçik ikinci qitədir və ümumi sahəsi 10 milyon kvadrat kilometrdır.,geography,6
262,,"Regionda sabitliyi möhkəmlətmək üçün ABŞ, Rusiya və Türkiyə arasında Üçtərəfli Danışıqlar başladıldı.",politics,2
263,,Asiyanın coğrafi mövqeyi onu dünya ticarətinin mühüm bir hissəsi hesab etməyə imkan verir.,geography,6
264,,Avropa ölkələrindən fərqli olaraq Asiya ölkələrində səyahət edilməsi daha rahat və ucuzdur. Burada ictimai nəqliyyat vastələri də çox inkişaf etmişdir.,travel,1
265,,Yaz ayları Ukraynanın Lvov şəhərinə səyahət etmək üçün ideal vaxtıdır. Burada siz orta əsr küçələrində gəzişə bilirsiniz.,travel,1
266,,"Tədqiqatçılar sübut etmişlər ki, Günəş sisteminin ən böyük planeti Yupiterdir və onun kütləsi Yer kürəsindən 318 dəfə artıqdır.",science/technology,0
267,,Yaz ayında burada temperatura +30 dərəcəyə çatır və buna görə də gündüz vaxtı günəşin altında olmaqdansa axşam vaxtı gəzmək daha rahatdır.,travel,1
268,,Dünyanın tanınmış DJ-ləri bu il Baku-nun ən böyük klubunda çıxış edəcəkdir. Konsert saat 22:00-da başlayacaq.,entertainment,5
269,,Azərbaycan Prezidenti İlham Əliyev Azərbaycan Xalq Cümhuriyyətinin 100 illiyi münasibətiləNitqi çixmişdir.,politics,2
270,,Bu səyahətdə sizə lazımlı olan ən önəmli şeylərdən biri də sizin sağlamlığınızı qorumadır. Xəstəlik halında sizin üçün ən vacib olan şeylər sizin yanında olmalıdır.,travel,1
271,,"Kino teatrlarında yeni filmlərin premyeraları saatlı-qapılarını açıb, sevildiyi film ulduzlarının iştirakı ilə müşayiət olunur.",entertainment,5
272,,"nyanın ən böyük materikləri Avropa, Asiya, Afrika, Şimali Amerika, Cənubi Amerika, Antarktida və Avstraliya hesab olunurlar.",geography,6
273,,"Nano texnologiya bizim həyatımızı dəyişmişdir, onu müxtəlif sahələrdə tədbiq etmişdik.",science/technology,0
274,,"Yaz aylarında bağlarda piknik edilməsinə imkan verilir. Bağda oturub, yemək yeməyimizə imkan var. Bu, bizim üçün ən yaxşı əyləncədir.",entertainment,5
275,,"Əyləncə mərkəzi olan klublarda gecələr kütləvi şənliklər təşkil edilir ki, burada insanların rahatlaması üçün bütün şərait yaradılır.",entertainment,5
276,,İki saat davam edən görüşdə Azərbaycanlı güləşçi Rusiyanı 3:0 hesabı ilə məğlub etdi.,sports,3
277,,Siyasətçilər hakimiyyətdəki mövqe və gücü əldə etmək üçün müxtəlif üsullardan istifadə edirlər.,politics,2
278,,"İnsanın orqanizmindəki hormonal tarazlığın pozulmasına səbəb olan amillər çoxdur. Onlar arasında stres, çəkili əməliyyatlar, vitamin çatışmazlığı və s. yer alır.",health,4
279,,"Xalqımıza verilmiş siyasi azadlıqlarımızdan ötəri, biz Azərbaycan xalqı kimi özümüzün siyasi taleimizi müəyyənləşdirə bilirik. Bizim dövlətimizin siyasi kursunu müəyyənləşdirməkdə bizim üçün çox önəmdir.",politics,2
280,,"İdmana olan marağımdan dolayı tennis kortuna gedirəm. Tennis oynamağı sevirmişəm. Dostlarım ilə birlikdə yarışmalarımızda iştirak edirik. Bu, bizim üçün ən yaxşı əyləncədir.",entertainment,5
281,,"İnformatika elmi, informatikanın texniki aspektləri ilə yanaşı, onun sosial, iqtisadi və siyasi təsirinə də diqqət yetirir. İnformatikanın ictimai həyatımıza təsiri özünü müxtəlif sahələrdə göstərir.",science/technology,0
282,,"Çoxsaylı turizm şirkətləri sizin üçün ən uyğun yolu seçəcək. Lakin, onların sizə təklif etdikləri variantdan fərqinə çıxıb özünüzə uyğununu seçməyi unutmayın.",travel,1
283,,"Hamiləlik dövründə qadınlar üçün sağlam qidalara ehtiyyacı vardır, belə ki, onlar uşaqlarının sağlam olmasına kömək edirlər.",health,4
284,,"Dünyanın ən böyük idman şəbəkəsi olan UEFA, Azərbaycanda futbolun inkişafına kömək etmək üçün müxtəlif proqramlar həyata keçirir.",sports,3
285,,"İctimai-siyasi birliklər, hökümətin qərarlarını şərh etdikdə, həmin dövrdəki demokratik prinsiplərin pozulduğunu vurğulanır.",politics,2
286,,"Dünyada hansısa bir xəstəliyin yayılmasının əsas səbəblərindən biri də sanitariya-qigiyena şəraiti olaraq qiymətləndirilir. Çünki, pis sanitariya-qigiyena şəraitində xəstəliklər daha rahat yayılır.",health,4
287,,"Yaz Olimpiadasında ilk dəfə olaraq, sükanıüstü üzgüçülük idmanı proqrama daxil edildi.",sports,3
288,,Kino teatrda film seansı keçirməyi sevdiyim şeylərdən biri idi. Mənim üçün kino dünya bir sehrli aləmdir.,entertainment,5
289,,Dünyada ölüm səbəblərinin başında olan xəstəliklərdən biri də qalxanlıqdır.,health,4
290,,Əqli sağlamlığınız üçün əlavə olunmuş vitaminlər sizin üçün faydalı ola bilir. Ancaq onların dozalarını diqqətlə seçməlisiniz.,health,4
291,,İlk dəfə Azərbaycan’da keçiriləcək “Beynəlxalq rəssamlar günü”nin proqramına daxil olan müxtəlif eksponatlar sərgisi açıldı.,entertainment,5
292,,"nubi Amerika qitəsində yerləşən And dağları dünyanın ən uzunsulu dağ sistemləridir və Çili, Argentina, Boliviya və Perunun ərazilərini əhatə edir.",geography,6
293,,"Dünyanın ən böyük çay sisteminin yaratdığı deltaya malik olan Volqa Çayı, Avropa ərazisində ən uzunnur.",geography,6
294,,obal istiləşmənin təsiri altında Antarktidanın buz örtüyünün sürətlə azalması öz növbəsində dünyadakı dəniz səviyyəsinin artmasına gətirib çıxır.,geography,6
295,,Dünyada demokratiyasının yayılması prosesi getdikcə genişlənməkdə davam edir.,politics,2
296,,"Nano texnologiyası elm sahəsidir ki, burada materiallar mikroskopik ölçüdə öyrənilir və onların xüsusiyyətləri aşkar edilir.",science/technology,0
297,,"Bu yay dünyada ən gözəl yerlərdən biri olan Santorini adasına səyahət etdim. Adanın sahili boyunca uzanan ağ evləri, mavi kümbəzləri və aydınlıq havası onu dünyada ən cazibədar yeri edir.",travel,1
298,,"Astronomiya elmi olaraq yıldızların, planetlərin və onların sistemi haqqındadır.",science/technology,0
299,,"Ümumdünya İdman Yarışı Federasiyasına görə dünyanın ən sürətli insanı kimi tanınan Usain Bolt ""Mənim üçün ən vacib şey rekordlardır"" dedi.",sports,3
300,,"Kompüteri idarə edən proqramın əsasında alqoritm durur ki, onu icra etmək üçün kompüterə lazım olan əmrləri verir.",science/technology,0
301,,Azərbaycan Milli Məclisinin deputatları hökumətin büdcə layihəsi ilə bağlı müzakirələr aparmağa başladılar.,politics,2
302,,Tibbi xidmətin keyfiyyətinin yüksəldilməsinə yönəlib biznes planlarımızıda yer almışdır.,health,4
303,,Dünyanın ən böyük ada hövzəsinə sahib olan Kanada Şimali Amerikada yerləşir və özündə çoxlu sayda göl və çay saxlayır.,geography,6
304,,"Dünyanın ən böyük tennis turniri Wimbledon Openinin bu ilki Azərbaycan tennisçilərinin iştirakı ilə yanaşı, dünya üzrə tanınmış tennisçilərin də iştirakını gözlənilir.",sports,3
305,,"Xəstəliyin ən ağır formasına düşdükdə, insan orqanizmi ciddi şəkildə zədələnə bilir.",health,4
306,,ərbaycan Respublikası Avropa və Asiyanın kəsişməsində yerləşir və dünyanın 71-ci ən böyük ölkəsidir.,geography,6
307,,Azərbaycanın paytaxtı Bakıda səyahət edərkən UNESCO-nun Dünya Mədəni İrsi siyahısına daxil edilmiş İçəri Şəhər kompleksi götürmür.,travel,1
308,,"Əyləncəli səyahətlər üçün dağlar, çaylar, göyllər kimi təbiət güzellikləri insanların diqqətini cəlb edir.",entertainment,5
309,,"Sunumu müxtəlif amillərin köməyi ilə yerinə yetirilə bilir, bunun üçün də müxtəlif texniki vasitələrdən istifadə olunur.",science/technology,0
310,,"Bu regionda səyahət edərkən siz özünüzə lazım olmayan şeyləri almağa çalışmayın və yalnız lazımı olanlar götürün ki, yükünüzdə olsun.",travel,1
311,,Xanımların gözəlliyi və cazibədarlığı sayəsində populyarlaşmış “Viktoria sirləri” moda şousunun yeni sezonu start götürüb.,entertainment,5
312,,"Xarici siyasətdə Azərbaycan hökuməti Amerika Birləşmiş Ştatlarının, Rusiya Federasiyasının, Türkiyənin və başqa ölkələrin siyasi maraqlarını nəzərə alır.",politics,2
313,,"Voleybolçuların böyük uğurlarına baxmayaraq, onlar hələ də dünya čempionatını qazana bilməyiblər.",sports,3
314,,"Müxtəlif ölkələrdə yaşayan insanlara aid edilən dünyanı özümə götürməyi bacaran insanlar üçündür ki, onlar səyahətdə olmağın hansı hiss olduğunu bilir. Onlarda həmişə yenilik axtarırlar.",travel,1
315,,Amerikanın siyasi dairələrindəki güclülərin böhranı səbəbindən dünyanın aparıcı dövlətlərinin iqtisadiyyatı ciddi təhlükə altına düşürdü.,politics,2
316,,"Nano texnologiyasında, materialların ölçüleri nanometr səviyyəsinə endirilməklə, onların xüsusi xassələri aşkar edilir.",science/technology,0
317,,"Ən yaxşı film nominasiyasında ""The Revenant"" filmi qalib gəlib, rejissor Aleqnadro Gonsales İnaryttunun işidir.",entertainment,5
318,,"Kompüter elmi süni intellektin yaradılmasında mühüm rol oynayır, çünki onun köməyilə insanlar süni intellektə sahib olmağa çalışırlar.",science/technology,0
319,,"nubi Amerikanın ən böyük ölkəsi Braziliyanın sahəsi 8,5 milyon kvadrat kilometrdən çoxdur.",geography,6
320,,"Müstəqillik bərpa olunandan sonra, Azərbaycan hökuməti bütün siyasi məhkumluğu azadlığa buraxıb.",politics,2
321,,"Həftəsonu idman proqramları arasında ən populyar olan tennis yarışı, bütün dünyada sevilən idman növlərinə aid edilir.",sports,3
322,,"Çoxillik idman karyerasını davam etdirən veteran atlet, artıq peşəkarlıqdan uzaqlaşıb, veterandalar üçün yarışlarda iştirak edir.",sports,3
323,,Qış ayları Rusiyanın Sibir bölgəsinə səyahət etmək üçün ideal vaxtıdır. Burada siz -40°C soyuğa tab girməlisiniz.,travel,1
324,,Avropa Çempionatında iştirak etmiş Azərbaycan atletlərinin sayı 20-dən artıqdır.,sports,3
325,,Kompüter elmini inkişaf etmiş ölkələrdə son illərdə böyük nailiyyətlər əldə edilmişdir. Bu sahədə aparılan araşdırmalar hesabına yeni texnologiyaların yaradılmışdır.,science/technology,0
326,,"Üstüörtülər – insan bədəninin mikroskopik orqanizmləridir, hansıkı ictimai heyvanlarda, torpağın örtükunda və su hövzələrində yaşayırlar.",science/technology,0
327,,"leybolçumuz dünya çempionatılarında üç dəfə qızıl medal qazandılar, onlar həmçinin Avropa çempionatında iki dəfə qalib oldular.",sports,3
328,,"Qlobal istilərin artımı dünya miqyasında iqlim dəyişkliklərinə səbəb olur ki, bunun nəticəsində coğrafi mövqe və landşaftlar dəyişməkdədir.",geography,6
329,,Avropa kontinentini Şərqdən Qərbə doğru uzanan Alp dağlarının ən yüksək zirvəsi Monblan dağıdır,geography,6
330,,"Kompüter elmində proqramlaşdırma, kodlamaq və alqoritm yaratmaqdan ibarətdir.",science/technology,0
331,,"tbolçularımız Avropa liqasında çoxlu qələbə qazandılar, ancaq onlar UEFA Çempionlar Liqasının final oyununa çıxa bilmədilər.",sports,3
332,,"Dünyanın ən böyük idman şəbəkəsi olan UEFA-nın prezidenti Çeferin ""Futbol biznesdir"" dedi.",sports,3
333,,Velosiped sürücülüyünün dünyada ən mötəbər yarışlarından biri sayılan Tur de Fransda iştirak edən Azərbaycan velosipedçisi hörməti qazandı.,sports,3
334,,Ölkənin siyasi sabitliyi regionda stabilliyi təmin edə bilir.,politics,2
335,,"XIV Əsr Yunan Oyunlarını bərpa etmiş olan Fransua Girud, Beynəlxalq Olimpiya Komitəsinin prezidenti olmuşdur.",sports,3
336,,Yaz ayları isti olduğu üçün Avstriyanın Alp dağlarında yay turizmisi mövcuddur və burada yay aylarında səyahət etmək mümkün olur.,travel,1
337,,"Bu mövsüm Formula 1-də çox maraq dolu olmaqla yanaşı, pilotlar arasında rəqabətin artmasına imkan yaradır.",sports,3
338,,"Təbabətin müasir yöntəmləri sayəsində insanlar artıq çoxsaylı xəstəliklərdən azad olmağa başlayır. Ancaq bunun üçün də onlar təhsil almaq, sağlamlığına diqqət yetirməlidirlər.",health,4
339,,"Elektromaqnit sahəsi vakuumda mövcud deyil, lakin elektrik yükünün hər hansı bir yeri əhatə edə bilir.",science/technology,0
340,,Yolculuk zamanı səhvə yol verilmiş sənədlərin olmamasına diqqət edin. Bütün sənədlərinizin düzgün olmasına və mövcud olmasına zəmanət verilməlidir.,travel,1
341,,Astronomiya elmimiz kosmosu öyrənməkdə əhəmiyyətli rol oynayır. Astronomiyanın köməklə bizim dünyamızdan başqa dünya çevrəsində yaşayan canlıların mövcudluğu haqqında fikirlərimiz dəyişmişdir.,science/technology,0
342,,"Nano texnologiyaları, materiyanın strukturunu dəyişməklə, ona yeni xassələr verməyə imkan verir.",science/technology,0
343,,Beynəlxalq estrada ulduzu Cennifer Lopezun ilk dəfə Azərbaycanda çıxış edəcəyi açıqlanıb.,entertainment,5
344,,"Futbolçular arasında ən çox qol vurmuş olan Çavuşoğlu, Türkiyə millisinin heyətinə çağırıldı.",sports,3
345,,Həkimlərimizin tövsiyələrinə riayət etməklə bizim sağlamlığımızı daha da yaxşılaşdıra bilərik.,health,4
346,,"Xaricdə yaşamağa gedəndə, ilk öncəliliklərimizin biridir ki, bizim üçün hansı ölkənin vizası lazım olduğunu bilməkdir.",travel,1
347,,Ən yaxşı filmlər arasında olan “Titanik” kino festivalında özünün 20 illiyi tamamlayıb. Bu filmi izləmiş insanların sayı milyonlarla ölçülür.,entertainment,5
348,,"Lazer şüaları işıq dalğalarının tezliklərinə uyğun olaraq fokuslanıb, bunun sayəsində onlar çox güclü enerjaya malik olurlar.",science/technology,0
349,,"Tibbi xidmətlərin keyfiyyətinin yüksəldilməsinə çalışaraq, insanların sağlam saxlanmasına daha çox diqqət yetirməkdir. Tibbi xidmətlərin keyfiyyətinin yüksəldilməsi insan həyatına böyük təsir göstərir.",health,4
350,,Azərbaycan Xalq Cümhuriyyətinin yaradıldığı gün - 28 may 1918-ci il siyasətdə dönüş nöqtəsidir.,politics,2
351,,"Bu idman növünü sevənlərin sayı getdikcə artır, buna görə də ölkəmiizdə onun inkişafına xüsusi diqqət yetirilməkdədir.",sports,3
352,,"Bu sistemlərin əsasında duran ideya, onlar arasındakı informasiyanın kodlanmasıdır və bununla da onların arasında rahat kommunikasiya saxlanılıb.",science/technology,0
353,,"Afrika qitəsinin ən böyük çay sistemi Nil çayıdır və onun uzunluğu 6,695 kilometrdən artıqdır.",geography,6
354,,"Antarktikaya aid olan Elsuort adası dünyanın ən böyük ada sayılmadır və onun sahəsi 43,000 kvadrat kilometrdən artıqdır.",geography,6
355,,"Avropa İttifaqı hökumətləri, Türkiyənin Avropa İttifaqına inteqrasiyasını təşviq etmək üçün ictimai-siyasi dialoqunu genişləndirdilər.",politics,2
356,,"Nano texnologiyalar bizim həyatımızı dəyişdirir, biz onların köməyilə yeni materiallar yaratmağa başlayırıq və onlar bizim sağlamlığımıza pozitiv təsir göstərir.",science/technology,0
357,,"Xəstəliklərə qarşı aparılan mübarizədə ən vacib amillərdən biri olan gigiena, insanın sağlamlığının qorunmasında önəmli rol oynayır.",health,4
358,,Avropa qitəsindəki Alp dağlarının ümumi uzunluğu 1200 kilometrdir.,geography,6
359,,Xəzər dənizinə çıxışı olan Azərbaycanda sahilboyu zonasının uzunluğu 870 kilometrdən artıqdır.,geography,6
360,,"Qatar səyahəti zamanı gözlənilməz macəralardan qaçmağın mümkün olmadığını bilməlisiniz. Lakin, buna baxmayaraq, sizin üçün ən uyğun variantı seçməklə bağlı olduğumuzu bilin.",travel,1
361,,Əhalinin sağlamlığının saxlanılmasında ictimai-sağalmliq tədbirlərinin önümöz rol oynaması mümkündür.,health,4
362,,"Ən sevdiyim idman növlərindən biri futboludur. Futbolun böyük pərəstişkarıyam. Həftəsonunda dostlarımla birlikdə futbol oynayıram. Bu, bizim üçün ən yaxşı əyləncədir.",entertainment,5
363,,Kompüter proqramları həmçinin maşınlara öyrətməklə onlar insanlara kömək edə bilir.,science/technology,0
364,,"Televiziya kanalları, radio stansiyalar, internet resursları - bütün bunlar bizim əyləncə alətlərimizin ayrı-ayrı növləridir, onlar bizim üçün informasiya və əyləncə mənbəyi rolunu oynayırlar.",entertainment,5
365,,İran XİN baş naziri Mövlud Çariyev Türkiyənin İranla bağlantılı siyasətinin düzgün olmadığını bildirdi.,politics,2
366,,"Prezidentin yeni təyinatlarına dair müzakirələr gedir, hansıkı parlamentdəki əksər partiya üzvləri tərəfindən dəstəklənmir.",politics,2
367,,"Əyləncəli oyunlar sayəsində insanlara özünü rahat hiss etməyə imkan verilir, onlar üçün xoşbxt saatlar yaşamağa kömək edirlər.",entertainment,5
368,,"ərbaycanın ən uca yeri Bazardüzü dağıdır ki, onun hündürlüyü 4466 metrdir.",geography,6
369,,İkinci Dünya Müharibəsindən sonra Avropa siyasi xəritəsi tamamilə dəyişmişdir.,politics,2
370,,Rusiya Federasiyasının prezidenti Vladimir Putin Ukraynanın Rusiya ilə birlikdə həll ediləcək problemləri olduğunu söylədi.,politics,2
371,,Avropa kontinentinin qərbində İspaniyanın şimal-qərbində yerləşən Biskay körfəzi Atlantik okeanın bir hissəsidir.,geography,6
372,,Yeni mövsümə start götürmüş Azərbaycan Premyer Liqasında səkkiz komanda iştirak edəcəkdir.,sports,3
373,,"Açıq cəmiyyətdə demokratiya prinsipləri mövcud olsa da, hakim partiyanın üstünlüyünü pozucu faktorlara rast gəlinilir.",politics,2
374,,"Kino aktyoru Arnold Şvartsenegger Kaliforniya ştatının qubernatoru seçilib. O, bundan əvvəl də siyasətdə fəaliyyət gostərib.",entertainment,5
375,,Avtomobil idmanı üzrə Dünya Çempionatının Rusiyanın Soçi şəhərində keçirilmiş mərhələsində Azərbaycanlı sürücü Ceyhun Əzizov iştirak etmişdir.,sports,3
376,,Stiven Taylerin sahneyə yıxılması səbəbindən onun gastrolları ləğv olunmuşdur.,entertainment,5
377,,"Qışı sevdiyimiz üçün dağlara gedirik. Dağlarda qar örtüyündən sonra yenidən ağaclara vurulur və bununla yanaşı, dağların zirvəsinə çıxdıqda insan ürəyi fərqli olur.",travel,1
378,,"Yeni ili qeyd etmək üçün ictimai yerlərdə kütləvi tədbirlər keçirilir, onlar arasında ən populyar olanları konserlər, diskotekalar və rəqs gecələridir.",entertainment,5
379,,Təbabətin müalicəvi təsirləri sayəsində bir çox xəstəliklərin müalicə olunmasına imkan yaradıldı.,health,4
380,,"Bütün dünyada milyonlarla insan elektronik oyunlar oynayıb, özünü xoşbəxt hesab edirlər. Onların fikricə, elektron oyunlar əyləncənin yüksək formasıdır.",entertainment,5
381,,"Mənim fikrimcə, səyahətdə ən vacib şeylərdən biri özünü rahat hiss etməkdir. Buna görə də, səyahətimizin başlanğıcında bizə lazım olan şeyləri paketə salmalı və yola çıxmalıdır.",travel,1
382,,Antarktikaya axsaq quru parçası kimi baxılır və buranın orta temperaturu -50°C-dir.,geography,6
383,,Nano texnologiyası insan sağlamlığının müalicəsinə yardımçı olur.,science/technology,0
384,,Dünyanın ən böyük düzlük hövzəsi olan Sibir düzünün sahəsi 7 milyon kvadrat kilometrdən artıqdır.,geography,6
385,,"Yaz ayında Orta Asiya ölkələrində səyahət edərkən, temperatura diqqət yetirmək lazımdır, çünki bu zaman temperatur +40 dərəcəyə çatadır.",travel,1
386,,Xəstəliklərlə mübarizə aparmağa kömək etmək üçün yeni üsullar tapılır və onlar praktiki şəraitdə tədbiq edilir.,health,4
387,,Cənubi Amerika qitəsində yerləşən And dağları sistemi dünyanın ən uzun dağ sırasını təşkil edir və ona Çili və Argentina arasındakı sərhəddə yerləşən Aconcagua zirvəsi daxildir.,geography,6
388,,Təbabətin müasir metodlarında stomatologiya sahəsində aparılan yeniliklər insanların dişlərinə daha yaxşı müalicə olunmasına imkan yaradır.,health,4
389,,"Avropa qitəsindəki Alp dağlarının ən yüksək zirvəsi Monblan dağıdır və onun hündürlüyü 4,808 metrdır.",geography,6
390,,"Idmançılar arasında çoxlu müzakirələr doğuran mövzu olan doping, hələ də idman dünyasında aktual problem olaraq qalır.",sports,3
391,,"Yazda people dostlarının yanında olmağı xoşlayırlar. Ona görə də onlar ümumi əyləncə proqramlarını təşkili edirlər. Məsələn, piknik, futbol oynamaq və s.",entertainment,5
392,,"Əqli sağlamlığımızın pozulmasına səbəb olan amillər arasında stres, depressiya və yuxusuzluq ön plana çıxır.",health,4
393,,"Bu, süni intellekt sisteminin insanın düşünməsinə oxşayır, hansı ki, insan beyinindəki prosesləri modelləşdirilməsinə yönəlib.",science/technology,0
394,,"Çoxlu müxtəlif idman növlərinə sahib olan stadionda, yalnız futbola deyil, həmçinin atletizm,reqbi və s. oyunlar da keçirilə bilir.",sports,3
395,,"lüyün idman proqramına daxil edilmiş yeni idman növlərinə qolflar daxildir, bunlar arasında ən populyarlarından biri də lövhə üzərində xokkeydir.",sports,3
396,,Avstraliyanın şimal-qərbində yerləşən Kimberley regionu dünyada ən az məskunlaşmış ərazilərdəndir.,geography,6
397,,Meksika Ştatının şərq hissəsində yerləşən Sierra-Madre-Şərq sıra dağlarının maksimum hündürlüyü 3000 metrdən artıqdır.,geography,6
398,,"Həkimlərimiz sağlamlığımız uğrunda böyük işlər görür, onlara minnətdar olmağa borcluyuq.",health,4
399,,Türkiyə hökuməti Azərbaycanla yanaşı əməkdaşlığa davam edəcəkdir.,politics,2
400,,"İkinci Dünya Müharibəsindən sonra Almaniya Federativ Respublikası hökuməti, milli birlik üçün ümumi seçki sistemi yaratmağa çalışdı.",politics,2
401,,Qlobal istiləşmənin təsiri altında Antarktidanın buzlaqları sürətlə əridilir və buna görə də dünya okeanı səviyyəsinin artması gözlənilir.,geography,6
402,,"Dünyada baş vermiş siyasi hadisələr bizi təsir edir və bizim dövlətimizin siyasi kursunu müəyyənləşdirə bilir. Buna görə də, biz dünyada baş vermiş hadisələri diqqətlə izləməlidir.",politics,2
403,,Avropa İttifaqının XİN-dəki nümayəndəsi İsveçrənin paytaxtı Bern şəhərində Avropa parlamentinin deputatları ilə görüşüb.,politics,2
404,,Azərbaycan Respublikasının coğrafi mövqeiyə görə Avropa və Asiyanın kəsişmə nöqtəsində yerləşdiyini göstərir.,geography,6
405,,"Azərbaycan Prezidentinin başçılığında prezident seçkiləri keçirildi və ümumi hesabata görə, 75 faiz səslə qalib gəldi.",politics,2
406,,Avropa Çempionatı üzrə futbol üzrə Ukrayna millisinə qarşı keçirilən oyunumuz 1:1 hesabı ilə sona çatdı.,sports,3
407,,"Oyunlar arasında seçim çoxdur, amma bizim favoritimiz ""Fortnite""dir, hansıkı coşğu və macərası ilə bizi özünə cəlb edir.",entertainment,5
408,,Dünyanın ən böyük çay sistemlərinin biri olan Amazonka Çayı Cənubi Amerikada yerləşir və özünün 6300 kilometr uzunluğunda uzanır.,geography,6
409,,Maks Verstappen Formula 1-də 34 yaşlı hollandiyalı sürücüdür və Red Bull Racing komandasına aid olur.,sports,3
410,,"Üfiqi texnologiya süni intellekt sisteminin yaratılmasına imkan verir və ona görə də o, insanların problemlərinə yanaşmada yeni üfüqlər açır.",science/technology,0
411,,Dünyanın ən böyük şəhərinin adı Seul olub Koreya respublikasında yerləşir,geography,6
412,,Azadlıq Meydanında keçirilmiş Konsert proqramında iştirak edənlərin sayı 10 min idi. Bu hadisə bizim şəhərimizin ən böyük musiqi tədbirlərindən biri idi.,entertainment,5
413,,Xəstəliklərlə mübarizə aparmaq üçün bizim ilk növbədə sağlam yeməklərimiz lazımdır.,health,4
414,,"Həkimlər, erkən yaşlarda başlayan xəstəliklərin müalicəsinə diqqət yetirməyə çağırmışdırlar. Bu da, insanların sağlamlığının qorunmağına kömək edir.",health,4
415,,Xəstəliklərə qarşı profilaktika edilməsinə başlayanda ilk növbədə əlverişli gigiyena şərtlərinin yaradıldığından əmin olunmalıdır. Gigiyenanın pozulması xəstəliklərə yol açır.,health,4
416,,"paniyaya aid olan Kanar adalarına Afrika sahillərindən 100 kilometr məsafədə yerləşdiklərinə baxmayaraq, onlar Atlantik Okeanı üzərində yerləşirlər.",geography,6
417,,"Bütün dünyada məşhur olan ""Circus du Soleil"" sirk şousu özünün rəngarəng akrobatika nümayişləri ilə izdeşləri valeh edir.",entertainment,5
418,,Əvvəlcədən sağlamlıq üçün nəzarət edilməsi lazım olmayan xəstəliklərin sayı getdikcə artır.,health,4
419,,Avropada ən böyük göllərdən biri olan Ladoga gölü Rusiyanın şimal-qərbində yerləşir və onun sahili 220 kilometr uzunluğundadır.,geography,6
420,,"Cənubi Amerika qitəsinin ən böyük çay sistemləri Amazonka, Paraná və Orinokodur.",geography,6
421,,"Ənənəvi Yeni İl bayramında müxtəlif əyləncə proqramları təşkil olunur. Bunlara rəssam sərgiləri, konserlər, komediya şouları və s. daxildir. Həmin gecələr insanların ruhunda uzun müddət qalır.",entertainment,5
422,,"Avropa ölkələrinə səyahət edən zaman yerli valyutanı dəyişdirmək lazımdır. Müxtəlif bankomatlar və valyuta dəyişdirmə məntəqələri vardır ki, onlar sizə yardım edəcəklər.",travel,1
423,,"İnsanın immun sistemi sağlam olduqda o, xəstəliklərə qarşı daha güclüdür. Immun sisteminin gücləndirilməsi üçün isə vitaminlərlə yanaşılmadır.",health,4
424,,"tbol üzrə dünya çempionatı ilə yanaşı, Avropa kuboku da futbolseverlərin diqqətini cəlb etmişdir.",sports,3
425,,Cənubi Amerikada And dağlarının uzanan hissəsidir Çilenin dövlətinin əsas hissəsi.,geography,6
426,,"Mənim fikrimcə, dünyada ən maraq dolu şeylərdən biri səyahətdir. Çünki, o zaman biz yenilikləri kəşf edir, yeni insanlarla tanış olur və bizim üçün yeni imkanlar açıqlanır.",travel,1
427,,"Məşhur tennisçi Rafael Nadal, ATP sıralamasındakı mövqeini qiymətləndirərkən, ""Həyatım boyunca ən böyük uğurum budur"" demiştir.",sports,3
428,,Lazer şüaları insan sağlamlığına ziyan vurmadığından onu tibbdə geniş şəkildə istifadə edirlər.,science/technology,0
429,,"Qlobal informasiya şəbəkəsi, dünya miqyasında insanların əlaqə saxladığı bir sistemdir",science/technology,0
430,,Qışı yayalara çevirmək üçün Polşa hökuməti xüsusi proqramlar hazırlamışdır və bununla bağlı olaraq səyahətçilər üçün ayrı-ayrı təkliflər mövcuddur.,travel,1
431,,"Amerikalı müğənni Ledi Qaqanın yeni albomu satışa çıxdı və bununla da o, musiqi dünyasında yenidən əsas yerini tutdu.",entertainment,5
432,,Avropa şəhərlərində səyahət edərkən özünü xoşbəxt hiss edəcək yeni yerləri kəşf etməyi unutmaya bilmərik.,travel,1
433,,Bu gün dünyanın hər yerində çoxlu marşrutlar mövcuddur və bunlar sayəsində insanın hansı ölkədən olursa olsun dünyanı tamamilə gəzməsinə imkan verir.,travel,1
434,,"Bütün dünyadan musiqiçilər burada toplandılar, hansı ki, biz onlara özümüzü göstəririk...",entertainment,5
435,,Azərbaycan Milli Məclisi Rəyasət Heyətinin sədr müavininin siyasi partiyaların rolu barədə fikirlərini bölüşdü.,politics,2
436,,"Elektromaqnit sahəsi çox geniş diapazonlu olaraq, radio dalğaları, mikrodalğalar, infraqırmızı şüalandırmalar, görünüşlü işıq, ultrabənövşeyi şüalandırmalar, rentgen şüalandırmaları və gamma şüalandırmalarını əhatə edir.",science/technology,0
437,,Xəstəliklərin profilaktikası üçün ən əsas faktorlardan biri də sağlam həyat tərzinin saxlanmasıdır və bunu hər kəsin anlamalı və diqqət yetirməlidir.,health,4
438,,"Türkiyənin cənub sahilləri boyunca uzanan Likiya ərazilərində bir çox antik şəhər vardır ki, onlar özünün gözəl memarlığı və zəngin tarixi ilə diqqəti cəlb edirlər.",travel,1
439,,"ərbaycan Respublikası Cənubi-Qaft Asiyada yerləşən dövlətdir, Xəzər dənizinə çıxışı vardır və İran İslam Respublikasından şimalda, Ermənistan Respublikasından qərbdə, Gürcüstan Respublikasından şimal-qərbdə sərhədlənir.",geography,6
440,,"Kompüter proqramları həyatımızda böyük rol oynayır, ona görə də onları düzgün idarə etmək lazımdır.",science/technology,0
441,,Futbolçuların mübarizə apardığı mövsümlərdə onlar çoxlu qol vururlar.,sports,3
442,,"Tədqiqatçılar süni intellekti yaratmağa çalışırlar ki, insan ağlına oxşar olsun və insanın yerini almağa çalışsın.",science/technology,0
443,,"Astrofiziki alimlər yeni kəşfləri mümkün edən texnikalar yaratdıqları üçün çalışırlar, hansı ki, Bizim Galaxy-dən kənarındakı mövcudluğu müəyyən etməyə imkan verir.",science/technology,0
444,,"Tibb elmində son illərdəki irəliləyişlərlə birlikdə, xəstəliklərin müalicəsi üçün yeni üsullar tapılır və onlar praktikada tətbiq olunur.",health,4
445,,Qərbi Avropada yerləşən İspaniyanın sahil xəttinin uzunluğu 4964 kilometrdır,geography,6
446,,Meksikanın cənubunda yerləşən Çiçen-İtsa adlı tarixi kompleks dünyanın hər yerindən gəlmiş turistlər arasında mütəxassislərin diqqətini cəlb etmişdir.,travel,1
447,,Göyçay şəhəri Azərbaycanın orta hissəsində yerləşmişdir. Göyçay şəhəri ətrafında turistlər üçün maraq dolu yerlər mövcuddur. Bunlardan biri də Göyçay çayının sahilidir.,travel,1
448,,"Türkiyənin baş naziri Rəcəp Tayyip Erdoğan Türkiyə-Azərbaycan dostluğunu vurğu edərək demişdir ki, bu Dostluq Biznes Forumunda iştirakçıların sayı 500-ə çatdırıb.",politics,2
449,,Dünyanın ən böyük hövzəsi olan Amazon hövzəsinin sahəsi 7 milyon kvadrat kilometrdən artıqdır.,geography,6
450,,"Qlobal İnternet Şəbəkəsi dünyanın hər yerindəki kompüterlərin əlaqələndirilməsidir, hansıkı onlar arasında informasiya mübadiləsi aparılıb.",science/technology,0
451,,"Səyahətdə ən vacib şeylərdən biri də yerli əhalinin məsləhətidir. Onlar sizə hansı yolun hansı saatda açıq olduğunu, hansı restoranın ən yaxşı yeməklərini verdiyini söyləyəcəkdir.",travel,1
452,,Kompüteri idarə edən əsas prinsip onun proqramlaşdırılmasıdır və onu həyatına başlayanda ona verdiyimiz komandalarla çalışır.,science/technology,0
453,,Qlobal İnternet şəbəkəsinin yaradıldığı günden etibarən dünyada informasiya mübadiləsi daha rahat oldu. Hazırda İnternet vasitəsilə dünyanın hər yerində olan insanlar arasında ünsiyyət saxlamaq mümkün ola bilir.,science/technology,0
454,,Saglamliq bizim üçün ən vacib deyerdir. Onun üçün bütün imkanlarımızla çalışmalı və diqqət etməliyik.,health,4
455,,"Görüşlüklərinizi planlaşdırmazdan əvvəl hökmdarlığa gedən yolunuzu seçməyinizi tövsiyə edirik. Beləliklə, siz yolu azacıqla başa vurduqda, özünüzüinkişaf etmiş hesab edəcəksiz.",travel,1
456,,"umdünya Çempionatının final oyununda Almaniyaya qarşı mübarizə aparmağa çalışdıqları halda, onların sələfi olan Braziliyanı da unutduqları bilinmir.",sports,3
457,,nubi Amerika qitəsinin şimal-qərb hissəsində yerləşən Kolombiyanın coğrafi mövqeyi olduqca əlverişlidir.,geography,6
458,,"Həftənin sonunda idmançılar yeni rekordlar qırıb, dünya üzrə tanınmış idman klublarına cığır açdılar.",sports,3
459,,"Xaricdə yaşayan insanların əksəriyyəti yenidən öz doğma yurtuna dönəndə bir qədər iztirab hissi keçirirlər. Amma, onlar yenidən ata-anaya dönəndə bütün bunlar unutulur.",travel,1
460,,Bütün canlı orqanizmlər özünü yeniləmək üçün genetik informasiya saxlayır.,science/technology,0
461,,Prezident seçkiləri ərəfəsində siyasi partiya liderləri arasında müzakirələr aparılır və onlar öz namizədlərini irəli sürürdülər.,politics,2
462,,"Azərbaycan Respublikasının 9 regionunda 78 rayonu var və bunlar ölkənin ümumi ərazisi hesabına görə 86,6 faizini təşkil edirlər.",geography,6
463,,"Görüşmələrin sonunda Azərbaycan millisinin baş məşqçisi İtaliyanın ""Yuventus"" klubundan olan futbolçunu milli komandaya çağıracağını açıqladı.",sports,3
464,,"Kompüter elmi, hesablamaların aparılması, proqramlaşdırmanın əsasında duran bir elm sahəsidir. Kompüter elmində əsas mövzu, insan düşüncəsinin mexaniki surətdə modelləşdirilməsidir.",science/technology,0
465,,"Astronomiya elmimiz宇 əhəmiyyətli elmdir, ona görə ki, o bizi kosmos haqqında düşünməyə çağırır.",science/technology,0
466,,Məşhur tennisçi Rafael Nadal Avstraliyanın Adelaida şəhərində keçirilən ATP turnirinin yarımfinalına çıxdı.,sports,3
467,,"stəliklərə qarşı mübarizə aparmağın əsas yolu sağlam olunmuşdur, ona görə də həkimlərimizin tövsiyələri ilə birlikdə biz də sağlam olmağa çalışırıq.",health,4
468,,"tarktikanın quru hissəsi buzlaqlarla örtülüdür, onlar materikin 98 faizini təşkil edir.",geography,6
469,,"Astrofizika elmimiz kosmosu öyrənməkdə mühüm rol oynayır, çünki onun köməyilə biz uzaq ulduzlardan informasiya almağa imkan verir.",science/technology,0
470,,Asiya kontinentində yerləşən Çin Xalq Respublikasının əraziləri dünyada ən geniş yayılmışdır.,geography,6
471,,Prezident seçkiləri zamanı namizədlər arasındakı mübarizənin sərt olması ölkənin siyasi sabitliyinə təsir göstərir.,politics,2
472,,Bu mövsümdə UEFA Avropa Liqasının qrup mərhələsində çıxış etmiş Neftçi PFK-nın futbolçusu Dimitru Mixailov Yunanıstanda keçirilən matçda zədə aldı.,sports,3
473,,"obal istilərin artması world oceanlarının səviyyəsinin yüksəlməsinə səbəb olur, bundan ötəri, sahilboyu ərazilərdə yaşayan insanlar üçün risk yaradır.",geography,6
474,,Azərbaycan atletlərinin Beynəlxalq Atletika Federasiyasına qatılmalarından sonra ölkənin idman proqramları yenilənməyə başladı.,sports,3
475,,Avropada yerləşən Alp dağlarının maksimum hündürlüyü İsveçrədə yerləşən Mon Bland dağıdır və onun hündürlüyü 4.808 metrdir.,geography,6
476,,Qlobal istilərin artımı dünyanın coğrafi mövqeyini dəyişməkdədir.,geography,6
477,,İnsanın fiziki fəallığının saxlanılmasında idman rolunu inkar edilməzdir.,health,4
478,,"Əyləncənin müxtəlif formaları vardır ki, bunlar arasında kino, teatr, musiqi və idman yarışmaları ön plana çıxır. Bu sahələr insanların boş vaxtlarını daha maraqlı keçirməsinə imkan verirlər.",entertainment,5
479,,XIV Ümumdünya Çempionatı üzrə boks yarışmaları Çin Xalq Respublikasının Quanjou şəhərində keçirildi.,sports,3
480,,"Kompüter elmini yaratmağa çalışdığımız zaman, ilk növbədə onu proqramlaşdırmaq lazımdır. Bu prosesdə biz kompyuter dillərində yazılan kodları kompilyasiya etməklə başlayırıq.",science/technology,0
481,,"Mənim fikrimcə, səyahət edilməmiş ən gözəl şey yolculuktur. Çünki siz özünüzdən kənardan dünyada olmağınızı hiss edirsiniz.",travel,1
482,,"ğlamlığımızın möhkəmləndirilməsinə kömək edən faktorlar arasında düzgün qidalanma, fiziki aktivlik, stressin azaldılması və sağlamlığı nostro eden xidmətin önemidir.",health,4
483,,nsertlər də ən sevdiyi əyləncə formasındandır. Burada musiqiçilər öz gücünü nümayiş etdirirlər. Konsertlər böyük auditoriya qazanır.,entertainment,5
484,,Azərbaycan milli futbol komandası Avropa Çempionatı 2020-nin seleksiya mərhələsinə vəsiqə qazandı.,sports,3
485,,"Səyahətdə ən çox diqqət edilməlidir ki, siz yolçu olduğunuz zaman pasportunuzu unutmasın və onu müxtəlif yerlərdə saxlayın.",travel,1
486,,Qlobal informasiya şəbəkəsi İnternet adı ilə tanınır və onu dünyada yaşayan insanlar arasında əlaqənin əsasında durur.,science/technology,0
487,,"Sağlamlığımızı qorumalı və sağlam saxlamalıyırıq. Bunun üçün də tez-tez tibbi müayinə olunmalı, sağlamlığımıza ziyan vurucu alışqanlıqlardan uzaqlaşırmalıyıq.",health,4
488,,Sağalmalılıq bizim üçün ən böyük nemətdir. Bizim sağalmalılığımıza diqqət etməli və ona çalışmalıyık.,health,4
489,,"Nano texnologiyalar, materiallarının strukturunu dəyişmək yolu ilə onların xassələrini dəyişdirilməsinə imkan verir. Nano texnologiyaların köməyi ilə yeni materiallar yaradılmış olur.",science/technology,0
490,,"Görüşmələrə görə, futbolçular arasında ən yaxşı transfer müqaviləsi İngiltərənin ""Mançester Yunayted"" klubuna imzalanmışdır.",sports,3
491,,"Yaşıdlı səyahət agentliyi ilə əlaqə saxlayıb, onlara sizin arzularınızı söyləyib, onlar sizin ideal səyahətinizi planlaşdıra biləcəkdir.",travel,1
492,,"Xəstəliyinin diaqnozu qoyulduqdan sonra ona lazım olan müalicəni alaraq, xəstənin sağlamlaşmasına kömək etmək mümkün olur.",health,4
493,,Azərbaycan Prezidentinin son çıxışı siyasətdə mövcud durumun yenidən qiymətləndirilməsinə yönəldilmişdir.,politics,2
494,,Velosiped yarışı Azərbaycanda böyük populyarlığa malikdir və ölkənin idmançıları dünya miqyaslı yarışlarda uğurlar əldə etmişlər.,sports,3
495,,"Sağlamlığın qiymətinin artıq olmağına baxmayaraq, bizim sağalmamız üçün ən vacib faktorlarımızdan biri dərmandır.",health,4
496,,"Azərbaycan Respublikasının Mədəniyyət Nazirliyi ötən ilki ""İlin müğənnisi"" nominasiyasında laureat olmuş müğənni Aygün Bəylərin yeni albomunu buraxıb.",entertainment,5
497,,"kimlərimiz bizə bunu demişdir: ""İnsanın sağlamlığı ona aid deyil, onu saxlamağa çalışmalıyık"". Bu sözlerin doğruluğunu bütün dünyadan insanlar bilir.",health,4
498,,"Afrikanın ən böyük ölkəsi Alžír olmaqla, onun əraziləri Atlas dağlarına qədər uzanan Sahara səhrasını əhatə edir.",geography,6
499,,"Televiziya kanallarında yayımlanan seriallar insanların həyatında xüsusi yeri tutur. Onlar bizim gündəlik həyatımızı daha da zəngin edirlər. Bəzi seriallar isə insanlarda hisslər oyadır, ağlağa və sevincə səbəb olur.",entertainment,5
500,,"kənin coğrafi mövqeyi onu Avropa və Asiyanın kəsişkəsində yerləşməsinə imkan verir, bunun sayəsində ölkənin iqtisadi və siyasi əhəmiyyəti artırır.",geography,6
501,,"Türkiyənin cənubunda yerləşən Antalya şəhəri möhtəşəm dağlar, uzun sahil xəttinə malik, tarixi abidələri ilə tanınır. Turizm sahəsinin inkişafına görə burada çoxlu otel və restoranlar tikilib.",travel,1
502,,"Dünyanın ən böyük gölünün hövzəsinə malik olan Xəzər dənizi, həmçinin dünyanın ən büyük duzlusu hesab olunur.",geography,6
503,,"Avropa ölkələrində səyahət edərkən, siz dünyanın ən möhtəşəm şəhərlərindən biri olan Parisdə olacaqsınız. Bu şəhərdə Eiffel qülləsinə çıxıb, Luver muzeyi ziyarət edə bilərsiniz.",travel,1
504,,"Gündoğudu Avropanın ən qoca şəhəri hesab edilən Plovdivdə olmaqdan sonra, sizin üçün dahi xoş bir sürpriz ola bilər.",travel,1
505,,"obal istilərin artması dünyanın coğrafiyasını dəyişməkdədir: buzlaqlar əridilməkdə, dəniz səviyyəsi yüksəlməkdə, iqlim zonasının genişlənməsində.",geography,6
506,,"Azərbaycan milli futbol komandası, Dünya Kubokunun seleksiya mərhələsinin ilk matçında İsveçrə millisinə qarşı oyun keçirib",sports,3
507,,"Enerji çevrilməsi, bir enerjisinin başqa formasına çevrilməsidir",science/technology,0
508,,İnsanın orqanizmindəki bütün sistemlərin normal fəaliyyətinin pozulmasıyla bağlı olan xəstəliklərin sayı artıb.,health,4
509,,Kompüter proqramlaşdırmasının əsasını təşkil edən algoritmlər həmin zamanda insan düşüncəsinin modelləşdirilməsi üçün də istifadə edilir.,science/technology,0
510,,"Tibbi elmdəki sonrakı nailiyyətlər sayəsində bir çox xəstəliklər müalicə olunur, insanlar daha uzunömürlü ola bilir.",health,4
511,,"Yeni il gecəsi bütün dünyaya yayılan musiqili şounun aparıcısı, dünya şöhrətli müğənni Con Mayer olmağa razılıq verdi.",entertainment,5
512,,"Yazı Olimpiadasında Azərbaycan idmançıları beş medal qazandıraraq, ölkənin adını dünyada tanıtmış oldular.",sports,3
513,,Xəstəliklərə qarşı mübarizə aparmaq üçün ictimai săhiyyənin möhkəmləndirilməsi lazımdır.,health,4
514,,Ümumdünya Sülhmünasibətnamə Təşkilatının yaradılması dünya siyasətində əsaslı dönüş yaratdı.,politics,2
515,,Siyasətçilər arasındakı danışıqlar nəticəsində hökumət koalisiyası formalaşdırıldı.,politics,2
516,,İdmançımızın qazandığı nailiyyətin ardından prezidentimiz onu təbrik etmiş və idmana verdiyi töhfələrə görə minnətdarlığını bildirmişdi.,sports,3
517,,Qlobal istiləşmənin təsiri altında buzlaqların əriməsi öz növbəsində dünyadakı su səviyyəsinin qalxdığını göstərir.,geography,6
518,,"Lazer şüası, elektromaqnit spektrinin görünməz hissəsinə aid olur və onu özündə cəmləşdirir.",science/technology,0
519,,Gürcüstana aid olan boručay vadisi dünyada ən dərin çay vadisidir və burada hava temperatura -50°C-ya qədər düşür.,geography,6
520,,Bütün dünya üzrə tanınmış musiqiçi Lady Gaga yeni albomunu buraxdı. Onun fansları uzun zamandır bu günü gözləyirdilər. Alboma daxil olan mahnıların sayı 12-dir.,entertainment,5
521,,"vəlcə sağlam olmağın vacibliyi barədə düşünmürdük. Ancaq yaşımız artıb, Sağlamlığımıza diqqət etməyimiz lazım oldu.",health,4
522,,Dünyanın ən sâuqli yeri Filipinin Luzon adasında yerləşən Mayon Vulkanıdır və onun hündürlüyü 2460 metrdir.,geography,6
523,,Siyasətçi Fransua Miterrand Fransa prezidenti seçildi və onunla birlikdə sosialistlər hakimiyyətə gəldilər.,politics,2
524,,"Dövlət başçısı siyasi kursunu dəyişdirərkən, xarici siyasətdə də ciddi dəyişikliklər olur.",politics,2
525,,"Azərbaycan kino sənayesi bir neçə ildən sonra yenidən canlanmağa başlayıb. Bu, xüsusən də milli kinematoqrafiyanın inkişafındadır.",entertainment,5
526,,Telekanalın yeni layihəsi çərçivəsində gənclər arasında populyarlıq qazanan musiqi yarışması təşkil olunacaq.,entertainment,5
527,,"Avropa ölkələrində səyahət edən zaman özünüzlə birlikdə aparmağa çalışdığınız şeylərin siyahısını götürməyin vacib olduğunu unutmayın. Çünki, sizin üçün ən vacib olan şeylər sizə lazım olmayacaqdır.",travel,1
528,,"Həkimlərin tövsiyələrinə əməl edilməklə, sağlam həyat tərzinin saxlanılması mümkün olur.",health,4
529,,"Filmlərin yaranması, aktyorların oynadığı rollardan sonra onların adını tanıyan kinematoqrafiya sənətidir.",entertainment,5
530,,Tennisçi Rafael Nadal ATP sıralamasında ilk pilləni tutdu və dünyada ən yaxşı tennisçi oldu.,sports,3
531,,"Amerikalı atlet Mikael Felps, Olimpiya oyunlarında rekord sayda medal qazanan ilk kişi olmuşdur - onun karyerasında ümumi 28 medal var.",sports,3
532,,"Lazer şüası, ümumiyyətlə, optik diapazonunda çalışır və onun intensivliyi böyük ölçüdə artırılırsa, maddənin kimyəvi bağlarını dağıdacaq gücə malik olur.",science/technology,0
533,,"Kino teatrı özünün yaranmasına 100 ildən artıq idi ki, kinematoqrafın bütün dünyada yayılması prosesi başladı. Bu günümüzə kino sənayesinin dünyadakı ən güclü sənaye sahələrindən biri olduğunu görməkdir.",entertainment,5
534,,"Avropa ölkələrinə səyahət etdikdə, siz özünüzə aid olmayan şeyi almağı unutmayın. Çünki, bundan sonra onu geri qaytarmağınız mümkün olmayacaqdır.",travel,1
535,,"Avropa şəhərlərində ictimai nəqliyyat vasitələrinin çoxluğundan ötəri, onların istifadə edilməsinə üstünlük vermək lazımdır.",travel,1
536,,"Amerikan siyasətçisi Con Makkeyn, ABŞ-nin XİN-dəki mövqeini gücləndirmək üçün diplomatik səylər göstərir.",politics,2
537,,"Lazer şüası, fotonların sıxlığı və dalğasının tezliyi ilə xarakterizə olunur və buna görə də onu optika elmində tədqiq etmək mümkün olur.",science/technology,0
538,,Dünyanın müxtəlif ölkələrində demokratiya prinsipləri əsasında siyasi sistemlər yaradılmışdır.,politics,2
539,,Afrika qitəsində yerləşən V Viktoria şəlaləsi dünyadakı ən böyük şəlalə hesab olunur və Zimbabve və Zambezi çaylarının arasında yerləşir.,geography,6
540,,Beynəlxalq festivalda iştirak edənlər arasında azərbaycanlı müğənnilər də vardı...,entertainment,5
541,,"Azərbaycan Respublikası Şərqdə Xəzər dənizinə, şimalda Rusiyaya, şimal-qərbdə Gürcüstana, qərbdə Ermənistana, cənuba İran İslam Respublikasına sınırdaşdır.",geography,6
542,,"İnformatika elminin əhəmiyyəti, insanın həyatına təsir göstərməkdə və yeni texnologiyaların yaratılmasında böyükdür.",science/technology,0
543,,"Rusiya hökuməti, Ukraynanın doğusunda separatçı bölgələrin yaradılmasını dəstəkləməkdə ittiham olunur.",politics,2
544,,Ürək-damar xəstəlikləri insanların ölümünün ən səbəbləridir və bütün dünyada yayılıb.,health,4
545,,"İkinci Dünya Müharibəsinin sonunda ABŞ-da yaranmış ilk rok-n-roll janrı, dünyada milyonlarla insanın ruhunu oxşadır.",entertainment,5
546,,Amerikanın İran İslam Respublikasına qarşı siyasi-iqtisadi sanksiyalarına cavab olaraq İran hökuməti ABŞ-a aid olan aktivləri dondurdu.,politics,2
547,,"Əyləncəli proqramlarımızdan biri də ""Komediya Akademiyası""dır, hansıkı bütün izləyiciləri gülməyə vadarır.",entertainment,5
548,,İqtisadi böhrandan çıxış yolu tapmaq üçün hökumət yeni siyasətini açıqladı.,politics,2
549,,Azərbaycan Milli Şurasının yaranması milli-azadlıq hərəkatında dönüm nöqtəsi hesab olunur.,politics,2
550,,nubi Amerika qitəsində And dağ sırasını özündə birləşdirən Çili Respublikasının sahili Sakit Okeana çıxır.,geography,6
551,,"Əvvəlcə bütün dünyada yayılmış infeksiyalardan biri olan grip, hazırda da mövcuddur və insanların sağlamlığına ciddi təhdidlər yaradır.",health,4
552,,Dünyanın aparıcı dövlətləri arasında diplomatik əlaqələrin möhkəmlənməsi siyasətdə yenilik yaradır.,politics,2
553,,Əhalinin sağlam saxlanmasına kömək etmək üçün dövlətin bütün strukturlarının birlikdə fəaliyyət gosterməsi lazımdır. Xalqa sağlam həyat tərzini yaratmağa çalışmalıdır.,health,4
554,,Azərbaycan güləşi üzrə Avropa çempionatında ölkəimizi təmsil edən idmançılarımız arasında ən çox medal qazanan Məmmədyarov olmuşdur.,sports,3
555,,obal istiləşmənin təsiri altında Antarktik buzlağındakıbuzun kütləsi azalmağa başlayıb.,geography,6
556,,"Lazer şüalandırma, elektromaqnit sahəsinin özümlük təkrarı ilə əldə edilən bir şüalandırmadır. Lazer şüalandırmasının əhəmiyyəti onun intensivliyinin və monoxromatikliyinin yüksək olmasına əsasdır.",science/technology,0
557,,Azərbaycan Respublikasında siyasi partiyaların rolu ictimai-siyasi həyatımızda çox vacibdir. Onların sayəsində cəmiyyətdə mövcud olan problemlər həll olunur və siyasətin yenidən qurulması mümkün olur.,politics,2
558,,"Nano texnologiya, materialların xüsusiyyətlərinin yenidən konfiqurasiyasına imkan verməklə, insanlığa yeni fürsətlər açır. Bu texnologiyanın köməyi ilə, müxtəlif sahələrdə innovativ çıxarlar yarana bilir.",science/technology,0
559,,"Gözəl memarlığı, rəngarəng dükanları və restoranlarıyla məşhur olan bu şəhər, səyahətçiləri özünə cəlb edir. Burada istənilən şeyi tapmaq mümkün olur.",travel,1
560,,Rusiya Federasiyasının Xarici İşlər Naziri Sergey Lavrov Ukraynanın prezidenti Vladimir Zelenski ilə görüşüb.,politics,2
561,,Qərbi Şotlandiyanın sahilboyunda yerləşən Hebrid adalarında 50-dən çox ada var.,geography,6
562,,Azərbaycan Xalq Cümhuriyyətinin yaradılması dövründə siyasi partiyalar arasında mövcud olan fikir ayrılıqları onu zəifləmişdir.,politics,2
563,,ci ildə Londonda keçirilən Yay Olimpiadasında boks üzrə yarışmalar zamanı Ukraynalı bokscunun qələbəsi ilə sona çatmışdır.,sports,3
564,,"Peşəkar tennisçi Rafael Nadal, ATP sıralamasındakı ilk pillədə dayanır.",sports,3
565,,bbdə yeniliklər mövcudur. Yeniliklərdən biri də kök hücresi terapiyasıdır. Kök hücresi terapiyasının əsasında xəstəliklərin müalicəsidir.,health,4
566,,"Biotecknologiyanın yardımıyla insan həyatına təhlükəsizlik gətirilməlidir, çünki onun köməyilə xəstəliklərin müalicəsi tapılır və insanların Sağlamlığı qorunmağa çalışılır.",science/technology,0
567,,"Tennisçi Rafael Nadalın yenilgisi sona çatdı - o, Avstraliya Açılış Çempionatında iştirakdan imtina etdi.",sports,3
568,,Avropa İttifaqı Şurasının sədr müavinəsi Josef Borrell AB-nin Çinin insan haqları siyahısına dair çıxış etdi.,politics,2
569,,"Azərbaycan Xalq Cümhuriyyətinin yaradıldığı günlərdən etibarən siyasi partiyalar arasında mövcud olmuş mübarizənin tədqiqi, ölkədə demokratiya yolunun açılması üçündür.",politics,2
570,,"Avropa qitəsinin şimal-qərbində yerləşən Böyük Britaniya adasında İngiltərə, Şotlandiya, Uels və Şimali İrlandiya dövlətləri yerləşir.",geography,6
571,,ci il Londonda keçirilmiş Yay Olimpiadasında Azərbaycan Milli Olimpiya Komitəsinin heyəti altı medal qazandı.,sports,3
572,,"Kompüteri idarə edən əsas prinsip onun içindəki mikroprosessorudur, hansıkı bütün əmrleri icra edib, proqramları çalışdırır.",science/technology,0
573,,Bu ilki dəfə Azərbaycanda keçirilən Beynəlxalq Qızıl Qala Atletika Turniri çox maraqdarlar topladı.,sports,3
574,,Asiyada yerləşən Çin dünyada ən çox əhalisi olan ölkə hesab olunur və dünyanın ikinci iqtisadi gücüdür.,geography,6
575,,"Meksikanlı boksçu, dünya çempionluğunu qorumağa çalışarkən yenidən ağır xəsarət aldı.",sports,3
576,,Ən böyük idman hadisəsi sayılan Olimpiya Oyunlarına yalnız beş ay qalmışdı və hazırkı dövrdə önümüzdeki Olimpiadanın ətraflı planlaşdırılması gedirdi.,sports,3
577,,"Ədalət Partiyası, 1992-ci ildə yaradılmış Milli Şura tərəfindən idarə edilirdi və prezident seçkilərində iştirak edib.",politics,2
578,,Görüşlü atletizm üzrə dünya rekordunu yeniləyən azərbaycanlı idmançı Ramil Quliyevin uğurları onun müxtəlif beynəlxalq yarışlarda iştirakını təmin etdi.,sports,3
579,,Bütün dünyada insanların sağlamlığının qorunması üçün çalışmalara başlanılıb və bu sahədəki nailiyyətlərimiz böyük əhəmiyyət kəsb edir.,health,4
580,,"vəlcə milli komandalarda, sonra isə klublarda oynayan idmançılar arasında əlaqənin olmaması diqqəti cəlb edir.",sports,3
581,,"mançılarımız dünya miqyaslı yarışlarda müxtəlif medallar qazandılar, bununla yanaşı, onlar milli idmanda da böyük uğurlar əldə etdilər.",sports,3
582,,Türkiyənin İstanbul şəhərində keçirilən Beynəlxalq Atletika Çempionatına Azərbaycan atletləri dəvət olunmuşdur.,sports,3
583,,"Xəzinələrimizi bütövlükdə almağa çalışırıq. Amma səyahət zamanı bizə lazım olmayan şeyləri satın almamağın mümkünsüz olduğunu düşünürük. Demək olar ki, bizim üçün ən vacib şey – özümüzün rahatlığıdır.",travel,1
584,,Azərbaycan Prezidentinin hakimiyyətdə olduğu dövrdə siyasi partiyalar arasında uğurlu danışıqlar aparıldı.,politics,2
585,,"Güc idman növlərinin biri olan güləş, Azərbaycanda olduqca populyardır.",sports,3
586,,"nyanın ən böyük tennis kortlarından biri sayılan ""Roland-Qarros""nun yarışı bir aydan artıqdır ki, start götürür.",sports,3
587,,"Ümumdünya Sülhməramlıq Təşkilatının rəhbərliyi altında dünya liderləri arasında danışıqlar aparılır, amma heç bir razılıq əldə olunmur.",politics,2
588,,"Xaricə səyahət etdikdə bizim üçün ən vacib şeylərdən biri sağlam olmaqdır. Sağlam olmadıqda, bizim səyahətimiz pozula bilər.",travel,1
589,,Sağlamlığınız üçün faydalı olan yeməkləri seçməkdən imtina etmeyin. Qidalılığın aşağı olması sizin sağlamlığınıza ziyan vurur.,health,4
590,,"Azərbaycan kino sənayesi dünyada tanınmışdı, lakin son illərdə özünü yenidən yaratmadı.",entertainment,5
591,,"Radioaktivlik hadisəsi, radioaktiv maddənin parçalanması zamanı baş verdiyi bir prosesdir.",science/technology,0
592,,"Səyahətdə ən vacib şey sizin özünüzdür. Çünki, siz hansı yerə getsəniz belə, oraya çatana qədər özünüzü götürməlisiniz.",travel,1
593,,Azərbaycan Respublikası Şərqdə Xəzər dənizinə çıxışı olan ölkədir.,geography,6
594,,Dünyada ən geniş yayılmış xəstəliklərdən birinin şəkər xəstəliyi olması və bunun insanın bütün orqanlarına təsir etməsi bizi narahat etməlidir.,health,4
595,,"İdman yarışmaları, futbol maçları, basketbol oyunları kimi idmani hadisələr insanların əyləncəlilərini artırıb, onlara enerji verir.",entertainment,5
596,,"zər dənizi dünyada ən böyük yarımküp sahilə malik olan hövzədir, onun sahili Azərbaycandan başqa, Rusiya, İran, Türkmənistan və Qazaxıstanda yerləşir.",geography,6
597,,rika qitəsinin şimal-qərbində yerləşən Marokko Krallığı özünün rəngarəng coğrafiyası ilə tanınır.,geography,6
598,,Gəmiylə səyahət edərkən siz dənizin üzərindən bir neçə saat yol gedə bilirsiniz. Dəniz yolu ilə səyahət etmək çox rahat və romantikdir.,travel,1
599,,"Əyləncəli səyahətimizin başlanğıcıdır, sizlər bizi izləyəcəksiniz...",entertainment,5
600,,Yerin kürəsinin 71%-i su ilə örtülüdür və bunun 97%-i duzlusudur.,geography,6
601,,"Əvvəlcə sağalmalı olduğumuzü düşünmürük, amma sonra xəstə olduqda onu yenidən əldə etmək mümkün deyil. Buna görə də sağalmalılığa diqqət etməliyik.",health,4
602,,"Astronomiya,宇宙 obyektlərinin, onların hərəkətinin və evolusiya proseslərinin öyrənilməsi ilə məşğuldur. Astronomiyanın əsas bölmələri: Günəş sistemi astronomiyası, ulduzlarda astronomiya, галактика astronomiyasından ibarətdir.",science/technology,0
603,,"Avropa ölkələrinin əksəriyyətində yol gedərkən sizə müxtəlif variantlar təklif olunur: puletiket almaq, turistik marşrutlara çıxmaq, lokal nəqliyyatı istifadə etmək və s.",travel,1
604,,Əhalisi 10 milyon nəfərdən artıq olan Tunis Afrikada yerləşən bir ölkədir və onun paytaxtı Tunis şəhəridir.,geography,6
605,,Gənc atletlərin mübarizə aparmağına imkan yaradılan yeni sistem sayəsində onlar artıq mundialda iştirak edə bilir.,sports,3
606,,"nyanın ən böyük şəhərlərindən biri olan Tokio Yaponiyanın paytaxtıdır və Asiyanın siyasi, iqtisadi və mədəni mərkəzlərindəndir.",geography,6
607,,Xəstəliklərin əmələ gəlməsinə səbəb olan mikrobların öldürülməsi üçün antibakterial preparatların tətbiqi vacibdir.,health,4
608,,"Xüsusi olaraq, süni intellekt sisteminə giriş hesabına sistemlərarası qarşılıqlı əlaqənin mövcud olması vacibdir.",science/technology,0
609,,Təhlükəsiz həyat tərzinin saxlanılmasında ən önəmlilərindən biri də Sağlam qidalanmadır.,health,4
610,,"Elektromaqnit sahəsi elektromaqnit dalğaları vasitəsilə mövcud olan elektrik və maqnitisizm hadisəsidir və onun köməyi ilə radio dalğaları, televiziya siqnalları və başqa tipli elektromaqnit radiasiyası ötürülür.",science/technology,0
611,,"Azərbaycan Xalq Cümhuriyyətinin yaradıldığı günü, milli azadlıq gününü Azərbaycanda rəsmi bayram kimi qeyd olunur.",politics,2
612,,"Elektromaqnit spektrinin görünüşlü hissəsi olaraq lazer şüalanmaya aid edilir, hansı ki, elektromaqnit dalğalarının spesifik tezlik və uzunluğunda olur.",science/technology,0
613,,İkinci Dünya Müharibəsindən sonra Azərbaycan Sovet Sosialist Respublikası SSRİ-nin tərkib hissəsinə çevrildi və bütün siyasi hakimiyyət kommunist partiyanın əlinə keçdi.,politics,2
614,,"Yeni açılmış Diskoteka klubunda gecələr özünü büruzə verməyi xoşlayır. Burada bütün gecə rəqs etmək mümkün olmaqla yanaşı, müxtəlif musiqi janrlarına da rast gəlinir.",entertainment,5
615,,Saglamliq üçün ən böyük təhlükələrdən biri də antibiotiklərə qarşı davamlı olmaqdır.,health,4
616,,"Qış mövsümündə dağlarda səyahət edərkən, xüsusi diqqət yetirmək lazımdır, çünki bu zaman hava şərtləri çox ağır ola bilir.",travel,1
617,,"Elektromaqnit sahəsi, elektrik cərəyanı ilə maqnit sahəsinin qarşılıqlı təsiri nəticəsində yaranır və buna görə də elektromaqnit induksiya hadisəsi baş verir.",science/technology,0
618,,"Eyni zamanda, ölkənin iqlim şəraitinin müxtəlifliyi bitki örtüyünün rəngarəng olmasına imkan verir.",geography,6
619,,siqi insanın ruhuna təsir edə bilir. Müğənnilər böyük auditoriyanı cəlb etmək üçün çalğı alətlərindən istifadə edirlər. Musiqi festivalaları da ən populyar əyləncə formalarından biridir.,entertainment,5
620,,Xarici siyasətdə Azərbaycan dövlətinin mövcudluğu regional stabilliyinin əsas amilli olur.,politics,2
621,,"Futbolçu Zlatan İbrahimoviç, İtaliyanın AC Milan klubuna qayıtmışdır - onunla yanaşı, İsveç milli komandasındada oynamağa davam edəcəkdir.",sports,3
622,,"Ümumiyyətlə, radioaktivlik, radioaktiv parçalanmanın hasilidir və buna görə də Materiya özünün stabil vəziyyətinə çevrilməkdən sonra yenidən özünü bərpa edir.",science/technology,0
623,,"Dünyanın ən böyük marafonlarından biri sayılan Nyu-York marafonu, noyabr ayında keçiriləcəkdir.",sports,3
624,,Musiqili komediya janrı 19-cu əsrin ortalarında Avropada yaranıb və bu günkü günümüzədək populyarlığını saxlayıb.,entertainment,5
625,,nyanın ən böyük gölü olan Xəzərin sahəsi 371000 kvadrat kilometrdən artıqdır.,geography,6
626,,"Kompüter elmi, informatika və hesablama texnikasının əsasında durur və onun köməyi ilə insanlara lazım olan məlumatları almağa imkan verir.",science/technology,0
627,,"Dünyanın ən böyük ada sayılan Qrenlandiyanın sahəsi 2,166 milyon kvadrat kilometrdır və bütün dünyada ən az sıxlığa malik ərazilərdəndir.",geography,6
628,,"Ümumdünya Çempionatında idmançılarımızdan biri finala çıxıb, orada dünyanın ən güclü idmançıları ilə mübarizə apardı.",sports,3
629,,Xəstəliklərin profilaktikası üçün ən əsas şey bizim sağlamlığımıza diqqət etməkdir.,health,4
630,,"İctimaiyyət arasında kino festivalı böyük maraq dairəsinə malikdir. Burada ayrı-ayrı janrlardan olan filmlər göstərilir, kinorejissorların yaradıcılığını qiymətləndirirlər.",entertainment,5
631,,Azərbaycan güləşi üzrə milli komandası Türkiyənin Ankara şəhərində keçirilən beynəlxalq turnirdə 5 medal qazandı.,sports,3
632,,"İspaniyanın şimal-qərbində yerləşən Pireney yarımadasında mövcud olanBarselona şəhərinin əhalisi 1,5 milyon insanlardır.",geography,6
633,,"manda liderininə görə, onlar ölkə çempionatının ən yaxşı komandası sayılırdılar, lakin onların mövsüm sonu turnirindəki uğursuzluğu onları ikinci pilləyə endirdi.",sports,3
634,,Azərbaycan prezidentinin siyasi kursunu dəstəkləmək üçün Azərbaycan Xalq Cəbhəsi təşkilatçılarının sayı 10 min nəfərə çatdırıb.,politics,2
635,,"Siyasətçilərimizin əksəriyyəti hakimiyyəti ələ_keçirmək üçün müxtəlif üsullardan istifadə edirlər. Lakin, onlar bunu edərkən xalqımızın maraqlarını unutduqlarını unutmamalıdırlar.",politics,2
636,,Avropa İttifaqı ilə Azərbaycan arasında assosiasiya sazişi imzalandı.,politics,2
637,,"Xizək və snoubordla dağlara yola düşürük, qışı özümüzə daha da cazibədar edirlər.",entertainment,5
638,,"Prezident Seçki Komissiyasının verdiyi məlumata görə, prezident seçkilərində iştirak edən namizədlərin sayı 15-ə çatdırıb.",politics,2
639,,Qlobal istilərin artımı dünyanın coğrafiyasını ciddi surətdə dəyişməkdədir.,geography,6
640,,"Xüsusi ilə işğal edilmiş sahildən başlayan səyahətimiz sonradan dağlığa qədər uzanacaqdır. Beləliklə, bizim üçün bu səyahətdə iştirak etmək imkanı doğulur.",travel,1
641,,"Məşhur tennisçimiz Şahin Məmmədyarov, Avstraliyan Open çempionatında iştirak etmişdir",sports,3
642,,"Azərbaycan Demokrat Firqəsi, 1918-ci ildə yaradılmış ilk demokratik partiya idi və onun proqramında milli azadlıq, demokratiya və insan hüquqlarının müdafiəsi yer almışdır.",politics,2
643,,İran İslam Respublikası ilə diplomatik əlaqələrimizin yenidən qurulmasının 30 illiyi tamamlandı.,politics,2
644,,Azərbaycan Xalq Cümhuriyyəti dövründə milli şura yaradıldı və parlament seçkiləri keçirildi.,politics,2
645,,Filmlərin çəkilişi zamanı aktyorların bütün emosionalarını ifadə etməsinə imkan verən yüksək texnologiya sayəsində kino sənayesi çox irəliləmişdir.,entertainment,5
646,,Telekanalda yayımlanan musiqili verilişlər insanların ruhunu oyadır. Bu proqramlarda çıxış edən ifaçılar özünün peşəkarlığına görə tanınmışdırlar.,entertainment,5
647,,"Siz də bilirsiniz ki, sağalmaz xəstəliklərə yoluxmuş şəxs üçün peşəkar Tibb Məktəbinin köməyi lazımdır.",health,4
648,,"Avropa ölkələrinə səyahət edən zaman yerli əhalinin dilini bilmək lazımdır. İngilis dilini bilirsinizsə, demək olar ki, bütün Avropanı gəzmək mümkün ola bilər.",travel,1
649,,"Muzeylər, teatrlar, koncert zalı - bütün bunlar bizim mədəni irsimizin ayrı-ayrı elementləridir, onlar bizim üçün əyləncə və maariflənmə mənbəyi rolunu oynayırlar.",entertainment,5
650,,Beynəlxalq Musiqi Festivalında çıxış etmiş müğənnilər arasında world starların adını çəkmək olar. Bu festival dünyanın ayrı-ayrı guşələrindən gəlmiş ifaçılarının toplandığı yerdir.,entertainment,5
651,,"Siyasətçi Nikol Paşinyanı hakimiyyətə göndərməkdə ittiham olunur, lakin onun hökmranlığa namizədləri arasında yer aldığı iddia edilir.",politics,2
652,,"Təbiətin gözəl mənzərələri, zəngin fauna və florası ilə yanaşı, burası həm də tarixi abidələri ilə tanınmışdır. Bütün bunlar səyahətçiləri valeh etmək üçündür.",travel,1
653,,Günün istənilən vaxtı başqa şəhərə gedə bilirsiniz. Xüsusi olaraq sabahısı günə qədər gecədən yola düşdülər. Həmin axşam sizi özünüzdə hiss etdiyinizi unutmayın.,travel,1
654,,"Həkimlərin fikricə, Sağlamlığımızın qorunub saxlanılması bizim əlinizdədir. Bizim sağlamlığımız üçün ən böyük təhlükəsizliklərimiz bizə özümüzü qorusaq.",health,4
655,,"Səyahət zamanı sizə lazım olan şeyləri paketə salmağı unutmaya bilməzsiniz. Yalnız sizin üçün lazımlı şeyləri seçilib, onları öz paketinə qoymaqdan sonra yola düşməlisiniz.",travel,1
656,,Dünyada xəstəliklərlə mübarizə aparan insanlar vardır. Onlar bizim üçün çalışır və bizə sağamlıq gətirirlər.,health,4
657,,"Kompüter proqramları, əlavə olaraq, süni intellekt sistemləri vasitəsilə insanların düşüncəsinə uyğun olaraq özünü düzəltməyi bacarırlar.",science/technology,0
658,,Ölkənin siyasi sabitliyi onun iqtisadi inkişaflı ilə bağlıdır və buna görə də hökumət iqtisadi islahatların həyata keçirilməsinə diqqət yetirir.,politics,2
659,,Dünyanın müxtəlif bölgələrində yayılan xəstəliklərə qarşı mübarizə aparmaq üçün Ümumi Sağlamalıq Təşkilatı fəal çalışır.,health,4
660,,Səyahət zamanı ən vacib şeylərdən biri də yerli əhalinin mədəniyyətinə hörmətdir. Onlar sizə öz evlərindəki qonaqpərvərlikləri ilə yanaşırlar.,travel,1
661,,"Yaşadığımız planetdə səyahət edə bilmədiklərimizi düşünürük ki, bizim yaşamağımıza icazə verilmişdir və biz bunu başqa cür edə bilmərik.",travel,1
662,,"Sağalmaz xəstəliklərə yoluxmuş insanların sayı getdikçə artır, ona görə də onların reabilitasiyasına diqqət yetirməkdir.",health,4
663,,"Azərbaycan Respublikasının coğrafi mövqeysi Avropa və Asiyanın kəsişkəsindədir və ölkənin iqtisadi, siyasi və mədəni inkişafına ciddi təsir göstərir.",geography,6
664,,Türkiyənin cənubunda yerləşən Antaliya vilayətinin sahilboyunu üzrə uzanan dağ silsiləsinin zirvələrindən enişlər çox gözəldir.,travel,1
665,,"Bizim üçün səyahət etmək deməkdir ki, biz dünyaya yenidən baxırıq və onun müxtəlif guşələrini kəşf edirik. Həyatımızda bundan sonra yaşanacaq hadisələr üçün yer ayırırıq.",travel,1
666,,"Kompyuter proqramları həyatımızda daha böyük rol oynamağa başlayıb, bizim gündəlik həyatımızı asanlaşdırıb, biznesimizi irəli aparıb və elmimizə kömək edib.",science/technology,0
667,,Telekanalla yayımlanan verilişimiz sizin üçün nə sevdiyinizi tapacaqmı?,entertainment,5
668,,İctimai-siyasi həyatımızda müxtəlif hadisələr baş verir və bunların hamısı bizi maraqlandırır.,politics,2
669,,İnsanın sağlamlığı üçün ən vacib amillərdən biri də uyğun yeməkdir.,health,4
670,,"Ümumiyyətlə, insulin çatmamazlığı diabet adlı xəstəliyin meydana çıxmasına səbəb olur.",health,4
671,,"Kompüter proqramları həyatımızda böyük rol oynayır və biz onlara daha çox güvənməyə başlayırıq. Onlar bizim üçün çox şey edirlər - hesabat aparırlar, məlumat saxlayırlar, kommunikasiya vasitəsi olurlar.",science/technology,0
672,,Azərbaycan Xalq Cümhuriyyəti dövründə siyasi partiyaların mövcudluğu və onların fəaliyyəti respublika tarixinin ən vacib məqamlarından hesab olunur.,politics,2
673,,Televizyon kanallarındakı əyləncəli verilişlər insanların boş vaxtı doldurur. Onlar bizim günümüzdə əyləncənin əsas vasitələridir.,entertainment,5
674,,Xarici siyasət sahəsində Azərbaycan hökuməti diplomatik yanaşmanı genişləndirdi.,politics,2
675,,Kinoteatrda filmimizi izləyərkən sizinlə yana olmağa çalışırıq...,entertainment,5
676,,Azərbaycanın paytaxtı Bakıda səyahət edərkən onun zəngin tarixinə tanış ola bilərsiniz. Şəhərin mərkəzi hissəsində yerləşən Fountains Square adlı meydança özünün gözəlliyi ilə diqqəti cəlb edir.,travel,1
677,,"Kino və teatr sənətkarlarının yaratdığı obrazlar bizi güldürüb, ağladıb və bizə xoş ruhlu hisslər yaşadır.",entertainment,5
678,,"Bəzi filmlər sizin diqqətinizi cəlb edir və unutduqlarınızı xatırladır. Beləliklə, kinematoqrafiya bizim həyatımızda mühim rol oynayır. Filmlər bizi düşünməyə, hisslənməyə və ağlamağa sövq edir.",entertainment,5
679,,"İnsanın immun sistemi onun sağlamlığına böyük təsir edir, ona görə də immun sisteminin gücləndirilməsinə diqqət yetirmək lazımdır.",health,4
680,,"Əyləncəli oyunlar, xüsusi ilə də kompüter oyunları, insanların boş vaxtı doldurur və onlar üçün əyləncə mənbəyi hesab edilir.",entertainment,5
681,,"Avropa ölkələrində turizm inkişaf etdikcə, Avropanın müxtəlif yerlərində yeni marşrutlar açılır və buraya gələn turist sayı artirmağa başlayır.",travel,1
682,,Ümumdünya güləş чемпионatı Çexiyanın Praqa şəhərində keçirilmişdir. Bu yarışda Azərbaycan Milli Güləş Federasiyasının idmançıları 3 medal qazanmışlar.,sports,3
683,,"Yazda isti hökmranlığını qoruyan Arktika regionunda səyahət edərkən, siz buzlardan ibarət sahili, ağ ayılara rast gəlinəcəksiniz.",travel,1
684,,"Görkünür ki, idmançılar arasında qadınların sayı get-gedə artmağa başlayıb, buna görə də onlar üçün xüsusi proqramlar yaradılmışdır.",sports,3
