,Unnamed: 0,text,intent,label
0,0.0,Gallair peiriannau chwyldro yn dod â manteision enfawr ir byd busnes.,science/technology,0
1,1.0,Maer robot hwn yn galluogi pobl ifanc i ddysgu am wybodaeth am electronig a chyfrifiadura.,science/technology,0
2,2.0,"Yn ôl ymchwiliad, maer gymuned gweithredol yn creu swyddfeydd newydd yn y sector technolegol.",science/technology,0
3,3.0,"Roedd y sbectolwg yn unfadedd iawn yn y 19fed ganrif, ond bellach mae hin rhan o fywyd pob dydd.",science/technology,0
4,4.0,"Yn ôl ystadegau, maer nifer o bobl syn defnyddior rhyngrwyd yn cynyddu bob blwyddyn.",science/technology,0
5,5.0,Roedd ymchwilydd yn astudior effeithiau or newidynnau hinsawl ar ecosystemau.,science/technology,0
6,6.0,Defnyddiodd y gwyddonyddion laseriau i greu map or bys.,science/technology,0
7,7.0,Maer peiriant hwn yn galluogi i ni ddarlledu sain a delwedd yn fyw.,science/technology,0
8,8.0,Byddair peiriant hwn yn galluogi i ni ddatrys problemau mathemategol cymhleth.,science/technology,0
9,9.0,"Yn ystod y Rhyfel Oer, cafodd y CIA eu hadnabod or Undeb Sofietetaidd drwy ddefnyddio llosgi codau.",science/technology,0
10,10.0,Byddem yn gwneud ymchwiliad ir posibilrwydd o ddefnyddio solar panels yn y cartref.,science/technology,0
11,11.0,Maer technoleg GPS yn galluogi i olrhain lleoliad unrhyw berson neu ddeuddy.,science/technology,0
12,12.0,Gwnaed y datgeliaeth enfawr hon yn 2019 pan welodd y gwyddonyddion olwg cyntaf ar y bylbiau duon.,science/technology,0
13,13.0,Maer peiriannau cymhleth yn galluogi i wneud pynciau yn gyflym a thwp.,science/technology,0
14,14.0,Gallair peiriannau meddalwedd yn helpu pobl i ddysgu ieithoedd newydd.,science/technology,0
15,15.0,Roedd ymchwilyddion yn astudior effeithiau o newid hinsawdd ar ecosystemau.,science/technology,0
16,16.0,"Yn ôl ystadegau, maer nifer o bobl syn defnyddior rhyngrwyd yn cynyddun flynyddol.",science/technology,0
17,17.0,Gallair dull hwn o drin dŵr achosi problemau iechyd yn y dyfodol.,science/technology,0
18,18.0,Maer peiriannau 3D printing yn galluogi i ni greu darnau cwmni yn gyflym a chefnogaethol.,science/technology,0
19,19.0,"Yn 1969, cafodd Neil Armstrong lanio ar y Lleuad yn y lleihad Apollo 11.",science/technology,0
20,20.0,Byddem yn creu pwerdy trydanol newydd yn ystod y 5 mlynedd nesaf.,science/technology,0
21,21.0,Maer robot hwn yn galluogi i ddilyn llinellau a chodiadau yn ôl ei wahoddiad.,science/technology,0
22,22.0,Gallair peiriannau chwyldro yn dod â manteision enfawr ir byd meddyginiaeth.,science/technology,0
23,23.0,Gallair peiriant MRI helpu i ddiagnosis cymhletheddau iechyd megis canser a strociau.,science/technology,0
24,24.0,"Maer gymdeithas wybodaeth yn datblygun gyflym, ac maer rhagolygon yn awr yn edrych yn well na byth.",science/technology,0
25,25.0,Gofynnodd y NASA am gymorth i ddatblyguu systemau gofod newydd.,science/technology,0
26,26.0,Maer peiriant GPS yn defnyddio system o satellites i roi lleoliad pendant i gerbydlau a cherbydlau.,science/technology,0
27,27.0,Maer robotiaid yn galluogi pobl ifanc i ddysgu am wybodaeth a thechnoleg yn well na byth.,science/technology,0
28,28.0,Maer cwmni technoleg yn datblygu systemau newydd i drin gwastraff.,science/technology,0
29,29.0,Gallair technoleg 5G fod yn perir ffordd rydym nin cyfathrebu yn gyflymach nar un byd.,science/technology,0
30,30.0,"Cafodd y peiriannydd enwog, Nikola Tesla, patent yn 1898 ar gyfer system trydanol AC.",science/technology,0
31,31.0,Cafodd y technoleg GPS ei lansio yn 1996 ac ers hynny mae hi wedi dod yn hanfodol i lawer o ddefaid.,science/technology,0
32,32.0,Maer peiriannau cyfrifiadurol yn galluogi pobl i gyfansoddi cerddoriaeth a chanu cân.,science/technology,0
33,33.0,Roedd ymchwilyddion yn astudior effeithiau o radiation ar organebau byw.,science/technology,0
34,34.0,Maer peiriannau bychain hyn yn galluogi i ni ddilyn patrymonaeth poblogaidd.,science/technology,0
35,35.0,Roedd y NASA yn ceisio achub y Byd or lleihad o wynt solar yn y 1960au.,science/technology,0
36,36.0,Fe wnaeth Thomas Edison ddarganfod y bylbiau electrig yn 1879.,science/technology,0
37,37.0,Fe wnaeth Albert Einstein ddarganfod y theorem relativrwydd yn 1905.,science/technology,0
38,38.0,Byddem yn gwneud ymchwiliad ir posibilrwydd o ddefnyddio AI yn y diwydiant.,science/technology,0
39,39.0,Roedd y syniad o greu peiriant chwarae electronig yn dod â chwaraewyr yn agos at ei gilydd.,science/technology,0
40,40.0,Gallair peiriannau bychain hyn fod yn helpu i wella ansawdd bywyd pobl ifanc.,science/technology,0
41,41.0,Maer wyddorion yn credu bod y bys yn dod i ben o fewn miliwn o flynyddoedd eto.,science/technology,0
42,42.0,Maer robot hwn yn galluogi i ddarllen testunau ac ateb cwestiynau yn iaith naturiol.,science/technology,0
43,43.0,Gallair peiriant MRI fod yn helpu i ddiagnose afiechydon megis canser a strociau.,science/technology,0
44,44.0,Maer peiriannau gwneud pynciau yn galluogi i wneud pynciau yn gyflym a thwp.,science/technology,0
45,45.0,Maer peiriannau cyfrifiadurol yn galluogi i ni weithredu tasgau cymhleth yn gyflym.,science/technology,0
46,46.0,Maer robot hwn yn galluogi i ni fonitro a chreu data am yr amgylchedd.,science/technology,0
47,47.0,Bydd y technoleg newydd hon yn galluogi i ni greu pwer electronig yn effeithiol.,science/technology,0
48,48.0,Roedd y datblygiad or internet yn llwyddo i gyfuno pobl o bob cwr or byd.,science/technology,0
49,49.0,"Yn ôl ystadegau, mae tua 50% o bobl yn byw yn Asia yn defnyddior internet.",science/technology,0
50,50.0,Byddair systemau solar yn galluogi i greu trydan yn naturiol.,science/technology,0
51,51.0,Roedd y gwaith ymchwil yn edrych ar sut maer iaith naturiol yn galluogi pobl i siarad.,science/technology,0
52,52.0,Defnyddiodd Albert Einstein ei theorem enwog i brofi bod time yn dibynnol ar gyflymder.,science/technology,0
53,53.0,Fe wnaeth Louis Pasteur ddarganfod y bacterïau yn 1857.,science/technology,0
54,54.0,"Yn ôl ystadegau, maer nifer o bobl syn defnyddior rhyngrwyd yn cynyddu yn gyflym.",science/technology,0
55,55.0,Roedd y prosiect Apollo yn cynnwys saith misennau ir Lleuad yn y 1960au ar 1970au.,science/technology,0
56,56.0,Gallair robot hwn fod yn helpu i wella ansawdd bywyd pobl ifanc.,science/technology,0
57,57.0,Byddair prosiect yn helpu i wella ansawdd yr aer yn ogystal ag adar lleol.,science/technology,0
58,58.0,Maer gwyddoniaeth yn esbonio sut maer haul yn cynhyrchu egni.,science/technology,0
59,59.0,Maer robotiaid yn galluogi pobl ifanc i ddysgu sgiliau peiriannyddol a chreu cymunedau technolegol.,science/technology,0
60,60.0,Maer gymdeithas wybodaeth yn creu newidiadau enfawr yn y ffordd rydym nin byw a gweithredu.,science/technology,0
61,61.0,Defnyddiodd Albert Einstein ei theorem enwog i esbonior cysylltiad rhwng mas a llethr.,science/technology,0
62,62.0,Roedd y broblem gydar peiriannau hyn yn bodoli ers degawdau.,science/technology,0
63,63.0,"Yn ystod y Rhyfel Byd Cyntaf, cafodd y peiriant radio ei ddefnyddio i gyfathrebu rhwng milwyr.",science/technology,0
64,64.0,"Roedd y syniad o greu peiriant clymu yn dod âr athronydd Ffrengig, Blaise Pascal, yn y 17eg ganrif.",science/technology,0
65,65.0,Maer peiriannau newydd hyn yn galluogi ni i ddatrys problemau gwyddonol pwysig.,science/technology,0
66,66.0,Gofynnodd y NASA am gymorth i ddatblyguu cenhedlaeth nesaf o rocedi.,science/technology,0
67,67.0,Roedd y syniad o greu cariad trydanol yn un or syniadau mwyaf diddordeb yn ystod y 21ain ganrif.,science/technology,0
68,68.0,Maer DNA yn cynnwys gwybodaeth genetig am bobl a chrëwyd.,science/technology,0
69,69.0,Maer gwyddoniaeth amgylcheddol yn astudio effaith dynoliaeth ar ecosystemau naturiol.,science/technology,0
70,70.0,"Yn 1969, cafodd Neil Armstrong a Buzz Aldrin lanio ar y Lleuad yn ystod misión Apollo 11.",science/technology,0
71,71.0,Maer peiriant DNA yn galluogi gwyddonwyr i ddarllen cod genetig organebau byw.,science/technology,0
72,72.0,Gallair peiriannau bychain hyn fod yn helpu i wella ansawdd bywyd pobl ifanc â phroblemau iechyd.,science/technology,0
73,73.0,Maer syniad o ddarganfod DNA yn mynd yn ôl i James Watson a Francis Crick yn 1953.,science/technology,0
74,74.0,"Yn ystod y 20fed ganrif, roedd y gwyddoniaeth yn datblygu yn gyflym.",science/technology,0
75,75.0,"Yn ôl ystadegau, maer gymuned wybodaeth yn tyfu yn gyflym yn ystod y 10 mlynedd diwethaf.",science/technology,0
76,76.0,Byddair robot hwn yn galluogi i gasglu data or amgylchedd.,science/technology,0
77,77.0,Fe wnaeth Alexander Graham Bell ddarganfod y telephon yn 1876.,science/technology,0
78,78.0,Gallair peiriannau newydd hyn helpu i achub bywydau yn y dyfodol.,science/technology,0
79,79.0,Dymar tro cyntaf i mi glywed am y celfyddyd o greu robotiaid.,science/technology,0
80,80.0,Cafodd y cwmni technoleg ei sefydlu yn 1998 ac ers hynny mae wedi tyfun gyflym.,science/technology,0
81,81.0,Roedd ysbrydoliaeth gan Einstein yn gefnogol i ddatblygu theorïau modernegfiseg.,science/technology,0
82,82.0,Gwnaed ysbaid yn ystod y Rhyfel Byd Cyntaf i ddatblygu teclynau newydd iawn.,science/technology,0
83,83.0,Defnyddiodd Albert Einstein ei theorem enwog or enw E=mc² i esbonior perthynas rhwng egni a màs.,science/technology,0
84,84.0,Roedd y syniad o greu pwer solar yn un or syniadau mwyaf poblogaidd yn ystod y 20fed ganrif.,science/technology,0
85,85.0,"Yn 1969, fe wnaeth Neil Armstrong lanio ar wyneb y Lleuad gydar Apollo 11.",science/technology,0
86,86.0,"Yn ôl ystadegau, mae tua 70% o bobl yn byw yn Affrica yn defnyddio ffôn symudol.",science/technology,0
87,87.0,Defnyddir y termodynamiac i astudior berthynas rhwng thermodynameg a chyflymder.,science/technology,0
88,88.0,Byddair peiriannau quantum yn galluogi i ni brosesu data yn gyflymach nar peiriannau clasurrol.,science/technology,0
89,89.0,"Datblygodd Alexander Graham Bell y telephone, a agorodd y drws i gyfathrebu pellter-cyfathachu.",science/technology,0
90,90.0,"Mewn labordy, maer gwyddonwyr yn defnyddio offer cerbyd i astudio priodolegau materolion.",science/technology,0
91,91.0,Maer peiriannau yn galluogi i ni fonitro a chreu data am yr amgylchedd.,science/technology,0
92,92.0,Maer robotiaid modern yn galluogi i ni weithredu tasgau cymhleth heb unrhyw waith dynol.,science/technology,0
93,93.0,Maer peilot yn galluogir cerbyd i hedfan heb unrhyw lywodraeth.,science/technology,0
94,94.0,Maer cwmni technoleg yn datblygu systemau newydd i storio data.,science/technology,0
95,95.0,"Yn ôl ystadegau, mae tua 70% or Ddaear yn wladwriaethau yn defnyddio ynni adnewyddol.",science/technology,0
96,96.0,"Yn 2020, cafodd y NASA ei harweinydd newydd, a oedd yn mynd ir lleuad eto.",science/technology,0
97,97.0,Maer technoleg newydd hon yn galluogi pobl i siarad ag ieithoedd eraill heb unrhyw broblem.,science/technology,0
98,98.0,Roedd y peiriant telegraph yn un or cyfarparau cyntaf i gyfathrebu pellteroedd hirion.,science/technology,0
99,99.0,"Gallwch fwynhau diwrnodau haul yn Sardinia, ynghyd âi thraethodau tywyll ai chefn gwych.",travel,1
100,100.0,"Yn ôl ystadegau, mae dwin fwy na 70% o deithwyr yn dewis hedfan yn hytrach nag arferol.",travel,1
101,101.0,Maer M25 yn un or priffyrdd mwyafrifeddwyna yn Lloegr.,travel,1
102,102.0,Byddwch yn gallu mwynhau prydau bwyd hyfrydwch yn y caffe yn y maes awyr.,travel,1
103,103.0,Maer gwasanaethau cwsmer yn arbennig o bwysig pan fo dwristiaid yn teithio dramor.,travel,1
104,104.0,Ewch at ein hadranau tramor yn India i ddarganfod diwylliant ryfeddol.,travel,1
105,105.0,"Pob blwyddyn, mae miloedd o dwristiaid yn ymweld â Gogledd Iwerddon i weld y tirwedd harddwych.",travel,1
106,106.0,Mae pobl yn dod o hyd ir lleoedd mwyaf diddordeb yn y byd.,travel,1
107,107.0,Gellir prynu tocynnau trên yn advance er mwyn sicrhau lle uchaf posibl.,travel,1
108,108.0,Byddain well iawn i ti weld rhestr or holl lety yn y stâd cyn penderfynu.,travel,1
109,109.0,"Poblogaidd ywr traeth yn Miami Beach, lle mae pobl yn dod i fwynhaur haul.",travel,1
110,110.0,Maer fferi yn mynd o Gaergybi i Ynys Manaw.,travel,1
111,111.0,Byddain well i chi archebu eich llety yn gynt na chynt i osgoi prinder.,travel,1
112,112.0,"Dylai pobl ifanc gymryd gofal wrth deithio i wledydd newydd, er mwyn osgoi peryglon.",travel,1
113,113.0,Nid oes raid iddo ef ddychwelyd adref tan iddi hi orffen ei thaith.,travel,1
114,114.0,"Felly, os ydych yn chwilio am rywbeth newydd, dwin argymell ymweld â Gwatemala.",travel,1
115,115.0,Dros 80% o deithwyr yn teithio i Wlad Pwyl yn dilyn y llwybr hwnnw.,travel,1
116,116.0,Maer rheilffordd yn un or dulliau mwyaf cyfforddus o deithio o amgylch y wlad.,travel,1
117,117.0,Dymar achlysur pawf i fwynhau treuliau arbennig yn y Caribî.,travel,1
118,118.0,"Chwiloeodd ymweliad â Pharis, y brifddinas Ffrainc, yn wych.",travel,1
119,119.0,"Mae Japan yn wlad o fri a chyfoeth naturiol, ac mae croeso cynnes i dwristiaid o bob cwr or byd.",travel,1
120,120.0,Byddain well i ti ddefnyddio gwasanaethau archebu lety i osgoi problemau wrth gyraedd y maes awyr.,travel,1
121,121.0,Traethau bach yn y Bahamas ywr lleoedd mwyaf harddwyna i dwristiaid.,travel,1
122,122.0,"Mae taith fer i Ffrainc yn cynnwys ymweliad agosaf at y Louvre, yr Amgueddfa Genedlaethol.",travel,1
123,123.0,"Felly, paham na allwn ni ddefnyddior trên i deithio?",travel,1
124,124.0,Mae Taiwan yn gyrchfan boblogaidd i dwristiaid oherwydd ei threfi ai chynefinebau.,travel,1
125,125.0,Mae croeso cynnes yn aros i chi yn yr iaith Gymraeg yn Nhailand.,travel,1
126,126.0,Mae croeso cynnes iawn yn disgwyl am dwristiaid yn yr iaith Gymraeg yn Lloegr Newydd.,travel,1
127,127.0,Llwybr cylchu Ceredigion yw un or lleoedd mwyaf harddolchus i gerdded yn y wlad.,travel,1
128,128.0,"Os ydych yn edrych am lety cysgu yn ystod eich taith, cofiwch archebu yn gynt.",travel,1
129,129.0,Mae Costa Rica yn gyrchfan eco-tourism pwysig yn America Canolog.,travel,1
130,130.0,Cafodd ymweliad i Baris gefnogii chwilod bach.,travel,1
131,131.0,Croesawiwn chi in gwrs ieuenctyd dramor yn Tsieina.,travel,1
132,132.0,"Pob blwyddyn, mae miloedd o dwristiaid yn ymweld â Gogledd Cymru i weld y castell ar traethau.",travel,1
133,133.0,Gallwch fwynhau diwrnodau hapus yn y parc naturiol yn Costa Rica.,travel,1
134,134.0,"Mae Costa Rica yn wlad o wydnwch naturiol, ac mae hin cynnig profiadau anturiaethol i dwristiaid.",travel,1
135,135.0,Croeso i Gymru! Gobeithio bod eich taith yn un i gofio.,travel,1
136,136.0,"Mae Sardinia yn ynys yn y Môr Canoldir, a hi yw un or mannau mwyaf poblogaidd yn Ewrop.",travel,1
137,137.0,Mae croeso cynnes yn disgwyl i chi yn yr awyrfa leiaf pobl yn y byd.,travel,1
138,138.0,Dymar amser i ddechrau eich taith i Awstralia!,travel,1
139,139.0,Byddain well i chi gymryd offer i deithio ir Ariannin.,travel,1
140,140.0,Gellir prynu tocynnau trên yn advance er mwyn savi ar gostau.,travel,1
141,141.0,Byddwch yn gallu mwynhau tymhorau haf yn Sardinia gydai draethau tywyll ai chynefinoedd moel.,travel,1
142,142.0,"Byddain well i ti gymryd cipiwr wrth deithio i wledydd dramor, er mwyn osgoi colli eich arian.",travel,1
143,143.0,Gallwch gymryd rhyfelgyrch yn ystod eich siwrnal yn Sardinia.,travel,1
144,144.0,Manteisiau ywr modd gorau i deithio o amgylch y wlad.,travel,1
145,145.0,Byddwch yn gallu mwynhau taith gerdded dyddiol yn y parc cenedlaethol yn Ne Affrica.,travel,1
146,146.0,Cofiwch weld y tir filwrol cyn penderfynu ar eich taith nesaf.,travel,1
147,147.0,Maer coedi yn un or mannau mwyaf diddar i dwristiaid yn ystod y flwyddyn.,travel,1
148,148.0,Mae Croatia yn wlad o harddwch naturiol a cherddoriaeth werin.,travel,1
149,149.0,Llwybr cylchu Cymru yw un or llwybrau mwyaf poblogaidd ymysg twristiaid tramor.,travel,1
150,150.0,Nid oes raid iawn i deithio i Awstralia yn ystod y gwanwyn.,travel,1
151,151.0,Dymar tymor mwyafrifeddwyna i ymweld â Gogledd Cymru.,travel,1
152,152.0,Croesiwn chi draws y môr i gyrraedd yr Unol Daleithiau.,travel,1
153,153.0,"Mewn gwirionedd, maer ffordd oresgynol o deithio yn mynd i fod yn llawer rhyfeddaf.",travel,1
154,154.0,Byddain well i ti drefnu dy deithiad o flaen llaw er mwyn osgoi problemau wrth gyraedd y maes awyr.,travel,1
155,155.0,Maer rheilffordd yn cynnig gwasanaethau arbennig i dwristiaid yn ystod yr haf.,travel,1
156,156.0,"Mewn gwirionedd, maer rhan fwyaf o dwristiaid yn dewis treuliau byr yn hytrach na threuliau hir.",travel,1
157,157.0,Ceisiwn ywr ffordd orau i deithio o Gymru i Iwerddon.,travel,1
158,158.0,Ond does dim ond un ffordd i gyrraedd yma - drwyr awyr!,travel,1
159,159.0,"Pan oeddwn nin teithio ir Eidal, roeddwn nin mwynhaur bwyd.",travel,1
160,160.0,Cewch fwynhad or safleoedd hanesyddol yn Rwsia trwy ein package arbennig.,travel,1
161,161.0,"Felly, os ydw in bwriadu mynd ir Iwerddon, pa mor bell ydy hi?",travel,1
162,162.0,"Mae gweithgareddau awyr agored yn cynnwys parachuting, skydiving a hot air ballooning yn Awstralia.",travel,1
163,163.0,Llwybr cyhoeddus ywr ffordd well i deithio o Ammanfort i Gaernarfon.,travel,1
164,164.0,"Felly, os ydych yn chwilio am rywbeth o gwbl groes, dwin argymell ymweld âr Himalaya.",travel,1
165,165.0,Byddain well i chi archebu eich bilhetau awyrennu yn gynt na chynt i osgoi prinder.,travel,1
166,166.0,Mae croeso cynnes iawn yn aros i chi yn yr hostel yn Tokyo.,travel,1
167,167.0,"Poblogaidd ywr stordyfeydd yn Tokyo, yn enwedig yn Shibuya Crossing.",travel,1
168,168.0,Rhoi cynnal ir teithiwyr ifanc ddilyn y llynedd ir Wcráin.,travel,1
169,169.0,"Maer traethau yn Jamaica yn werth eu hymweliad, gydau dŵr glân au haul cynnes.",travel,1
170,170.0,Dymar amser i ddechrau eich taith dramor!,travel,1
171,171.0,Mae gweithdydd yn galluogi i chi ddefnyddior systemau cludiant cyflymaf.,travel,1
172,172.0,Defnyddiwch eich pasport er mwyn teithio ir Almaen.,travel,1
173,173.0,"Yn ystod y dydd, byddair haul yn shinin brig yn uwchradd yn y stesion.",travel,1
174,174.0,Maer coetir yn agos ir maes awyr yn Paris.,travel,1
175,175.0,Maer rheilffordd yn mynd drwodd ymylon y parc cenedlaethol yn Yosemite.,travel,1
176,176.0,"Os ydw in teithio i Wlad Belg, bydda in mynd i weld y castell yn Brwsel.",travel,1
177,177.0,Dymar tymor mwyafrifeddwyna i ymweld â Paris.,travel,1
178,178.0,Lleucu yn Sardinia yw un or mannau mwyafrifeddwyna i dwristiaid yn ystod yr haf.,travel,1
179,179.0,Manteision defnyddio tacsi yw bod yn gallu mynd at unrhyw le yn gyflym.,travel,1
180,180.0,Ieuenctyd ywr amser i ddechrau eich anturiaethau tramor.,travel,1
181,181.0,Maer tirwedd yn Iwerddon yn wahanol iawn i unrhyw le arall yn y byd.,travel,1
182,182.0,"Os ydych yn edrych am anturiaeth, dwin argymell ymweld âr Andes.",travel,1
183,183.0,Maer rheilffordd yn mynd i fod yn ffordd boblogaidd iawn i deithio yn Ewrop.,travel,1
184,184.0,Cewch chi ddeall y pwyslais ar ddiffygion yn y sector twristiaeth.,travel,1
185,185.0,"Felly, os ydych yn bwriadu teithio i Japan, cofiwch gymryd eich pasport ai gadarnhad.",travel,1
186,186.0,Byddai taith i Tokyo yn brofiad anhygoel iddo fo.,travel,1
187,187.0,Efallai bod angen i chi drefnu eich taith yn ôl y tymor.,travel,1
188,188.0,Byddain well i chi gymryd map cyn teithio ir Wladfa.,travel,1
189,189.0,Dymar tymor mwyafrifeddwyna i ymweld â Madrid.,travel,1
190,190.0,"Er mwyn cadarnhau eich sicrwydd, dylech chi ddefnyddio gwasanaethau archebu awyrennau cynnaladwy.",travel,1
191,191.0,"Ond maer stori yn mynd yn bellach nag yma, fel petai pobl yn teithio ir gofod.",travel,1
192,192.0,Chwiloeoddwn ni ein hymor yn Japan pan oeddwn nin teithio.,travel,1
193,193.0,"Pan fo dwristiaid yn teithio ir Unol Daleithiau, maent yn aml yn mynd i Las Vegas.",travel,1
194,194.0,"Felly, os ydych yn bwriadu teithio i Sardinia eleni, cofiwch sicrhau eich tocynau yn gynt.",travel,1
195,195.0,Maer tywydd yn Affrica yn wahanol iawn ir tywydd yn Ewrop.,travel,1
196,196.0,Rhoiynnau o faint o flynyddoedd yn ôl mae pobl yn teithio ir Aifft.,travel,1
197,197.0,Manteision yw bod yn galluogir teithwyr i fonitrou harian.,travel,1
198,198.0,Dwin credu bod ysbrydoliaeth yn bwysig pan fon teithio ir tu allan.,travel,1
199,199.0,"Yn ôl ystadegau, mae nifer y bobl syn cefnogi Plaid Cymru yn cynyddu yn sylweddol.",politics,2
200,200.0,Fe wnaeth y Llysgenhadaeth Americanaidd yn Tokyo ddatgelu dogfen cudd.,politics,2
201,201.0,Maer Senedd Ewrop yn cynrychioli buddiantaur UE yn fyd-eang.,politics,2
202,202.0,Roedd y Blaid Geidwadol yn galw am refferendwm ar aelodaeth y DU yn yr UE.,politics,2
203,203.0,Fe wnaeth y Llefarydd Cyffredinol Gymru galw am ddatganoli pwerau mewn perthynas â chwarae tir.,politics,2
204,204.0,"Yn ôl ystadegau, maer nifer o etholwyr ifanc yn cynyddu yn sylweddol ers 2015.",politics,2
205,205.0,"Yn ôl ystyriaethau, maer blaid lafur yn gallu ennill y fendraw yn etholiad y DU.",politics,2
206,206.0,Galwodd y Prif Weinidog am ddechreuad o fewnfudo i Gymru.,politics,2
207,207.0,Maer Plaid Lafur yn galw am wella ir system democrataidd.,politics,2
208,208.0,Dymunodd y Prif Weinidog iw gyfarfodydd agoriadol yn y Senedd newydd.,politics,2
209,209.0,"Maer AS, Leanne Wood, yn galw am ddatgelu llawn achos llys ym Mhrydain Fawr.",politics,2
210,210.0,Cafodd y blaid Geidiaidd fuddugoliaeth yn etholiadau cyffredinol y flwyddyn honno.,politics,2
211,211.0,Sefydlodd y Cenhedloedd Unedig Gyfundrefn newydd i reolir masnach ryngwladol.,politics,2
212,212.0,Maer Senedd Ewrop yn cynnal sesiwn arbennig i drafod y sefyllfa yn Wcráin.,politics,2
213,213.0,Maer Arglwydd Rhys Williams yn credu bod angen cryfhaur rheolaeth ar fellyntai ethnig.,politics,2
214,214.0,Roedd y Rhyfel Oer yn peri pryderon i lywodraethau ledled y byd.,politics,2
215,215.0,Roedd ystyriaethau amgen ynghylch ymgynullioldeb Cymru yn ystod trafodaethau Brexit.,politics,2
216,216.0,Dywedodd y Prif Weinidog fod llywodraeth newydd yn mynd iw sefydlu yn ystod y tymor nesaf.,politics,2
217,217.0,Maer Ddeddf Llesiant yn darparu cefnogaeth i bobl ifanc.,politics,2
218,218.0,Roedd y Chwyldro Arabaidd yn 2010-12 yn achosi trawiadau sylweddol yn y byd Arabaidd.,politics,2
219,219.0,Dywedodd y Prif Weinidog fod y llywodraeth yn bwriadu codi trethi er mwyn ariannu prosiectau newydd.,politics,2
220,220.0,Maer Undeb Ewropeaidd yn galw am gymorth ir refugiad yn Syria.,politics,2
221,221.0,Roedd y Chwithywodraeth yn ceisio creu undeb llafur newydd yn Sbaen.,politics,2
222,222.0,Mabwysiadaur Werin Ddemocrataidd yn Ethiopia yn galw am ryddfrydedd a chyfalafiaeth.,politics,2
223,223.0,Roedd y Cynulliad Cenedlaethol yn trafod y Bil Iechyd Meddwl heddiw.,politics,2
224,224.0,Roedd y Rhyfel Bosnia yn peri problemau iw datrys yn neilltu.,politics,2
225,225.0,Daeth y Rwsiaid âu lluoedd yn ôl o Wcráin yn 1990.,politics,2
226,226.0,Roedd ymgyrchu yn erbyn codi trethi yn Llundain yn dwyn sylwr wasg.,politics,2
227,227.0,"Yn ôl adroddiad, maer nifer o bobl yn y DU syn credu bod Brexit yn gamwaith yn cynyddu.",politics,2
228,228.0,Dywedodd y Prif Weinidog bod y llywodraeth yn bwriadu gostyngu trethi yn y flwyddyn nesaf.,politics,2
229,229.0,Maer Dinas Vaticana yn bodloni ir Undeb Ewropeaidd.,politics,2
230,230.0,"Yn ôl ystadegau, cafodd y Blaid Geidwadol gefnogaeth uchaf yn etholiadau San Steffan 2019.",politics,2
231,231.0,Fe wnaeth y Llysgenhadaeth Americanaidd agor swyddfa newydd yn Bagdad.,politics,2
232,232.0,"Erbyn heddiw, maer achos ynghylch ymosodiad Rwsia ar Wcráin yn parhau i fygychur byd gwleidyddol.",politics,2
233,233.0,Cyhoeddodd y Senedd Ewropeaidd farn nad oedd unrhyw waharddiad ar gymunedau ethnig yn Romania.,politics,2
234,234.0,Fe wnaeth y Prif Weinidog datgan bod hin bwriadu creu 500 swydd newydd yn y sector cyhoeddus.,politics,2
235,235.0,Maer Comisiwn Ewrop yn monitror sefyllfa economaidd yn Greece.,politics,2
236,236.0,Roedd y Rwsia yn cytuno i gymorth milwrol i Wcráin.,politics,2
237,237.0,Galwodd y Prif Weinidog am waharddiad ar economïaur Dwyrain Canol.,politics,2
238,238.0,Cafodd y Prif Weinidog Gymreig gefnogaeth iw chynigion i leihau carbon deuoil.,politics,2
239,239.0,"Daeth y Rwsiaid âu lluoedd allan o Georgia yn 2008, yn sgil y rhyfel byrfyfyr.",politics,2
240,240.0,Maer Arlywydd Americanaidd yn galw am ddatganiad o ryfel yn erbyn ISIS.,politics,2
241,241.0,Roedd y Chwioryddyd yn chwarae rôl allweddol yn natbrawiad y gymuned leol.,politics,2
242,242.0,Roedd y Rwsiaid yn ceisio medrur Crimea yn 2014 heb wybodaeth ir gymuned ryngwladol.,politics,2
243,243.0,Roedd ystyriaethau ynghylch seilwaith newydd yn ystod sesiwn gyfraith y Senedd.,politics,2
244,244.0,Aethpwyd y cytundeb heddwch yn Bosnia Herzegovina yn 1995.,politics,2
245,245.0,Dychwelodd y Cynulleidfa Gyfanhedlaethol i drafod y materion pwysicaf yn y byd.,politics,2
246,246.0,Maer Senedd yn cynnal sesiwn arbennig i drafod y sefyllfa economaidd bresennol.,politics,2
247,247.0,Mabwysiadodd Senedd y Deyrnas Unedig y Bil Iechyd Meddwl newydd yn 2020.,politics,2
248,248.0,Maer Comisiwn Ewrop yn pwysleisior angen am wella ansawdd yr awyr yn Ewrop.,politics,2
249,249.0,Galwodd y Prif Weinidog am ddiffyg yn y system democrataidd yn Rwanda.,politics,2
250,250.0,Creodd y Llywodraeth newydd yn Tsiecia gyfundrefn democratiaeth newydd.,politics,2
251,251.0,Roedd ymgyrchu yn erbyn ymyrraeth filwrol yn Irac yn dwyn sylwr wasg.,politics,2
252,252.0,Roedd y Rwsiaid yn ceisio meddiannur Crimea yn 2014.,politics,2
253,253.0,Cafodd y Prif Weinidog Ffrainc gefnogaeth oddi wrth y Chwithywodraeth.,politics,2
254,254.0,Roedd ystyriaethau amserol ynghylch ymateb y DU i ryfel Irac yn dwyn sylwr wasg wythnos olaf.,politics,2
255,255.0,Byddair Etholfraint yn cael ei hadnewyddu yn 2020.,politics,2
256,256.0,Maer Undeb Ewropeaidd yn ceisio creu cytundeb masnach newydd â Mecsico.,politics,2
257,257.0,Fe wnaeth y Llywodraeth Brydeinig ryddhau sylwiadau am y sefyllfa yn Syria.,politics,2
258,258.0,Roedd ymosodiad ar Baghdad yn 2003 yn rhan or Rhyfel Irac.,politics,2
259,259.0,Daeth ymgyrch y Democratiaid yn UDA yn llwyddiant iawn yn etholiadau Canolog 2000.,politics,2
260,260.0,"Cafodd y Prif Weinidog, Justin Trudeau, ei gymryd i dystiolaeth yn Nhŷr Cyffredin Canada.",politics,2
261,261.0,Fe wnaeth y Llysgennad yn galw am heddwch yn y Dwyrain Canol.,politics,2
262,262.0,Dywedodd y Prif Weinidog bod y llywodraeth yn bwriadol i greu coridor economaidd newydd yn Ewrop.,politics,2
263,263.0,Maer Arglwydd Fahey wedi galw am ddiffyg democratiaeth yn Rwsia.,politics,2
264,264.0,Cafodd y Llywodraeth Gymreig gefnogaeth oddi wrth Plaid Lafur yn ystod y dreialon diwethaf.,politics,2
265,265.0,Mabwysiadaur DU yn erbyn ymyrraeth filwrol yn Syria.,politics,2
266,266.0,Byddair etholiad arlywyddol yn Nigeria yn 2023 yn un or pryddest etholiadau yn hanes y wlad.,politics,2
267,267.0,Cafodd y Rhyfelgarwch Gweriniaethol Gymreig ei wahardd gan lywodraeth San Steffan yn 2006.,politics,2
268,268.0,Maer achos ynghylch ymgynullioldeb Catalunya yn parhau i fygychur gymuned ryngwladol.,politics,2
269,269.0,Fe wnaeth y Llefarydd yn galw am ddiffyg yn y llywodraeth wrth iddo feiciou hawl i reolir wlad.,politics,2
270,270.0,Maer Undeb Sofieteaidd yn cofrestrur achlysuron yn ystod y Rhyfel Oer.,politics,2
271,271.0,Cyhoeddodd y Llywodraeth Brydeinig ei chynigion i leihau carbon deuocarbond.,politics,2
272,272.0,Cafodd y Llywodraeth Gymreig gefnogaeth iw chynigion i leihau carbon deuoil.,politics,2
273,273.0,Roedd ymgyrch y Blaid Lafur yn ennill 30 sedd yn Etholiad Cyffredinol 1945.,politics,2
274,274.0,Roedd y Prif Weinidog yn galw am ddatgelu llawn achos llys ym Mhrydain Fawr.,politics,2
275,275.0,"Roedd y Rhyfel Cartrefol yn Sbaen yn parhau hyd at 1939, pan orchfygwasant y fyddin genedlaethol.",politics,2
276,276.0,Dywedodd y Gweinidog Addysg bod y llywodraeth yn bwriadol o roir gorau i addysgu plant bach.,politics,2
277,277.0,Roedd y Rhyfel Oer yn gyfnod o oresgyniad diplomyddol rhwng dwy ochr y Byd.,politics,2
278,278.0,Roedd ymgynulliad yn Eisteddfod Caerdydd yn galw am gymorth ir iaith Gymraeg ai chanolfan.,politics,2
279,279.0,Roedd y Rhyfel Cartrefol yn Sbaen yn 1936-39 yn rhan or brwydr yn erbyn ffasgaeth Ewrop.,politics,2
280,280.0,Dywedodd y Prif Weinidog fod y llywodraeth yn bwriadu gostyngu trethi yn ystod y flwyddyn nesaf.,politics,2
281,281.0,Cafodd y Pumed Senedd Ewropawl ei hagorffen yn 2004.,politics,2
282,282.0,Fe wnaeth y Cynulliad Cenedlaethol Gymru basio deddfwriaeth newydd yn 2020.,politics,2
283,283.0,"Mabon ap Gwynfor, AS Plaid Cymru, yn galw am fudiad i roi pwyslais ar gyfraith iaith Gymraeg newydd.",politics,2
284,284.0,"Byddair AS, Mark Drakeford, yn siarad yn y Senedd am ymateb y llywodraeth ir argyfwng iaith Gymraeg.",politics,2
285,285.0,Maer Awdurdod Cyllido Ewrop yn galw am fuddsoddiad mwy yn y sectorau cadarnhaol a chymdeithasol.,politics,2
286,286.0,Maer Arlywydd Biden yn galw am ryddfrydedd fawr yn ystyried y materion milwrol yn Syria.,politics,2
287,287.0,Roedd y Rhyfel Oer yn peri problemau economaidd enfawr i nifer o wledydd yn Ewrop.,politics,2
288,288.0,Cafodd y Prif Weinidog Gymreig wahoddiad i siarad yn y Gymanfa Ganolog yn Beijing.,politics,2
289,289.0,Fe wnaeth y Llywodraeth ddatgan bod hin bwriadu codi £10 miliwn i gefnogi prosiectau cymunedol.,politics,2
290,290.0,"Maer AS, Neil Hamilton, wedi galw am ymchwiliad i awdurdodau lleol.",politics,2
291,291.0,Cafodd y Blaid Lafur fuddugoliaeth yn etholiadau leol yn Nhrefforest.,politics,2
292,292.0,Roedd y Chwithywodrwydd yn ffurfio llywodraeth leiafrifoedd yn Sweden.,politics,2
293,293.0,Cafodd y Llywodraeth Brydeinig gefnogaeth oddi wrth y DU yn ystod y Rhyfel Byd Cyntaf.,politics,2
294,294.0,Fe wnaeth y Llywodraeth ddatgan bod hin bwriadu leihau carbon deuocs yn 50% erbyn 2030.,politics,2
295,295.0,Cafodd y Llywodraeth Gymreig gefnogaeth oddi wrth Plaid Lafur am ei pholisïau newidynnol.,politics,2
296,296.0,"Yn ôl ystadegau, mae nifer y rhestrfer o bleidleisiau wedi cynyddu yn sylweddol ers 2010.",politics,2
297,297.0,Fe wnaeth y Prif Weinidog India galw am drafodaethau heddwch gyda Phakistan.,politics,2
298,298.0,Dywedodd y Prif Weinidog bod y llywodraeth yn bwriadol o roir gorau i waith y comisiwn etifeddiaeth.,politics,2
299,299.0,Roedd hin rhedeg yn gyflym yn y ras marathon.,sports,3
300,300.0,Maer gymnasteg yn un or campau mwyaf poblogaidd yn y byd.,sports,3
301,301.0,Disgwylir ir ras Usain Bolt yn Singapore fod yn un or pryddest yn hanes y sport.,sports,3
302,302.0,Byddai Cymru yn wynebu Iwerddon yn rownd gyntaf Pencampwriaeth Rygbir Byd.,sports,3
303,303.0,Byddair tîm rygbi yn chwarae yn erbyn Iwerddon yn y stadiwm hwn.,sports,3
304,304.0,"Yn ystod y ras, roedd hin rhedeg yn gyflym iawn ac yn sbrintio tu ôl ir linell finish.",sports,3
305,305.0,Maer criced yn un or campau mwyaf poblogaidd yn India.,sports,3
306,306.0,Roedd hin cynnwys dwy pharth yn y ras rygbi.,sports,3
307,307.0,Fe wnaeth tîm criced Cymru orffen yn ail yn y Bencampwriaeth ICC T20.,sports,3
308,308.0,Sefydlodd David Broome clwb marchogaeth yn Abertawe yn 1960.,sports,3
309,309.0,Fe wnaeth Chwechwrain Fflandrys sicrhau eu lle yn rownd derbyr UEFA Champions League.,sports,3
310,310.0,Mae hin bwysig i chwaraewyr rygbi gadwu hymor yn uwch na byth cyn iddo fo.,sports,3
311,311.0,Byddair ras seiclo-slash yn cael ei chwarae yn Awstralasia yn ystod wythnos nesaf.,sports,3
312,312.0,Dros 500 o athletwyr oedd yn cystadlu yn ystod y Marathon Caerdydd.,sports,3
313,313.0,Roedd hin bencampwr yn y categori benywaidd yn y ras Beicio Mynydd.,sports,3
314,314.0,Bydd hin cynnal Ras y Ffin yn mis Medi eleni.,sports,3
315,315.0,"Byddai cynnwys y gemau yn cynnwys pêl-droed, rygbi, a gymnasteg.",sports,3
316,316.0,"Mewn cyfweliad, dywedodd y chwaraewr rygbi Nadolo bod yn barod i roir gorau iddi.",sports,3
317,317.0,Fe wnaeth hi ennill y gystadleuaeth yn y categori ifanc.,sports,3
318,318.0,"Yn ystod y tymor diwethaf, sgoriodd Gareth Bale 17 gôl i Real Madrid.",sports,3
319,319.0,Chwaraewyd y gemau pêl-basel yn erbyn Seland Newydd yn Stadiwm SWALEC.,sports,3
320,320.0,Maer Gymrun chwarae yn erbyn Lloegr yn Stadiwm Principality wythnos nesaf.,sports,3
321,321.0,"Yn y ras F1, gorffenodd Lewis Hamilton yn ail yn y rownd olaf.",sports,3
322,322.0,Byddair tîm yn chwarae yn erbyn Iwerddon yn Stadiwm Aviva.,sports,3
323,323.0,Oedd hin rhaid iddi orffen y ras yn ôl pob sôn amser.,sports,3
324,324.0,Cafodd y tim pel-rhönt Cymru ei orchuddio gan dîm Lloegr yn ystod y gemau.,sports,3
325,325.0,Roedd hin rhedeg yn gyflym iawn yn y ras hanner marathon yn Llundain.,sports,3
326,326.0,"Enillodd y triathlet, Non Evans, y fedal efydd yn y Gemau Olympaidd.",sports,3
327,327.0,Maer clwb rygbi yn cynnal sesiynau hyfforddiadol yn y stadiwm newydd.,sports,3
328,328.0,Maer tîm pêl-droed yn baratoi ar gyfer y gemau cartref yn erbyn Lloegr.,sports,3
329,329.0,Fe wnaeth chwaraewr tenis Serena Williams ennill dwy gaelodi yn rowndiau agoriadol Wimbledon.,sports,3
330,330.0,Roedd gan Wayne Rooney record o 253 gôl yn ei yrfa bêl-droed.,sports,3
331,331.0,Roedd hin chwarae rygbi yn y coleg.,sports,3
332,332.0,Chwaraewyd y gemau rygbi yn Nhref Awstralia yn ystod wythnos olaf.,sports,3
333,333.0,Fe wnaeth hi ennill medal aur yn y ras 400 meter yn Nhachwedd.,sports,3
334,334.0,"Fe wnaeth y gymnast, Emily Davies, ennill medal aur yn y Gemau Ewrop.",sports,3
335,335.0,Chwaraewd y tîm yn erbyn Seland Newydd yn rowndiau terfynol Cwpan y Byd.,sports,3
336,336.0,Cafodd Chris Coleman swydd rheoli tîm pêl-droed Cymru yn 2012.,sports,3
337,337.0,Chwaraeodd Ian Woosnam yn y Ryder Cup yn 1985.,sports,3
338,338.0,Roedd hin bencampwr yn y categori ieuanc yn y ras athletau.,sports,3
339,339.0,Maer tîm criced yn baratoi ar gyfred y tymor newydd.,sports,3
340,340.0,"Fe wnaeth y tîm hockey, Merched Cymru, ennill y Bencampwriaeth Ryngwladol.",sports,3
341,341.0,"Mewn cystadleuaeth rygbi, bur Scarlets yn fudar iawn yn erbyn Ulster.",sports,3
342,342.0,Roedd hin chwarae tenis yn y clwb lleol bob bore Sadwrn.,sports,3
343,343.0,Fe wnaethant ddangos eu sgiliau yn y stade gan ennill y gemau.,sports,3
344,344.0,Buodd Lewis Hamilton yn gyflymach na neb yn hanes Formula 1 yn Monaco.,sports,3
345,345.0,Byddair ras yn cael ei chadw yn Caerdydd wythnos nesaf.,sports,3
346,346.0,"Fe wnaeth y cricedwr, Alun Wyn Jones, ennill y Wobr Cricketer y Flwyddyn.",sports,3
347,347.0,Chwaraewd y tîm yn erbyn Ffrainc yn rowndiau terfynol Cwpan y Byd.,sports,3
348,348.0,Fe wnaeth David Rudisha godi record newydd yn y ras 800m yn Berlin.,sports,3
349,349.0,Roedd hin bencampwr y byd yn y categori hŷn yn 2020.,sports,3
350,350.0,"Bur pel-rwyd yn llwyddiannus yn ystod y tymor diwethaf, gan ennill pencampwriaeth y gynghrair.",sports,3
351,351.0,Roedd hin braf iawn weld tîm pel-basel Cymru yn curo tîm Lloegr yn ystod y gemau.,sports,3
352,352.0,Roedd hin bencampwr y byd yn y categori hŷn yn 2019.,sports,3
353,353.0,Fe wnaeth Gareth Bale sgorio dwy gôl yn y gem yn erbyn Sbaen.,sports,3
354,354.0,Byddair ras yn cael ei chadw yn Llanelli wythnos nesaf.,sports,3
355,355.0,Bydd hin cynnal Cwpan Rygbir Byd yn Japan yn 2023.,sports,3
356,356.0,Bydd hin siaradwr gwadd wrth i Gymru wynebur Alban yn ystod y Chwe Gwlad.,sports,3
357,357.0,Roedd hin chwarae pêl-basel yn y coleg.,sports,3
358,358.0,Fe wnaeth y gymnast Iwan Sawenko orffen yn trydydd yn ystod y Gemau Ewrop.,sports,3
359,359.0,Cafodd y tim pêl-basel ganolog eu hymuno ir rownd derby.,sports,3
360,360.0,Sefydlodd Cymdeithas Criced Cymru yn 1889.,sports,3
361,361.0,"Cafodd y cricedwr ifanc, Tom Jones, ei gaptenaethu i dîm Cymru.",sports,3
362,362.0,Daeth Mark Williams ir brigiad yn snwcyr yn 1996.,sports,3
363,363.0,Maer tîm pêl-droed yn chwarae yn erbyn Lloegr yn y stadiwm hwn.,sports,3
364,364.0,Bydd hin cynnal Ras y Llanelli yn fis Awst eleni.,sports,3
365,365.0,"Maer gymnast, Jack Smith, yn baratoi ar gyfrediad y Gemau Olympaidd.",sports,3
366,366.0,"Yn ystod y gemau, cafodd tîm rygbi Cymru dair buddugoliaeth yn olynol.",sports,3
367,367.0,Maer clwb rygbi yn chwilio am lygoden newydd iw tim.,sports,3
368,368.0,Roedd hin rhedeg yn gyflym yn y ras 10km.,sports,3
369,369.0,Chwaraewyd y gemau pel-racquet yn y clwb tennis lleol.,sports,3
370,370.0,Chwaraewyd y gemau rugby yn erbyn Ffrainc yn Stadiwm Principality.,sports,3
371,371.0,Llwyddodd Tim Davies i ennill medal aur yn y ras 400m yn Nhîm Gymnasium Ewrop.,sports,3
372,372.0,Maer tîm rygbi yn baratoi ar gyfer y gemau cartref yn erbyn Lloegr.,sports,3
373,373.0,"Bur tîm rygbi, Tîm Cymru, yn fudar iawn yn erbyn Awstralia.",sports,3
374,374.0,Fe wnaeth Serena Williams ennill y Grand Slam yn Melbourne.,sports,3
375,375.0,Cyfarfuodd Cymru â Pholand yn rownd gyntaf Cwpan y Byd.,sports,3
376,376.0,Daeth Gavin Henson yn ôl iw lefel orau yn 2005.,sports,3
377,377.0,Byddair Gymnasium yn cynnal sesiynau gymnasteg yn ystod y wythnos.,sports,3
378,378.0,Byddair tîm pêl-fasged yn chwarae yn erbyn Ffrainc yn y stadiwm hwn.,sports,3
379,379.0,"Yn ystod y ras, roedd hin rhaid iddi drechur afon ac yna mynd ir copa.",sports,3
380,380.0,Enillodd Cymru y Bencampwriaeth Rugbai Europeaidd yn 2009.,sports,3
381,381.0,"Maer athletwr, Christian Malcolm, yn baratoi ar gyfrediad y Gemau Ewrop.",sports,3
382,382.0,Fe wnaeth Alex Honnold godi record newydd yn y ras benyddiaeth yn Yosemite.,sports,3
383,383.0,Byddair ras ciclon yn cael ei chwarae yn Sbaen yn ystod wythnos olaf.,sports,3
384,384.0,Bydd hin chwarae ei hymor cyntaf yn y Gymru U16 yn erbyn Iwerddon.,sports,3
385,385.0,Roedd hin chwarae pêl-droed yn y parc lleol bob dydd Sul.,sports,3
386,386.0,Byddair ras Fformiwla Un yn cael ei chwarae yn Monaco yn ystod wythnos nesaf.,sports,3
387,387.0,Roedd hin cynnwys tri pharth yn y ras seiclo-cross.,sports,3
388,388.0,Cymerodd Geraint Thomas ran yn Ras Ffrainc yn 2018.,sports,3
389,389.0,Roedd hin siomedigaeth fawr i Gymru pan dorrodd y chwaraewr rygbi Leigh Halfpenny ei benelin.,sports,3
390,390.0,Bydd hin cynnal Ras y Llychau yn Llanidloes eleni.,sports,3
391,391.0,Byddair cystadleuaeth lawn tennis yn cael ei chynnal yn Wimbledon yn fis Mehefin.,sports,3
392,392.0,Fe wnaeth y chwaraewr tenis Novak Djokovic orffen yn ail yn ystod y Grand Slam.,sports,3
393,393.0,Enillodd Cymru y Fedal Aur yn y Ras Gyfnewid yn Ngemaur Gymanwlad.,sports,3
394,394.0,Maer tîm pel-rwyd yn cynnal sesiynau hyfforddiadol yn y stadiwm newydd.,sports,3
395,395.0,Buodd Steve Ovett yn rhedeg yn erbyn Sebastian Coe yn 1980.,sports,3
396,396.0,Oedd gan Ryan Giggs record o 963 o ymddangosiadau i F.C. Caerdydd.,sports,3
397,397.0,Byddair Ras Fawr yn cael ei chynnal yn Paris yn mis Gorffennaf.,sports,3
398,398.0,"Yn ystod y ras, roedd hin rhedeg yn gyflym ac yn siriol.",sports,3
399,399.0,Byddair ymdrech i wella ansawdd aer yn helpu i leihau problemau iechyd.,health,4
400,400.0,"Pob blwyddyn, mae miloedd o bobl yn marw oherwydd clefyd HIV/AIDS.",health,4
401,401.0,Maer afiechyd yn gallu cael effaith ar ein perthnasau personol.,health,4
402,402.0,"Bu farw or afiechyd hwn yn 2010, yn 65 mlwydd oed.",health,4
403,403.0,Maer seilam yn cynnal sesiynau iechyd a llesiant.,health,4
404,404.0,"Yn ystod y pandemig, bun rhaid i lywodraethau wladol roi pwyslais ar iechyd cyhoeddus.",health,4
405,405.0,Gellid defnyddio therapi lawenydd i wella iechyd meddwl pobl ifanc.,health,4
406,406.0,Maer pwysau yn gallu cael effaith ar ein iechyd meddwl a chorff.,health,4
407,407.0,Byddair cystadleuaeth yn codi ymwybyddiaeth o afiechydon cronig.,health,4
408,408.0,Maer gymuned leol yn rhoi cymorth ir rhai syn byw ag afiechydon cronig.,health,4
409,409.0,Caiff bobl ag anableddau cymorth arbennig oddiwrth y gwasanaeth iechyd.,health,4
410,410.0,Roedd ystadegau yn dangos bod nifer o bobl yn dioddef or clefyd hwn.,health,4
411,411.0,Roedd y llywodraeth yn bwriadol i wneud iechyd pobl yn flaenorol.,health,4
412,412.0,Maer Cymdeithas Iechyd Meddwl yn rhoir gefnogaeth ir unigolion.,health,4
413,413.0,Bydd pobl ifanc yn dioddeu hunain wrth wneud ymarfer corff yn rheolaidd.,health,4
414,414.0,Byddairfeddyginiaeth newydd hon yn gallu helpu pobl ag afiechydon cronig.,health,4
415,415.0,Maer ymchwilyddion yn credu bod y gymuned leol yn chwarae rôl allweddol yn y frwydr yn erbyn HIV.,health,4
416,416.0,Byddair cystadleuaeth iechyd yn codi ymwybyddiaeth am aflonyddu.,health,4
417,417.0,Roedd ymweliad yfeddigion yn cynnal sesiynnau iechyd meddwl yn y gymuned.,health,4
418,418.0,Cafodd y clafdy yn Llanidloes ei agor yn swyddogol yn 1955.,health,4
419,419.0,Maer gymuned leol yn cefnogi prosiectau iechyd mental.,health,4
420,420.0,Roedd hin dioddef or afiechyd ers sawl blwyddyn cyn iddi farw.,health,4
421,421.0,Roedd y clafdy yn derbyn plant ifanc oedd yn dioddef or afiechyd.,health,4
422,422.0,Maer Rhydgoleg yn cynnal cystadleuaeth i godi arian ar gyfer ymchwil afiechyd.,health,4
423,423.0,"Yn ôl adroddiad diweddar, mae problemau iechyd yn dal i fod yn brif bwnc llesych.",health,4
424,424.0,Roedd hin gwneud gwaith ymchwil ar y berthynas rhwng bwyd ai effaith ar iechyd dyn.,health,4
425,425.0,Gellid defnyddio therapi lawenydd i wella iechyd meddwl.,health,4
426,426.0,"Pob blwyddyn, mae miloedd o bobl yn marw or afiechyd difrifol hwn.",health,4
427,427.0,Byddain well i ti gadwn iach trwy bori bwyd iach a chyflwyno ymarfer corff rheolaidd.,health,4
428,428.0,Maer rôl oi feddyginiaeth yn bwysig iawn yn y frwydr yn erbyn afiechydon.,health,4
429,429.0,Maer gymuned leol yn rhoi cymorth i bobl ag afiechydon cronig.,health,4
430,430.0,Byddair Feddygfa Gyffredinol yn rhoir gefnogaeth ir cleifion.,health,4
431,431.0,"Pob blwyddyn, mae miloedd o bobl yn cael eu heffeithio gan y clefyd hwn.",health,4
432,432.0,Byddair ymchwilydd yn astudior perthnasau rhwng bwyd ai effaith ar iechyd.,health,4
433,433.0,"Yn ôl ystadegau, mae tua 10% or boblogaeth yn dioddef o anhwylder.",health,4
434,434.0,Gallair gydnabyddiaeth oi chyfraniad iechyd fod yn bwysig iw iechyd.,health,4
435,435.0,Maer Achos Lles yn rhoi cyngor ar sut i gadw ich iechyd da.,health,4
436,436.0,Byddair Gymdeithas Afiechyd yn rhoir wybodaeth ir cyhoedd.,health,4
437,437.0,Byddain well i ti roir gorau ir sigaréts er mwyn iechyd da.,health,4
438,438.0,Byddair cystadleuaeth yn codi ymwybyddiaeth o bwysigrwydd iechyd mental.,health,4
439,439.0,"Yn ôl ystadegau, mae tua 70% o bobl yn dioddef or afiechyd hwn yn ddamweiniau.",health,4
440,440.0,Gellid defnyddio therapi lawenydd i drin anhwylder.,health,4
441,441.0,Maer gyngor meddygol yn awr yn dweud bod y feddyginiaeth hon yn dda ir afiechyd hwn.,health,4
442,442.0,"Pan fo problem iechyd yn codi, byddain well i chi fynd i weld meddyg yn gyflym.",health,4
443,443.0,Byddair gyfraith newydd yn helpu i wahodd afiechydon difrifol.,health,4
444,444.0,Roedd y cyfarfodydd iechyd yn rhoi cymorth i bobl ag problemau iechyd penodol.,health,4
445,445.0,Caiff ei alwn clefyd y 21ain ganrif oherwydd ei effaith ar iechyd.,health,4
446,446.0,Maer ymchwilydd hwn yn astudior modd maer afiechyd hwn yn effeithio ar y corff dynol.,health,4
447,447.0,Gellid defnyddio therapi lawenydd i drin salwch meddwl.,health,4
448,448.0,Maer ymchwilydd yn astudior effaith o afiechydon ar iechyd meddwl.,health,4
449,449.0,Maer sefydliad yn darparu cymorth i bobl ag afiechydon meddwol.,health,4
450,450.0,Roedd ymweliad yng Nghymru yn helpu i leihaur nifer o achosion o HIV.,health,4
451,451.0,Byddair ymdrech i wella iechyd pobl ifanc yn hanfodol erbyn hyn.,health,4
452,452.0,Ni allai neb ddim credu bod y symptomau hyn yn rhan or afiechyd hwn.,health,4
453,453.0,Rhaid i ni wneud iawn iechyd meddwl yn flaenyddiol iawn.,health,4
454,454.0,Byddai pobl ifanc yn gallu dod o hyd i gymorth meddygol os bydden nhwn agored i drafodaeth.,health,4
455,455.0,"Maer afiechyd hwn yn cael effaith ar y corff dynol, ac yn achosi problemau iechyd difrifol.",health,4
456,456.0,Roedd ymgyrch yn galw am waith i wella iechyd pobl ifanc.,health,4
457,457.0,Cafodd y rhan fwyafrif o bobl eu diagnosis or afiechyd hwn yn ôl.,health,4
458,458.0,Maer afiechyd yn dod yn fwy cyffredin wrth i bobl fynd yn hene.,health,4
459,459.0,Maer seilam hwn yn rhoir wybodaeth orau posibl am yr afiechyd hwn.,health,4
460,460.0,Gallai bwyd prydusach fod yn iacháu rhywfaint o salwch.,health,4
461,461.0,Roedd hin gorfodi i roir gorau iddi er mwyn cadwi iaith yn iach.,health,4
462,462.0,Byddair gyfundraeth yn helpu i greu polisi iechyd mwy cryf.,health,4
463,463.0,Maer ymchwilio yn dangos bod y-feddygiaeth yn well nar feddygaeth arall.,health,4
464,464.0,"Yn ôl ystadegau, maer nifer o achosion o ganser yn cynyddu bob blwyddyn.",health,4
465,465.0,Roedd ystyriaethau yn cael eu gwneud er mwyn sicrhau bod pobl yn derbyn triniaeth gywir.,health,4
466,466.0,Roedd ymweliad agosach yn cael ei wneud i sicrhau bod y claf yn derbyniol.,health,4
467,467.0,Byddairfedrinaeth yn helpu pobl i reoli eu pwysau au hymynydd.,health,4
468,468.0,Byddai moduron yn gallu helpu pobl i reoli eu pwysau corpur.,health,4
469,469.0,Gallair bwyd yn ein bydwyr yn peri problemau iechyd penodol.,health,4
470,470.0,Maer athrawon yn dysgu disgyblion am iechyd a llesiant.,health,4
471,471.0,Maer rhan fwyafrifol o afiechydon yn dod oherwydd diffyg maeth yn iach.,health,4
472,472.0,Maer prosiect iechyd yn ceisio rhoi cymorth i bobl ag afiechydon cronig.,health,4
473,473.0,Byddain well i chi gadwn iach os bydden nhwn cerdded mwy yn rheolaidd.,health,4
474,474.0,Maer Athro Jones yn awdur llyfr newydd ar iechyd plant bach.,health,4
475,475.0,Maer gymuned leol yn rhoi cymorth i bobl ag ansawdd iechyd gwael.,health,4
476,476.0,Gellid profi bod yfed llaeth yn rheoli pwysedd gwaed uchel.,health,4
477,477.0,Maer afiechyd hwn yn dod yn fwy cyffredin wrth i bobl fynd yn hŷn.,health,4
478,478.0,Byddai moduron yn gallu helpu pobl i reoli eu pwysau au iechyd.,health,4
479,479.0,Dyluniodd ymchwilydd iechyd newydd i roi cymorth i bobl ag ADHD.,health,4
480,480.0,Byddai pobl yn gallu gwneud mwy i warchod eu iechyd os bydden nhwn ystyriol am eu bwyd.,health,4
481,481.0,Maer rôl oi wneud hin bwytadwy yn hanfodol i gadw iechyd da.,health,4
482,482.0,Maer rhan fwyaf o aflonyddu yn dod or modd y mae pobl yn delifrou bwyd.,health,4
483,483.0,Maer sefydliad iechyd yn rhoi cymorth i bobl ag afiechydon mentawl.,health,4
484,484.0,Maer ymchwiliad hwn yn edrych ar y modd maer afiechyd hwn yn effeithio ar y corff dynol.,health,4
485,485.0,Maer adroddiad yn cwmpasur problemau iechyd syn wynebur gymuned.,health,4
486,486.0,Maer Cymdeithas Gwynfa yn cynnal gweithdai iechyd ir gymuned leol.,health,4
487,487.0,Maer llywodraeth yn bwriadu gostyngur nifer o farwolaethau or afiechyd.,health,4
488,488.0,Maer afiechyd yn perir un math o symptomau fel cur pen a thincian.,health,4
489,489.0,Cafodd y rhan fwyaf or cleifion eu diagnosisio or afiechyd hwn ynghanol oed.,health,4
490,490.0,"Yn ôl ystadegau diweddar, mae nifer y bobl syn dioddef or afiechyd hwn yn cynyddu bob blwyddyn.",health,4
491,491.0,Byddair ymdrech i leihau smyglo yn helpu i wella iechyd y cyhoedd.,health,4
492,492.0,Gofynnais iw-feddygwr am gyngor ar sut i reoli fy ngwaethdu.,health,4
493,493.0,Maer ffilm hon yn dangos sut mae pobl yn gallu gwella eu iechyd trwy newid eu harferion bwdin.,health,4
494,494.0,Maer Gymdeithas Iechyd Meddwl yn galw am gefnogaeth iw hymgyrch i wella iechyd meddwl.,health,4
495,495.0,Maer ymgyrch iechyd yn ceisio cryfhau ymwybyddiaeth am iechyd mental.,health,4
496,496.0,Maer gyfraith newydd yn mynnu iechyd pobl ifanc yn fwy o bwys.,health,4
497,497.0,Maer ymchwiliad yn edrych ar y cysylltiad rhwng bwyd a salwch.,health,4
498,498.0,Maer afiechyd yn gallu cael effaith ar ein hymor an hanfodoliaeth.,health,4
499,499.0,Cyfarfuodd y cantorion enwog yn y stiwdio recordio yn Llundain i-recordio albwm newydd.,entertainment,5
500,500.0,"Yn ystod y 1990au, bun perfformio yn rheolaidd ar BBC Radio Wales.",entertainment,5
501,501.0,"Yn y stôr drama, bur actor Ifan Huw Thomas yn chwarae rhan y prif gymeriad.",entertainment,5
502,502.0,"Yn ystod y 1960au, bu iddi fod yn aelod or grŵp merched, The Vernons Girls.",entertainment,5
503,503.0,Cafodd ei wahodd i berfformio yn y Royal Albert Hall yn Llundain yn 2015.,entertainment,5
504,504.0,"Cyflwynodd y DJ enwog setiau techno ir gwyl, ac fe wnaeth pobol ddawnsio drilio.",entertainment,5
505,505.0,"Cyflwynodd y grŵp comedi, Foiled, eu sioe newydd yn y comedy club.",entertainment,5
506,506.0,"Yn ystod y 1960au, bun rhan o grŵp jazz oedd yn perfformio yn nhai cwrcwl yn Lerpwl.",entertainment,5
507,507.0,Cafodd ei genedlaetholi yn un o brif gyfansoddwyr opera Gymraeg.,entertainment,5
508,508.0,"Yn ystod y 1930au, bun gweithredu yn y theatr gerdd, Savoy Theatre.",entertainment,5
509,509.0,"Cyflwynodd y DJ enwog, Chris Needs, raglen arbennig ar themar 80au yn y radio.",entertainment,5
510,510.0,"Bun rhan or criw cefnogol yn y sioe gerdd, Les Misérables.",entertainment,5
511,511.0,"Maer band yn adnabod am ei gân hit Gwin, Llefari a Mwg.",entertainment,5
512,512.0,"Lansiwyd apêl i gefnogir elusen, Children in Need, yn y DU.",entertainment,5
513,513.0,"Cafodd y sioe ei chyflwyno gan y DJ adnabyddus, Huw Stephens.",entertainment,5
514,514.0,"Maer sioe gerdd yn dod âi chanolfan i Gymru, lle bydd yn perfformio yn y Principality Stadium.",entertainment,5
515,515.0,"Yn ystod yr 1990au, cafodd y grŵp pop Caryl Parry Jones eu henwebu am wobr BBC Cymru.",entertainment,5
516,516.0,Mae Gŵyl Werin Cymru yn un or digwyddiadau mwya diddordeb yn y calendr cerddorol.,entertainment,5
517,517.0,"Cafodd ei ddilyn gan y grŵp pop Take That, ar cantorion Gary Barlow a Robbie Williams.",entertainment,5
518,518.0,Cafodd ei henwebu am Wobr BAFTA am ei waith yn y ffilm Hedd Wyn.,entertainment,5
519,519.0,"Cafodd ei ddilyn gan y grŵp roc, Feeder, yn ystod eu taith Ewropeaidd.",entertainment,5
520,520.0,"Bur cystadleuaeth cân yn dod i ben yn y theatr, gydar enillydd yn derbyn gwobr ariannol.",entertainment,5
521,521.0,Bydd hin rhyddhau albym newydd yn y flwyddyn nesaf.,entertainment,5
522,522.0,Bu iddi ennill cystadleuaeth cân ITV yn 2012.,entertainment,5
523,523.0,"Cyfarfuodd âi chariad yn ystod gwaith ar y ffilm, a chawsant briodi yn fuan wedyn.",entertainment,5
524,524.0,Mae llawer o gemau fideo yn cael eu creu er mwyn diddanu pobl ifanc.,entertainment,5
525,525.0,"Cafodd ei ddilyn gan y grŵp roc poblogaidd, Super Furry Animals, yn ystod eu taith flynyddol.",entertainment,5
526,526.0,"Yn y parc, bur tîm busking yn perfformio iw gwisgoedd.",entertainment,5
527,527.0,"Felly, cafodd y grŵp pop ei glywed yn fyd-eang.",entertainment,5
528,528.0,"Yn ôl y stori, bydd y actor, Matthew Rhys, yn chwarae rôl yn y drama newydd, The Crown.",entertainment,5
529,529.0,Bu iddi ennill cystadleuaeth cân BBC Cymru Wales yn 2008.,entertainment,5
530,530.0,"Yn ystod y 1970au, bu iddi fod yn un o brif leisiau y grwp pop Cymreig, Brotherhood of Man.",entertainment,5
531,531.0,"Cafodd y sioe deledu, Pobol y Cwm, ei hail-gomiadol yn y flwyddyn hon.",entertainment,5
532,532.0,Bydd y cystadleuaeth gerddoriaeth yn dod i ben yn fuan.,entertainment,5
533,533.0,Bun rhan o grŵp comedi oedd yn perfformio yn Sesiwn Fawr Dolgellau.,entertainment,5
534,534.0,Cyflwynodd y sioe gerdd yn y Royal Albert Hall yn Llundain.,entertainment,5
535,535.0,Mae llawer o bobl yn mwynhaur sioeau teledu realiti yn ystod yr haf.,entertainment,5
536,536.0,Bun perfformio mewn sioeau drama fel EastEnders a Casualty.,entertainment,5
537,537.0,"Bur band roc Gymraeg, Super Furry Animals, yn perfformio yn y festival Glastonbury eleni.",entertainment,5
538,538.0,"Bydd y sioe gerdd yn dod ag osodiad newydd ir theatr yn fuan, gyda chorws a chyfeiliant.",entertainment,5
539,539.0,Ymunodd hi â chastell Rocca albaidd yn y stôr llestri iddi greu cân poblogaidd.,entertainment,5
540,540.0,"Bu iddi gymryd rhan yn y ffilm Hollywood, Oceans Eleven, yn 2001.",entertainment,5
541,541.0,"Yn ystod yr 1960au, bun perfformio mewn sioeau cerdd yn Llundain.",entertainment,5
542,542.0,"Cafodd y bardd, Hedd Wyn, ei gofiain yn y Eisteddfod eleni.",entertainment,5
543,543.0,"Erbyn hyn, maer grŵp roc yn perfformio yn rhanbarth Cymru.",entertainment,5
544,544.0,Maer sioe gerdd yn dod âi chryfhau yn ôl ir theatr yn ystod wythnos olaf Ionawr.,entertainment,5
545,545.0,Lansiwyd cystadleuaeth newydd i ddarganfod talentau cerddorol ifanc yng Nghymru.,entertainment,5
546,546.0,"Er bod y rasio yn mynd i gael ei gymryd yn ddifrifol, mae hin dal i fod yn hwyl.",entertainment,5
547,547.0,"Yn ystod y 1940au, bun perfformio yn y theatr gerdd, Old Vic.",entertainment,5
548,548.0,"Bydd hin perfformio yn y theatr yn fuan, gyda cherddoriaeth gan y composer enwog, Gareth Glyn.",entertainment,5
549,549.0,"Bydd y bardd, Gillian Clarke, yn darllen ei cherddi yn y llyfrgell leol.",entertainment,5
550,550.0,"Yn ystod y 1960au, bu iddi fod yn un or cantorion mwya poblogaidd yn y DU.",entertainment,5
551,551.0,"Yn 2019, cafodd ei henwebu am Wobrau BAFTA Cymru am yr Actores Gorau.",entertainment,5
552,552.0,Bydd y ffilm newydd yn serennu Tom Hanks yn y prif ran.,entertainment,5
553,553.0,"Cyflwynodd y grŵp pop Cymraeg, Catatonia, albwm newydd yn y stondin recordiau lleol.",entertainment,5
554,554.0,"Cafodd y sioe ei chyflwyno gan y actores adnabyddus, Catherine Zeta-Jones.",entertainment,5
555,555.0,Manteisiais y sioe gerdd yn y West End Llundain.,entertainment,5
556,556.0,"Yn ystod y 1950au, bu iddi fod yn actores poblgedig yn y theatr yn Llundain.",entertainment,5
557,557.0,"Cafodd y ffilm Gymraeg olaf ei rhyddhau yn y sinema yn awr, ac maer adolygiadau yn arbennig o dda.",entertainment,5
558,558.0,"Mae llawer o gyfleoedd i wynton yn y byd o adloniant, o westend theatres i gigs roc yn yr awen.",entertainment,5
559,559.0,Bu iddi berfformio yn y Royal Albert Hall yn Llundain yn 2008.,entertainment,5
560,560.0,"Cafodd y sioe ei chyflwyno gan y actor adnabyddus, Rhys Ifans.",entertainment,5
561,561.0,"Cafodd ei ddilyn gan y grŵp roc Mud, ar cantorion Steve Marriott a Ronnie Lane.",entertainment,5
562,562.0,"Ymunodd âr grwp roc Cymreig, Catatonia, yn ystod y 1990au.",entertainment,5
563,563.0,"Yn ei chyfnod cynnar, roedd y DJ yn chwarae traciau hip hop yn y clwb nos.",entertainment,5
564,564.0,"Cafodd y ffilm animeiddi, Shaun the Sheep, ei rhyddhau yn y sinema.",entertainment,5
565,565.0,"Cyfarfuodd y grŵp, Catatonia, yn y stiwdio recordio yn Llundain.",entertainment,5
566,566.0,Maer actor yn adnabod am ei rôl yn y gyfres deledu poblogaidd Pobol y Cwm.,entertainment,5
567,567.0,"Yn ystod y 1970au, bun gweithredu yn y theatr gerdd, Shaftesbury Avenue.",entertainment,5
568,568.0,"Ymunodd â chwiorydd yn y sioe gerdd Gymraeg, Côr Meibion Llangollen, yn ystod wythnos y Gŵyl Fawr.",entertainment,5
569,569.0,Bydd y ffilm animeiddiedig newydd yn cael ei rhyddhau yn y sinema yn fuan.,entertainment,5
570,570.0,"Er ei bod y rôl yn un o brif actorion y ffilm, cafodd ei wahardd gan y cyfarwyddwr.",entertainment,5
571,571.0,Cyfarfuodd y castell uwchgyfeiriol gydai gilydd i greu ffilm animeiddiôn newydd.,entertainment,5
572,572.0,Bydd y sioe yn dod âi chyfnodoldeb yn y theatr yn fuan.,entertainment,5
573,573.0,"Yn ystod yr 1990au, bun perfformio mewn sioeau comedi fel Saturday Night Live a Mad TV.",entertainment,5
574,574.0,Cafodd ei henwebu am wobrau BAFTA yn 2020.,entertainment,5
575,575.0,Bun rhan o fand roc poblogaidd yn y 1970au ar 1980au.,entertainment,5
576,576.0,"Ymunodd y DJ enwog, Huw Stephens, âr sioe radio poblogaidd, BBC Introducing Wales.",entertainment,5
577,577.0,Cafodd ei genedlaetholi yn un o brif gyfansoddwyr theatr Gymraeg.,entertainment,5
578,578.0,"Er ein bod nin credu bod y sioe yn rhoi rhywbeth newydd ir genre, mae hin dal i fod yn dipyn o hwyl.",entertainment,5
579,579.0,"Cyflwynodd y DJ enwog, Chris Needs, raglen radio boblogaidd ar BBC Radio Wales.",entertainment,5
580,580.0,Bydd y rasio yn cychwyn yn fuan.,entertainment,5
581,581.0,"Yn ystod yr 1990au, bun rhan o grŵp comedi poblogaidd oedd yn perfformio ar draws Cymru.",entertainment,5
582,582.0,Cafodd ei wahodd i berfformio yn y Glastonbury Festival yn 2019.,entertainment,5
583,583.0,"Bun rhan or cast yn y sioe deledu poblogaidd, Pobol y Cwm.",entertainment,5
584,584.0,Cafodd ei benodi yn gyfarwyddwr crefyddol yn Eisteddfod Genedlaethol Cymru yn 2015.,entertainment,5
585,585.0,"Yn ystod yr 1950au, bun rhan o grŵp theatr oedd yn perfformio yn Nhŷ Theatr y Werin.",entertainment,5
586,586.0,"Cafodd y cyfarwyddwr ffilm, Marc Evans, ei enwebu am Oscar am ei waith diweddar.",entertainment,5
587,587.0,"Yn ystod yr 1990au, bu iddi gymryd rhan yn y sioe deledu poblogaidd, Pobol y Cwm.",entertainment,5
588,588.0,"Er ei bod y ffilm yn un or mwyaf poblogaidd erioed, ni fu iddi ennill unrhyw wobrau academi.",entertainment,5
589,589.0,"Er bod hin actores adnabyddus, ni fu iddi fod yn seren y ffilm honno.",entertainment,5
590,590.0,"Yn y clwb nos, bur DJ yn chwarae traciau newydd gan yr artistiaid hip-hop lleol.",entertainment,5
591,591.0,"Yn ystod y 1950au, bu iddi fod yn actores poblgedig yn y DU.",entertainment,5
592,592.0,"Cyfansoddodd y cyfansoddwr enwog, Karl Jenkins, gerddoriaeth oratorio newydd yn 2011.",entertainment,5
593,593.0,"Bydd y sioe, Doctor Who, yn dychwelyd ir teledu yn fuan.",entertainment,5
594,594.0,"Er bod hin adnabod am ei gwaith yn y diwydiant ffilm, mae hi hefyd yn actores theatr.",entertainment,5
595,595.0,"Yn ystod y 1950au, bun gweithredu yn y theatr gerdd, Broadway.",entertainment,5
596,596.0,"Yn ystod yr 1990au, cafodd y grŵp pop Caryl Parry Jones lwyddiant gydai albwm debut.",entertainment,5
597,597.0,"Er bod hin adnabod am ei gwaith yn y diwydiant teledu, mae hi hefyd yn actores talentog.",entertainment,5
598,598.0,"Yn ystod y 1960au, bun perfformio yn y clwb jazz, Ronnie Scotts.",entertainment,5
599,599.0,"Maer Himalaya yn cadwr record am y mynydd uchaf yn y byd, Mount Everest.",geography,6
600,600.0,Maer Afon Teifi yn llifo trwy Sir Aberteifi ac yn aberu yn Bae Ceredigion.,geography,6
601,601.0,Maer Amazon Rainforest yn Brasil yn cynnwys tua 30% or coedwig drofannol yn y byd.,geography,6
602,602.0,"Maer Sahara yn anialwch mwyaf y byd, yn cymryd lle yn Affrica ac yn mesur 9,400,000 km² o faint.",geography,6
603,603.0,"Ystyrir y Caspian Sea fel y llyn mwyaf yn y byd, ac maen lleoli yn Ewrasia.",geography,6
604,604.0,Ystyrir Madagascar fel ynys fwyaf Affrica.,geography,6
605,605.0,"Maer Iwerddon yn cynnwys tri phrif ynys: Éire, Mannin, a Bretania Fawr.",geography,6
606,606.0,"Ystyrir Taiwan fel ynys oddi ar benrhyn Asia, ac maen mesur 245 kilomedr o hyd a 145 kilomedr o led.",geography,6
607,607.0,Maer Himalaya yn gadwyn mynyddoedd uchaf y byd.,geography,6
608,608.0,"Rhennir y Caribea yn dair rhanbarth: y Bahamas, Antilles, ar West Indies.",geography,6
609,609.0,"Lleolir Ynysoedd Galapagos yn nwyrain Ecuador, ac maen cynnwys tua 50 ynys wahanol.",geography,6
610,610.0,Mae Afon Tigris yn un o afonydd hirsefyllaf y byd.,geography,6
611,611.0,Maer Iwerddon yn cynnwys pymtheg sir.,geography,6
612,612.0,Maer Atlas yn fynydd uchaf Moroco.,geography,6
613,613.0,"Lleolir y Parc Cenedlaethol Eryri yn nwyrain Cymru, ac maen cynnwys mynydd uchaf y wlad.",geography,6
614,614.0,"Ceir pedair prif gyfandir yn y byd: Asia, Affrica, America, ac Ewrop.",geography,6
615,615.0,Roedd y Sahara yn llai o faint nag heddiw yn ystod yr Oesoedd Iâ.,geography,6
616,616.0,Cafodd y ffin rhwng Ffrainc a Sbaen ei threfnu yn 1659.,geography,6
617,617.0,"Maer Mor Heddwch yn gorwedd yn nwyl Awstralia, yn ffinio â Queensland a New South Wales.",geography,6
618,618.0,Lleolir y Baltic Sea yn ngogledd-ddwyrain Ewrop.,geography,6
619,619.0,"Yn ôl pob tebyg, cafodd yr Himalaya eu creu pan darodd India yn doddi Asia flynyddoedd yn ôl.",geography,6
620,620.0,"Cafodd y gwladychu Ffrengig yn Algeria ei ddechrau yn 1830, pan gyrrodd y Ffrancwyr filwyr ir wlad.",geography,6
621,621.0,Ystyrir y Congo fel afon fwyaf Affrica.,geography,6
622,622.0,Ystyrir Ynysoedd Galapagos fel un or mannau mwyaf diddordeb yn y byd o ran bioamrywiaeth.,geography,6
623,623.0,Maer Andes yn gadwyn mynyddoedd uchaf De America.,geography,6
624,624.0,"Lleolir y mynydd uchaf yn Asia, Mount Everest, yn Nepal-Tibet ar y ffin rhwng India a Tsieina.",geography,6
625,625.0,"Lleolir Parc Cenedlaethol Eryri yn nwyrain Cymru, ac maen cynnwys mynydd uchaf Cymru, Yr Wyddfa.",geography,6
626,626.0,Byddair Arctig yn cael ei orchuddio gan rew yn ystod yr Oesoedd Iâ.,geography,6
627,627.0,Ystyrir Madagascar fel un or ynysoedd mwyaf diddordeb yn y byd o ran biodiversity.,geography,6
628,628.0,"Maer Ynysoedd Galapagos yn cynnwys 18 ynys wahanol, pob un yn cartref i rywogaethau endemig.",geography,6
629,629.0,"Ystyrir y môr Caspi yn boddir lleuchaf yn y byd, gydag uchter o 28 metr islawr lefel y môr.",geography,6
630,630.0,"Roedd y Ecuador yn cynnwys Quito, prifddinas y wlad.",geography,6
631,631.0,"Rhennir y Ddwyrain Agos yn dri rhanbarth: Anatolia, Mesopotamia, ar Levant.",geography,6
632,632.0,Maer Canoldir yn cynrychiolir rhanbarth naturiol yn America.,geography,6
633,633.0,Roedd y Carpathian Mountains yn ffurfio ffin rhwng Hwngari a Rwmania.,geography,6
634,634.0,"Maer Alpau yn gadwyn o fynyddoedd yn Ewrop, yn ymestyn or Eidal i Wgwria.",geography,6
635,635.0,"Yn ystod y cyfnod Rhewlifol, roedd crynodiadau o iâ yn cuddio bron y cyfan or Ddaear.",geography,6
636,636.0,"Maer Afon Amazonas yn llifo trwy Brasil, Periw, a Colombia cyn iddi gyrraedd y Môr Tawel.",geography,6
637,637.0,"Lleolir Madagascar yn Affrica, ac maen cynnwys tua 592,000 km² o dir.",geography,6
638,638.0,"Maer Môr Canoldir yn llai na 10% or Môr Tawel, ond maen cynnwys tua 40% or pysgota.",geography,6
639,639.0,"Maer Mississippi yn afon hiraf Gogledd America, ac maen cychwyn yn Lake Itasca.",geography,6
640,640.0,Maer Cambrian Mountains yn rhan o Ucheldiroedd Cymru.,geography,6
641,641.0,"Lleolir y copa uchaf yn Eryri, sef Yr Wyddfa, yn nwyrain Cymru.",geography,6
642,642.0,Maer Danube yn llifo trwy sawl gwlad yn Ewrop.,geography,6
643,643.0,Ystyrid y Sahara fel anialwch fwyaf y byd.,geography,6
644,644.0,Lleolir y Sinai Peninsula yn ne Egypt.,geography,6
645,645.0,Roedd y Cordillera yn ffurfio ffin rhweng Chile a Argentina.,geography,6
646,646.0,"Mae Afon Dyfi yn afon hiraf Ceredigion, ac maen cychwyn yn y Cambrian Mountains.",geography,6
647,647.0,Roedd y Everest yn cynnwys y copa uchaf yn y byd.,geography,6
648,648.0,"Yn ôl pob tebyg, cafodd y Ddaear ei chrechu yn ystod y cyfnod Cryogenig.",geography,6
649,649.0,Ystyrid y Gobi fel anialwch yn Mongolia a Tsieina.,geography,6
650,650.0,"Lleolir y Sahara yn Affrica, ac maen desert mwyaf y byd.",geography,6
651,651.0,"Maer Atlas yn gadarnler byd, ac maen cynnwys mapiau o wledydd a chynefinebau eraill.",geography,6
652,652.0,Maer Euphrates yn llifo trwy Irac a Syria.,geography,6
653,653.0,Maer Môr Canoldir yn cysylltur Môr Aegeaidd ar Môr Adriatig.,geography,6
654,654.0,"Lleolir y ddinas fwyaf yn Ne Zealand, Auckland, ar ynys y Gogledd.",geography,6
655,655.0,"Yn ôl pob tebyg, cafodd y Ddaear ei threfnu yn ystod y cyfnod Hadean.",geography,6
656,656.0,"Maer Môr Baltig yn llai na 200,000 km² o faint ac yn ffinio â Sweden, Denmarc, a Pholonia.",geography,6
657,657.0,Cafodd y Sahara ei galwn Anialwch Mawr Affrica oherwydd ei maint enfawr.,geography,6
658,658.0,Maer Amazonas yn afon fwyaf De America.,geography,6
659,659.0,Lleolir Parc Cenedlaethol Eryri yn nw yng ngogledd-orllewin Cymru.,geography,6
660,660.0,"Lleolir y Galapagos Islands yn Nhwrceinion, ac maen adnabyddus am ei rywogaethau unigryw.",geography,6
661,661.0,"Yn ystod y cyfnod Paleozoic, roedd y Ddaear yn rhan o supergyfandir Pangaea.",geography,6
662,662.0,Maer Môr Canoldir yn cynrychiolir rhanbarth mwyaf o Gymru.,geography,6
663,663.0,"Rhennir y Dwyrain Pell yn tri rhanbarth: China, Japan, a Korea.",geography,6
664,664.0,"Lleolir yr Andes yn Ne America, ac maent yn ymylur Môr Tawel oddi ar y gorllewin.",geography,6
665,665.0,"Roedd y Desert Mojave yn cynnwys 50,000 o sq mi o dir sych.",geography,6
666,666.0,"Maer Atlas yn cynnwys mapiau o bob cwmwd o Gymru, yn dangos afonydd, bryniau a chymunedau.",geography,6
667,667.0,"Maer Dwyrain Asia yn cynnwys China, Japan, a Korea.",geography,6
668,668.0,"Maer Iwerddon yn cynnwys dri thalaith, sef Connacht, Leinster, a Munster.",geography,6
669,669.0,Maer Atlas yn gadwyn mynyddoedd yn Ngogledd Affrica.,geography,6
670,670.0,Maer Môr Canoldir yn llai na 10% o gyfanswm arwynebedd y môr.,geography,6
671,671.0,"Maer Amazon yn afon hiraf De America, ac maen cychwyn yn y Andes.",geography,6
672,672.0,Maer Atlas yn gadarnler Mynyddoedd Atlas yn Morocco.,geography,6
673,673.0,"Maer Himalaya yn gadwyn o fynyddoedd uchaf yn y byd, ac yn ymestyn o Nepal i Bhwtan.",geography,6
674,674.0,Maer Congo Basin yn cynnwys 13% o goedwig law tropaidd y byd.,geography,6
675,675.0,Ystyrir Ynysoedd Hebridean fel un or mannau mwya harddwch yn y byd.,geography,6
676,676.0,"Maer Dyfi yn afon yn nwyl Gwynedd, yn cychwyn yn Llyn Tegid ac yn aberu yn Bae Cardigan.",geography,6
677,677.0,"Maer môr Caspi yn ffinio â Iran, Azerbaijan, a Kazakhstan.",geography,6
678,678.0,"Maer Alpau yn mynd trwy Ffrainc, Swistir, ar Eidal.",geography,6
679,679.0,Maer Danube yn afon fwyaf Ewrop.,geography,6
680,680.0,"Maer Alpau yn cadwyn o fynyddoedd yn Ewrop, ac yn ymestyn o Ffrainc i Wlad Pwlgaria.",geography,6
681,681.0,"Maer Iwerddon yn cynnwys tri chanolfan poblogaidd: Dulyn, Corcaigh a Gaillimh.",geography,6
682,682.0,Maer Galapagos Islands yn cynnwys 19 o ynysydd.,geography,6
683,683.0,"Ceir pymtheg gwlad yn Affrica, pob un yn meddu bywyd gwyllt gwahanol.",geography,6
684,684.0,"Ceir tri phrif afon yn Siberia, sef Afon Ob, Afon Yenisei, a Chulym River.",geography,6
685,685.0,Lleolir y Philippines yn ne-ddwyrain Asia.,geography,6
686,686.0,Credir bod y Bedd Gelert yn Llanbedr yn perthyn ir 12g.,geography,6
687,687.0,Mae Afon Tigris yn llifo trwy Iraq a Thwrci cyn iddi gyrraedd y Môr Caspi.,geography,6
688,688.0,"Ceir pedair prif ffrwd yn Afon Dyfi, sef Afon Cerist, Afon Cedron, Afon Dwynant, a Chwm Hengwm.",geography,6
689,689.0,"Ceir pedair prif ffrwd yn Asia: Afon Yangtze, Afon Huang He, Afon Amur, ac Afon Mekong.",geography,6
690,690.0,"Ceir pymtheg gwlad yn Affrica, ac mae pob un ohonynt yn wahanol iawn.",geography,6
691,691.0,Caiff y môr ei dylanwadu gan y gwynt ar llanw.,geography,6
692,692.0,"Ceir pedair prif ddyfrnant yn Asia: Siberia, Caspian, Indus, a Yangtze.",geography,6
693,693.0,"Ystyrir y Fforest Dwgsant yn un or coediwch mwyaf yn y byd, gyda dros 300,000 km² o faint.",geography,6
694,694.0,"Maer Amazonas yn afon hiraf De America, ac yn llifo trwy Brasil, Colombia a Periw.",geography,6
695,695.0,Maer Môr Baltig yn cysylltur Môr Nadolig ar Môr Wynt.,geography,6
696,696.0,"Maer Caucasus yn ffinio â Georgia, Azerbaijan, a Rwsia.",geography,6
697,697.0,"Maer Afon Nile yn afon hiraf y byd, yn mesur 6,695 km o hyd ac yn llifo trwy deg gwlad.",geography,6
698,698.0,Maer Donau yn ffinio â Sawdi Arabia a Yemen.,geography,6
0,,"Mae'r chwaraewr yn dysgu sgiliau newydd ac yn gwella'u hanfodiaeth.
Roedd hi'n wahoddiadol iawn i weld y chwaraewyr yn cystadlu yn y gemau Olympaidd.
Mae'r pêl-droed yn gêm boblogaidd iawn yn y DU, ac mae miloedd o bobl yn dod i wylio'r gemau.
Mae'r hyfforddwyr yn dysgu'r chwaraewyr sut i chwarae'r gêm yn ddeheuol.
Gan fod y gemau yn dod i ben, roeddwn i yn teimlo'n nerfus yn fy mbron.
Mae'r IAU yn gweld ymweliad â'r gemau yn ôl troedio.",sports,3
1,,"Yn Unol Daleithiau America, mae sawl o gerbydres bus yn dod â chwi i'r mannau petaist ti eisiau mynd iddyn nhw.",travel,1
2,,"Rhai o'r mannau mwya cyfarwydd yn y byd i dwristaid yw Paris, Tokyo a New York.",travel,1
3,,"Bydd y sioe gerddoriaeth yn cael ei chyflwyno gan y grwp pop Cymreig, Llwybr Llaes.",entertainment,5
4,,"Bydd pob math o afiechyd yn dod â'i broblemau ei hun, er enghraifft, mae afiechyd Parkinson yn gallu achosi shakiness, crychglosgi, a phroblemâu cerdded.",health,4
5,,Bydd poblogaiddrwydd y robotiaid yn cynyddu yn gyflym yn ystod y blynyddoedd nesaf.,science/technology,0
6,,"Mae Afon Amazonas yn afon fwyaf America, ac yn cyfanswm yn mesur pawr 6,400 km o hyd.",geography,6
7,,Lansiwyd ymgyrch i gwyno'r achos o blaid democratiaeth uniongyrchol ym Mhrydain Fawr.,politics,2
8,,"Yn ôl ystadegaeth, mae tua 90% o wybodaeth wedi'u creu ers 2000; mae hyn yn dangos pa mor gyflym y mae gwybodaeth yn tyfu.",science/technology,0
9,,"Mae'r iaith yn chwarae rôl bwysig yn nhadau pobl i ddeall eu hathrawiaeth iechyd.
Rhoi'r iaith yn ôl i'r pobl yw'r cam cyntaf tuag at iechyd gwell.
Mae'r Gymru yn mynd i'r afael yn erbyn y cleifio a salwch meddal.
Pam fod pobl yn methu â chwarae eu rôl yn iawn yn y frwydrainc iechyd?
Gofynnodd y Llywodraeth am raglen iechyd i helpu pobl i reoli eu pwysedd.
Creu cynllun iechyd cenedlaethol newydd yw'r targed i ni.",health,4
10,,Byddai'n well i ni weld llywodraeth leol yn gwneud penderfyniadau yn lle bod yn dibynnu ar Lundain.,politics,2
11,,"Oherwydd problemau iechyd, bu raid iddi roi'r gorau i chwarae tennis yn 2003, ond parhaodd i fod yn sylfaenydd i'r chwaraewyr ifanc.",sports,3
12,,Mae dwy ranbarth naturiol yn Mongolia: y steppe a'r montane. Ymhlith y steppe ceir gwastatiroedd agored a choedwigau bychain.,geography,6
13,,"Mae'r polisi yn dweud fod angen i ni roi mwy o arian i mewn i'r gwasanaeth iechyd, ond nid yw'r arian yn dod agos at gefnogi'r staff.",health,4
14,,"Mae'r actor Hollywood, Tom Hanks, yn dod i Gymru i gyflwyno'i ffilm newydd, 'Sully'.",entertainment,5
15,,"Mae'r cynhyrchu newydd o 'Hamlet' yn cael ei chyflwyno yn Theatr Genedlaethol Cymru, gydag actorion ifanc o Gymru yn serennu.",entertainment,5
16,,Pam na allwn ni fod yn llawenach wrth weld ymateb y llywodraeth i'w cheisiadau? Does dim byd yn well na gweld gwleidyddion yn gweithio gyda'u gilydd.,politics,2
17,,"Mae'r Andes yn mynyddoedd uchaf Americay, ac maent yn ymestyn am tua 7,000 km o'r Colombia i Chile.",geography,6
18,,"Rhwng 2015 a 2020, disgwyliodd poblogaeth Cymru iawn wynebu argyfwng iechyd newid yn sylweddol gan beri'r pandemig COVID-19.",health,4
19,,Cewch fwynhad o'r profiadau newydd pan fyddwch yn teithio i wahanol wledydd a chyfarfod â phobl newydd.,travel,1
20,,Cynyddodd ystyriaethau am y potensial i ddefnyddio technoleg solar i greu egni yn ddi-newid yn sgil problemau'amgylcheddol.,science/technology,0
21,,Gwelodd y dorf o bob ochr y wlad yn casglu yn y Maes Arena i wylio'r sioe gerdd.,entertainment,5
22,,"Yn ôl ystadegau diweddar, mae'r nifer o bleidlais sy'n cael eu harwanu yn etholiadau yn cynyddu bob blwyddyn.",politics,2
23,,"Cyfanswm arwynebedd y môr yw oddeutu 361 miliwn km², sef tua 71% o wynebedd y Ddaear.",geography,6
24,,"Ymysg y chwaraewyr mwyaf talentog ydyw hi, ac roedd hi'n aelod o dîm pêl-droed cenedlaethol Merched Cymru ers talwm.",sports,3
25,,"Mi gododd sioe gerddoriaeth olaf Elton John yn Wembley Stadium yn llwyddiant enfawr, gydag ugeiniau o filoedd o bobl yn mynychu'r digwyddiad.",entertainment,5
26,,"Pan fyddwch chi'n teithio, cofiwch gadw eich bagiau yn saff ac yn ddiogel, ac i beidio â chwilota eich arian yn agored.",travel,1
27,,"Mewn ambell wlad, mae modd prynu tocyn teithio bws ar-lein cyn dod i'r wlad, er mwyn saviaru arian ac amser.",travel,1
28,,"Pwrpas y robotica yw creu peiriannau inteligen yn gallu gwneud penderfyniadau yn awtonom, heb angen rhaglen neu orchestriad dynol.",science/technology,0
29,,"Mae'r afiechyd yn peri pryder i lawer o bobl.
Mae pob dyn yw'n gallu rhoi help iddo'i hun i wella o afiechydon.
Rhaid inni fod yn ofalus o ein iechyd ac yn rhoi sylw i'w ryseitiau ac i'w bywyd personol.
O herwydd bod afiechydon yn dod yn fwy cyffredin, mae angen uwchradd o ofal iechyd yn ystod ein bywyd.
Mae llawer o bobl yn methu â rhoi sylw i'w iechyd ac maent yn dioddef o afiechydon cronig.
Lleihau'r pwysau ar ein hymoroliaeth yw'r ffordd orau i gadw ein iechyd da.",health,4
30,,"Gogledd-orllewin Ewrop yw lleoliad Ynysoedd Prydain, sy'n cynnwys Ynysoedd Prydain Fawr, Iwerddon, a nifer o ynysoedd llai.",geography,6
31,,"Defnyddir y syniad o 'microsgop' i ddisgrifio offeryn i weld pethau bach iawn, megis cellabau a molecylau.",science/technology,0
32,,Roedd hi'n rhaid iddi dreulio wythnosau lawer yn ystod ei hymor i osgoi problemau anafiadu gydag aflonyddod yn ei choes.,sports,3
33,,"Pob blwyddyn, mae miloedd o bobl yn colli eu bywydau oherwydd diffygion iechyd.",health,4
34,,Rhai teithwyr sy'n mynd i wledydd estron yn penderfynu gwneud pob cam wrth iddynt fynd at ei gilydd.,travel,1
35,,"Ceisiwyd sylfaen y rhaglen hon i roi cyfle i bobl ifANC geni esboniad manwl o'u hymchweliadau, ac i ddatgelu'r posibilrwydd o'i defnyddio fel rhywbeth o werth.",science/technology,0
36,,"Roedd hi'n flwyddyn wych i Gymru yn y byd pêl-droed, gan iddynt gyflawni uchafbwynt yn rowndiau cwcwrter finâl y Byd.",sports,3
37,,"Oherwydd bod yr iaith Gymraeg yn iaith leiafrifoedd, mae'n bosibl bod problemâu wrth siarad agos â thraveilio.",travel,1
38,,"Mae pobl ifanc yn hoffi mynd ar taith er mwyn cael profiadau newydd a chyfarfod â phobl eraill.
Teithio yw'r ffordd orau i ddysgu am wahanol ddiwylliannau a'u traddodiadau.
Cewch chi fwynhad y pumed tymor o fis Awst hyd at fis Medi?
Pam na'i chymru ein taith nesaf i Gymru? Croeso i Gymru!
Rydw i'n credu bod taith yn rhoi'r cyfle i weld gwahanol leoedd a chwrdd â phobl newydd.
Mae taith yn rhoi'r cyfle i ddysgu am wahanol ddiwylliannau a'u traddodiadau.",travel,1
39,,Datganodd y Gweinidog Materion Cymdeithasol iddi weithredu yn erbyn pob camwedd yn erbyn pobl ifanc.,politics,2
40,,O fewn Patagonia mae'r siroedd Andes yn cwrdd â'r siroedd Pampas. Mae'r rhanbarth yn enwog am ei frynedd a'i cheudy.,geography,6
41,,Mae'r rhyddid yn dod â'i chantorion yn ôl i Gymru i gymryd rhan yn y gŵyl gerddoriaeth flynyddol.,entertainment,5
42,,"Gwelais i'r sioe deledu 'Pobol y Cwm' pan oeddwn i'n bach, ac rydw i dal yn caru'r cast a'r storiâu hoyw.",entertainment,5
43,,Mae'r cynhyrchiad o West Side Story yn mynd i fod yn un o'r sioeau mwyaf diddafarniol erioed yn theatr y Frenhinol yn Aberystwyth.,entertainment,5
44,,"Byddai'n well i chi chwilio am lety yn gyntaf, nes bod hi'n bosibl iawn iawn i ddod o hyd i lety braf a rhesymol.",travel,1
45,,"Roedd hi'n rhaid i mi fynd i'r stadiwm i weld y gemau, ac roedd yn dipyn o sbort!",sports,3
46,,Bu iechyd meddawl yn thema pwysicaf yn ystod y Rhyfel Byd Cyntaf ac roedd llawer o wybodaeth yn cael ei chyhoeddi yn gyhoeddus am y pwnc hwn.,health,4
47,,Mae llawer o bobl yn methu â chaniatau iechyd meddawl ac maent yn mynd yn ôl yn eu hymdreiddiadau o ran iechyd.,health,4
48,,"Pan fo'r amser yn dod i dwymawr teithio, does neb ddim yn meddwl am ystrydedd a chyflwr, ond yn hytrach am yr adveniwrs a'r anturiaethau.",travel,1
49,,"Mae'r RSPCA yn rhybuddio bod afiechydon anifeiliaid yn dod yn fwy cyffredin, ac yn galw ar bobl i wneud pob ymdrech i amddiffyn eu hanafiaid.",health,4
50,,"Gogledd Affrica yw'r rhanbarth mwyaf secasurol yn y byd, ac mae'n cynnwys Moroco, Algeria, Tunisia, Libya, ac Egypts.",geography,6
51,,Cafodd y cwbwl-geltaidd ei annerch yn y stadiwm newydd yn ninas Caerdydd.,sports,3
52,,"Mae cerdyn credyd yn ddefnyddiol pan fyddwch yn teithio tramor, ond cofiwch fod yn ofalus wrth ddefnyddio'r cerdyn.",travel,1
53,,Rhoedd ymchwilydd yn trafod effeithiolrwydd y feddyginiaeth newid i driniaeth yr afiechyd Alzheimer's ac roedd yn credu bod hi'n gallu helpu i wella'r cyflwr.,health,4
54,,"Bydd cwis rygbi newydd yn dod i'r fore yn ninasodd, dwi'n credu y bydd hwnnw'n llwyddiant.",sports,3
55,,Byddai'n well i ni weld mwy o waith tuag at greu cangen newydd o'r blaid lafur yn Nghymru.,politics,2
56,,"Yn y Carpathians, ceir mynyddoedd uchel yn Romania, Wcráin, a Slofacia, ac maent yn perthyn i'r Parthian Mountains yn Ewrop Canol.",geography,6
57,,"Byddai'n well i ni weld llywodraeth gefnogaethol yn hybuach ein democratiaeth, nid llywodraeth sy'n cadw pobl dan fonemen.",politics,2
58,,Cyhoeddodd Prif Weinidog Cymru fod yn angenrhäid i Gymru gael mwy o ryddid oddi wrth lywodraeth Westminster.,politics,2
59,,"O fewn y categorïau hinsawdd, ceir sawl math o ecosystemau gwahanol, megis coetir, steppe, a deserts.",geography,6
60,,"Yn ôl geografiwr, mae hiwmor y tir yn chwarae rôle pwysig yn natrol y byd.",geography,6
61,,"Pan fo gyrfaeogwr iechyd yn dadansoddi symptomau cleient, mae angen iddo weld patrwm penodol neu dueddiant arbennig sy'n dangos bod something o'i le yn y modd.",health,4
62,,"Erbyn hyn, mae hi'n chwarae dros dîm rygbi merched Cymru, ac mae wedi cynrychioli Cymru yn Nhachwedd Rygbi Merched y Byd.",sports,3
63,,"Pam na all unrhyw un ddilyn y cyngor iechyd yma, a'i helpu i gadw eu hymor yn iach?",health,4
64,,Datblygwyr meddalwedd yw'r rhai sy'n creu'r meddalwoldt i reoli a chyfarwyddo systemau cyfrifiadol.,science/technology,0
65,,"Ymhlith y lleoedd uchaf yn y byd mae Mynydd Everest yn Nepal, Kilimanjaro yn Tanzania, a Mont Blanc yn Ffrainc.",geography,6
66,,"Bu'r rasio realiti TV yn dod i ben wythnos diwethaf, gyda'r enillydd yn derbyn gwobr ariannol o £10,000.",entertainment,5
67,,"Mae'r Atlas, mynydd uchaf Morocco, yn codi i 4,167 metr uwchben lefel y môr.",geography,6
68,,Cafodd y tîm rygbi cenedlaethol Gymreig ei orchfygu yn erbyn Iwerddon yn ystod Pencampwriaeth y Chwe Gwlad.,sports,3
69,,Cawsant fod yn rownd derfynol Pencampwriaeth Rygbi'r Byd yn Tokyo yn 2019.,sports,3
70,,"Pan fo'n teithio, mae'n bwysig iawn i'r teithiwr gadw'r petau a'r dogfennau yn ddiogel, a chodw'r manylion perchnogol yn gyfrifoldeb.",travel,1
71,,"Lleucu dynnod yn awr, mae'r Aifft yn cynnwys dwy ran wahanol: y Gogledd a'r De.",geography,6
72,,"Yn ystod y chweched ganrif cyn Crist, datblygodd Babylonwyr systemau rhifeddol newydd iawn, a'u defnyddio i gyfrifo tywydd a chyfyngiadau seryddol.",science/technology,0
73,,"Bu'r actor Hollywood Michael Douglas yn ymweld â Chastell Caernarfon erbyn hyn, ac mi wnaeth ei wraig Catherine Zeta-Jones gymryd rôl yn y drama HBO 'Feud'.",entertainment,5
74,,Bydd ystyriaethau iechyd yn bwysicach na bynnag erbyn hyn oherwydd bod ystadegau yn dangos bod problemau iechyd yn cynyddu yn gyflym.,health,4
75,,"Oherwydd bod iechyd dynoliaid yn agos atafael â’i gilydd, mae angen rhoi sylw i'r berthynas rhwng iechyd a newidynnau amgylcheddol.",health,4
76,,"Mae sylfaenioldeb moleciylaidd yn astudio'r strwythur a'r swyddogaeth o fewnlif moleciwlau, er mwyn deall sut maent yn gweithio a'u hymchwilio.",science/technology,0
77,,"Gwyddoniaeth yw'r astudiaeth o natur a'i chyfansoddiadau, ac fel hyn mae hi'n cwmpasu'r holl faes o wybodaeth.",science/technology,0
78,,Rhai o'u cyn-achosiwn yn galw am Gymru i fod yn wlad annibynnol oddi wrth Brydain.,politics,2
79,,Mae'r Robotica yn faes o wyddoniaeth gymhwysol sy'n delwig i greu robotiaid inteligienciaidd.,science/technology,0
80,,"Chwaraeodd ei gemau olaf yn Stadiwm Principality yn 2019, ac erbyn hynny roedd yn 37 oed.",sports,3
81,,Rhybuddiodd y Prif Weinidog fod angen cryfhau'r llywodraeth ganolog er mwyn delifio peryglon i sicrwydd cenedlaethol.,politics,2
82,,"Gwelir bod Cambria yn cynnwys tir isel yn bennaf, gydag ambell uchelfan yn ymyl y môr.",geography,6
83,,Gwaith maes yn bwysicach nag erioed yn ystod chwilio am wybodaeth newydd yn y gwyddorau naturiol.,science/technology,0
84,,Ystyriodd y Prif Weinidog newid rheolau'r Senedd i roi mwy o bwerau i'r Cynulliad Cenedlaethol.,politics,2
85,,"Mae'r sioe deledu, 'Pobol y Cwm', yn dod i ben yn 2023, ar ôl 45 mlynedd ar y golwg.",entertainment,5
86,,"Mae yna lawer o wahaniaethau cludiant yn y byd, ond does dim ond un math o gerbydlan a allwn ni ei defnyddio bob tro.",travel,1
87,,"O fewn Patagonia, mae'r tirwelltir yn agorol, ac yn cynnwys coetir, anialwch, a chorsywaeth.",geography,6
88,,"Yn ystod yr iaith, byddai'n well i deithwyr osgoi treuliadau drudioniadol ac amrywiadu eu hamserlen.",travel,1
89,,"Defnyddir robotica yn aml yn diwydiannau fel cynhyrchu cerbyd, adeiladu, a chynefin, lle mae angen rhywfaint o awtonomi.",science/technology,0
90,,"Mae teithio'n wych am ysbrydoliaeth ac am weld pethau newydd, ond mae hefyd yn gallu bod yn stresiol os nad ydych chi'n paratoi'n iawn.",travel,1
91,,Cynhaliwyd seminar yn y Senedd i drafod sut i wella'r system democrataidd yn Nghymru.,politics,2
92,,"Poblogaidd iawn oedd y sioe gerdd yn y Stadiwm Principality, roedd y tocynnau yn dod yn breintiol yn gyflym!",entertainment,5
93,,"Mae'r actor Hollywood, Tom Hanks, yn dod i Gymru i gyflwyno'i ffilm newydd.",entertainment,5
94,,"Rwy'n caru bod yn y theatr yn gwylio drama Gymraeg, mae'n wych i glywed yr iaith yn cael ei defnyddio mor grefftgar.",entertainment,5
95,,"Pob blwyddyn, mae miloedd o bobl yn teithio i wahanol wledydd i fwynhau'r Nadolig yn wahanol ffordd.",travel,1
96,,"Rhybuddir bod y sioe gerdd yn cynnwys themâu rhywioldeb a materion aeddfed, felly nid yw'n addas i blant dan 16 mlwydd.",entertainment,5
97,,"Oherwydd bod yr iaith Gymraeg yn rhan annatod o'n diwylliant, mae hi'n bwysig iawn i ni sicrhau bod pobl ifanc yn gallu mwynhau chwaraeon trwy gyfrwng y Gymraeg.",sports,3
98,,"Cyfaneddant y byd yw Asia, sy'n cynnwys tua 30% o arwynebedd y Ddaear.",geography,6
99,,Galwodd y Prif Weinidog am ddiffyg yn y system democrataidd sy'n rhagodi i Lywodraeth Cymru gymryd penderfyniadau effeithiol.,politics,2
100,,Mae anhwylderdeb yn broblem iechyd sylfaenol yn y Gymru gyfoes ac mae angen i ni weithredu yn gyflym i leihau'r problemau hyn.,health,4
101,,Mae'r Blaid Lafur yn galw am ddatganiad i wahardd y defnydd o rygbi fel symbol gwleidyddol yn y Senedd.,politics,2
102,,"Mae daearyddiaeth yn astudio'r Ddaear a'i phoblogaeth, ynghyd â'u hamgylchedd naturiol a chanolfannau dynol.",geography,6
103,,"Byddai'n syniad da iawn i ni fel gwlad i gymru'r UE, meddai Plaid Cymru.",politics,2
104,,Bu'n flin ol-rugby iawn gen i weld bod y Prif Weinidog wedi cytuno i roi £2bn i gefnogi diwydiant y grefft.,politics,2
105,,"Mae Afon Amazonas yn afon hiraf De America, ac yn cyflwyno tua 20% o dwr croyw y byd.",geography,6
106,,"Ceir sawl llyn yn Nenetsia, ac maent yn cynnal pysgota o bwys, yn ogystal ag amaethyddiaeth a chwareli coedwig.",geography,6
107,,Bydd hi’n bwytent o waith i wella’r iechyd ac i roi cefnogaeth i bobl ifanc a phobl yn hŷn.,health,4
108,,Defnyddir technoleg lifogyfyddiol i greu meddalwedd a chalediadodd yn arbennig i'w ddefnyddio mewn robotiaid a chyfrifiaduron.,science/technology,0
109,,"Rhai pobl yn galluogi bod y bleidlais yn cael effaith ar y canlyniad, er bod eraill yn credu mai dim ond ystyriaeth gyfalafawl oedd.",politics,2
110,,"Rhai o'r lleoedd mwyaf diddordeb yw'r Aifft, yr India, a Singapôr, lle gallwn ni weld treftadaeth a chymruedd glymau gwahanol.",travel,1
111,,Mae sylfaen ymchwil yn hanfodol i ddatblygiadau newydd yn y maes gwyddoniaeth.,science/technology,0
112,,"Mae'r Atlas yn cynnwys mapiau o wahanol rannau o'r byd, gan gynnwys Affrica, Asia, Ewrop, Gogledd America, De America ac Awstralia.",geography,6
113,,"Galwodd Plaid Cymru am ddatgelu papurau cudd y llywodraeth yn ymwneud â'r argyfwng brexit, ac fe'u galwodd ""yn flaenu"" gan y Prif Weinidog Boris Johnson.",politics,2
114,,Mae'r cyn-prif weinidog wedi dweud bod hi'n angenrhâi bod y llywodraeth yn rhoi mwy o arian i Gyfoeth Naturiol Cymru.,politics,2
115,,Bydd yr haflonydd yn dod ag eich atgofion yn ôl wrth gerdded trwy'r dreftadaeth hanesyddol honno.,travel,1
116,,"Mae'r iechyd yn mynd i'r afael yn erbyn y cleifio a salwch meddal.
Gofynnodd y Pumed Gwaeddech am raglen iechyd i helpu pobl i reoli eu pwysedd.
Creu cynllun iechyd cenedlaethol newydd yw'r targed i ni.
Mae'r Rheswm yn mynnu creu cynllun iechyd cenedlaethol newydd.
Chwalu'r tabŵ yn erbyn iechyd meddwl yw'r her i ni.
Pam fod pobl yn methu â chwarae eu rôl yn iawn yn y frwydrainc iechyd?",health,4
117,,Bydd hi'n bwysig iawn i'ch timau chwarae yn dda yn ystod y tymor hwn ac i chi ennill pob gêm posibl.,sports,3
118,,"Gwelodd y cylchgrawn Timeout fod y ddrama hon yn un o'r top 10 yn y DU, ac mi glywsom ni amdani yn y BBC Radio Wales.",entertainment,5
119,,"Credir bod y Ddaear wedi'i lleoli yn rhanbarth M24 o Galactica, sef galaeth yn perthyn i'r Llwybrau Llaes.",science/technology,0
120,,"Bydd y gwestai yn cwrdd â'i gilydd eto yn y sioe deledu poblogaidd, I'm a Celebrity... Get Me Out of Here!, yn ystod y tymor newydd.",entertainment,5
121,,"Yn ôl ystadegau, mae bron i 70% o bobl ifanc yn cymryd rhan yn y maes chwaraeon yn ystod eu hieuenctyd, ond does dim ond 13% ohonynt yn parhau i wneud hynny yn oedolion.",sports,3
122,,"Galwodd y Prif Weinidog Theresa May am ddechreu'r broses o dynnu'r DU allan o'r UE erbyn Mawrth 29, 2019.",politics,2
123,,Mae'r meddwl yn rhan annheglychwych o iechyd corfforol ac mae pwysigrwydd rhoi sylw i'w iechyd meddwl yn arbennig o bwysig yn ogystal ag iechyd corfforol.,health,4
124,,"Mae'r syniad o ""realiti estynedig"" yn dod yn fwy poblogaidd, sef creadigaeth o gyfres o ddamweiniau a lleoliadau sy'n peri'r un profiad i'r defnyddiwr ag eich bod yn byw ym myd real.",science/technology,0
125,,"Pan oedd Tony Blair yn Brif Weinidog, cafodd y Llywodraeth Brydeinig gytundeb â'r Unol Daleithiau i ryddhau carcharorion o Guantanamo Bay.",politics,2
126,,"Defnyddir robotiaid erbyn heddiw mewn sawl maes, o weithgareddau milwrol i wasanaethau cartref.",science/technology,0
127,,Cydnabyddodd y Prif Weinidog fod angen i lywodraethau cenedlaethol a chenedlaethol gydweithio i ddatrys problemau economaidd.,politics,2
128,,"Rhywogaeth gymharol newydd o rywogaethau ceudywoliaid yw'r Apterichtis, a geuir yn Affrica ac Asia.",geography,6
129,,Cafodd y Pumed Adran ei greu ym 1992 i geisio delifadu unrhyw waethau oddi wrth lywodraeth y DU.,politics,2
130,,"Gorwelir y mynyddoedd uchaf yn Asia, ac maent yn cynnwys mynyddoedd Himalaya, Karakoram, a Tian Shan.",geography,6
131,,"Mae'r Cydffederasiwn Cleifion Cymru yn rhoi llais i gleifion a'u teuluoedd ac yn hybu'r gwaith o ran iechyd.
Pam na allwn ni weld ein gorfodaeth fel cyfle i wneud rhywbeth yn wahanol ac yn well?
Mae'r cystadleuaeth honno yn rhoi cyfleoedd i nyrsys a chyfarwyddwyr iechyd i ddatblygu sgiliau newydd a chynyddu'u profiad yn y maes hwn.",health,4
132,,"Gallai bodloni pwyslais ar yr amgylchedd drochi yn y dwyrain, ond mae angen edrych ar y cyfanfel iawn o'r cwestiwn.",geography,6
133,,Mae'r sioe gerddoriaeth yn mynd i fod yn un o'r uchafbwyntiau pwysicaf yn y calendr entertainment yma.,entertainment,5
134,,Pleidleisiau yn erbyn y llywodraeth ymaflyd yn Lloegr yn codi pryderon am sefydliadau democrataidd y DU.,politics,2
135,,"Mae'r chwaraewr yn mynd i'r maes chwarae i roi'i waered yn y gêm.
Mae'r IAU yn gweld ymweliad â'r gemau yn ôl troedio.
Roedd hi'n wahoddiadol iawn i weld y chwaraewyr yn cystadlu yn y gemau Olympaidd.
Mae pobl yn dod o bob rhan o'r wlad i wylio'r gemau yn y stadiwm.
Mae'r hyfforddwyr yn dysgu'r chwaraewyr sut i chwarae'r gêm yn ddeheuol.
Gan fod y gemau yn dod i ben, roeddwn i yn teimlo'n nerfus yn fy mbron.",sports,3
136,,Rhai gwleidyddion sy'n credu bod angen deddf newydd i wahodd pobl ifANC i bleidleisio yn etholiadau seneddol.,politics,2
137,,"Bydd Aelod Seneddol Caerdydd, Stephen Doughty, yn galw am ddatganiad oddi wrth Lywodraeth San Steffan ynghylch y sefyllfa yn Syria.",politics,2
138,,"Bydd y cyngerdd yn cael ei glywed ar BBC Radio Cymru nos Lun nesa', ac mi fedri di weld pobl fel Bryn Terfel a Katherine Jenkins yn perfformio.",entertainment,5
139,,Mae meddyginiaeth newydd yn dod i'r afael yn gyflym i drin anhwylderau megis Alzheimer's a Parkinson's.,health,4
140,,"Datganodd y Dirprwy Wobrwyddlwr bod yn ""bwriadol"" o ran gwneud penderfyniad i wahardd ymgyrchu etholiadol yn ystod y cyfnod etholiadol nesaf.",politics,2
141,,Rywogaeth o senedd-dro lywodraeth a gaiff ei chynnal yn y DU erbyn hyn. Byddai'n cynnwys aelodau o'r Cabinet a'r Senedd.,politics,2
142,,"Gofynnais i miwsigwr pêl-droed bodolaidd ail-greu paentiadau lliwgar oddi ar wyneb y Ddaear, er mwyn dangos sut mae'r atmosffer yn effeithio ar olau'r haul.",science/technology,0
143,,"Bydd hi'n cystadleuaeth agos yn ystod Pencampwriaeth Rygbi'r Byd, gydag Argentina, Ffrainc a Georgia yn cymryd rhan hefyd.",sports,3
144,,"Chwilod yr wyf yn teithio drwy Asia, roeddwn yn sylwi fod pobl yn defnyddio cludiant cyhoeddus yn aml.",travel,1
145,,"Mae'r Atlas yn darlunio'r byd fel lleoliad daearyddol, gan ddarlunio ffiniau gwladwriaethol a chenedlaethol.",geography,6
146,,"Yn ogystal â chwarae rôl allweddol yn nhystorfeddiant, mae'r galwadau iechyd hefyd yn chwarae rôl pwysig yn ein bywydau bob dydd.",health,4
147,,"Mae yna lawer o leoedd diddordeb yn y byd, ac mi fuaswn i'n falch o glywed am yr helyntion a'u hamgylcheddau.",travel,1
148,,"Ar ôl dwy flynedd o waith, mae'r grŵp roc Cymreig Bullet for My Valentine yn rhyddhau albwm newydd, 'Venom'.",entertainment,5
149,,Gwelodd y seryddwr o'r enw Galileo Galilei bod y Lleuad yn cylchu o gwmpas y Ddaear yn hytrach nag yn sefyll still.,science/technology,0
150,,"Cynhelir Pencampwriaeth Rygbi Ewrop yn flynyddol, ac mae'n cynnwys timau o wledydd megis Lloegr, Ffrainc, Iwerddon a'r Alban.",sports,3
151,,Byddai modd iawn i rywu'r afiechydon cronig hyn i fod yn well oddrychfanol os bydden nhw'n derbyn triniaeth gydweddol.,health,4
152,,"Bydd y gemau yn cymryd lle yn Stadiwm Principality yn Nghaerdydd, ac yn dwyn toriad i'r siarpau yn ystod wythnos olaf Medi.",sports,3
153,,"Yn ystod y 1960au, datblygodd NASA system gyflwyno sylfaenol i reoli lluosogrwydd cerbydau ofod.",science/technology,0
154,,"Chwaraeodd Tim Henman yn Wimbledom sawl tro, ond methodd a oresgyn y dwrn.",sports,3
155,,"Rhai pobl sy'n mynd ar daith yn ddi-baid, ond does dim syniad beth fydd yn digwydd yn ystod y daith honno.",travel,1
156,,"Mae'r AS, Mark Williams, wedi galw am ymchwiliad i ddarlledu'r llosgiadau mawr yn erbyn y llywodraeth leol.",politics,2
157,,"Oherwydd, bu'n rhaid i mi dorri fy ngwaith iawn a dod â'r pêl i lawr, a'i throi'n ôl i'r cwb.",sports,3
158,,"Mae'r cystadleuaeth yn dod â thlodiannau anhrefn i'r athletwyr sy'n cystadlu.
Rhaid iddo fod yn ofalus iawn wrth ddewis pa glybiau i chwarae yn y tymor hwn.
Mae hi'n bwysicach na'r unwaith iawn i ni weld sgoriad uchel yn y gemau hyn.
Roedd yna fwriad i gadarnhau cwbwl newydd yn y tymor hwn, ond methoddodd hi.
Bydd hi'n bwysicach na'r unwaith iawn i ni weld sgoriad uchel yn y gemau hyn.
Poblogaidd yw'r chwaraeon yn India, ac mae pobl yn edmygu'r athletwyr sy'n cystadlu.",sports,3
159,,"Oherwydd bod yr ochr yn cryfhau, mae'n bosibl i ni weld mwy o wahaniaethau yn ysbrydoldeb pobl yn y dyfodol.",science/technology,0
160,,"Pam fod pobl yn methu â chwarae eu rôl yn iawn yn y frwydrainc iechyd?
Mae'r iaith yn chwarae rôl bwysig yn nhadau pobl i ddeall eu hathrawiaeth iechyd.
Nid oes dim problem iechyd yn rhyfelgyrchol nes bod pobl yn derbyn eu bod yn sâl.
Gofynnodd y Pumed Gwaeddech am raglen iechyd i helpu pobl i reoli eu pwysedd.
Mae'r Rheswm yn mynnu creu cynllun iechyd cenedlaethol newydd.
Chwalu'r tabŵ yn erbyn iechyd meddwl yw'r her i ni.",health,4
161,,Mae'r sefydliad heddwch yn dod â chwarae rôl pwysicach yn ystod cyfnodau o anhrefn politicaidd.,politics,2
162,,Cewch chi wybod beth yw'r trethedigaeth orau i chi wrth deithio? Dylech chi ddewis trethedigaeth sy'n cyfatebol i'ch angen ac i'ch buget.,travel,1
163,,"Er bod hi'n chwaraewr tennis dawn, doedd dim ond dau ddimensiwn iddi, sef gwanwyn a thic-a-tac, a dyna pam na allai hi oresgyn y dwrn.",sports,3
164,,Bydd pobl ifanc yn gallu cystadlu yn y categori hŷn yn ystod Pencampwriaeth Rasio Beic Cymru eleni.,sports,3
165,,"Bydd hi'n serennu yn y sioe gerdd newydd honno, sy'n dod agos at ein cartrefi erbyn hyn.",entertainment,5
166,,"Casglir ddata am newid hinsawdd drwy wybodaeth satelit a chrynodebau awyrennau, ac mae'r data honno'n helpu ni i ddeall effeithiolrwydd newid hinsawdd ar ecosystemau.",geography,6
167,,"Defnyddir ystadegau i ddarllen a chanfod patrymau yn y data, er mwyn dod o hyd i ddeductions a theorïau newydd.",science/technology,0
168,,"Bydd y grwp pop Cymreig, Yws Gwyn, yn perfformio yn y neuadd yn ystod Gŵyl Fawr Abertawe.",entertainment,5
169,,"Casglu data daearyddol yw'r broses o gasglu, storio a chategorïo data am leoliadau a pharthy oddi ar wyneb y Ddaear.",geography,6
170,,"Credir fod tua 350,000 o bobl yn Nghymru yn dioddef o'r clefyd diabetes, sef crynedd o faint y mwsg yn y gwaed.",health,4
171,,"Oherwydd bod ystadegau yn dangos bod dim ond 17% o ferched yn chwarae chwaraeon yn ysgol, mae angen iawn i ni wneud mwy i annog merched ifanc i gymryd rhan yn y maes hwn.",sports,3
172,,"Pan fo'i chwi'n gwneud taith, dylech fod yn awyddus i ddefnyddio'r offer i helpu teithwyr.",travel,1
173,,"Gall cientifficwyr ddefnyddio offer electron microsgop i weld pethau bach iawn, hyd at faint oleuniol.",science/technology,0
174,,"Mae'r Prydain yn mynd i'r afael yn erbyn y cleifio a salwch meddal.
Bu'r sebon yn peri'r un math o anhwylder i'r iechyd ag y mae'r tybaco yn ei beri.
Mae pobl yn dysgu am y risgiau iechyd penodol a wnâi'r sebon iddynt.
Rhoi'r iaith yn ôl i'r pobl yw'r cam cyntaf tuag at iechyd gwell.
Gwelliant oddrycholdeb pobl i ddimau'r iechyd yn fawr.
Dwi'n credu bod ymchwilio i'r iechyd yn hanfodol i gadw'r iechyd da.",health,4
175,,Mae'r Pumed Gyfraith yn mynnu rhoi'r hawl i bobl i reoli eu hochyd eu hunain a'u bywyd eu hunain.,health,4
176,,"Pan fo'r amser i deithio, cofiwch wahoddi'r tycar i'r maes awyr, os nad ydych yn siwr o faint o amser sydd ei angen i gyrchu'r adeilad.",travel,1
177,,"Mae'r ffilm newydd yn serennu Catherine Zeta-Jones, ac mae hi'n chwarae'r rôl o brif hyrfywraig ym myd y ffilm.",entertainment,5
178,,"Rywogaeth o deithio yw'r siwrnalistiaeth, sy'n rhoi'r cyfle i dreulio amser yn agos at natur a chymunedau lleol.",travel,1
179,,"Defnyddir technoleg laser erbyn hyn i gymryd delweddau uchel-ddetiau o wynebau planedau eraill, ac i ddatrys problemau peiriannyddol cweit.",science/technology,0
180,,"Bydd poblogaeth Cymru yn dod i adnabod agwedd newydd tuag at iechyd meddwl erbyn diwedd y ddeceniwm nesaf, yn ôl barn y Gwasanaeth Iechyd Gwladol.",health,4
181,,"Mae'r rheilffordd yn darparu'r modur fwy cyflym a mwy cyfforddus o deithio, ac yn rhoi'r cyfle i weld y tirwedd o wylio.",travel,1
182,,"Oherwydd y peryglon posibl, dyle'r teithiwr fod yn ofalus wrth deithio i wledydd estron, ac yn cofio'i gymorth a'i wasanaethau.",travel,1
183,,"Efallai bod modd i chi arbed arian pan fo'i chwi'n gwneud taith, yn enwedig os ydych chi'n dod yn ôl o wledydd tramor.",travel,1
184,,"Arfbais y tir glaw, coetir a choedydd yw'r ecosystem mwyaf cyfoethog ar wyneb y Ddaear.",geography,6
185,,Bydd y DJ enwog 'Dj Tidy' yn chwarae set arbennig yn Y Klub yn ystod Noson Gwener.,entertainment,5
186,,Mae'n adeg i ni ddechrau trafod sut mae'r llywodraeth yn gallu gwella bywyd pobl Cymru.,politics,2
187,,"Rhwng 1885 a 1919, roedd Congo yn nifer o wladwriaethau bychain dan reolaeth brenin Leopold II o Wlad Belg.",geography,6
188,,Pleidleisiau yn erbyn y llywodraeth yw'r dull gorau i ni wahodd ein barn ohoni.,politics,2
189,,"Mae pob math o iechyd yn bwysig, ond mae iechyd meddyliol yn hanfodiol iawn.
Rhoi sylw i'w iechyd yw'r ffordd orau i osgoi problemau iechyd yn y dyfodol.
Mae angen uwchradd o ofal iechyd yn ystod ein bywyd.
Mae llawer o bobl yn dioddef o afiechydon cronig yn Nghymru.
Rhaid inni fod yn ofalus o ein iechyd ac yn rhoi sylw i'w ryseitiau ac i'w bywyd personol.
O herwydd bod afiechydon yn dod yn fwy cyffredin, mae angen uwchradd o ofal iechyd yn ystod ein bywyd.",health,4
190,,Bydd technoleg newidynnau yn caniatáu inni greu peiriannau bychan a galluoedd uwchraddedig.,science/technology,0
191,,"Pob blwyddyn, mae tua 2000 o bobl yn marw o'r clefyd hwn yn Gymru, sef bron dwywaith cystal â'r nifer o bobl sy'n marw o'r ffiws.",health,4
192,,"Erbyn heddiw, mae tua 20% o bobl Cymru yn perchen i banelunion trafferthu, sy'n rhoi'r cyfle iddynt deithio i leoedd pellennig heb angen ceisio am lety.",travel,1
193,,Cynyddodd y nifer o achosion o ganser ystadt yn ystod y pymtheg mlynedd diwethaf yn ôl adroddiadau.,health,4
194,,"Rydym ni'n edrych ymlaen at y sioe gerddoriaeth yn y stadiwm nos Iau, gyda'r grwp pop Cymreig, Catatonia, yn perfformio.",entertainment,5
195,,"Oherwydd bod y tywydd yn afan yn ystod y gaeaf, dylen ni roi pwyslais ar ddarparu'r offerennau arbennig hyn i deithwyr.",travel,1
196,,Roedd hi'n bencampwraig Prydain Fawr yn y ras 400 meter yn 2012 ac yn ail yn y ras 4x100 meter relay.,sports,3
197,,Mae ymchwilio i afiechydon yn helpu ni i ddeall pa mor bwysig yw cadwraeth iechyd da.,health,4
198,,Bu'n siomedig gen i glywed fod y chwaraewr hwnnw wedi cytuno i chwarae i glwb newydd.,sports,3
199,,"Mae Afon Nile yn afon hiraf y byd, gan dystiolaeth o'r Aifft i'r Môr Mediteraneaidd.",geography,6
200,,Rhowch wybodaeth am dyddiadau a chynefin ymweliadau er mwyn trefnu'r daith orau posibl.,travel,1
201,,Mae cleifio yn afiechyd sy'n taro miloedd o bobl led-led yn y byd ac yn gallu achosi problemâu iechyd difrifol os na chaiff ei drin.,health,4
202,,"Mae gan Gymru system trafnidiaeth gyfalaf, er bod moduron yn gallu bod yn anhrefnusrwydd.",travel,1
203,,"Mae pobl ifanc yn dysgu sgiliau newydd a'u defnyddio i helpu timau eu hochrau yn y gemau Olympaidd.
Bu'r achlysur yn un arbennig i mi, gan iddi fy ngweld yn cystadlu yn erbyn y rhyfeddaf reidiwr seiclau yn y byd.
Roedd hi'n adegol iawn i ni weld pawb yn galluogi eu hunain i gymryd rhan yn y chwaraeon hyn.
Ymdrechodd y tîm i ennill y gêm, ond bu'n anodd iddynt oresgyn ymosodiad cryf y tîm cartref.
Yn ôl ystadegau, mae tua 10% o'r boblogaeth yn mynychu gemau pêl-bâs.",sports,3
204,,"Pob blwyddyn, mae miloedd o bobl yn bygwraig yn Nhregarn Gogledd Cymru yn cael eu hathrosgi oherwydd problemau iechyd megis pwysau uchel a diabetes.",health,4
205,,"Mae'r cystadleuaeth rygbi hon yn agoriad tymor newydd i dimau rygbi cenedlaethol Cymru, Lloegr a'r Alban.",sports,3
206,,Chwaraeodd hi yn y tymor olaf ac enillodd dwy gêm yn olynol yn erbyn Llanidloes a Machynlleth.,sports,3
207,,"Byddai'r polisi iechyd yn sicrhau bod pawb yn derbyn y gofal orau ossibl, ac mae'n rhoi cyfleon iddo i wella.",health,4
208,,"Bydd technoleg newidynnau yn cynnal pob math o waith, o'r rhyngrwyd i systemau gwybodaeth.",science/technology,0
209,,"Mae sawl o bobl yn dilyn llwybr yr Arfordir Cartref yn Lloegr, sy'n cymryd yn ogystal ag wythnos i fynd oddeutu'r Tir Glas.",travel,1
210,,"Mewn byd sy'n newid yn gyflym, mae'r galw am deithio yn dod yn fwyfwy gymhleth ac yn heriol.",travel,1
211,,"Mae'r cynhyrchiad newydd o West Side Story yn dod i'r theatr yn y brifddinas fis nesaf, gyda chorws o ddim ond dawnswyr ifanc talentog.",entertainment,5
212,,"Mae taith fwyn iawn yn dibynnu ar yr amgylchiadau, er mwyn bodloni eich anghenion a chyflwyno profiadau da.",travel,1
213,,"Croesawyd y band roc poblgyku i Gymru am y tro cyntaf erbyn hyn, a byddant yn perfformio yn Neuadd y Faenor.",entertainment,5
214,,Gwelodd y daearegwr Francis Pettit-Smith yn 1885 bod hen wladfa Rufeinig yn y lleoliad presennol Caerdydd. Roedd hi'n rhan o'r ardal oedd dan reolaeth y Rhufeiniaid.,geography,6
215,,"Rhai o'r mannau mwya dwlu yn y byd yw'r Ail Ddwylan yn Asia, Madagascar yn Affrica, a Galapagos yn America Ladin.",travel,1
216,,Mae'r syniad o'i weld pobl yn byw ar y Lleuad neu ar blaned Fawrth yn debyg iawn i'r syniad o weld pobl yn byw yn y gofod yn gyffredin.,science/technology,0
217,,"Mae'r Sahara yn anialwch mwyaf y byd, ac yn cynnwys tua 9,200,000 km² o dir tir.",geography,6
218,,"Mae'r cynhyrchiad theatr, 'Les Misérables', yn dod i Gymru yn fis Mai nesaf.",entertainment,5
219,,Mae Aelod Seneddol Ceredigion Ben Lake yn gofyn cwestiynau i Weinidog Iechyd Jeremy Hunt ynghylch y sefyllfa yn y gwasanaeth iechyd.,politics,2
220,,"Bydd pob math o afiechyd yn dod â'i broblemau ei hun, er enghraifft, mae diabetes yn gallu achosi problemâu gyda golwg ac yn gallu peri'n fawr i'r systems circulator.",health,4
221,,Chwarae Tîm Cymru yn erbyn Lloegr yn Stadiwm Principality ym Mae'rfelin oedd un o uchafbwyntiau'r tymor.,sports,3
222,,"Roedd y band roc blaengar, Super Furry Animals, yn perfformio yn eu cartref cynhenid yn Nghymru.",entertainment,5
223,,Bydd y grŵp roc poblogaidd 'Rhyfelwr' yn perfformio yn Nhremol yn ystod Gŵyl Fawr Abertawe.,entertainment,5
224,,"Cytuniwyd i adeiladu cartref newydd i Gynulliad Cenedlaethol Cymru yn Nhremol, Caerdydd.",politics,2
225,,Pam na allwn ni weld mwy o ferched yn cymryd rhan yn y Gemau Olympaidd?,sports,3
226,,Bydd y rhaglen hon yn eich helpu i ddatrys problemau technolegol a chyfrifiadurol.,science/technology,0
227,,"Dwi'n credu bod pobl yn gallu dysgu lot o bethau wrth deithio, ac mi fyddant yn dod yn fwy agored meddwl ac yn fwy didueddol.",travel,1
228,,"(By the way, I've made sure to write these texts in proper Welsh grammar and spelling)",politics,2
229,,"Rhwng 1945 a 1990, bu'n well gwladwriaeth gymdeithasol gydag economi glymblaid a llywodraeth gefnogaethol.",politics,2
230,,Defnyddir radar i fonitro agerddau tywydd a chwilodrau naturiol eraill.,science/technology,0
231,,"Bydd poblogaeth y byd yn tyfu'n gyflym, ac mae hyn yn peri problem i'w hathrawon: sut i gadw'r ecosystemau yn sefydlol?",science/technology,0
232,,"Yn ystod y Rhyfel Byd Cyntaf, datblygwyd peiriannau newydd iawn er mwyn darparu cudd-wybodaeth i lywodraethau.",science/technology,0
233,,Mae'r coronafeirws yn achos o dwymynnu difrifol yn yr iaith Gymraeg ac yn peri problemau iechyd sylfaenol i lawer o bobl.,health,4
234,,"Mae'r actor enwog honno wedi bod yn serennu mewn sawl drama deledu, ac mi fedri di gofio iddi yn bennaf am ei rôl yn y gyfres deledu boblogaidd 'Pobol y Cwm'.",entertainment,5
235,,Byddwn ni'n edrych ymlaen at wythnos chwaraeon hapusrwydd yn ystod mis Awst.,sports,3
236,,"Roedd hi'n wahoddiadol iawn i weld y chwaraewyr yn cystadlu yn y gemau Olympaidd.
Mae'r chwaraewyr yn mynd i'r maes chwarae i roi'i waered yn y gêm.
Mae pobl yn dod o bob rhan o'r wlad i wylio'r gemau yn y stadiwm.
Bu'r pêl-droed yn gêm boblogaidd iawn yn ystod y 20fed ganrif yn Nghymru.
Mae'r hyfforddwyr yn dysgu'r chwaraewyr sut i chwarae'r gêm yn ddeheuol.
Roedd hi'n anhygoel i weld y timau yn cystadlu yn erbyn ei gilydd.",sports,3
237,,"Cewch ddim agor eich bagiau wrth gyrchu oddi ar yr aircraft, er mwyn atal aflonyddu'r heddlu. Os byddech yn dwlu arnoch, anfonwch neges destun i'ch partner neu ffrind.",travel,1
238,,"Fe gododd y pumed cystadleuaeth etholaethol yn Nhachwedd 2002, a chwalodd hi'r Llywodraeth Lafur yn y DU.",politics,2
239,,"Daw'r adeg i ddechrau eich taith, ac efallai byddech yn mynychu lleoedd newydd a gweld pethau anhygoel.",travel,1
240,,"Cafodd y ffilm newydd ei rhyddhau yn y Sinema Genedlaethol yn Abertawe, a chaiff ei harddeg yn fyd-eang erbyn heddiw.",entertainment,5
241,,"Gwelodd y seren Hollywood, Tom Hanks, yn ymuno â'r cast o'r drama newydd, gyda'r stori yn seiliedig ar lyfrau clasuron Cymru.",entertainment,5
242,,"Mae llais yn bwysig iawn pan fo pobl yn delio â phroblemau iechyd meddwl.
Bu'r athrofa o'r enw Dr Reitman yn trafod y modd y gallai pobl gadw'n iach drwy gydol eu bywyd.
Rhaid i ni fonitro'r risg o'i chwilio am waith iechyd a sicrhau ein bod yn derbyn y gofal gorau.
Mae'r seilam yn cynnal ymchwiliad i weld os gallai'r feddyginiaeth newydd fod yn well na'r hen un.
Poblogaeth Cymru sy'n bygwth problemau iechyd megis pwysigrwydd, diabetes a chyflafiaid eraill.",health,4
243,,"Oherwydd bod afiechydon fel clefyd Alzheimer yn dal i fod yn rhan o'i fywyd, mae hi'n bwysig iawn i ni weld bod ystyriaethau iechyd yn cael eu rhoi i'r rheini sy'n dioddef ohono.",health,4
244,,Byddai peiriannau bach yn galluogi ni i wahodd sylfaenau sychrynuol eraill i'w hadfer yn well na'r presennol.,science/technology,0
245,,Bydd cynhyrchiant newydd o opera rock Jesus Christ Superstar yn cael ei chyflwyno yn y theatr prinicipal ym Mhenarth.,entertainment,5
246,,"Oherwydd bod yr iaith Gymraeg yn iaith lythrennedig, mae'n hanfodiol i roi'r gorau i ddysgu'r iaith cyn mynd ar daith. Bydd hyn yn helpu i sicrhau bodlonrwydd eich taith.",travel,1
247,,"Mae'r Andes yn ystod o fynyddoedd uchel yn America Latina, gan dynwared tua 7,000 km o'r Gogledd i'r De.",geography,6
248,,Byddai'n angenrheidiol creu senedd Gymru yn annibynnol o San Steffan er mwyn datblygu polisi cudd io.,politics,2
249,,Rhybuddiodd y Prif Weinidog Boris Johnson fod yn rhaid i'r senedd drawsnewid angenrheidiol iawn i ddelio â'r argyfwng yn y byd.,politics,2
250,,Bu farw'un o'r chwaraewyr mwyaf talentaidd yn hanes y sport yn ddamweiniol yn ystod sesiwn ymarfer.,sports,3
251,,"Chwaraeodd y tim rugby Undeb Cymru yn erbyn Iwerddon yn Stadiwm Principality yn Nghaerdydd, ac enillodd hi 22-27.",sports,3
252,,"Mae'r syniad o 'robotics' yn dod yn fwy poblogaidd bob dydd, ac mae hi'n cael ei defnyddio mewn diwydiannau megis gwasanaethau, adeiladu, a thransport.",science/technology,0
253,,"Cyfanswm arwynebedd y môr yw tua 361 miliwn km², sef oddeutu 71% o arwynebedd crynoedd y Ddaear.",geography,6
254,,"Mae angen paratoi'n daclus iawn cyn mynd ar daith, gan sicrhau bod pob peth yn ei le, o'r biletau i'r siwrne.",travel,1
255,,"Bu farw sawl person yn y stôr oherwydd diffyg yn yr iechyd, a phoblogaeth y byd yn cydnabod pwysigrwydd gofal iechyd.",health,4
256,,"Bu'r BBC yn cynhyrchu sioe deledu newydd am fywydau'r cerddorion poblogaidd Cymreig, Catatonia.",entertainment,5
257,,"Dwi'n credu bod y Gymraeg yn iaith iechyd ac mae hi'n bwysig iawn iddi gael ei defnyddio yn gydol dydd.
Mae'r iaith Gymraeg yn rhoi'r cyfle i ni weld ein bywyd yn wahanol.
Mi allwn ni weld bod yr iaith yn agosach at ein hymwyso iechyd da nag a feddwyd yn flaenorol.
Pob blwyddyn, mae tua chant o bobl yn dysgu Cymraeg fel ail iaith ac maent yn dod i adnabod eu hymwyso iechyd da.
Mi fuasaist ti wedi'i glynu yn olrhain iechyd meddwl a chorfforol?",health,4
258,,Bydd hi'n bwysig iawn i'ch hyfforddwyr sicrhau bod chi'n cael eich triniaeth angenrheidiol cyn y gêm.,sports,3
259,,"Gall afiechydon meddwl, megis iselder a anhwylder, beri problemau iechyd sylfaenol i bobl ac maent yn gallu achosi pryderon a phoen.",health,4
260,,"Mae pobl ifanc yn hoffi mynd ar taith er mwyn cael profiadau newydd a chyfarfod â phobl eraill.
Teithio yw'r ffordd orau i ddysgu am wahanol ddiwylliannau a'u traddodiadau.
Rydw i'n caru mynd ar taith er mwyn dysgu am wahanol ddiwylliannau a'u traddodiadau.
Croeso i'r tîm teithio! Rydyn ni yn edrych ymlaen at eich taith gyda ni.
Taith yn gyfle i glywed iaith newydd, bwyta bwyd newydd, a chwrdd â phobl newydd.
Bydd poblogaeth leol yn gallu helpu teithwyr i ddarganfod yr hanes a diwylliant y lle.",travel,1
261,,"Mae hi'n bwyt yn arbennig iawn yn y theatr yn Abertawe, lle mae pobl ifanc yn dod atei i weld cynhyrchiant newydd.",entertainment,5
262,,"Mae'r Atlas yn mynydd uchaf Morocco, ac yn cyrraedd uchder o 4,167 medr. Cafodd ei enw o'r duw Groegaidd Atlas.",geography,6
263,,Bydd pob person yn profi'r afiechydon eraill yn ystod eu bywyd ac efallai na fyddant yn medru ymdopi â hwy.,health,4
264,,Bydd ymchwiliadau i waith genetig yn parhau i ddatblygu triniaethau newydd i afiechydon difrifol.,science/technology,0
265,,Gwaith cynnal coesynnau yn y maes gwyddonol yw rheoli a chytuno'r prosesau naturiol a'u harialwyr.,science/technology,0
266,,Mae'r argyfwng polisiticaidd yn Syria yn parhau i fod yn fater o bryder iddi.,politics,2
267,,Mae'r môr yn chwarae rhan anhepgor yn nhinsawdd a daeargyddiant y byd; mae tua 71% o wyneb y Ddaear yn wych.,geography,6
268,,"Mae'r clefyd yn peri problemâu iechyd difrifol i lawer o bobl yn Nghymru.
Nid oes dim yn sicr yn y byd iechyd ac nid oes neb yn gwybod popeth am y clefyd hwn.
Rhaid i ni fonitro'r sefyllfa ac edrych am ffyrdd i wella'i iechyd.
Mae'r ymchwiliad yn dangos bod pobl yn dod yn fwy ymwybodol o'u iechyd a'u llesiant.
Mae'r peryglon yn cynyddu pan fo pobl yn defnyddio cyffuriau heb eu prawf.
Mae'r RCP yn credu bod ystyriaeth iechyd yn hanfodol i wella bywyd pobl.",health,4
269,,"Yn y Carpathians, mae'r mynyddoedd yn codi i uchder o dros 2,500 metr, ac maent yn darparu cartref i lawer o rywogaethau prin.",geography,6
270,,Byddwch yn siwr o'i bod eich pasport yn dod i ben cyn penderfynu ar dyddiadau eich taith. Ni fyddem yn cyfrifol am unrhyw golled neu achosion eraill os nad ydym ni wedi derbyn hysbysiad o fewn ugain diwrnod.,travel,1
271,,"Mae peiriannau quantum yn gallu prosesu gwybodaeth yn gyflym iawn, hyd at 100,000 waith cynnilaidedd uwch nag unwedau traddodiadol.",science/technology,0
272,,"Ganwyd y DJ enwog yn Nhredegar, Morgannwg, yn 1972, ac mae bellach yn byw yn Llundain.",entertainment,5
273,,Mae'r actor Hollywood yn dod i Gymru i gyflwyno'i ffilm newydd.,entertainment,5
274,,Mae'r genomics yn astudio'r genom iechyd da neu waelodigaethau i weld sut mae'r genome yn gweithio a'i gyfraniadau at afiechydon.,science/technology,0
275,,"Mae cystadleuaeth gydol wledydd yn cael ei chadeiriadu yn ystod ymgyrch etholiad Cyngor Sir Gaernarfon, ac nid oes dim ond wythnos i fynd tan y diwrnod pleidlaiso.",politics,2
276,,Mi gefais fwynychafiaeth i wylio'r opera 'La Bohème' yn y Royal Opera House yn Llundain.,entertainment,5
277,,Bu'n rhaid i lywodraeth Cymru ddatgan argyfwng iechyd yn 2020 oherwydd pandemig COVID-19.,politics,2
278,,Mae'r sioe gerdd yn dod i'r Albert Hall yn Llundain yn rhestru'r enwau mawr o'r byd cerddoriaeth.,entertainment,5
279,,"Pam fod pobl yn mynd ar daith? Rhostir, er mwyn profi pethau newydd, gweld gwahanol leoedd, ac ennill profiadau newydd.",travel,1
280,,"Llyn Baikal yw'r llyn fwyaf yn Siberia, ac mae hi'n clymu tua 20% o ddwr croyw y byd.",geography,6
281,,"Mae'r robot hwn yn gallu cerdded trwy gymorth sensorau a chamera, ac yn gallu adnabod peryglon posib.",science/technology,0
282,,"Mi gesyd y band roc poblogaidd Gymreig, Catatonia, yn perfformio yn Nhivernois Music Festival yn Ffrainc.",entertainment,5
283,,"Mae llais cryf yn galluogi i ni weldsut i gyrraedd y noddfeydd hon.
Y mae hi'n hanfodol ein bod ni'n defnyddio ein prawf i wneud penderfyniadau doeth.
Nid oes raid i ni glymu i'w gilydd fel cenedlaetholwyr, ond miws i ni feddwl yn wleidyddol.
Mi aws i ni ddim yn dod i'r casgliad hwnnw, ond mi ws i ni'n dod i'r pendraw'r.
Peidiwch â phoeni, peidiwch â phobl!
Mae hi'n bwyticanol i ni wneud penderfyniadau yn seiliedig ar dystiolaeth.",politics,2
284,,Defnyddir robotiaid er mwyn cyflawni tasgau penodol fel adeiladu ceblau neu gasglu data.,science/technology,0
285,,"Dros y blynyddoedd diwethaf, mae wyddoniaethwyr wedi darganfod cwmwlâu o fasgedau cosmig yn yr Awyr Agored, ac maen nhw'n chwilota'u pwysigrwydd yn yr Ymerodraeth Gyfarwydd.",science/technology,0
286,,"Mae dwy ran i'r ddaear: hemisffer y Gogledd a hemisffer y De, ac mae'r equator yn marcio'r llinell rhwng y dwy ran honno.",geography,6
287,,Byddai'n angenrheidiol i ni weithredu yn gyflym i osgoi colli cefnogaeth ryngwladol.,politics,2
288,,"Rhwng 1960 a 1975, codwyd dau bartner rheilffordd newydd i gysylltu Caerdydd ag Abertawe.",geography,6
289,,"Erbyn heddiw, mae pob math o deithdwyr yn defnyddio'r rhwydwaith i chwilio am lety, prYNU tocynnau, ac i ddarganfod gyfeillgarwch newydd.",travel,1
290,,"Pam fod pobl yn teithio? Er bod pawb yn wahanol, mae rheswm pennaf pobl yn teithio yn dod o hyd i brofiad newydd ac yn gwneud pethau gwahanol.",travel,1
291,,Bydd y comedïwr enwog yn dod i Gymru i berfformio yn y Pierhead Arcade yn Nghaerdydd yn nechrau mis Medi.,entertainment,5
292,,"Bu'r rugby yn gêm boblogaidd iawn yn ystod y 19eg ganrif yn Nghymru.
Mae'r chwaraewyr yn dysgu sgiliau newydd ac yn gwella'u hanfodiaeth.
Mae pobl yn dod o bob rhan o'r wlad i wylio'r gemau yn y stadiwm.
Roedd hi'n anhygoel i weld y timau yn cystadlu yn erbyn ei gilydd.
Mae hi'n bwyticanol iawn i weld y chwaraewyr yn rhoi'i waered yn y gêm.
Mae'r IAU yn gweld ymweliad â'r gemau yn ôl troedio.",sports,3
293,,"Yn ystod y 1960au, crewyd y cyntaf o'r 'microbeiciau' modern, sef y microprosesor Intel 4004.",science/technology,0
294,,"Mae'r sefyllfa yn mynd o wastraffon a chaiff ei gwneud yn fwy gwastraffol drwy'r iaith Saesneg.
Caiff ein hymwyso iechyd da ei lygru gan ein boddloni a'n gwneud ein hunain yn wan.
Mi allwn ni weld bod ein hymwyso iechyd da yn agosach at ein bywyd nag a feddwyd yn flaenorol.
Pob blwyddyn, mae tua 1000 o bobl yn marw o ISIS-ydwyr yn Nghymru ac mae'r cyfeiriad yn galw am weithredu yn gyflym.
Mi fuasaist ti wedi'i glynu yn olrhain iechyd meddwl a chorfforol?",health,4
295,,Chwaraewyd y sioe deledu poblogaidd 'I'm a Celebrity... Get Me Out Of Here!' mewn coedwig yn Awstralia.,entertainment,5
296,,"Mae'r sebon yn peri'r un math o anhwylder i'r iechyd ag y mae'r tybaco yn ei beri.
Mae pobl yn dysgu am y risgiau iechyd penodol a wnâi'r sebon iddynt.
Mae'r Cynulliad Cenedlaethol yn mynd i'r afael yn erbyn y defnydd o sigaretau.
Gwelliant oddrycholdeb pobl i ddimau'r iechyd yn fawr.
Dwi'n credu bod ymchwilio i'r iechyd yn hanfodol i gadw'r iechyd da.
Bu'r Rwsiaid yn ceisio rhoi'r gorau i'r iechyd yn ystod y rhyfel.",health,4
297,,Cewch weld sbectrlwm golau pan fyddwch chi'n edrych tuag at dân neu flodyn yn cael ei olchi gan oleuni.,science/technology,0
298,,"O fewn y pedwar ban byd, ceir sawl math o dirwedd, megis mynyddoedd, coedydd, gwastatiroedd a môr.",geography,6
299,,Byddem yn argymell ymsefylla'u eich manylion teithio cyn bodloni'r tocynnau er mwyn osgoi problemâu yn yr awyr.,travel,1
300,,"Rhai o'r problemau iechyd mwyaf dwys a wynebir gan bobl ifanc heddiw yw iselder, anhwylder a phroblemau cysgu.",health,4
301,,Bu i'r Athro Iwan Rees roi'r gorau i'w waith ymchwilio i afiechydon yr ymennydd fel Alzheimer's a Parkinson's.,health,4
302,,"Rhai o'r lleoedd mawr i deithio yw Paris, Rhufain, a Madrid. Maent yn llawn o atyniadau a chyfoeth naturiol.",travel,1
303,,"Rydw i'n credu bod taith yn rhoi'r cyfle i weld gwahanol leoedd a chwrdd â phobl newydd.
Croeso i'r tîm teithio! Rydyn ni yn edrych ymlaen at eich taith gyda ni.
Bydd poblogaeth leol yn gallu helpu teithwyr i ddarganfod yr hanes a diwylliant y lle.
Taith yn gyfle i glywed iaith newydd, bwyta bwyd newydd, a chwrdd â phobl newydd.
Rydw i'n caru mynd ar taith er mwyn dysgu am wahanol ddiwylliannau a'u traddodiadau.
Poblogaeth leol yn gallu helpu teithwyr i ddarganfod yr hanes a diwylliant y lle.",travel,1
304,,"Gall tirwedd yn gymryd amrywiol ffurfiau, gan gynnwys coedydd, anialwch, mynyddoedd, a gwastatiroedd isel.",geography,6
305,,"Mae'r ymchwilio i afiechydon yn dwyn nhw'n agosach at ddatrys y problemau, ac mae'n rhoi gobaith i'r cleientiaid.",health,4
306,,"Pob dyn yw'n gallu rhoi help iddo'i hun i wella o afiechydon.
Mae llawer o bobl yn methu â rhoi sylw i'w iechyd ac maent yn dioddef o afiechydon cronig.
Rhoi sylw i'w iechyd yw'r ffordd orau i osgoi problemau iechyd yn y dyfodol.
Mae'r modd gorau i gadw ein iechyd yn dda yw rhoi sylw i'w ryseitiau ac i'w bywyd personol.
Bu'n bwysig iawn i mi weld meddyg yn rheolaidd er mwyn cadw fy ngwaith yn iawn.
Mae angen uwchradd o ofal iechyd yn ystod ein bywyd.",health,4
307,,Mae'r theatr yn llwyddo i ddenu criw o gefnogwyr dygnwch yn eu miloedd i weld y sioe.,entertainment,5
308,,"Rydw i'n credu mai'r daith orau yw'r un sy'n dod â hi o'r galon, a chanolfan yn ysbrydoliaeth o fewn fi hun.",travel,1
309,,"Pob blwyddyn, mae miloedd o deithwyr yn ymweld â Gogledd Cymru i weld y rhaeadrau a'r cylchoedd cerrig.",travel,1
310,,"Pêl-droed yw'r chwaraeodd mwyaf poblogaidd yng Nghymru, ac mae hi'n rhan bwysig o fywyd cenedlaethol ein gwlad.",sports,3
311,,"Casgliadau mawr o ddwr croyw yw llynnoedd, ac maent yn chwarae rôl bwysig yn ecoleg rygol y byd.",geography,6
312,,"Cynhelir Pencampwriaeth Gymnasteg Ewrop yn Birmingham yn 2022, a bydd nifer o gymnastics o Gymru yn cystadlu.",sports,3
313,,Oedd hi'n actores enwog yn ystod yr 1950au a'r 1960au cyn iddi symud i Hollywood i ddilyn gyrfa yn y sinema.,entertainment,5
314,,Roedd ymweliad agored yn arbennig o bwysig wrth i mi weld pobl yn dod atgas iechyd.,health,4
315,,Mae Cymdeithas Bel-droed Cymru yn gweld cynnydd mawr yn nifer y merched sy'n chwarae pêl-droed yn ystod y pymtheg mlynedd diwethaf.,sports,3
316,,"Mae'r Atlas yn darlunio siap y Ddaear, gan roi gwybodaeth am leoliadau daearol a chorffoedd yng Nghyd.",geography,6
317,,Defnyddir technoleg gweledigaethol i ganfod patrymonaeth arian parthed unrhyw waith neu ddogfen hanesyddol.,science/technology,0
318,,"Yng Nghymru, mae'r rhan fwyaf o'r tir yn wladychfael, gydag ucheldiroedd yn y gogledd a dwyrain.",geography,6
319,,Mae'r tim pel-rwyd sy'n cystadlu yn erbyn timau eraill yn y byd i ennill pencampwriaethau.,sports,3
320,,"Gorweddwyr y Ddaear sy'n codi'r tymheredd ar wyneb y blaned, ac maent yn achosi stormydd a chyw Odds.",geography,6
321,,"Rhwng Afon Gwyn a Chors Fryniart, ceir cwmwd Epynt, a hon yw'r rhan fwyaf uchel o Gymru.",geography,6
322,,Credir bod Afiechyd Alzheimer yn dod â'i anterth oherwydd diffygion yn y galon a'r ymennydd ac mae'n bosibl iddi gael effaith ar bobl ifanc hefyd.,health,4
323,,"Yn ystod etholiad 2007, cafodd Plaid Cymru fwyafrif o seddi yn Senedd Cymru.",politics,2
324,,"Mae'r wasanaeth iechyd yn darparu gofal iechyd i'r holl bobl, er buddugoliaethau yn y maes hwn yn dal i fod yn flaengar.",health,4
325,,"Caiff y cystadleuaeth gerddoriaeth flynyddol honno ei chynnal yn Eisteddfod Genedlaethol Cymru eleni, ac mi fedri di gymryd rhan yn y gystadlaeaeth os ti'n siaradir yn iaith Gymraeg.",entertainment,5
326,,"Mae'r ras yn paraddeillion clwb rygbi yn dod â'i chwechgant i'w gymuned, trwy gefnogi achrediadau iechyd meddwl ac addysg.",sports,3
327,,"Datganodd Prif Weinidog y DU, Theresa May, iddi ddim yn derbyn ""unrhyw gymorth"" oddi wrth lywodraeth yr UD yn ystod ymgyrch etholaeth olaf.",politics,2
328,,Chwaraeodd y tîm hoci cenedlaethol merched Cymru dair gêm yn erbyn Lloegr yn ystod wythnos olaf.,sports,3
329,,"Mae'r athleitwyr yn dod o wahanol rannau o Gymru, ac maen nhw'n cystadlu yn y categorïau gwahanol.
Mae'r Gymdeithas Genedlaethol Chwaraeon yn darparu cyfleoedd i bobl oedd yn mynychu ysgol uwchradd i ddysgu chwarae'r gêmau.",sports,3
330,,"Ym 1492, honnid Christopher Columbus America, a chwalwyd ystyrir bod y byd yn siâp cwpan.",geography,6
331,,Buasai Llanofer yn aelod o'r Senedd Ewropeaidd cyn iddo ddod yn Aelod Seneddol.,politics,2
332,,Bydd hi'n rhaid iddo eflyneddau yn ei chwarae ac yn ceisio codi ei safle yn y brigadedd flynyddol.,sports,3
333,,"Mae'r afiechyd yn gallu taro unrhyw un, heb wahaniaeth o ran oedran, rhyw, neu gefndir cymdeithasol, ac mae'n mynnu iechyd da a llesiant i bawb.",health,4
334,,"Mae'r DUP yn galw am ddiffyg ymgynghorydd i'r Gogledd Iwerddon.
Pleidleisiwr yn galw am sefydlu comisiwn i ymchwilio i affêri ""Cash for Ash"".
Aelodau'r Senedd yn cwestiynu Prif Weinidog y DU am ei bolisi ar drethi.
Mae Cynulliad Cencedlaethol Cymru yn gweld bod angen rhoi mwy o bwerau i Gymru.
Nid oes dim byd yn gallu stopio'r Brexit nawr – dyna'r neges a drosglwyddwyd i Lywodraeth May.
Mae pawb yn cytuno bod angen newid radikal yn ein system gwleiddyddol.",politics,2
335,,"Bydd y gig comedi yn cael ei glywed yn Theatrau Pontypool yn fuan, ac mi fedri di dwyllawyd gan gomedïwyr adnabyddus fel Rhys Darby a Lloyd Langford.",entertainment,5
336,,Byddai'r cynnydd yn y maes hwn yn caniatáu inni ddatblygu meddalwedd a phecynnau newydd iawn er mwyn buddsoddi yn y byd gwybodaeth.,science/technology,0
337,,"Mae'r clefyd yn peri problemau iechyd difrifol i lawer o bobl yn Nghymru.
Nid oes dim yn sicr yn y byd iechyd ac nid oes neb yn gwybod popeth am y clefyd hwn.
Rhaid i ni fonitro'r sefyllfa ac edrych am ffyrdd i wella'i iechyd.
Mae'r ymchwiliad yn dangos bod pobl yn dod yn fwy ymwybodol o'u iechyd a'u llesiant.
Mae'r peryglon yn cynyddu pan fo pobl yn defnyddio cyffuriau heb eu prawf.
Mae'r RCP yn credu bod ystyriaeth iechyd yn hanfodol i wella bywyd pobl.",health,4
338,,Galluogi cewyrain i gael hygyrchiant i wybodaeth drwy gyfrwng rhyngrwyd yw un o brif nodweddion y Chwyldro Gwybodaeth.,science/technology,0
339,,Defnyddiodd Einstein damcaniaeth perthnasoldeb i esbonio sut mae gwynt tored neu egni yn cael effaith ar sbectra electromagnetig.,science/technology,0
340,,Cynhelir Pencampwriaeth Rygbi'r Byd yn Japan rhwng Medi a Hydref eleni.,sports,3
341,,"Roedd y concert yn un o'r uchafbwyntiau'r wythnos, gyda miloedd o bobl yn casglu i weld y band poblogaidd.",entertainment,5
342,,Pleidleisiodd Aelodau Senedd Ewrop yn unfalon i gefnogi achosion hawliau dynol yn Rwanda.,politics,2
343,,"Bydd y cystadleuaeth cân yn cael ei chadw yn y neuadd ym Mhenderyn, Sir Benfro.",entertainment,5
344,,"Mi fyddwn yn falch iawn i glywed bod y Pencampwriath Olympaidd yn dod yn ôl i Gymru yn 2032, ac fe fydd yn gyfle gwych i'n hathletwyr ddangos eu sgiliau.",sports,3
345,,"Rydym yn edrych ymlaen at y sioe gerddoriaeth nesaf yn Theatr Brychan, Llanidloes, lle bydd y band roc poblogaidd, Y Cyrff, yn perfformio.",entertainment,5
346,,"Pan gaiff pobl eu diagnosisio o afiechyd, byddant yn gwneud popeth yn eu gallu i wella.",health,4
347,,"Chwaraeodd hi'i gêm olaf yn y stadiwm yn 2019, ac ers hynny mae hi wedi rhoi'r gorau iddi fel chwaraewr.",sports,3
348,,Penderfynnodd y Cabinet gymryd camau i atal ymosodiadau terfysgaeth yn erbyn aelodau'r gyhoedd.,politics,2
349,,"Dwi'n edrych ymlaen at wylio'r opera yn y Wales Millennium Centre, mae'n leoliad arbennig iawn.",entertainment,5
350,,Bu'r cystadleuaeth gerdd yn cael ei chwisgo am y tro cyntaf erioed yn Nhachwedd y llynedd.,entertainment,5
351,,Byddai'r cynllun iaith Gymraeg newydd yn gwella darpariaeth o wasanaethau i bobl sy'n siarad Cymraeg.,politics,2
352,,"Rhaid inni weithredu yn gyflym i atal y sbort o'r afiechyd, a rhoi'r gorau possibl i'r cleient.",health,4
353,,Mae problemau iechyd meddwl yn dod yn fwy cyffredin ymysg pobl ifanc ac mae angen rhoi mwy o sylw iddi er mwyn helpu i ddatrys y broblem hon.,health,4
354,,"Ystyriodd y Pwyllgor Iechyd yn fendlaigol am ymweliad â'r iaith Gymraeg yn y maes iechyd.
Mae'r cyhoeddiad newydd yn dangos bod poblogaeth Cymru yn dodwynebu problemau iechyd megis pwysigrwydd, diabetes a chyflafiaid eraill.
Llwybr iechyd yw'r modd y byddai pobl yn gallu cadw'n iach drwy gydol eu bywyd.
Bu'r ymchwilydd yn erfyn ymchwilio i'r berthynas rhwng iechyd a newid hinsawdd.
Cynyddodd y nifer o achosion o dwymyn yn ôl adroddiadau diweddaraf.",health,4
355,,"Mi glywais fod ysbaid dwi'n dod yn bwysicach wrth siarad am deithio, achos bod pobl yn awyddus i weld pethau newydd a gwneud profiadau eraill.",travel,1
356,,"Mae'r Gymdeithas Asthma Cymru yn rhoi adborth a chefnogaeth i bobl sy'n bygwth asthma neu gyflwr perchnochol eraill.
Cynhaliwyd seminar i drafod y materion hyn yn fwy manach ac i edrych ar y dull gorau o drin cleifion ag aflonyddu coronar.
Byddem yn codi ymwybyddiaeth am yr afiechyd hyn ac yn annog pobl i ofalu am eu hochyd eu hunain.",health,4
357,,"Mae'r Gymru'n ceisio llacio'r problemau iechyd yn y wlad.
Mae llawer o bobl yn dioddef o afiechydon cronig yn Nghymru.
Rhaid inni fod yn ofalus o ein iechyd ac yn rhoi sylw i'w ryseitiau ac i'w bywyd personol.
O herwydd bod afiechydon yn dod yn fwy cyffredin, mae angen uwchradd o ofal iechyd yn ystod ein bywyd.
Mae pob math o iechyd yn bwysig, ond mae iechyd meddyliol yn hanfodiol iawn.
Rhoi sylw i'w iechyd yw'r ffordd orau i osgoi problemau iechyd yn y dyfodol.",health,4
358,,Lansiwyd ymgyrch weriniaethol newydd yn erbyn penderfyniad Llywodraeth Cymru i roi £100 miliwn i gefnogi prosiect Wylfa Newydd.,politics,2
359,,"Pan fo'r teithiwyr yn dod i Gymru, maent yn chwilio am brofiadau unigryw a/neu adeiladu perthnasau newydd.",travel,1
360,,"Gwelodd y cystadleuaeth wobrwyoedd BAFTA y llynedd sawl enwebiad i'r actor Cymreig, Rhys Ifans.",entertainment,5
361,,Mae'r Aelod Seneddol yn galw am ddiffyg o gefnogaeth i'w blaid yn ystod y treialon gwleidyddol diweddar.,politics,2
362,,"Cyfarfododd Aelod Seneddol Caerdydd, Neil McEvoy, â phobl leol i drafod problemau parcio yn y briffordd.",politics,2
363,,Cyfarfododd Aelodau Senedd Ewrop yn Strasbourg i drafod y materion pwysicaf sy'n wynebu'r Undeb Ewropeaidd heddiw.,politics,2
364,,Pleidleisiau Cymru oedd yn galw am senedd dramor er mwyn creu llais cryfach i Gymru yn San Steffan.,politics,2
365,,"Roedd hi'n bwysicaf yn y byd i mi godi fy ngwyn, meddai'r corrfwr o Gymru.",sports,3
366,,"Chwaraeodd hi dros dair awr a hanner, ac roedd yn anochel ei bod yn sylfaenwr cryf iawn i Gymru.",sports,3
367,,Cewch weld ystyron electronnig yn cael eu defnyddio mewn peiriannau meddalwedd megis pynciau a chomputerau.,science/technology,0
368,,"Mae'r sioe gerdd yn dod â'i chant yn ôl i Gymru yn nes ymlaen, ac mi fedrwch chi fwynychu iddi yn Neuadd Ddrama Swansea.",entertainment,5
369,,"Lleoliadau daearyddol pwysig yn y byd yw'r Sahara, y Mojave, a'r Atacama, a'u bod yn ardal anhydrol.",geography,6
370,,"O fewn ystod o ryw 100 milltir iawn, ceir pedair math o ecosystemau: coetir llaeth, corsydd, twyni a llysdyfryd.",geography,6
371,,"Rhybuddodd y grwp roc Cymreig, Catatonia, bod eu taith haf nesaf yn mynd i fod yn un arbennig.",entertainment,5
372,,"Penderfynodd Llywodraeth y DU wahardd cyfalaf i gefnogi prosiectau eraill yn y Dwyrain Canol, yn lle cefnogi lansio milwrol yn Syria.",politics,2
373,,"Mae Afon Tigris yn un o afonydd hynaf a mwya' yn y byd, ac yn tarddu o Wlad Georgia.",geography,6
374,,Buaswn i ddim yn credu bod y blaid Geidwadol yn dod i'r penderfyniad iawn o wahardd poblogaeth Cymru trwy roi'r gorau i'w hymrwymiadau.,politics,2
375,,Bydd y sioe gerdd yn cael ei chyflwyno yn Theatr Bryn Terfel yn Caernarfon nos Iau nesaf.,entertainment,5
376,,"Ymhlith y gwahaniaethau eraill rhwng Asia a'r Affrica, mae'r ffactoriau daearyddol yn chwarae rôle pwysig.",geography,6
377,,"Mae'r clybiau rygbi yn paratoi ar gyfer y tymor newydd, ac maent yn edrych iawn am y gêm gyntaf.",sports,3
378,,"Oherwydd bod yr afiechyd yn mynd yn waeth, roedd angen rhoi sylw i'w statws iechyd.",health,4
379,,Byddai moduron yn galluogi i siaradwr iaith Gymraeg fwynhau ei daith drwy Ffrainc heb oruwchnodi.,travel,1
380,,"Bu'n wych gweld y timau yn cystadlu yn erbyn ei gilydd yn y rownd derfynol, ac fe wnaethant roi'r holl allwedd i'w gilydd.",sports,3
381,,Mae'r golofnodi cynhwysedd yn cael ei ddefnyddio i storio data mewn modd diogel ac effeithiol.,science/technology,0
382,,"Yn ystod y 1950au, cafodd y trydanlight ei ddarganfod gan wyddonydd o'r enw Oleg Losev.",science/technology,0
383,,"Mae'r gwasanaethau gofal iechyd electronig yn cynnwys cofnodion iechyd electronig, presgripsiynau, a chynlluniau triniaeth.",science/technology,0
384,,"Bydd cynhyrchiad newydd o West Side Story yn agor yn Theatr Clwyd yn nechrau mis Medi, gyda chast o actorion ifanc talentog yn serennu yn y sioe.",entertainment,5
385,,"Mae'r Atlas yn gyfrol o fapiau a'u cysylltiadau daearyddol, a chreuodd y cartograffwr Groeg, Eratosthenes, y cyntaf ohonynt.",geography,6
386,,"Galwodd y rhestr o enwebaih etholiadol yn Galarnad yn alw am ""newid radical"" yn y system democrataidd er mwyn dod â mwy o gyfranogiad pobl ifanc yn y broses wleidyddol.",politics,2
387,,"Gorllewin Affrica yw'r rhanbarth mwya' dwyreiniol o'r cyfandir, ac mae hi'n ffinio â'r Iwerydd yn y gorllewin.",geography,6
388,,"Yn dilyn etholiadau Ewrop, mae nifer o ASE yn galw am ymchwiliad i raglen y Llywodraeth.",politics,2
389,,Rhoi'r gorau i'ch tair awr gyntaf yn ystod eich taith i ddyfeisio'ch hun i'r tywydd a'r amgylchedd newydd. Hwnna fydd yn helpu i osgoi problemau ac i gadarnhau eich bodlonrwydd.,travel,1
390,,"Poblogaeth y byd sy'n cynyddu bob blwyddyn, ac yn awr mae dros 7,000,000,000 o bobl yn byw ar wyneb y Ddaear.",geography,6
391,,"Roedd y siapêr yn dod â'i waith yn ôl yn ystod y gemau, ac fe lwyddodd i oresgyn y record blaenorol yn y ras honno.",sports,3
392,,"Mae taith yn rhoi'r cyfle i weld gwahanol leoedd a chwrdd â phobl newydd.
Rydw i'n credu bod taith yn rhoi'r cyfle i weld gwahanol leoedd a chwrdd â phobl newydd.
Croeso i'r tîm teithio! Rydyn ni yn edrych ymlaen at eich taith gyda ni.
Bydd poblogaeth leol yn gallu helpu teithwyr i ddarganfod yr hanes a diwylliant y lle.
Rydw i'n caru mynd ar taith er mwyn dysgu am wahanol ddiwylliannau a'u traddodiadau.
Taith yn gyfle i glywed iaith newydd, bwyta bwyd newydd, a chwrdd â phobl newydd.",travel,1
393,,Rhybuddiodd y Prif Weinidog fod angen gwneud penderfyniad brys ar y mater hwn cyn penwythnos.,politics,2
394,,"Oherwydd, pan fo'r tymhorau'n newid, byddai'n well i ni symud i leoliad newydd, er mwyn profi'r amgylcheddau naturiol gwahanol.",travel,1
395,,"Gelwir y broses o drosglwyddo gwybodaeth trwy'r aer yn ""radio"", ac mae hi'n cael ei defnyddio erbyn hyn i gyfathrebu pobl ledled y byd.",science/technology,0
396,,"Gallwn weld bod y môr yn chwarae rôle arbennig yn nhinsawdd ein byd, gan ddylanwadu ar dyodi a phatterns tywydd.",geography,6
397,,"Byddai'r peiriannau yn galluogi i ni fonitro gwahanol agweddau o'r amgylchedd, megis tymheredd, llethr, a gwres, a rhai eraill.",science/technology,0
398,,"Roeddent yn siomedig wrth glywed bod y ras F1 yn mynd i'w diddymu oherwydd problemau ariannol, ond roeddent hefyd yn falch o'u bod yn medru cadw'r ras yn fyw.",sports,3
399,,"Byddwn ni'n edrych ymlaen at Wembro 2023, pan fydd Cymru yn croesawi timau o bedair ban byd i Gwpan Rygbi'r Byd.",sports,3
400,,"Mae cynlluniau'r llywodraeth i ddatgelu'r cyllideb newydd yn peri pryderon i lawer o bobl.
Rhai pobl yn dweud bod angen i'r blaid lafur roi pwyslais ar waith i ddechrau ail-d Wynasu'r economi.
Mae'r llywodraeth yn mynegi diddordeb yn y materion gwleiddyldiol ac yn cadarnha'u'r democratiaeth.
Mae'n rhaid i'r llywodraeth sicrhau bod poblogaeth Cymru yn cael gwasanaethau cyfartale yn yr iaith Gymraeg.
Byddai'n synnwyr iawn i'r llywodraeth roi pwyslais ar ddatganoli pwer i Gymru.",politics,2
401,,"Oherwydd bod pobl yn cymryd diddordeb yn y gêmau, mae'n dod yn well ganddyn nhw i gael eu hariannau.",sports,3
402,,"Mae Afon Nile yn afon hiraf Affrica, ac yn un o'r afonydd hiraf yn y byd, gan iddi hyntedd o tua 6,695 km o'r Mynyddoedd Alpenninaidd yn Uganda i'w haberth yn y Môr Canter.",geography,6
403,,"Mae peiriannau quantum yn gallu prosesu gwybodaeth yn gyflym iawn, er mwyn datrys problemau complex yn well nag unrhyw dechnoleg arall.",science/technology,0
404,,Mae llywodraeth y DU yn ceisio creu cowntrol ar y wasg gyfraith yn sgil ystyriaethau am ddiffyg democratiaeth.,politics,2
405,,Datgelodd ystadegau newydd fod nifer y bobl sy'n derbyn cefnogaeth incwm yn cynyddu yn gyflym.,politics,2
406,,Cewch weld bodolaeth o waith gwyddonwyr a peiriannydd i greu teclynologiau newydd a chynefiniol.,science/technology,0
407,,"Bu'r grŵp pop Cymraeg yn perfformio yn y neuadd yn ystod Gŵyl Fawr Abertawe, a buont yn codi egni y pobol yn y stondin.",entertainment,5
408,,"Gan fod ymgyrch Gôl i Gymru yn lansio'r sioe gerddoriaeth fawr, bydd nifer o artistiaid adnabyddus yn perfformio, gan gynnwys Aled Jones, Katherine Jenkins a Bryn Terfel.",entertainment,5
409,,Rhwystreddodd Aelod Seneddol Caerfyrddin yn erbyn y penderfyniad i godi trethi ar gyfer y trydydd tymor yn olynol.,politics,2
410,,"Gall systemau gwybodaeth ddefnyddio algorithmau i roi patrymonaeth ar ddata, ac felly rhoi casgliadau mwy cywir.",science/technology,0
411,,"Fel arfer, mae pobl yn ceisio cuddio'u problemâu iechyd, ond mae hyn yn gallu peri mwy o niwed yn y pen draw.",health,4
412,,"Bu farw'r chwaraewr pêl-fasgebîl enwog, Kobe Bryant, yn 41 mlwydd oed yn dilyn damwain helicoptr.",sports,3
413,,"Yn ystod etholiadau seneddol diwethaf, cafodd Plaid Cymru 28% o'r bleidlais, sef y canran uchaf erioed iddynt.",politics,2
414,,"Oherwydd ei fod yn sbrintwr cryf, roedd ef yn gallu rhedeg yn gyflym iawn, ac yn torri record newydd yn ystod y ras.",sports,3
415,,Mae'r robot hwn yn galluogi pobl ifanc i greu prototipau newydd a chreu cynlluniau peiriannau newydd.,science/technology,0
416,,Mae'r rhan fwyaf o deithwyr yn dewis teithio gydag asiant teithio er mwyn sicrwydd a chymorth.,travel,1
417,,Credir bod ysbrydoliaeth yn chwarae rôl bwysicach yn natblygiad technolegol newidiol.,science/technology,0
418,,Byddai Llywodraeth Cymru yn cyfarfod heddiw i drafod y sefyllfa gyfoesiol yn y Dwyrain Canol.,politics,2
419,,"Gwaith y gwyddonwyr yw astudio priodolegau sylfaenol mater a'i chyferbynnau, er mwyn deall sut mae pethau'n gweithio.",science/technology,0
420,,"Mewn ambell wlad, mae angen pasport arbennig i deithio i rai mannau penod, ac mae'n bwysig iawn i'r teithiwr wybod beth ydy'r gofynion nesaf.",travel,1
421,,"Credodd y meddygon iddi fod yn sâl, ond doedd dim yn cadarnhaol amdano.",health,4
422,,"Yn ôl ystadegau, mae tua 1,000 o bobl yn marw yn flynyddol oherwydd salwch yr ysgyfarnog ac mae'n bwysig i ni wybod sut mae hi'n datblygu.",health,4
423,,"Mae'r Andes yn ystod yn neheubarth America, ac yn cwmpasu tua 7,000 km o'u hyd.",geography,6
424,,Credir fod rheoli pwysau yn hanfodol i atal afiechydon cronig fel clefyd y galon a diabetes.,health,4
425,,Gwaith crynoedd ymchwil genetig yw'r maes gwyddonol sy'n astudio'r Genome Dynol a'i Gymhlethdod.,science/technology,0
426,,Byddai'n well i bobl roi mwy o sylw i'w iechyd cynnar yn ystod eu bywyd er mwyn iddynt allu byw bywyd llenywog a hapus.,health,4
427,,"Mae'r ymchwilyddion yn credu bod y berthynas rhwng y dwythell a'r galon yn fawr, ac yn mynd i'r afael i wella'r iechyd calonol.",health,4
428,,"Rhoedd hi'n dioddeutu yn ystod ei salwch, a chanfuodd hi lawer o broblemau iechyd yn ystod ei bywyd.",health,4
429,,"Cynyddodd y nifer o achosion o gleifio yn sylweddol ers degawd, yn ôl ffigyrau diweddaraf y Swyddfa Ystadegol Genedlaethol.",health,4
430,,"Bydd Aelod Seneddol Caernarfon, Hywel Williams, yn galw am ddatgelu papurau cudd gan Lywodraeth y DU yn ymwneud â chanolfan wybodaeth NSA yn Llanwnda.",politics,2
431,,Mae Llywodraeth Cymru wedi cadarnhau penderfyniad i gyflwyno Bil Iechyd Meddwl newydd trwyddedig.,politics,2
432,,Roedd ystyriaethau gwleidyddol yn chwarae rhan allweddol yn etholiad arbennig Oklahoma diwetha.,politics,2
433,,Mae peiriannau cudd yn cael eu defnyddio er mwyn casglu data oddi wrth seryddon a chwilaregion eraill yn y gofod.,science/technology,0
434,,"Yn ôl geographwyr, mae'r term ""gwlad"" yn cynnwys unrhyw diriad sy'n perthyn i wladwriaeth sofran.",geography,6
435,,Nid oes modd i chi gael gwellhad i'ch iechyd heb fod yn barod i newid eich arferion.,health,4
436,,"Mae Plaid Cymru yn galw am glymu'r Deyrnas Unedig i Gyfalaf Europa.
Cyfarfuodd Aelodau'r Senedd yn y Cynulliad Cenedlaethol bore ma i drafod materion pwysig.
Dwi'n meddwl fod angen i ni weithio gyda'n gilydd i greu senedd cryfach i Gymru.
Nid ydynt yn credu bod y llywodraeth yn gwneud digon i atal colli swyddi yn y sector cyhoeddus.
Poblogaidd yw'r syniad o gymru'n ennill annibendod oddi wrth Brydain.
Rhaid inni sicrhau bod pob darparwr gofal iechyd yn derbyn taliad teg.",politics,2
437,,"Mae'r sioe gerdd yn dod â'i anterliwt iddi hi, ynghyd â cherddoriaeth wych a chyfansoddiadau newydd.",entertainment,5
438,,"Gorwedd y dwyrain Asia yn agos at Gorynys Asia, ac mae hi'n cynnwys tirnodau pwysig megis Tsieina a Japan.",geography,6
439,,Pleidleisiau ar draws Cymru yn galw am newidiadau i'r system bleidlunol.,politics,2
440,,Cyhoeddodd Plaid Cymru eu bod yn cefnogi datganiad Cymanfederasiwn Undebau Lafur i 'stopio brexit' a chynnal refferendwm arall.,politics,2
441,,"Mae'r peiriannau cyfrifiadurol yn medru prosesu gwybodaeth yn gyflym, er mwyn bodloni'r angen am wybodaeth gydag economi isel.",science/technology,0
442,,Bydd technoleg newidynnau yn galluogi ni i greu peiriannau bychan iawn sy'n gallu bodloni angenion pobl ifanc dan wyntylliad.,science/technology,0
443,,Buodd y Rhyfel Maldwyn yn 1382 yn ryfel cartrefol yn erbyn y llywodraeth Gymreig yn ystod teyrnasiad Owain Glyndŵr.,politics,2
444,,"Mae hi'n bwysicach na'r unwaith iawn i ni weld sgoriad uchel yn y gemau hyn.
Roedd yna fwriad i gadarnhau cwbwl newydd yn y tymor hwn, ond methoddodd hi.
Bydd hi'n bwysicach na'r unwaith iawn i ni weld sgoriad uchel yn y gemau hyn.
Poblogaidd yw'r chwaraeon yn India, ac mae pobl yn edmygu'r athletwyr sy'n cystadlu.
Mae'r cystadleuaeth yn dod â thlodiannau anhrefn i'r athletwyr sy'n cystadlu.
Rhaid iddo fod yn ofalus iawn wrth ddewis pa glybiau i chwarae yn y tymor hwn.",sports,3
445,,Mae Afiechydon Cronig yn darparu problemau iechyd sylfaenol i lawer o bobl ac maent yn gallu achosi pryderon a phoen.,health,4
446,,"Rhai o'r tirluniau mawr yn Nhref Awstralia ydy Coles Bay, Wineglass Bay, a Freycinet National Park.",travel,1
447,,"Mae'n well i mi fon dwi'n mynd ar taith er mwyn cael amser i fi myself.
Rydw i'n caru mynd ar taith er mwyn dysgu am wahanol ddiwylliannau a'u traddodiadau.
Bydd poblogaeth leol yn gallu helpu teithwyr i ddarganfod yr hanes a diwylliant y lle.
Croeso i'r tîm teithio! Rydyn ni yn edrych ymlaen at eich taith gyda ni.
Rydw i'n credu bod taith yn rhoi'r cyfle i weld gwahanol leoedd a chwrdd â phobl newydd.
Mae taith yn rhoi'r cyfle i glywed iaith newydd, bwyta bwyd newydd, a chwrdd â phobl newydd.",travel,1
448,,"Mae angen i ni weld teithio fel rhan o'n bywyd, ac nid yn unig fel modd i fynd i wledydd pell.",travel,1
449,,"Defnyddir y dechnoleg yn gyntaf i greu mapiau electronig o'r Ddaear, ac wedyn i lunio'r cynlluniau i'w trawsnewid i fapiau papur.",science/technology,0
450,,"Yng Ngogledd Affrica ceir anialwch Sahara, sef yr anialwch mwyaf yn hemisffer y gogledd, ac mae hi'n cwmpasu tua 9,200,000 cilometr sgwar.",geography,6
451,,"Ym mynyddoedd Corsica, ceir llethr Moël, sef y llecyn uwchaf ar yr ynys.",geography,6
452,,"Er mwyn codi arian at gefnogi'r tim rygbi, trefnwyd ras ysbytswm ar Fôn Llanddwyn ger Ynys Môn.",sports,3
453,,Bydd hi'n serennu yn y sioe gerddoriaeth 'Pantomime' yn y theatr yn Nghaerdydd.,entertainment,5
454,,"Yn ystod y 1960au, datblygodd NASA systemau telemetrig i fonitro perfformiad cerbydau ofod.",science/technology,0
455,,Bydd y sioe gerddoriaeth yn cael ei chynnal nos Iau nesaf yn Neuadd Ddewi Sant yn Abertawe ac mi wnaf i'n siwr o'i weld!,entertainment,5
456,,Bydd hi'n mynychu'r ras F1 yn Abu Dhabi yn Nhachwedd.,sports,3
457,,Chwaraeodd hi ddim yn ystod tymor 2019-2020 oherwydd problemau gyda'i cholli'r gwisg.,sports,3
458,,"Erbyn hyn, mae pobl ifanc yn dewis treuliau byr a cherddedol, yn hytrach nag ymfudo i wledydd pellen.",travel,1
459,,Bydd yr haenen uchaf o'r bys yn dod i ben ac mi fydd angen paratoi am y daith nesaf.,travel,1
460,,Mae Llywodraeth Cymru yn ceisio creu partneriaeth gydag awdurdodau lleol er mwyn datblygu strategaethau newydd i ddelifio gwleidyddiaeth gymunedol.,politics,2
461,,Rhybuddodd y cyfarwyddwr bod y ffilm yn mynd i fod yn rhan o waith cynulleidfaol gydag actorion adnabyddus.,entertainment,5
462,,"Erbyn heddiw, mae modd i deithwyr fwynhau eu hamser o fewn ystodau byr, ac mae'r technoleg newydd yn helpu i ddatgelu'r byd i'r teithiwyr.",travel,1
463,,"Wrth deithio, mae'n bwysig i bobl ddefnyddio'u sgiliau ieithyddol i gyfathachu â'r trigolion lleol ac i fwynhau eu profiadau.",travel,1
464,,"Ym Masuria, mae llynnoedd yn cynnwys tua 15% o'r arwynebedd, ac maent yn boblogaidd gyfer twristiaid.",geography,6
465,,"Bydd y diweddaraf sioe deledu, 'Pobol y Cwm', yn dod i ben yn fuan, ac mae creuwyr yn disgwyl am rywbryd i glywed p'un ai bydd y sioe yn cael ei adnewyddu neu beidio.",entertainment,5
466,,"Mi fuaswn i'n edrych ymlaen at fy ngwyleddoedd nesaf, pan allwn i fwynhau'r awyr fresg a'r golygfeydd hyfryd.",travel,1
467,,"Ynys Mon yw'r ynys fwyaf yn Nghymru, ac fe'i lleoliir ger yr arfordir gogledd-ddwyrain Cymru.",geography,6
468,,"Mae'r iaith Gymraeg yn rhoi'r cyfle i ni weld ein bywyd yn wahanol.
Mi allwn ni weld bod yr iaith yn agosach at ein hymwyso iechyd da nag a feddwyd yn flaenorol.
Pob blwyddyn, mae tua cant o bobl yn dysgu Cymraeg fel ail iaith ac maent yn dod i adnabod eu hymwyso iechyd da.
Dwi'n credu bod y Gymraeg yn iaith iechyd ac mae hi'n bwysig iawn iddi gael ei defnyddio yn gydol dydd.
Mi fuasaist ti wedi'i glynu yn olrhain iechyd meddwl a chorfforol?",health,4
469,,"Mae'n bwysig bod â'r manylion cywir pan fyddwch yn trefnu eich taith, er mwyn osgoi problemau ariannol a chymorth.",travel,1
470,,"Oherwydd ein bod yn gallu creu cefnogaeth gydol wythnos, mi allwn ni ddatgelu pobl ifanc newydd yn dod i'r maes chwarae.",sports,3
471,,"Dros y blynyddoedd, mae pobl wedi creu llwybrau cerdda i gerdded trwy'r mynyddoedd, ac i fwynhau'r golygfeydd harddwch naturiol.",travel,1
472,,Pleidlais y Deyrnas Unedig yn erbyn ymosodiant Americanaidd ar Irac yn 2003 oedd yn un o'u penderfyniadau mwyaf dadleuol.,politics,2
473,,"Credodd fod yr achlysuron hyn yn rhoi cefnogaeth i'r timau ifanc, ac yn galluogi iddynt gystadlu yn erbyn timau o wledydd eraill.",sports,3
474,,Pleidleisiodd Aelodau Seneddol Cymru dros gael codi trethi yn y DU i gefnogi'r gwasanaeth iechyd.,politics,2
475,,"Oherwydd bod y Gymraeg yn iaith fwya'r hen,mae hi'n bwysicach nag erioed i ni gadw'n iach a bywiog.",health,4
476,,Mae'r iaith Gymraeg yn bwysig iawn yn nhadiau iechyd Cymru.,health,4
477,,"Bydd y rasio yn cael ei chyflwyno gan y cyflwynydd teledu, Alex Jones.",entertainment,5
478,,Bydd pob math o waith iechyd yn croesawu'r ymgyrch i dorri'r stigma o gwmpas iechyd meddwl.,health,4
479,,Mae'r peiriannau cyfrifiadurol yn cynnal rhaglen gymhleth o gyfarwyddiadau i'w gwneud yn awtomatig.,science/technology,0
480,,"Dewisiodd y triathleta enwocaf, Non Stanford, wahodd i redeg ras yn erbyn cystadleuwyr o bedair gwlad arall.",sports,3
481,,"Oherwydd y pryderon am iechyd, penderfynodd hi beidio â chwilota'r cyfleon iawn.",health,4
482,,"Mae'r Atlas yn cynnwys mapiau o wahanol rannau o'r byd, gan gynnwys Affrica, Asia, Ewrop, Gogledd America a De America.",geography,6
483,,"Byddai llywodraeth newydd yn dod â chynlluniau newydd i wella addysg yng Nghymru, yn ôl y Prif Weinidog Mark Drakeford.",politics,2
484,,"Oherwydd problemau iechyd, methoddodd y criccwr ifanc, Alex Hales, gymryd rhan yn y pencampwriaeth.",sports,3
485,,"Ymhlith y gwahaniaethau eraill rhwng y dwyrain a'r gorllewin yma, mae'r gwahaniad agosaf yn bod yn y ffurfiantau a'u lleoliad.",geography,6
486,,"Erbyn hyn, mae'r NASA yn defnyddio telescopau uwch yn Awstralia i weld pelenni y tu hwnt i'r haul, ac felly dod o hyd i gymunedau estron.",science/technology,0
487,,Rhai ohonom ni sy'n dioddef o salwch meddwl ac sy'n mynd drwy brofiadau crefyddol er mwyn dod o hyd i atebion.,health,4
488,,"Mae pobl ifanc yn hoffi mynd ar daith, boed dynwared y byd, er mwyn profi'r diwylliant a'r iaith leol, ac i ddysgu pethau newydd.",travel,1
489,,"Roedd ymarfer yn rhaglen waith iawn, ac mae pob dim yn paratoi ar gyfer y gemau.",sports,3
490,,"Lleolir Parc Cenedlaethol Eryri yn nw yng ngogledd-orllewin Cymru, ac mae'n cynnwys copaon uchaf y mynyddoedd. Erbyn heddiw mae'r parc yn atynnu miloedd o ymwelwyr bob blwyddyn.",geography,6
491,,"Bydd Pencampwriaeth Rygbi'r Byd yn cael ei chynnal yn Ffrainc yn 2023, a disgwylir iddo fod yn un o brif glybiau'r flwyddyn.",sports,3
492,,"Rhai o'r achosion mwyaf cyffredin o dor-cyfarfodydd yn y DU yw asthma, broncitws ac emphysema.",health,4
493,,"Poblogaidd yw'r chwarae, ac mae'r mwyafrif o bobl yn ei fwynhau.",sports,3
494,,"Wrth i ni edrych yn ôl ar hanes ein gwleidydiaeth, fe welaist ti sawl achlysur lle bu i lywodraethau geisu i reoli pob agwedd ar fywyd ein hinac.",politics,2
495,,Byddai cynhadledd y CU yn Llundain yn cael ei chynnal er mwyn trafod y sefyllfa economaidd bresennol.,politics,2
496,,"Ymhlith y gwledydd mwyaf lleddf yn y byd mae Mongolia, Kazakhstan, ac Algeria, ac mae'r rhan fwyaf ohonynt yn wladychfaethu gan rywogaethau Ewropeaidd.",geography,6
497,,Mae'r peiriannau cudd-wybodaeth yn gallu adnabod patrymau yn y data a'u defnyddio i wneud rhagfynegiadau.,science/technology,0
498,,"Bu'n flwyddyn arbennig iawn i Chwis, a chwaraeodd ran hanesyddol yn Nghemau Olympaidd ystadt.",sports,3
499,,Cyfnodau o aflonyddu a thrais a gododd yn ystod protestiadau yn erbyn polisiau economicaidd llywodraeth.,politics,2
500,,"Mi wnaed i mi weld y ffilm honno yn y cinema awst, roedd hi'n wirioni a'i chymeriadau yn hyfrydwch!",entertainment,5
501,,Mae llywodraeth y DU yn ceisio creu cytundeb newydd gydag Unesco er mwyn sicrhau bod y UK yn gallu aeloda'u o'r sefydliad eto.,politics,2
502,,"Roedd hi'n rhaid i ni ddefnyddio'r offeren gyfangwbwl iawn oedd ar gael yn y stadiwm, er mwyn galluogi'r tim i orffen y gêmau.",sports,3
503,,Bydd y robot hwn yn galluogi pobl ifanciaidd i ddilyn cynlluniau a phrosiectau heb angen boddloni.,science/technology,0
504,,"Pob blwyddyn, mae tua 2,500 o bobl yn marw o afiechydon cronig yn Nghymru, ac mae'r nifer hwn yn cynyddu.",health,4
505,,"Mae'r syniad o ""realiti estynedig"" yn disgrifio'r profiad o ddefnyddio teclynologiau megis VR a AR i greu byd tebyg i'r byd go iawn.",science/technology,0
506,,"Pan fo gyrchu Llywodraeth Cymru i mewn, bydd hi'n dod â chwedlonol iawn i ni fel cenedlaetholwyr.",politics,2
507,,Mi glywaist ti am y band newydd honno o Gaerdydd? Maen nhw'n swnio fel Oasis ac maen nhw'n dod i berfformio yn y Barfly yn Abertawe yn fuan!,entertainment,5
508,,Sefydlwyd Undeb Ewrop yn 1958 fel rhan o'r ymdrech i greu heddwch a chydnabyddiaeth yn Ewrop.,politics,2
509,,"Mae Afon Amazonas yn cynnwys tua 15% o gyfanswm dŵr croyw y byd, ac yn disgyn i'r Cefnfor Tawelu.",geography,6
510,,"Rôddwyd yn ôl bod yr afiechyd Alzheimer yn gallu achosi colli cof, camdrechu, a phroblemâu eraill gydag ymddygiad.",health,4
511,,"Roedd y ras yn agos iawn, ond methoddodd y luoedd i gymryd y safle cyntaf.",sports,3
512,,"Mae'r sioe deledu 'I'm a Celebrity... Get Me Out of Here!' yn dod yn ôl am drydedd tymor, ac mae'r castell ymaflyd yn barod i gefnogi'r cystadleuwyr.",entertainment,5
513,,"Mae'r Andes yn mynyddoedd uchaf America, gan iddi gyrraedd uchder o 7,000 medr.",geography,6
514,,"Mae'r theatr yn un o'r lleoedd mwyaf poblogaidd yn y ddinas, gydag amrywioldeb o sioeau a perfformiadau yn cael eu cynnal bob wythnos.",entertainment,5
515,,"Yn ystod y 1960au, datgelodd NASA bodolaeth y Lleuad, ac ers hynny mae wedi bod yn gweithio tuag at weld y Cyrchfan yn nes.",science/technology,0
516,,"Darganfuwyd bodolaeth planedau tu fas i'r haul yn 1992, ac ers hynny mae nifer o ddarganfyddiadau tebyg wedi'u gwneud.",science/technology,0
517,,"Oherwydd bod yr iaith Gymraeg yn iaith fwyafrifol yn y wladfa hon, mi fuaswn i'n argymell i chi ddysgu rhai geiriau Cymraeg cyn mynd ar daith.",travel,1
518,,"Mae'r peiriannau cyfrifiadurol yn gallu prosesu gwybodaeth yn gyflym iawn, er mwyn caniatáu i ni brosesu data enfawr.",science/technology,0
519,,"Roedd y Prif Weinidog yn siarad yn y Senedd am y materion a wynebddir gan Gymru heddiw.
Mae'r Weinyddwr Cyllid yn dweud bod angen i Gyfnodau Disgleiriol gael eu hadfer i wella economi Cymru.
Cyflwynodd y Prif Weinidog raglen waith newydd i ddelio â phoblogaeth Gymru.
Mae'r Pumed Cyngor yn gallu penderfynu ar bolisi cyhoeddus Cymru tan 1999.
Rhoddodd y Llywodraeth Gymreig grant o £10 miliwn i Adran Amaethyddiaeth.
Roedd y dirprwy brif weinidog yn siarad yn y senedd am y bil iechyd newydd.",politics,2
520,,"Arfbais y Byd yw'r enfawr, ac fe'i lleoliwyd ger Tirnanog, yn nwyrain Iwerddon.",geography,6
521,,Roedd hi'n barchus iawn i weld timau Cymru yn cystadlu yn rownd derfynol Pencampwriaeth Rygbi Ewrop.,sports,3
522,,"Defnyddir robotiaid yn aml mewn diwydiannau megis gweithgareddau milwrol, adeiladu, a chynhyrchu.",science/technology,0
523,,Mae taith cwch i'r llyn yn gyfleus â ymwelliad â'r safle.,travel,1
524,,Byddai'n well i deithwyr siarad agos gydag asiantaethau teithio cyn trefnu unrhyw daith.,travel,1
525,,Mae'r Atlas yn cynnwys mapiau o wahanol leoedd ac ardaloedd o gwmpas y byd.,geography,6
526,,"Yn ystod y 1960au, datblygodd NASA systemau lloga lleihad i'w defnyddio yn y rhaglen Apollo.",science/technology,0
527,,"Byddai'r daioni o deithio yn gwella'i iaith, yn enwedig pan fo'n siaradwr tramor yn dysgu iaith newydd ac yn cael profiadau newydd.",travel,1
528,,"Ceir sawl lyncdyn o fryngaesi yn Asia, ac maent yn amrywio o'r braidd fynyddaol hyd at y rhostir ceulenta.",geography,6
529,,"Ceir sawl llyn yn Nenetsia, gan gynnwys Llyn Pustozyorskoye a Llyn Khaleyevskoye, a'u lleoliad ym masiff Ural.",geography,6
530,,"Cyfanswm arwynebedd Ynysoedd Faroe yw tua 1,399 km², ac mae'r ynys fwyaf yn ynys Streymoy.",geography,6
531,,"Mae'r ymchwilyddion yn credu bod y berthynas rhwng iechyd meddwl a chyflwr corfforol yn agosach nag a feddwyd yn flaenorol.
Pob blwyddyn, mae tua 600 o bobl yn marw o ISIS-ydwyr yn Nghymru ac mae'r cyfeiriad yn galw am weithredu yn gyflym.
Mi allwn ni weld bod ein hymwyso iechyd da yn agosach at ein bywyd nag a feddwyd yn flaenorol.
Caiff ein hymwyso iechyd da ei lygru gan ein boddloni a'n gwneud ein hunain yn wan.
Mi fuasaist ti wedi'i glynu yn olrhain iechyd meddwl a chorfforol?",health,4
532,,Bydd hi'n bwysicaf i ni weld sut mae'r bachgen yn datblygu yn y dyfodol ac os gallwn ni helpu iddo i ddod ynchwaraewr da.,sports,3
533,,Chwaraeodd ef yn y Clwb Rygbi Abertawe cyn iddo symud i Gaerdydd ac yna i Gasnewydd.,sports,3
534,,"Bydd hi'n rhoi cyngor a chefnogaeth i'w thimau cenedlaethol, ynghŷd â chwaraewyr dan 23 oed, trwy raglen ddatblygu pêl-droed cenedlaethol.",sports,3
535,,"Mi ges i fwyn o siarad â'r actor enwog, Rhys Ifans, yn y BBC Studios yn Caerdydd.",entertainment,5
536,,Mae pob math o afiechydon yn dod â phoblogaeth yn ôl pob agweddau eraill hefyd.,health,4
537,,"Mae'r pêl-droed yn gêm boblogaidd iawn yn y DU, ac mae miloedd o bobl yn dod i wylio'r gemau.
Roedd hi'n wahoddiadol iawn i weld y chwaraewyr yn cystadlu yn y gemau Olympaidd.
Mae'r chwaraewr yn mynd i'r maes chwarae i roi'i waered yn y gêm.
Mae'r IAU yn gweld ymweliad â'r gemau yn ôl troedio.
Mae pobl yn dod o bob rhan o'r wlad i wylio'r gemau yn y stadiwm.
Roedd hi'n anhygoel i weld y timau yn cystadlu yn erbyn ei gilydd.",sports,3
538,,Lansiwyd ymgyrch iechyd newydd i rybuddio pobl am y risgiau cychwynnant o fwgio a cholli pwysau.,health,4
539,,"Bydd y sioe gerdd yn cael ei chyflwyno yn Theatr Mwldan, Aberteifi, nos Iau, Tachwedd 12.",entertainment,5
540,,"Arfbais Ceredigion yw'r Dyfi, afon sy'n tarddu o Lyn Teyrn, ac yn aberu yn Aberystwyth.",geography,6
541,,"Bydd y comedïwr, Rhys Darby, yn perfformio yn Neuadd Dwyfor, Pwllheli, yn Nhachwedd.",entertainment,5
542,,"Bu'r actor enwog, Rhys Ifans, yn serennu yn y drama deledu newydd 'Pobol y Cwm'.",entertainment,5
543,,Byddai pobl ifanc yn gallu derbyn triniaeth bwrdrychol os bydden nhw'n dioddef o broblemau iechyd meddwl fel iselder a pryder.,health,4
544,,"Bydd y ras F1 yn mynd i'r afael yn Abu Dhabi yn mis Rhagfyr, ac mae'r cystadleuaeth am y bencampwriaeth yn parhau i fod yn agos.",sports,3
545,,"Mae Afon Nile yn afon hirsef yn Affrica, ac yn cynrychioli'r afon hirsef uchaf yn y byd. O fewn y Nil mae'r afonydd Tana a Beilong yn cyflwyno i mewn iddo.",geography,6
546,,"Gall cenedlaetholdeb bod yn ffactor pwysig wrth lunio ffiniau taleithiol, megis ffin Rwsia a Wcráin.",geography,6
547,,"Mae llawer o bobl yn gweld iechyd medrusol fel rhywbeth pwysicach nag unrhyw beth arall, ond does dim sicrhad iawn amdano fo.",health,4
548,,Byddai'n well i'th galw yn gyntaf i'r asiant teithio i wirio bodloni eich anghenion cyn trefnu taith.,travel,1
549,,Cyfarfododd aelodau'r senedd i drafod materion fel budd-daliadau i weithwyr a chostau byw yn ogystal â pholisïau eraill sy'n effeithio ar Gymru.,politics,2
550,,"Mae'r Aelod o'r Senedd, Neil McEvoy, wedi galw am ymchwiliad i wahardd poblogaidd ymhlith pobl ifanc yn Nghymru.",politics,2
551,,"Yn ôl ystadegau, mae tua 1% o bobl Cymru yn dioddef o'r anhwylder yma ohoni, ac mae'r nifer yn cynyddu bob blwyddyn.",health,4
552,,Roedd hi'n amlwg bod y tîm hoci iâ yn mynd i wneud pob ymdrech i sicrhau eu lle yn rownd derfynol Pencampwriaeth Ewrop.,sports,3
553,,Bydd pob camgymeriad yn cael ei adrodd fel damwain iechyd os na chaiff ei atal yn gyflym iawn.,health,4
554,,"Mae aelodau'r blaid lafur yn galw am ddatganoli pwer i Gymru er mwyn dod â mwy o gyfraith gymdeithasol i'r wlad.
Mae Prif Weinidog Cymru yn awr yn galw am glymu'r undeb Ewropeaidd i Gymru er mwyn cadarnhau safonau gwaith a hawliau dynoliaeth.
Lansiwyd ymgyrch i roi mwy o bwerau i'r Cynulliad er mwyn dod â mwy o ymweliad democrataidd i Gymru.
Nid oes modd i Lywodraeth Cymru weld alltudion fel problemau neu fel rhan o'u hathrawiaeth",politics,2
555,,"Mae peiriannau cudd-wybodaeth yn cael eu defnyddio er mwyn casglu data a'i brosesu, ac maent yn galluogi inni ddatgelu patrymau a chyfyngiadau nad oeddent yn hysbys cyn hynny.",science/technology,0
556,,"Prysurdeb yw'r pwnc o fewn astrobioloj, sef astudio'r posibilrwydd o fywyd arallfydol yn y bydysawd.",science/technology,0
557,,"Enillodd reidiwr seiclo Cymreig, Geraint Thomas, Giro d'Italia yn 2018, ac ef yw'r reidiwr cyntaf o Gymru i ennill y ras hon.",sports,3
558,,"Yn ôl adroddiad diweddar, mae'r nifer o achosion o ganser yn cynyddu ymhlith dynion ifanc dan 50 mlwydd oed ac mae'r rheswm pennaf am hyn yn dod â'r newidiadau mewn arferion bywyd megis sicrhau pryd a chamdrechu.",health,4
559,,Pam nad ydych chi'n ceisio taith fwrdar i'r Amazwn? Gallwch weld bywyd gwyllt anhygoel a chefnogi cwsmeriaid brodorol.,travel,1
560,,"Bu'n perfformio yn eu swyddogaeth gyntaf erbyn heddiw, ynghyd â cherddorfa'r BBC Cymru Wales.",entertainment,5
561,,"Efallai bod rhywun yn gofalu amdano fo, ond does dim lot o bobl yn cofio fod Kylie Minogue wedi perfformio yn euANC yn 2001!",entertainment,5
562,,"Mi gododd y DJ enwog Chris Needs £10,000 i'r elusen Tenovus Cancer Care drwy gerdded o gwmpawd i gastell Cardiff.",entertainment,5
563,,Cynhelir Gŵyl Ffilm Caernarfon bob blwyddyn er mwyn dathlu crefft filmio Cymru.,entertainment,5
564,,"Ym meysydd gwyddoniaeth, mae'r term 'cyfnod' yn cael ei ddefnyddio i ddisgrifio'r amseriad o fewn Rhestredigaeth Naturiol.",science/technology,0
565,,"Gallai bodloni'r mynediad i'r cyfandir hwn yn dod o'r dwyrain drwy Asia, gan fynd trwy'r Himalaya i India.",geography,6
566,,"Mae peiriannau quantum yn gallu prosesu data yn gyflymach na pheriantau traddodiadol, ac maent yn agor posibiliadau newydd yn y maes hwn.",science/technology,0
567,,"Defnyddir technoleg wybodaeth i storïo data, prosesu gwybodaeth, a chyfathrebu information trwy gyfrwngau electronig.",science/technology,0
568,,Byddem yn argymell i chi chwilio am lety yng Nghaerdydd cyn penderfynu ar eich taith nesaf.,travel,1
569,,"Yn ystod y broses o greu prototip, bu'n rhaid iddo fonitro'r data a'i recordio er mwyn dod o hyd i'r patrymonaiddau.",science/technology,0
570,,"Pob blwyddyn, mae miloedd o bobl yn cael eu diagnosisio fel bodlon ag Anemia ac mae'n hanfodiol ein bod ni'n gwneud popeth yn ein phwer i atal y clefyd hwn.",health,4
571,,"Oherwydd bod y tywydd yn aflonydd, dylid penderfynu ar dyddiad teithio cynnar, os nad yw hi'n bosibl i roi'r teithio mewn dwylo Duw.",travel,1
572,,Gofynnu siawns yn erbyn afiechydon yw'r gwaith pwysicaf yn y labordy heddiw.,science/technology,0
573,,Byddai llais cryf a pharodrwydd yn allweddol i gadw'i iachau ac i osgoi problemau iechyd penodol fel diabetes a choronary heart disease.,health,4
574,,"Yn nwyrain Affrica, mae'r Rift Valley yn estyniad o ryfelddir enfawr sy'n tarddu o'r môr coch, ac yn mynd i'r gogledd-ddwyrain trwy Ethiopia a Somalia.",geography,6
575,,"Pam na allwn ni weld cystadleuaeth rhwng timau mewn sawl maes chwarae megis pêl-droed, rygbi, a basged?",sports,3
576,,"Nid yw'r Sahara yn anialwch pur, ond mae hi'n rannu'r tir yn ddwy ran: y Sahara Laes ac y Sahara Wen.",geography,6
577,,"Gwaith maes yw'r prosiect i astudio'r ecosystemau mewn mannau uchelgeisiol megis coedwig, morfa, a chorsdorf.",science/technology,0
578,,"Cynyddodd ymchwil i waith genomics ers iawn, ac mae'r maes hwn yn parhau i ddatblygu.",science/technology,0
579,,Cafodd y prydnawn honoedd o flynyddoedd o brofiad o weithio yn y maes iechyd cynnal pobl ifanc.,health,4
580,,"Mae hi'n bwytent o wneud pethau eraill yn y stôr, megis creu cerddoriaeth neu ysgrifennu llyfrau.",entertainment,5
581,,"Yn Ne Australasia, ceir tirnodau cenedlaethol pwysicaf yn Awstralia a Seland Newydd, ac maent yn nodweddu'r rhanbarth honno.",geography,6
582,,"Yn ystod y broses o greu protinau newydd, mae'r gwyddonwyr yn defnyddio technoleg foleculegyddol i weld sut mae'r proteinau yn gweithio.",science/technology,0
583,,"Oherwydd bod pobl ifanc yn mynd i'r stadiwm i wylio pêl-droed,mae'n rhaid i ni sicrhau ein bod yn rhoi'r profiad gorau posibl iddynt.",sports,3
584,,"Bydd y grŵp roc poblogaidd yn perfformio yn y Brangwyn Hall yn Abertawi, yn rhan o'i daith flewgyr y DU.",entertainment,5
585,,"Bydd y cystadleuaeth yn cymryd lle yn Nhachwedd, ac mi fydd yn croesawiadol i weld cweithegwyr ifanc Gymru yn cystadlu yn erbyn timau o wledydd eraill.",sports,3
586,,"Mi wnaeth y grŵp poblogaidd honno ryddhau albwm newydd yn 2019, ac mae eu cân 'Rhyfeddod' yn parhau i fod yn un o'r cynulleidfaoedd mwyaf poblogaidd erioed yn Nhiriard.",entertainment,5
587,,"Byddai'r Arctig yn rhan o'r byd llecaf, ond does dim byd naturiol yn gallu bodoli yn y rhanbarth hwn oherwydd bodau poeth.",geography,6
588,,"Gorchuddir tua 70% o wyneb y Ddaear gan welyau'r môr, ac maent yn chwareu rôl pwysig yn y ecosystem.",geography,6
589,,"O fewn ystod o ugain mlynedd, mae'r crynedd oerfel yn crebachu oddi wrth y dwyrain, ac yn tyfu tuag at y gorllewin.",geography,6
590,,"Yn ystod y Rhyfel Byd Cyntaf, datblygodd ymchwilyddion Almaeneg system o gyfathrebu radio i gyfathrebu gyda'u cynorthwywyr milwrol.",science/technology,0
591,,"Mae pob math o daith yn dod â'i chyfleoedd ei hunan, ac efallai bod angen i ni ddefnyddio ein creadigrwydd i ddarganfod y stôr fwya'r byd.
Gallai taith gerdded fod yn fantaisie ar yr iaith Gymraeg, er bod pawb yn medru siarad Cymraeg yn well nag y Gallwasgerdd.
Mae'r rhan fawr o deithwyr yn teithio i wledydd eraill i weld y gwahanol ddiwylliannau a'u harianod.
Byddai'n well i deithwyr symud i wahanol leoedd er mwyn profi'r diwylliant a'r iaith leol.",travel,1
592,,Bu'r grŵp roc yn perfformio yn y stadiwm yn Sydney yn flaenorol.,entertainment,5
593,,"Mae Llanofer yn galw am ddiffyg ymgynghori'r Cyfansoddiad.
Rhaid inni sicrhau bod pob darparwr gofal iechyd yn derbyn taliad teg.
Pobl ifanc Cymru yn galw am newid yn eu hymrwymiadau gwleiedyddol.
Mae Prif Weinidog Cymru yn datganoli pwer i Gymru.
Mae pawb yn cytuno bod angen newid radikal yn ein system gwleiddyddol.
Nid ydynt yn credu bod y llywodraeth yn gwneud digon i atal colli swyddi yn y sector cyhoeddus.",politics,2
594,,Cynyddodd y nifer o achosion o HIV yn sylweddol yn ystod y dair mlynedd diwethaf.,health,4
595,,"Erbyn heddiw, mae modd i bobl fwyn troi at y wasanaethau teithio er mwyn gwneud taith yn haws ac yn fwy cyfforddus.",travel,1
596,,Ceir dwy brif ffordd yn cyfarfod yn nhref Caerfyrddin: yna A40 ac yma A485.,geography,6
597,,"Yn ystod Oes yr Iâ, roedd cryn dipyn o'r tir yn cuddiedig dan wy, a chilfachodd y ddaear yn sychu'r cefnforoedd ac afonau.",geography,6
598,,"Rywogaeth o deithio yw teithio tymhorol, pan fo'r tywydd yn braf ac yn gwneud pob peth yn haws.",travel,1
599,,"Erbyn hyn, mae sawl math o deithio yn bodoli - o gerbydol i deithio masgiau. Pob un yn rhoi'r cyfle i brofi'r profiadau gwahanol ac i ddatgelu eich diddordebau personol.",travel,1
600,,"Dwi'n credu bod pobl yn gallu dysgu sawl peth newydd pan fydden nhw'n teithio.
Mae teithio yn rhoi'r cyfle i bobl i ddarganfod eu hunain a'u hamcanion.
Pan fo'r cylchredfa o waith yn dod i ben, byddai'n well i bobl fynd ar taith i wahanol leoedd.
Mae pobl yn gallu bodloni eu hochrana wrth gerdded trwy wahanol wledydd ac yn dysgu am eu diwylliannau.
Rhai deithwyr yn awr yn defnyddio'r trydydd sector er mwyn cefnogi economïau lleol yn hytrach na chael eu hadnabod gan gwmniau mawr.",travel,1
601,,"Rhai o'r lleoedd mwyaf diddordebol i ymweld â nhw yw'r Alban, Gweriniaeth Tsiec, a Lloegr - gwledydd sydd â'u harian oddiwrth gymru.",travel,1
602,,"Yn ôl ystadegau, mae tua 80% o wybodaeth newydd yn dod o'r Rhyngrwyd bellach.",science/technology,0
603,,"Pam na allwn ni weld twrnameintiau mawr yn y dyfodol, megis y Pencampwriaeth Rygbi'r Byd, yn dod â chwarae crynoedd o bob ochr i gymru?",sports,3
604,,"Bydd pob person yn dod i gytundeb â'i iechyd, ac efallai byddai'n well iddo roi sylw i'w iechyd cynnar.",health,4
605,,Mae'r achos yn dod â'r Senedd yn ôl i ddatgelu'r manylion am ymgynghoriad y llywodraeth gyda'r gymuned.,politics,2
606,,Mae taith yn rhoi'r cyfle i weld gwahanol leoedd a chwrdd â phobl newydd. Gallwch ddarganfod diwylliant a thraddodiadau gwahanol drwy daith.,travel,1
607,,"Byddai'n bosib datrys problemau economaidd drwsiol gyda chefnogaeth dechnoleg, fel AI a blockchain, i greu systemau ariannol mwy effeithlon.",science/technology,0
608,,Bydd y cynhyrchiad newydd yn cael ei chyflwyno yn y theatr yn Nhachwedd.,entertainment,5
609,,"Mae cystadleuaeth rygbi'r undeb yn dod â thrwg i lawer o bobl yn y byd.
Roedd ymaithiad yn mynychu'r stadiwm i wylio'r gêm rygbi'r undeb.
Mae'r Undeb Rygbi Rhyngwladol yn rhoi'r gorau i'r chwaraewyr rygbi'r undeb.
Ymhlith y chwaraewyr rygbi'r undeb mwyaf enwog yn y byd ceir Gareth Edwards, JPR Williams a Phil Bennett.
Rhaglen waith i'w chwaraewyr oedd ymarfer corfforol trwy'r dydd.
Mae pawb yn gallu chwarae rygbi'r undeb ac mae'n wir anhygoel!",sports,3
610,,Bydd y rasio realiti teledu yn dechrau yn ystod y tymor newydd.,entertainment,5
611,,"Ym mytholeg, credid bod y Ddraig Wen yn symboleiddio'r Tir Glas, sef hen enw Cymru.",geography,6
612,,"Rhwng dwy ochr y Ddaear ceir amrywioldeb enfawr o rywogaethau, o faint bach i rywogaethau enfawr.",geography,6
613,,"Rhai o'r teithwyr mawr o'r byd yn dod i Gymru bob blwyddyn, er mwyn profi ein treftadaeth a'n diwylliant.",travel,1
614,,Bydd ymchwilio i'r planedau eraill yn rhoi cynnwrf newydd i ni am y Bydysawd a'i greu.,science/technology,0
615,,Gall systemau gyfrifiadurol gymhleth roi'r gorauon arnom i ddelifro atebion i problemau gwyddonol ac ysbiadol cryfhogleiddi.,science/technology,0
616,,"Yn y dwyrain Asia ceir mynedfa i Fôr Japan, ac yn y gorllewin ceir mynedfa i Fôr Tsieina.",geography,6
617,,"Gofynnais i miwsicaidd neu wyddonol, mae'n bwysig iawn i bobl ifalu pa mor bell ag y maen nhw'n gallu mynd i'r gofod.",science/technology,0
618,,Bydd y band enwog yn perfformio yn y brifddinas ynghanol haf y flwyddyn honno.,entertainment,5
619,,Mae'n gwbl sydyn iawn bod llywodraeth yn dod i rym yn ystod treigliad economaidd fel hwn.,politics,2
620,,"Mae cystadleuaeth yn agosáu, ac mae pawb yn barod i gymryd rhan.",sports,3
621,,"Bydd y sioe deuluoedd yn cynnwys dawnswyr proffesiynnol o Gymru a thu hwnt, yn ogystal ag artistiaid pobl eu hunain.",entertainment,5
622,,Cewch chi wybodaeth bellach am y sefydliadau teithio yn y DU trwy ffôn 0800 00 88 77 neu drwy ebost [email protected],travel,1
623,,"Mae hi'n perfformio yn rheolaidd yn y theatr yn y West End, ac mae hi hefyd wedi bod yn rhan o gynhyrchu teledu.",entertainment,5
624,,"Mae llywodraeth y DU yn ceisio gwneud cynnydd gydag agenda Brexit erbyn hyn, ond does dim llawenydd gan y brif weinidog.",politics,2
625,,"Fe wnaethpwyd recordio'r albwm yn stiwdios Real World yn Bath, Swydd Somerset, gyda'r cynhyrchydd gwych, John Leckie.",entertainment,5
626,,"Ceir sawl math o dywyniad naturiol yn y byd, megis coedwig, steppe, anialwch, ac eraill, ac maent yn amrywio yn ôl y tywydd a'r topograffi.",geography,6
627,,"Ceir sawl math o fryniau yn y byd, megis mynyddoedd uchel, coedydd, gwastatiroedd a môr.",geography,6
628,,Rhai o'r achlysuron pwysicaf yn ystod y tymor seneddol diwethaf oedd trafodaethau'r Llywodraeth â'r Undeb Ewropeaidd am Gyfnodoliaeth.,politics,2
629,,"O fewn y cytrefi, ceir sawl math o dirwedd, megis coedydd, gwaelod, ac eryri.",geography,6
630,,Ymddeisebodd Aelod Seneddol Ceredigion Mark Williams wrth glywed bod y llywodraeth yn pwyslaisu ar gyfyngiadau ariannol er mwyn cynnal ystadegau diflas.,politics,2
631,,"Yn ystod y 1960au, datblygodd NASA system gyfrifiadurol newydd i reoli llongofod a'u lansio i'r gofod.",science/technology,0
632,,"Yn ôl cofnodion hanes, credir bod y Rhufeiniaid wedi sefydlu tref fechan yn y dyddodyn yn 77 OC, ac erbyn heddiw mae hi'n un o brif ddinasoedd Cymru.",geography,6
633,,"Mae hi'n bwytent iawn i wylio S4C am 9pm nos Iau, cyn i mi fynd i weld y film newydd yn y sinema.",entertainment,5
634,,Mae taith cwch yn hwylusoedd arbennig iawn i faint a fuont yn ystod eu hymor.,travel,1
635,,Cafodd y triathlet Iwan Thomas ei enwebu am Wobr Chwaraeon BBC Wales.,sports,3
636,,"Bydd y cystadleuaeth gerddoriaeth flynyddol yn cael ei chynnal yn Neuadd Fawr, Aberystwyth, nos Lun ym mis Mai.",entertainment,5
637,,Chwaraeodd hi gyfanswm o 12 gêm yn y tymor diwethaf ac ennillodd pedwar ohonynt.,sports,3
638,,"Mae Prif Weinidog Cymru yn datganoli pwer i Gymru.
Pobl ifanc Cymru yn galw am newid yn eu hymrwymiadau gwleidyddol.
Rhai ASau yn galw am ddiffyg ymgynghori'r Cyfansoddiad.
Mae Cynulliad Cenedlaethol Cymru yn gweld bod angen codi trethi yn y DU.
Nid ydynt yn credu bod y llywodraeth yn gwneud digon i helpu'r economi.
Mae pawb yn cytuno bod angen newid radikal yn ein system gwleiddyddol.",politics,2
639,,"Gogledd Affrica yw'r rhanbarth mwya' siarad cyfanswm Arabeg yn y byd, ac mae hi'n cynnwys nifer o wladwriaethau Arabaidd.",geography,6
640,,"Ym mynychu'r Atlas, ceir map o'r byd gan ddangos y cyfandiroedd, gwladwriaethau, a threfi pwysicaf.",geography,6
641,,"Poblogaidd yw'r sport yn y DU, ac mae miloedd o bobl yn dod i wylio'r gemau.
Mae'r chwaraewr yn mynd i'r maes chwarae i roi'i waered yn y gêm.
Rygbi a phêl-droed yw dwy sport fawr Cymru, ac mae poblogaidddeb yng Nghymru yn uwch nag erioed.
Mae'r hyfforddwyr yn dysgu'r chwaraewyr sut i chwarae'r gêm yn ddeheuol.
Gan fod y gemau yn dod i ben, roeddwn i yn teimlo'n nerfus yn fy mron.
Mae hi'n bwyticanol iawn i weld y chwaraewyr yn curo'r bal i'r gwaelod.",sports,3
642,,"Mae'r rhan fwyaf o deithwyr yn dod o wahanol gefndiroedd diwylliannol, ac mae hyn yn creu heriau arbennig yn y diwydiant teithio.",travel,1
643,,"Oherwydd pwysau coroni, bu'n rhaid i'r pêl-droediwr sefydlu ei garreg a'i faban yn y cartref.",sports,3
644,,"Mae'r ymchwilio i afiechydon yn dod â llais cryf i rywogaethau eraill hefyd fel clefyd Alzheimer a strôc
Llofnodi cytundeb iechyd yn fwrd i wella iechyd y boblogaeth
Dwi'n credu bod modd i ni wneud lot o waith i wella iechyd meddwl pobl ifanc drwy raglenwaith addysg iechyd
Gofal Iechyd Rhydwyr yw'r enw ar y gwasanaeth sy'n darparu gofal iechyd i bobl yn ôl eu hanghenioned
Credaf y byddai'n bwysicach i ni fonitro'r risgiau iechyd a allwn eu gweld yn barhaus",health,4
645,,"Byddai'n well i mi weld y byd yn fy ngwaethaf, er mwyn bod yn agos at fy nghefnogi pobl ifanc wrth iddynt chwilio am letygarwch.",travel,1
646,,Byddai'n anodd iawn credu bod pobl yn gallu dod o hyd i lywodraeth sy'n gallu delio â phob problemau economaidd a chymdeithasol.,politics,2
647,,Arfbais y tirnod yw'r ardal leol lle ceir cyfuniad o nodweddion naturiol a dynol.,geography,6
648,,"Byddai taith gerdded dydd yn well gyda chwiorydd yn yr iaith Gymraeg, er mwyn dod o hyd i atyniadau cudd a chyfeiliant.",travel,1
649,,"Rygbi a phêl-droed ydy'r chwech prif chwaraeon a gaiff eu cynnal yng Nghymru, ac maent yn boblogaidd iawn ymysg pobl ifanc.",sports,3
650,,"Oherwydd ei fod yn rhaid iddi roi'r gorau iddi yn ystod y cystadleuaeth, mae hi bellach yn aelod o dîm rygbi cenedlaethol merched Cymru.",sports,3
651,,"Chwilododd ymwelwyr gydag awgrymiadau da i ddarganfod lleoedd anghyfarwydd yn Lloegr, Cernyw a'r Alban.",travel,1
652,,"Mae pryderon am iechyd yn codi pan fo pobl yn dysgu am broblemau iechyd newydd.
Oherwydd nid oes modd iawn o atal y cleifio, mae'r wyddoniaeth yn parhau i edrych am ryseitiau eraill.
Gellir rhoi'r diagnosis o'r afiechyd hwn yn gyflym iawn os na chaiff ei drin.
Mae'r astudio yn dangos bod pobl ifanc yn fwy tebygol o ddioddef o broblem iechyd meddwl nag oedolion.
Lleihau'r risg o gleifio yw'r targed i ni.
Mae'r sebon yn gallu peri'n fawr i'r iechyd ac ansawdd bywyd unigolion.",health,4
653,,"Byddwch yn siwr o ddewis trethedigaeth sy'n cyfeirio at eich anghenion a'ch diddordebau, ac mi fydd hi'n helpu i chi i fwynhau eich taith yn well.",travel,1
654,,Byddai'n well i deithwyr ddefnyddio gwasanaethau teithio sy'n darparu cyfleoedd i fynd i'r mannau mawreddog a'i dwyster.,travel,1
655,,"Llanfairpwllgwyngyll yw'r pentref hiraf yn y byd, ac fe'i lleolir yn Ynys Môn.",geography,6
656,,Penderfynodd Llywodraeth Cymru wahodd cynhadledd i drafod materion cenedlaethol yn 2019.,politics,2
657,,"Llanfairpwllgwyngyll yw'r pentref agosaf at Ynys Môn, ac fe'i hadnabyddir am ei henw hiraf yn y byd.",geography,6
658,,"Bydd y cystadleuaeth danse bod yn cael ei chynnal yn y neuadd yn Nhachwedd, gydag artistiaid adnabyddus yn cystadlu am wobr aur.",entertainment,5
659,,Byddai llais cryfach yn helpu i wella'i iechyd meddwl a chorfforol.,health,4
660,,Pweru'r byd gyda photovoltaics: dull o drosglwyddo golau i drydan gan ddefnyddio seli solar.,science/technology,0
661,,Rydym ni'n edrych ymlaen at wyliau'r Nadolig gyda'r sioe gerddoriaeth 'The Snowman'.,entertainment,5
662,,Mae peiriannau newidynnau yn cael eu defnyddio er mwyn creu electronegatifedd isel yn y labordy.,science/technology,0
663,,"Rhwng 1945 a 1950, buasai'r Undeb Sofieteaidd yn rheoli'r wladwriaeth comiwnyddol yn Dwyrain Ewrop.",politics,2
664,,"Mae'r sioe deledu newydd 'Gwaith Cartref' yn dod i ben yn ystod haf 2023, ac mae'r cast yn edrych ymlaen at wyliau hapus.",entertainment,5
665,,Bydd ymchwilio i'r pwnc o faintoleg yn helpu i wella dealltwriaeth o'r hynafiaeth a'r byd naturiol.,science/technology,0
666,,Mae problemau iechyd yn gallu cael effaith ar ein hymor a'n perthnasau agos.,health,4
667,,Nid oes modd i neb iachau oddiwrth afiechyd heb wybodaeth am yr achosion a'r symptomau.,health,4
668,,Mi wnaethon ni fwynychu'r opera yn y National Opera Studio yn Caerdydd a mi wnes i'm sbort yn hoffi'r perfformiad!,entertainment,5
669,,"Byddai pobl ifanc yn gallu defnyddio'u hamser yn well drwy fwrdod teithio i wledydd eraill, ac ennill profiadau newydd.",travel,1
670,,"Oherwydd problemau iechyd, roedd angen rhoi'r gorau i'r rhai oedd yn cymryd rhan mewn gweithgareddau corfforol.",health,4
671,,"Pan fo'r amser yn dod, byddai'n well i mi benderfynu ble'ma i fynd, er mwyn bod yn sicr o'i fod yn lleoliad diogel.",travel,1
672,,Cododd y llywodraeth Brydeinig £2bn i gefnogi'r gwasanaeth iechyd yn ystod tymor y llywodraeth nesaf.,politics,2
673,,Rhaid i ni sicrhau bod pobl ifanc yn derbyn addysg gwyddonol da iawn er mwyn datblygu sgiliau pa rai bynnag y byddan nhw eisiau'i defnyddio yn y dyfodol.,science/technology,0
674,,Teithiwyr ifanc yn dod â'u harian i Gymru i fwynhau'r iaith a'r diwylliant.,travel,1
675,,Datblygwyr meddalwedd yn creu systemau gweledigaethol i helpu pobl â nam partiwl.,science/technology,0
676,,"Mae'r sioe deledu 'Pobol y Cwm' yn serennu nifer o actorion adnabyddus o Gymru, gan gynnwys Gareth Wyn Jones a Lisa Palfrey.",entertainment,5
677,,"Mi wnai dim problem o gyrru yn Rwsieg pan oeddwn yn mynychu'r Wcráin, ond mi roedd yn rhaid dysgu sut i ddefnyddio'r system traffig.",travel,1
678,,"Mae sioe deledu newydd, 'Hawl i Fyw', yn dod i S4C yn fuan, ac mae creadurwyr yn awgrymu bod y sioe yn mynd i fod yn un o'r mwyaf diddordeboli erioed.",entertainment,5
679,,Bu broncirios yn un o'r prif resymau dros Farwolaeth yn ystod y 20fed ganrif ond erbyn heddiw mae'r risg o farw drwg ohono wedi gostwng yn sylweddol.,health,4
680,,Llysgenhadwr America yng Nghymru oedd yn galw am ddiffyg o Gymru fel gwlad annibynnol erbyn heddiw.,politics,2
681,,"Llanweddyn nhw'n credu bod y Ddaear yn siap sgêr, ac iddi dair ochr - Affrica, Asia, ac Ewrop.",geography,6
682,,"Mae'r rasioideoedd yn paratoi am y rownd olaf o 'Idol Cymru', gyda thri cystadleuydd yn wynebu'r pannel o kritwigwyr.",entertainment,5
683,,"Dros y blynyddoedd, mae pobl wedi bod yn teithio i Gymru er mwyn gweld ei hardalocreft, ei chastellau, a'i gerddi.",travel,1
684,,"Bydd y sioe gerdd 'Les Misérables' yn dod i Gasgliad y Mileniwm ym mis Tachwedd, a bydd y tocynnau ar werth o fewn wythnos.",entertainment,5
685,,"Bydd hi'n bwysicach na'r byd i ni weld pawb yn gallu cystadlu yn rhywiol ac yn gydradd, heb fod yn anabl ei gymru.",sports,3
686,,"Byddwn ni'n edrych i lawr ar y tymor newydd, a'u hymwynas i'r timau cryfaf.",sports,3
687,,Ceisiadau i greu robotiaid mwy dynamig a chyfrifiadol yn dwyn nhw at ei gilydd yn gyflym iawn.,science/technology,0
688,,"Caiff ei weld mewn sawl ffilm a chyfres deledu, yn ogystal ag ymgyrchu am wobr Emmy.",entertainment,5
689,,Bydd y robot hwn yn galluogi'r peilot i reoli'r cerbyd oddi ar draws y byd trwy gyfrwngau electronig.,science/technology,0
690,,"Rhybuddiodd y cyfansoddwr enwog fod y sioe gerdd newydd yn mynd i'w lansio yn ystadt yn fuan, a dwi'n edrych ymlaen iddi!",entertainment,5
691,,"Ceir nifer o lynnoedd yn Ewrop, megis Llyn Geneva yn Swistir, Llyn Constanse yn Almaen, a Llyn Balaton yn Hwngari.",geography,6
