,id,text,intent,label
0,586,These telescopes used a combination of two lenses to make distant objects appear both nearer and larger.,science/technology,0
1,1313,While he was working at the hospital Liggins began to investigate premature labor during his spare time.,health,4
2,306,The cause of death was announced as intrahepatic bile duct cancer.,health,4
3,754,"Some hotels have a heritage from the golden age of steam railways and ocean liners; before the Second World War, in the 19th or early 20th centuries.",travel,1
4,758,"A traveller with piles of money might consider a round the world flight, broken up with stays in many of these hotels.",travel,1
5,1035,"The smaller the Rossby number, the less active the star with respect to magnetic reversals.",science/technology,0
6,531,"Eighteen holes are played during a regular round, with players usually starting on the first hole on the course and finishing on the eighteenth.",sports,3
7,1749,Smaller tournaments and matches can also be seen here at other times of the year.,sports,3
8,432,Luxembourg has a long history but its independence dates from 1839.,politics,2
9,1812,"Cancellation policies vary, but as of late March most coronavirus-based cancellation policies don't extend to July 2020, when the Olympics had been scheduled.",sports,3
10,64,"The original bill was drafted by former mayor of São Paulo, Marta Suplicy. The proposed legislation, after being amended, is now in the hands of Roberto Jefferson.",politics,2
11,1147,"The medical charity Mangola, Medecines Sans Frontieres and the World Health Organisation say it is the worst outbreak recorded in the country.",health,4
12,1792,"Remember that even though music on the main stages may have finished, there may be sections of the festival that will keep playing music until late into the night.",entertainment,5
13,1514,The Internet combines elements of both mass and interpersonal communication.,science/technology,0
14,1292,"In a partnership of NPWS and the Sporting Shooters Association of Australia (NSW) Inc, qualified volunteers were recruited, under the Sporting Shooters Association's hunting program.",sports,3
15,1906,"In remote locations, without cell phone coverage, a satellite phone may be your only option.",science/technology,0
16,498,"Over multiple centuries, the Roman empire led to great gains in the field of medicine and formed much of the knowledge we know today.",health,4
17,91,Lodin also said officials decided to cancel the runoff in order to save Afghans the expense and security risk of another election.,politics,2
18,116,Scientists have suspected Enceladus as geologically active and a possible source of Saturn's icy E ring.,science/technology,0
19,522,"With fewer REMs per night, this state in which you experience actual sleep and your body recovers becomes infrequent enough to become a problem.",health,4
20,1151,"Looking decidedly rusty in the game against their southern sisters, South Africa however steadily improved as the tournament progressed.",sports,3
21,1100,Scientists say the explosion caused by the collision was massive.,science/technology,0
22,14,"After the match, King of Clay said, ""I am just excited about being back in the final rounds of the most important events. I am here to try to win this.""",sports,3
23,738,"CafeNet El Sol offers a reservation service for a fee of US$30, or $10 for one-day passes; details on their Corcovado page.",travel,1
24,571,When the individuals show several variants of a particular trait they are polymorphic.,science/technology,0
25,1271,"Her first was the Slalom, where she earned a Did Not Finish in her first run. 36 of the 116 competitors had the same result in that race.",sports,3
26,157,"Following the race, Keselowski remains the Drivers' Championship leader with 2,250 points.",sports,3
27,1205,"Danielle Lantagne, a UN expert on the disease, stated the outbreak was likely caused by the peacekeepers.",health,4
28,1233,"At Thursday's keynote presentation of the Tokyo Game Show, Nintendo president Satoru Iwata unveiled the controller design for the company's new Nintendo Revolution console.",entertainment,5
29,1270,"Beyond Wednesday's event, Carpanedo competed in two individual races at the Championships.",sports,3
30,921,Every corner store is filled with a confusing array of pre-paid phone cards that can be used from pay phones or ordinary telephones.,science/technology,0
31,367,Blood goes away from the heart in tubes called arteries and comes back to the heart in tubes called veins. The smallest tubes are called capillaries.,science/technology,0
32,142,The NBA's decision followed a Utah Jazz player testing positive for the COVID-19 virus.,sports,3
33,1036,"During his trip, Iwasaki ran into trouble on many occasions.",travel,1
34,1785,Booking in advance gives the traveller peace of mind that they will have somewhere to sleep once they arrive at their destination.,travel,1
35,450,"The Serengeti region contains the Serengeti National Park, the Ngorongoro Conservation Area and Maswa Game Reserve in Tanzania and the Maasai Mara National Reserve in Kenya.",geography,6
36,118,The game publisher Konami stated today in a Japanese newspaper that they will not be releasing the game Six Days in Fallujah.,entertainment,5
37,1775,"The main local beer is 'Number One', it is not a complex beer, but pleasant and refreshing. The other local beer is called ""Manta"".",entertainment,5
38,839,"Given how remote many of the pueblos are, you won't be able to find a significant amount of nightlife without traveling to Albuquerque or Santa Fe.",entertainment,5
39,1164,"ASUS Eee PC, earlier launched world-wide for cost-saving and functionality factors, became a hot topic in 2007 Taipei IT Month.",science/technology,0
40,272,"Some studies suggest that the disease must become less lethal before it can cause a global epidemic, he noted.",health,4
41,1297,The commission was Martelly's response to widespread anti-regime protests that started in October.,politics,2
42,1575,"A binary number can have only one of two values, i.e. 0 or 1, and these numbers are referred to as binary digits - or bits, to use computer jargon.",science/technology,0
43,10,"Around 11:29, the protest moved up Whitehall, past Trafalgar Square, along the Strand, passing by Aldwych and up Kingsway towards Holborn where the Conservative Party were holding their Spring Forum in the Grand Connaught Rooms hotel.",politics,2
44,538,Tourists may visit different landmarks of a particular country or they may simply opt to focus on just one area.,travel,1
45,1591,"Accepted were Aristotle's views on all matters of science, including psychology.",science/technology,0
46,700,These requirements are designed to provide an organized migratory flow between both countries.,travel,1
47,301,Vautier's achievements outside of directing include a hunger strike in 1973 against what he viewed as political censorship.,politics,2
48,1442,"Since there was limited response to this tactic, Germany expected a similar response to its unrestricted submarine warfare.",politics,2
49,1076,"Bush spokesman Gordon Johndroe called North Korea's pledge ""a major step towards the goal of achieving the verifiable denuclearization of the Korean peninsula.""",politics,2
50,1914,"Finland is a great boating destination. The ""Land of a thousand lakes"" has thousands of islands too, in the lakes and in the coastal archipelagos.",travel,1
51,302,French law was changed. His activism went back to age 15 when he joined the French Resistance during World War II.,politics,2
52,1852,Think of the skiing route as of a similar hiking route.,sports,3
53,1352,The satellite was sent into space by a rocket. Scientists use telescopes in space because the Earth’s atmosphere distorts some of our light and view.,science/technology,0
54,1011,"We agree with the USOC's statement that the interests of our athletes and clubs, and their sport, may be better served by moving forward with meaningful change within our organization, rather than decertification.",sports,3
55,979,"These can be dangerous if the traveler pursue the mirage, wasting precious energy and remaining water.",travel,1
56,637,"Four years later a patent was granted, which was the world's first patent issued in the field of MRI.",science/technology,0
57,270,"Since then, the Brazilian has featured in 53 matches for the club in all competitions and has scored 24 goals.",sports,3
58,226,Its existence is known only because of its effects on the expansion of the universe.,science/technology,0
59,1634,"This was more like the four states of matter (in the same order): solid, liquid, gas, and plasma, though he also theorised that they change into new substances to form what we see.",science/technology,0
60,877,"An infectious disease is one that is caused by a pathogen, such as a virus, bacterium, fungus or other parasites.",health,4
61,667,Many tickets sold online through auction websites such as eBay or Craigslist are partially used multi-day park-hopper tickets.,entertainment,5
62,13,Nadal bagged 88% net points in the match winning 76 points in the first serve.,sports,3
63,1028,"The feathers' structure suggests that they were not used in flight but rather for temperature regulation or display. The researchers suggested that, even though this is the tail of a young dinosaur, the sample shows adult plumage and not a chick's down.",science/technology,0
64,703,"Tours are cheaper for larger groups, so if you're by yourself or with just one friend, try to meet other people and form a group of four to six for a better per-person rate.",travel,1
65,1241,"Around 3 minutes into the launch, an on-board camera showed numerous pieces of insulation foam break away from the fuel tank.",science/technology,0
66,1069,"Layton had asked for changes to the conservatives' environmental bill during the meeting with the PM, asking for a ""thorough and complete rewriting"" of the Conservative party's environmental bill.",politics,2
67,380,"Then, a few years later in 1639, an English astronomer named Jeremiah Horrocks observed a transit of Venus.",science/technology,0
68,269,21-year-old Jesus joined Manchester City last year in January 2017 from Brazilian club Palmeiras for a reported fee of £27 million.,sports,3
69,1016,"As NSA, he assisted Carter in diplomatically handling world affairs, such as the Camp David Accords, 1978; normalizing US–China relations thought the late 1970s; the Iranian Revolution, which led to the Iran hostage crisis, 1979; and the Soviet invasion in Afghanistan, 1979.",politics,2
70,826,"Basically, they fall into two categories: Either work while you travel or try and limit your expenses. This article is focused on the latter.",travel,1
71,815,"Internationally, there are nearly 200 running tour organizations. Most of them operate independently.",travel,1
72,1422,"In 1683, Qing dynasty (1644-1912) forces take control of Taiwan’s western and northern coastal areas and declared Taiwan as a province of the Qing Empire in 1885.",politics,2
73,5,"28-year-old Vidal had joined Barça three seasons ago, from Sevilla.",sports,3
74,1504,"When completely brought up by non-human animals, the feral child exhibits behaviors (within physical limits) almost entirely like those of the particular care-animal, such as its fear of or indifference to humans.",science/technology,0
75,0,"On Monday, scientists from the Stanford University School of Medicine announced the invention of a new diagnostic tool that can sort cells by type: a tiny printable chip that can be manufactured using standard inkjet printers for possibly about one U.S. cent each.",health,4
76,1795,Saint Petersburg cruises include time in town. Cruise passengers are exempted from visa requirements (check the terms).,travel,1
77,1993,They also define routes for popular hiking and cycling trails.,travel,1
78,1003,"He built a WiFi door bell, he said.",science/technology,0
79,372,"Other scientists argue that these plants are very poisonous so it is unlikely that any dinosaur ate them, even though today the sloth and other animals like the parrot (a descendant of the dinosaurs) can eat poisonous leaves or fruit.",science/technology,0
80,1789,Any amendments or requests though should be coursed through the travel agent first and not directly with the hotel.,travel,1
81,735,"Sirena is the only ranger station that offers dormitory lodging and hot meals in addition to camping. La Leona, San Pedrillo, and Los Patos offer only camping with no food service.",travel,1
82,1112,"Several million vials of encephalitis vaccine have also been promised by the government, which will help prepare health agencies for next year.",health,4
83,1916,"Although the coastal archipelagos and the biggest lakes are indeed big enough for any yacht, smaller boats or even a kayak offer a different experience.",entertainment,5
84,1163,"Candidates can send representatives to witness every part of the process. In the evening, votes are counted by volunteers under heavy supervision, following specific procedures.",politics,2
85,1087,"Just like the moon exerts a pull on the earth, causing tides, so does the Milky Way exert a force on the Sagittarius galaxy.",science/technology,0
86,1776,"There are many French wines to be had, but the New Zealand and Australian wines might travel better.",entertainment,5
87,214,Both golf and rugby are set to return to the Olympic Games.,sports,3
88,1414,The Articles required unanimous consent from all the states before they could be amended and states took the central government so lightly that their representatives were often absent.,politics,2
89,202,"The precipitation, reaching 6.34 inches at a gauge on Oahu, was described as ""beneficial"".",geography,6
90,1173,"South Africa have defeated the All Blacks (New Zealand) in a rugby union Tri Nations match at the Royal Bafokeng Stadium in Rustenburg, South Africa.",sports,3
91,1654,Two popular content theories are Maslow's Hierarchy of Needs Theory and Hertzberg's Two Factor Theory.,science/technology,0
92,1625,"The main Amazon River is 6,387 km (3,980 miles). It collects water from thousands of smaller rivers.",geography,6
93,577,"The cell is the basic unit of all living things, and all organisms are composed of one or more cells.",science/technology,0
94,865,"As with respiratory problems in colder climates, intestinal problems in hot climates are fairly common and in most cases are distinctly annoying but not really dangerous.",health,4
95,829,"An immigration checkpoint is usually the first stop when disembarking from a plane, a ship, or another vehicle.",travel,1
96,1088,The scientists were able to conclude that the dark matter affect other dark matter in the same way regular matter does.,science/technology,0
97,1326,Several people verified the discovery using different hardware and software by the beginning of February and it was announced on Tuesday.,science/technology,0
98,1824,"Travellers bound for countries with heavy taxation can sometimes save a considerable amount of money, especially on products such as alcoholic beverages and tobacco.",travel,1
99,134,"Red tide is caused by a higher than normal concentration of Karenia brevis, a naturally-occurring single-celled marine organism.",science/technology,0
100,1398,"If you have watched the movie National Treasure, you may think a treasure map was written on the back of the Declaration of Independence.",entertainment,5
101,878,A contagious disease is a disease which is easily transmitted by being in the vicinity of an infected person.,health,4
102,1826,"If you're not used to driving on country roads, keep your wits about you: steep grades, narrow lanes, and sharp curves predominate.",travel,1
103,535,This is when people go to a place that is very different from their regular day-to-day life to relax and have fun.,entertainment,5
104,305,"Japanese judoka Hitoshi Saito, winner of two Olympic gold medals, has died at the age of 54.",sports,3
105,1769,"During the struggle for independence organised by the Mau movement, a peaceful gathering in the town resulted in the killing of the paramount chief Tupua Tamasese Lealofi III.",politics,2
106,350,"This, however, is a very hard problem to solve and will take many years before we see useful fusion reactors built.",science/technology,0
107,1268,"Uka's weapon failed whilst pointed at a fifth man's head. Schneider has ongoing pain, blindness in one eye, a missing section of skull and a face rebuilt from titanium.",health,4
108,948,Be assured that once you hit the marinas everything will be pretty obvious. You will meet other boat hitchhikers and they will share their information with you.,travel,1
109,69,"The band canceled the show at Maui's War Memorial Stadium, which was set to be attended by 9,000 people, and apologized to fans.",entertainment,5
110,563,"The study found that depression, fear and catastrophising mediated the relationship between pain and disability in lower back pain sufferers.",health,4
111,946,"The White Sea–Baltic Canal connects the Arctic Ocean to the Baltic Sea, via Lake Onega, Lake Ladoga and Saint Petersburg, mostly by rivers and lakes.",geography,6
112,1350,"When you call someone who is thousands of miles away, you are using a satellite.",science/technology,0
113,658,"During the summer, also watch out for the Nordic mosquitoes. Although they do not transmit any diseases, they can be irritating.",health,4
114,508,"Attention Deficit Disorder ""is a neurological syndrome whose classic defining triad of symptoms including impulsivity, distractibility, and hyperactivity or excess energy"".",health,4
115,509,"It is not a learning disability, it is a learning disorder; it ""affects 3 to 5 percent of all children, perhaps as many as 2 million American children"".",health,4
116,529,"The sport is primarily played in a duel format, one fencer dueling another.",sports,3
117,1803,"On the other hand, icy and snowy conditions are normal in many countries, and traffic goes on mostly uninterrupted all year round.",travel,1
118,186,The bus was headed to Six Flags St. Louis in Missouri for the band to play to a sold-out crowd.,travel,1
119,941,"After you become comfortable with formatting and editing on the web, then later, you might create your own website.",science/technology,0
120,697,"Jerusalem has many historic, archeological and cultural sites, along with vibrant and crowded shopping centers, cafés, and restaurants.",travel,1
121,37,"The PBS show has more than two-dozen Emmy awards, and its run is shorter only than Sesame Street and Mister Rogers' Neighborhood.",entertainment,5
122,1677,"Examples include control, planning and scheduling, the ability to answer customer diagnoses and questions, as well as handwriting recognition, voice and face.",science/technology,0
123,182,"""It is now important from both a public health and criminal justice perspective that the legislation be enacted as soon as possible"", said a government spokesperson.",politics,2
124,126,Al Gore and General Tommy Franks casually rattle off their favorite headlines (Gore's was when The Onion reported he and Tipper were having the best sex of their lives after his 2000 Electoral College defeat).,entertainment,5
125,362,After hundreds of hours of operation the filament in the bulb eventually burns out and the light bulb no longer works.,science/technology,0
126,1544,"By September 17, 1939, the Polish defense was already broken, and the only hope was to retreat and reorganise along the Romanian bridgehead.",politics,2
127,103,"The comments, live on television, were the first time that senior Iranian sources have admitted that the sanctions are having any effect.",politics,2
128,1232,"Lakkha Singh presented the chhappan bhog bhajan as well. Singer, Raju Khandelwal was accompanying him.",entertainment,5
129,1288,"The document, according to the leak, will refer to the borders dispute, which Palestine wants based on the borders before the 1967 Mideast War.",politics,2
130,1103,The result of plotting analysis will be posted to a public website.,science/technology,0
131,25,Ovechkin's first assist of the night was on the game-winning goal by rookie Nicklas Backstrom;,sports,3
132,1624,A full 20 percent of the water that pours out of the planet's rivers into the oceans comes from the Amazon.,geography,6
133,167,The attack put a huge strain on relations between India and Pakistan.,politics,2
134,927,"Flying a drone near an airport or over a crowd is almost always a bad idea, even if it's not illegal in your area.",science/technology,0
135,1210,"During the 1980s he worked on shows such as Taxi, Cheers, and The Tracy Ullman Show.",entertainment,5
136,537,If the objective of one’s visit to a particular place is to get to know its history and culture then this type of tourism is known as cultural tourism.,travel,1
137,1722,"As with all South African National Parks, there are daily conservation and entry fees for the park.",travel,1
138,242,"Besides carrying three important scientific instruments, the lunar probe also carried the image of the Indian national flag, painted on all sides.",geography,6
139,987,"These plateaus are often referred to as ""vidde"" meaning a wide, open treeless space, a boundless expanse.",geography,6
140,1375,"Plants make oxygen which humans breathe, and they take in carbon-dioxide which humans exhale (that is, breathe out).",science/technology,0
141,1009,"In the PALM trial, ZMapp served as a control, meaning scientists used it as a baseline and compared the three other treatments to it.",health,4
142,778,"It can usually be replenished fairly easily if you run out, and gives resolution roughly comparable to a current DSLR.",science/technology,0
143,1054,"The debate was sparked by controversy over spending on relief and reconstruction in the wake Hurricane Katrina; which some fiscal conservatives have humorously labeled ""Bush's New Orleans Deal.""",politics,2
144,1699,"In the north the region is bounded by the Sahel, and in the south and west by the Atlantic Ocean.",geography,6
145,366,"The major organ of the circulatory system is the heart, which pumps the blood.",science/technology,0
146,1127,Fluke wrote that the efforts by some to drown out women from speaking out about women’s health were unsuccessful.,health,4
147,817,"With roots in Barcelona's Running Tours Barcelona and Copenhagen's Running Copenhagen, it was quickly joined by Running Tours Prague based in Prague and others.",sports,3
148,1380,"We don't know for sure, but it may have had a forked tongue. Its diet included turtles, large fish, other mosasaurs, and it may even have been a cannibal.",science/technology,0
149,403,"In the beginning of the war they mostly travelled on top of the sea, but as radar began developing and becoming more accurate the submarines were forced to go under water to avoid being seen.",science/technology,0
150,1237,"His teammate Fernando Alonso was in the lead for most of the race, but ended it right after his pit-stop, probably because a badly tucked right front wheel.",sports,3
151,1273,"Four skiers in the women's sitting group failed to finish their runs, and 45 of the 117 total skiers in the Giant Slalom failed to rank in the race.",sports,3
152,1175,"For the Springboks, it ended a five-match losing streak.",sports,3
153,553,"Middle distance running is a relatively inexpensive sport; however, there are many misconceptions regarding the few pieces of equipment required to participate.",sports,3
154,434,Luxembourg has always tried to remain a neutral country but it was occupied in both World War I and World War II by Germany.,politics,2
155,330,No one else has ever made more appearances or scored more goals for the club than Bobek.,sports,3
156,983,"Bird flu, or more formally avian influenza, can infect both birds and mammals.",health,4
157,1939,"İzmir is the third largest city in Turkey with a population of around 3.7 million, the second biggest port after Istanbul, and a very good transport hub.",geography,6
158,297,The proposed amendment already passed both houses in 2011.,politics,2
159,720,"Besides white sand beaches and mountain landscapes, the country is home to the oldest European city in the Americas, now part of Santo Domingo.",geography,6
160,1019,"The other nominations include Best Picture, Director, Cinematography, Costume Design, Film-editing, Original Score, Production Design, Sound Editing, Sound Mixing and Original Screenplay.",entertainment,5
161,193,"Schumacher who retired in 2006 after winning the Formula 1 championship seven times, was due to replace the injured Felipe Massa.",sports,3
162,1707,Casablanca is one of the least interesting places to shop in all of Morocco.,travel,1
163,600,Elements and compounds can move from one state to another and not change.,science/technology,0
164,1158,"Their thermal behavior is not as steady as large caves on Earth that often maintain a fairly constant temperature, but it is consistent with these being deep holes in the ground,"" said Glen Cushing of the United States Geological Survey (USGS) Astrogeology Team and of Northern Arizona University located in Flagstaff, Arizona.",geography,6
165,945,"Vikings used the Russian waterways to get to the Black Sea and Caspian Sea. Parts of these routes can still be used. Check possible need for special permits, which may be difficult to get.",travel,1
166,1806,"Some animals, such as elephants and giraffes, tend to approach closely to cars and standard equipment will allow good viewing.",travel,1
167,80,Maroochydore then defeated Caboolture in the Preliminary Final.,sports,3
168,1609,"Why do transportation systems engender such complaints, why do they fail on a daily basis? Are transportation engineers just incompetent? Or is something more fundamental going on?",travel,1
169,1636,"Elements like calcium and potassium are considered metals. Of course, there are also metals like silver and gold.",science/technology,0
170,333,"It was followed by the Istanbul State Symphony Orchestra, a Janissary band, and the singers Fatih Erkoç and Müslüm Gürses.",entertainment,5
171,1039,"This will allow it to be backwards compatible with 802.11a, 802.11b and 802.11g, provided that the base station has dual radios.",science/technology,0
172,279,"As a winner-takes-all state, Florida awarded all fifty of its delegates to Romney, pushing him ahead as the front-runner for the Republican Party nomination.",politics,2
173,674,Entering Southern Africa by car is an amazing way to see all the region's beauty as well as to get to places off the normal tourist routes.,travel,1
174,203,Some of the rainfall was accompanied by thunderstorms and frequent lightning.,geography,6
175,1192,"The photographer was transported to Ronald Reagan UCLA Medical Center, where he subsequently died.",health,4
176,1143,"The ruling party, South West Africa People's Organisation (SWAPO), also retained a majority in the parliamentary elections.",politics,2
177,1331,He is speculated to make a run for president in 2016.,politics,2
178,1859,"The definition has geographic variations, where the age limit might be shorter in places such as North America than in Europe.",geography,6
179,267,"The case was prosecuted in Virginia because it is the home to the leading internet service provider AOL, the company who instigated the charges.",science/technology,0
180,836,Architecture is concerned with the design and construction of buildings. The architecture of a place is often a tourist attraction in its own right.,travel,1
181,18,"There were protests worldwide, several criminal prosecutions, and the leaders of the governments of Iceland and Pakistan both resigned.",politics,2
182,60,Apple CEO Steve Jobs unveiled the device by walking onto the stage and taking the iPhone out of his jeans pocket.,science/technology,0
183,536,"Beaches, theme parks and camp grounds are often the most common places frequented by recreational tourists.",travel,1
184,1229,"Singer Sanju Sharma started the evening, followed by Jai Shankar Choudhary. esented the chhappan bhog bhajan as well. Singer, Raju Khandelwal was accompanying him.",entertainment,5
185,926,"If using a drone, check well in advance as to what you are allowed to film and what permits or additional licensing are required.",science/technology,0
186,797,"If traveling with a laptop or tablet, store a copy in its memory or disc (accessible without the internet).",science/technology,0
187,873,"If you're feeling more adventurous, take the opportunity to juice or blend up some smoothies:",entertainment,5
188,216,"Squash, karate and roller sports tried to get onto the Olympic program as well as baseball and softball, which were voted out of the Olympic Games in 2005.",sports,3
189,349,Scientists are working to create a reactor that can make energy in the same way.,science/technology,0
190,1700,"Women: It is recommended that any women travellers say that they are married, regardless of actual marital status.",travel,1
191,533,"The game is played on grass, and the grass around the hole is mown shorter and called the green.",sports,3
192,1012,USA Gymnastics supports an independent investigation that may shine light on how abuse of the proportion described so courageously by the survivors of Larry Nassar could have gone undetected for so long and embraces any necessary and appropriate changes.,sports,3
193,48,"Mr Reid managed to drive the New Zealand's A1GP car, Black Beauty at speeds over 160km/h seven times over the bridge.",sports,3
194,813,"For a day hike along an easy trail little preparations are needed, and any moderately fit person can enjoy them.",sports,3
195,1236,Giancarlo Fisichella lost control of his car and ended the race very soon after the start.,sports,3
196,1542,"With two years of the end of the war, the former allies were now enemies and the Cold War began.",politics,2
197,1222,The rock band was due to tour the United States and Canada until September 16.,entertainment,5
198,1377,"We make our houses from plants and make clothes from plants. Most foods that we eat are plants. Without plants, animals could not survive.",science/technology,0
199,810,"Canyoning combines elements from swimming, climbing and jumping--but requires relatively little training or physical shape to get started (compared to rock climbing, scuba diving or alpine skiing, for example).",sports,3
200,811,"Hiking is an outdoor activity which consists of walking in natural environments, often on hiking trails.",sports,3
201,1415,"Italy's national football, along with German national football team is the second most successful team in the world and were the FIFA World Cup champions in 2006.",sports,3
202,1845,Summits include breath-taking views from peaks. Climbers from all parts of the world are continually establishing new routes amongst its endless potential of walls.,travel,1
203,801,"Drink alcoholic drinks with moderation. Alcohol affects everyone differently, and knowing your limit is very important.",health,4
204,1735,"As the inter-district buses are often full, it is advisable to purchase a ticket a few days in advance.",travel,1
205,693,"Jerusalem is the capital and largest city of Israel, though most other countries and the United Nations do not recognize it as Israel's capital.",geography,6
206,580,These nerve impulses can be sent so quickly throughout the body which helps keep the body safe from any potential threat.,science/technology,0
207,457,Another disadvantage of zoom lenses is that the maximum aperture (the speed) of the lens is usually lower.,science/technology,0
208,1809,The Paralympics will take place from 24 August to 5 September 2021. Some events will be held in other locations throughout Japan.,sports,3
209,955,"If you have additional travel time, check to see how your total fare quote to Africa compares with a round-the-world fare.",travel,1
210,1337,"Researchers from Princeton University in the United States and Uppsala University in Sweden reported the new species evolved in just two generations, though this process had been believed to take much longer, due to breeding between an endemic Darwin finch, Geospiza fortes, and the immigrant cactus finch, Geospiza conirostris.",science/technology,0
211,392,"With the battle for France over, Germany began to get ready to invade the island of Britain.",politics,2
212,1790,"For some festivals, the vast majority of the attendants to music festivals decide to camp on site, and most attendants consider it a vital part of the experience.",entertainment,5
213,227,Scientists have discovered landforms littered across the moon's surface called lobate scarps that have apparently resulted from the moon's shrinking very slowly.,geography,6
214,1267,Edgar Veguilla received arm and jaw wounds while Kristoffer Schneider was left requiring reconstructive surgery for his face.,health,4
215,592,Animals are made of many cells. They eat things and digest them inside. Most animals can move.,science/technology,0
216,1191,"Bachmann, who won the Ames Straw Poll in August, decided to end her campaign.",politics,2
217,959,"However, Star Alliance covers everything except the eastern South Pacific from Santiago de Chile to Tahiti, which is a LATAM Oneworld flight.",travel,1
218,772,"A World's Fair (commonly called World Exposition, or simply Expo) is large international festival of arts and sciences.",entertainment,5
219,1379,"Its long jaws were studded with more than 70 razor-sharp teeth, along with an extra set in the roof of its mouth, meaning that there was no escape for anything that crossed its path.",science/technology,0
220,1182,"France is the seventh country in the European Union to suffer this virus; following Austria, Germany, Slovenia, Bulgaria, Greece and Italy.",health,4
221,1643,One can only wonder what the keyboard will become when something newer comes along.,science/technology,0
222,1155,"All of the cave entrances, which were named ""The Seven Sisters"", are at least 100 to 250 meters (328 to 820 feet) in diameter.",geography,6
223,565,Those participating in regular activity required more support in terms of negative perception of pain distinguishing the differences of chronic pain and discomfort feel from normal physical movement.,health,4
224,1788,They can also hold the reservation for you if you need time to think about the offer or procure other documents for your destination (e.g. visa).,travel,1
225,1548,One of the most noteworthy recent examples of this was the North Atlantic campaign of WWII. The Americans were trying to move men and materials across the Atlantic Ocean to help Britain.,politics,2
226,335,Turkish diva Sezen Aksu performed with the Italian tenor Alessandro Safina and Greek singer Haris Alexiou.,entertainment,5
227,887,"Tourist visits are costly, demand physical fitness, can only take place in summer Nov-Feb, and are largely limited to the Peninsula, Islands and Ross Sea.",travel,1
228,802,Possible long term health events from excessive drinking can include liver damage and even blindness and death. The potential danger is increased when consuming illegally produced alcohol.,health,4
229,1800,"On icy and snowy roadways, friction is low and you cannot drive as if you were on bare asphalt.",travel,1
230,590,"But, if this ever does happen probably won't happen for a very long time. The stars are so spread out that there are trillions of miles between stars that are ""neighbors"".",science/technology,0
231,1494,"Subsistence agriculture is a simple, often organic, system using saved seed native to the ecoregion combined with crop rotation or other relatively simple techniques to maximize yield.",science/technology,0
232,1033,"They found the Sun operated on the same basic principles as other stars: The activity of all stars in the system was found to be driven by their luminosity, their rotation, and nothing else.",science/technology,0
233,1119,"After the accident occurred, Gibson was transported to a hospital but died shortly afterwards.",health,4
234,70,"The band's management company, HK Management Inc., gave no initial reason when they canceled on September 20, but blamed logistical reasons by the next day.",entertainment,5
235,524,The effect is dependent on how often your brain attempts to lucidly dream per night.,health,4
236,455,This is becoming less of an issue as lens manufacturers achieve higher standards in lens production.,science/technology,0
237,1592,"As knowledge of Greek declined, the West found itself cut off from its Greek philosophical and scientific roots.",science/technology,0
238,914,Real-time text translator apps – applications that are capable of automatically translating whole segments of text from one language into another.,science/technology,0
239,947,"Lake Onega is also connected to Volga, so coming from the Caspian Sea through Russia is still possible.",geography,6
240,195,Massa is due to be out for at least the rest of the 2009 season.,sports,3
241,1583,"MS is a disease that affects the central nervous system, which is made up of the brain, the spinal cord and the optic nerve.",health,4
242,1821,"Pests can spoil food, cause irritation, or in a worse case cause allergic reactions, spread venom, or transmit infections.",science/technology,0
243,611,"Sophisticated animations can be constructed on computers, and this kind of animation is increasingly being used in television and films.",science/technology,0
244,1008,"One antibody cocktail, ZMapp, initially showed promise in the field, but formal studies indicated it had less benefit than sought in preventing death.",health,4
245,680,"The town lies immediately next to the falls, and they are the major attraction, but this popular tourist destination offers both adventure seekers and sightseers plenty of opportunities for a longer stay.",travel,1
246,1050,The Report is highly critical of almost every aspect of the present policy of the Executive towards Iraq and it urges an immediate change of direction.,politics,2
247,1051,First among its 78 recommendations is that a new diplomatic initiative should be taken before the end of this year to secure Iraq’s borders against hostile interventions and to re-establish diplomatic relations with its neighbors.,politics,2
248,1780,"Many trips to the reef are made all year around, and injuries due to any of these causes on the reef are rare.",travel,1
249,1176,"It was the final match for the All Blacks, who had already won the trophy two weeks ago.",sports,3
250,1578,Check the label for specific first aid instructions for that specific poison.,health,4
251,1857,"Similarly, by having a Schengen visa, you do not need to apply for visas to each of the Schengen member countries separately, hence saving time, money and paperwork.",travel,1
252,194,The Brazilian suffered a serious head injury after a crash during the 2009 Hungarian Grand Prix.,sports,3
253,919,"It can save money over buying new maps for a GPS, or a standalone GPS device or renting one from a car rental company.",science/technology,0
254,1140,"Although Winfrey was tearful in her farewell, she made it clear to her fans she will be back.",entertainment,5
255,394,But the Royal Navy was still much stronger than the German Navy (“Kriegsmarine”) and could have destroyed any invasion fleet sent across the English Channel.,politics,2
256,1206,Hamilton confirmed Howard University Hospital admitted the patient in stable condition.,health,4
257,1612,"Fortunately, drivers tend to behave within a reasonably consistent range; thus, traffic streams tend to have some reasonable consistency and can be roughly represented mathematically.",travel,1
258,679,"Victoria Falls is a town in the western portion of Zimbabwe, across the border from Livingstone, Zambia, and near Botswana.",geography,6
259,246,"Since Pakistani independence from British rule in 1947, the Pakistani President has appointed ""Political Agents"" to govern FATA, who exercise near-complete autonomous control over the areas.",politics,2
260,1802,Visibility may also be restricted by falling or blowing snow or by condensation or ice on vehicle windows.,travel,1
261,198,"""Apart from the fever and a sore throat, I feel well and in good shape to carry out my work by telecommuting.",health,4
262,291,The significant earthquake activity resulting in the phase change had took place on March 10 on the northeast side of the volcano's summit caldera.,geography,6
263,1568,"One was sent to George Washington on July 6, who had it read to his troops in New York on July 9. A copy reached London on August 10.",politics,2
264,663,"San Francisco is also one of the best places in the nation for other Asian cuisine: Korean, Thai, Indian, and Japanese.",entertainment,5
265,1152,"Their disciplined defence, ball handling skills and excellent team work made them stand out and it was clear that this was the team to beat.",sports,3
266,1264,Huhne has resigned and he will be replaced in the Cabinet by Ed Davey MP. Norman Lamb MP is expected to take the Business Minister job Davey is vacating.,politics,2
267,327,"Born in the Croatian capital, Zagreb, Bobek gained fame while playing for Partizan Belgrade.",sports,3
268,864,"Thus the scourges of Delhi Belly, the Pharaoh's Curse, Montezuma's Revenge, and their many friends.",health,4
269,825,"If you want to see the world on the cheap, for necessity, lifestyle or challenge, there are some ways to do that.",travel,1
270,876,"For those unfamiliar with medical jargon, the words infectious and contagious have distinct meanings.",health,4
271,197,"The president's condition is stable, though he will be isolated at home for several days.",health,4
272,1159,"In France, voting has traditionally been a low-tech experience: voters isolate themselves in a booth, put a pre-printed sheet of paper indicating their candidate of choice into an envelope.",politics,2
273,1120,"The truck driver, who is aged 64, was not injured in the crash.",health,4
274,1798,"Some venues offer alcoholic beverages on the house. However, drunkenness impairs judgement, and all good gamblers know the importance of staying sober.",entertainment,5
275,1086,The effect the team was looking for would be caused by tidal forces between the galaxy's dark matter and the Milky Way's dark matter.,science/technology,0
276,916,"The translation engines have improved dramatically, and now often give more or less correct translations (and more seldom gibberish), but some care is due, as they still may have gotten it all wrong.",science/technology,0
277,861,"At home, due to this constant exposure to the local germs, odds are very high that you're already immune to them.",health,4
278,1278,"Although three people were inside the house when the car impacted it, none of them were hurt.",health,4
279,1676,Research in AI involves making machines to automate tasks that require intelligent behavior.,science/technology,0
280,1098,"However, the percentage of XDR-TB in the entire group of people with tuberculosis still seems to be low; 6,000 of the total 330,000 people infected at any particular moment in South Africa.",health,4
281,128,The artistic event is also part of a campaign by the Bucharest City Hall that seeks to relaunch the image of the Romanian capital as a creative and colourful metropolis.,entertainment,5
282,1847,"Skiing is a major travelling activity with many enthusiasts, occasionally known as ""ski bums,"" planning entire vacations around skiing at a particular location.",sports,3
283,505,"There are positive aspects to these websites, which include, being able to easily setup a class page which can include blogs, videos, photos, and other features.",science/technology,0
284,1991,Inland waterways can be a good theme to base a holiday around.,travel,1
285,354,"The blade on a modern ice skate has a double edge with a concave hollow between them. The two edges allow for a better grasp of the ice, even when tilted.",science/technology,0
286,1099,"The satellites, both of which weighed in excess of 1,000 pounds, and traveling at approximately 17,500 miles per hour, collided 491 miles above the Earth.",geography,6
287,1619,"Thousands of years ago, a man called Aristarchus said that the Solar System moved around the Sun.",science/technology,0
288,1989,"There are also a few buses going north to Hebron, the traditional burial place of the Biblical patriarchs Abraham, Isaac, Jacob, and their wives.",travel,1
289,1681,"Technology offers the solution with virtual field trips. Students can look at museum artifacts, visit an aquarium, or admire beautiful art while sitting with their class.",science/technology,0
290,740,It is an archipelago with 15 islands spread out over 2.2 million km2 of ocean.,geography,6
291,63,"The National Congress of Brazil has debated legalization for 10 years, and such civil marriages are currently only legal in Rio Grande do Sul.",politics,2
292,1541,"Germany was a common enemy in World War 2, leading to cooperation between the USSR and USA. With the end of the war the clashes of system, process and culture led to the countries falling out.",politics,2
293,20,Hsieh implied during the election that Ma might flee the country during a time of crisis.,politics,2
294,1290,Israel demands an ongoing military presence in the valley for ten years once an agreement is signed while the PA agrees to leave such presence only for five years.,politics,2
295,1330,"He referred to the rumors as ""political chatter and silliness"".",politics,2
296,952,"Although you may think it is intuitive to join the airline you fly most, you should be aware that privileges offered are often different and frequent flyer points may be more generous under a different airline in the same alliance.",travel,1
297,141,"On Wednesday, the United States' National Basketball Association (NBA) suspended its professional basketball season due to concerns regarding COVID-19.",sports,3
298,1144,Coalition and Afghan troops moved into the area to secure the site and other coalition aircraft have been sent to assist.,politics,2
299,1190,"Perry stated that he would ""return to Texas to assess the results of tonight's caucus, determine whether there is a path forward for myself in this race"", but later said that he would remain in the race and compete in the January 21 South Carolina primary.",politics,2
300,155,Fifteen of these rocks are attributed to the meteorite shower last July.,geography,6
301,1223,They have cancelled the tour after lead singer Steven Tyler was injured after he fell off stage while performing on August 5.,entertainment,5
302,1891,Travellers who had an easy time adjusting to the new culture sometimes have a particularly hard time readjusting to their native culture.,travel,1
303,962,"With Armenian backing, a new republic was created. However, no established nation - not even Armenia - officially recognizes it.",politics,2
304,555,Athletes may feel that they prefer a product even when it provides no real benefits.,sports,3
305,1427,"For example, the most common still image photography format in the world is 35mm, which was the dominant film size at the close of the analog film era.",science/technology,0
306,999,"Like some other experts, he is skeptical about whether diabetes can be cured, noting that these findings have no relevance to people who already have Type 1 diabetes.",health,4
307,47,"Jonny Reid, co-driver for the A1GP New Zealand team, today made history by driving the fastest over the 48-year-old Auckland Harbour Bridge, New Zealand, legally.",sports,3
308,1391,"In the warm climate of the Middle East, the house was not so important.",geography,6
309,870,"If you are going to camp out, bring a camp cot or hammock to keep you away from snakes, scorpions and such.",travel,1
310,1439,"Soon after the outbreak of hostilities, Britain initiated a naval blockade of Germany.",politics,2
311,712,Over 60 cruise ships ply the Galapagos waters - ranging in size from 8 to 100 passengers.,travel,1
312,798,Also give policy/contact copies to traveling companions and relatives or friends back home willing to help.,travel,1
313,1089,"This theory says that most dark matter around a galaxy is located around a galaxy in a kind of halo, and is made of lots of small particles.",science/technology,0
314,1810,"Tokyo will be the only Asian city to have hosted two summer Olympics, having hosted the games in 1964.",sports,3
315,393,"Germany code-named the attack “Operation Sealion”. Most of the British Army's heavy weapons and supplies had been lost when it evacuated from Dunkirk, so the army was fairly weak.",politics,2
316,833,This might require filling out a form with the local police or a visit to the immigration offices.,travel,1
317,1263,"The Director of Public Prosecutions, Kier Starmer QC, gave a statement this morning announcing the prosecution of both Huhne and Pryce.",politics,2
318,428,"The territory of Turkey is more than 1,600 kilometres (1,000 mi) long and 800 km (500 mi) wide, with a roughly rectangular shape.",geography,6
319,1198,Australia's Mitchell Gourley finished eleventh in the men's standing Super-G. Czech competitor Oldrich Jelinek finished sixteenth in the men's sitting Super-G.,sports,3
320,1515,The distinct characteristics of the Internet lead to additional dimensions in terms of the uses and gratifications approach.,science/technology,0
321,832,"Registration is an additional requirement for the visa process. In some countries, you must register your presence and address where you are staying with the local authorities.",travel,1
322,1423,"In 1895, after defeat in the First Sino-Japanese War (1894-1895), the Qing government signs the Treaty of Shimonoseki, by which it cedes sovereignty over Taiwan to Japan, which rules the island until 1945.",politics,2
323,1741,"The bridge is scheduled to be fully operational in September 2017, when the Brazilian customs checkpoints are expected to be finished.",travel,1
324,238,"As far as we know, there is only one planetary body that displays more dynamism than Titan, and its name is Earth,"" added Stofan.",geography,6
325,556,The atom can be considered to be one of the fundamental building blocks of all matter.,science/technology,0
326,856,"Carrying for others - Never let your bags out of your sight, especially when you are crossing international borders.",travel,1
327,1604,"Every morning, people leave small country towns in cars to go their workplace and are passed by others whose work destination is the place they have just left.",travel,1
328,943,"Living and volunteering in a foreign country is a great way to get to know a different culture, meet new people, learn about yourself, get a sense of perspective and even gain new skills.",travel,1
329,368,A triceratops' teeth would have been able to crush not only leaves but even very tough branches and roots.,science/technology,0
330,1507,"Scaffolds can be both virtual and real, in other words, a teacher is a form of scaffold but so is the little paperclip man in Microsoft Office.",science/technology,0
331,886,"Antarctica is the coldest place on Earth, and surrounds the South Pole.",geography,6
332,702,Your passport must be valid for at least 6 months beyond your travel dates. A round/onward trip ticket is needed to prove the length of your stay.,travel,1
333,1920,This means you can visit the historic city for a couple of full days while returning and sleeping on the ship at night.,travel,1
334,1048,"It warns No one can guarantee that any course of action in Iraq at this point will stop sectarian warfare, growing violence, or a slide toward chaos.",politics,2
335,357,"To return to their previous energy level, they must get rid of the extra energy they got from the light.",science/technology,0
336,1637,You can also have alloys that include small amounts of non-metallic elements like carbon.,science/technology,0
337,1071,"But Prime Minister John Howard has said the act was only to safeguard the facilities of the hospital from being downgraded by the Tasmanian government, in giving an extra AUD$45 million.",politics,2
338,1941,"The broad boulevards, glass-fronted buildings and modern shopping centers are dotted with traditional red-tiled roofs, the 18th century market, and old mosques and churches, although the city has an atmosphere more of Mediterranean Europe than traditional Turkey.",travel,1
339,1376,Plants make their food from the sun by photosynthesis. They also provide shade.,science/technology,0
340,830,In some cross-border trains inspections are done on the running train and you should have valid ID with you when boarding one of those trains.,travel,1
341,719,"The Dominican Republic (Spanish: República Dominicana) is a Caribbean country that occupies the eastern half of the island of Hispaniola, which it shares with Haiti",geography,6
342,1674,This provides us with a lot of information and material to build simulation models which help us to understand processes in our mind.,science/technology,0
343,1774,These are sometimes-crowded family beaches with a good range of shops lining the shore. Swimming is safe.,entertainment,5
344,1567,The first public reading of the document was by John Nixon in the yard of Independence Hall on July 8.,politics,2
345,951,You should choose your Frequent Flyer airline in an alliance carefully.,travel,1
346,770,Most of the temple festivals is celebrated as part of temple's anniversary or presiding deity's birthday or any other major event associated with the temple.,entertainment,5
347,954,Turkish Airlines flies to 39 destinations in 30 African countries as of 2014.,travel,1
348,576,"What is a cell? The word cell comes from the Latin word ""cella"", meaning ""small room"", and it was first coined by a microscopist observing the structure of cork.",science/technology,0
349,1597,"Hershey and Chase used phages, or viruses, to implant their own DNA into a bacterium.",science/technology,0
350,1520,"Oliver Sacks, in his paper The President's Speech, indicated how people who are unable to understand speech because of brain damage are nevertheless able to assess sincerity accurately.",health,4
351,1695,"Madagascar is by far the biggest, and a continent on its own when it comes to wildlife.",geography,6
352,325,Scientists at the National Hurricane Center predict that Danielle will strengthen to a hurricane by Wednesday.,geography,6
353,1013,"USA Gymnastics and the USOC have the same goal — making the sport of gymnastics, and others, as safe as possible for athletes to follow their dreams in a safe, positive and empowered environment.",sports,3
354,247,These agents are responsible for providing government and judicial services under Article 247 of the Pakistani Constitution.,politics,2
355,530,Golf is a game in which players use clubs to hit balls into holes.,sports,3
356,1936,"In 1994, this conflict led to the creation of the self-proclaimed Transnistria Republic in eastern Moldova, which has its own government and currency but is not recognised by any UN member country.",politics,2
357,1117,"His 1,000th stamp was the magnificent ""Great Deeds by Swedish Kings"" by David Klöcker Ehrenstrahl in 2000, which is listed in the Guinness Book of World Records.",entertainment,5
358,755,"These hotels were where the rich and the famous of the day would stay, and often had fine dining and nightlife.",entertainment,5
359,867,"Many a stable, capable traveler has been overcome by the newness of developing world travel, where many little cultural adjustments can add up quickly.",travel,1
360,1856,"As long as you stay in this zone, you can generally cross borders without going through passport control checkpoints again.",travel,1
361,1606,Science now indicates that this massive carbon economy has dislodged the biosphere from one of its stable states that has supported human evolution for the past two million years.,science/technology,0
362,1325,"Curtis Cooper, a mathematician and computer science professor at the University of Central Missouri, has discovered the largest known prime number to date on January 25.",science/technology,0
363,1416,"Popular sports include football, basketball, volleyball, water-polo, fencing, rugby, cycling, ice hockey, roller hockey and F1 motor racing.",sports,3
364,376,The gas becomes thinner as you go farther from the center of the Sun.,science/technology,0
365,1318,"Dustin ""Goldust"" Runnels commented that ""Luna was as freaky as me...maybe even more...love her and will miss her...hopefully she's in a better place.""",sports,3
366,1197,"They include the Netherlands, with Anna Jochemsen finishing ninth in the women's standing class in the Super-G yesterday, and Finland with Katja Saarinen finishing tenth in the same event.",sports,3
367,54,"Peter Costello, Australian treasurer and the man most likely to succeed Prime Minister John Howard as Liberal party leader has thrown his support behind a nuclear power industry in Australia.",politics,2
368,1709,Goma is a tourist city of the Democratic Republic of Congo in the extreme east near Rwanda.,travel,1
369,1230,"Then, Lakkha Singh took the lead in singing the bhajans.",entertainment,5
370,324,"The storm, located approximately 3,000 miles from Miami, Florida, has maximum sustained winds of 40 mph (64 kph).",geography,6
371,840,"However, nearly all of the casinos listed above serve drinks, and several of them bring in name-brand entertainment (primarily the large ones immediately surrounding Albuquerque and Santa Fe).",entertainment,5
372,512,ADD affects relationships with other peers because other children can not understand why they act the way that they do or why they spell they way they do or that their maturity level is different.,health,4
373,1400,"Written on the back of the Declaration of Independence were the words ""Original Declaration of Independence dated 4th July 1776"". The text appears on the bottom of the document, upside down.",politics,2
374,292,Dark clouds unrelated to any volcanic activity were reported at the base of the mountain.,geography,6
375,1007,"While one experimental vaccine appears able to reduce Ebola mortality, up until now, no drugs have been clearly demonstrated suitable for treating existing infection.",health,4
376,559,Protons have a positive electric charge while neutrons have no charge. The electrons have a negative electric charge.,science/technology,0
377,1850,"Backpacking by ski: This activity is also called backcountry ski, ski touring or ski hiking.",sports,3
378,1053,"Mrs. Kirchner announced her intention to run for president at the Argentine Theatre, the same location she used to start her 2005 campaign for the Senate as member of the Buenos Aires province delegation.",politics,2
379,854,"MetroPlus is more comfortable and less crowded but slightly more expensive, though still cheaper than normal metro tickets in Europe.",travel,1
380,871,Fill your home with a rich coffee in the morning and some relaxing chamomile tea at night.,entertainment,5
381,984,"Fewer than a thousand cases have ever been reported in humans, but some of them have been fatal.",health,4
382,550,"Some cross country running during the winter, combined with gymnasium work for the upper part of the body, is the best preparation for the running season.",sports,3
383,923,Access to these services is often through a toll-free telephone number that can be called from most phones without charge.,science/technology,0
384,1516,"For example, “learning” and “socialization” are suggested as important motivations for Internet use (James et al., 1995).",science/technology,0
385,602,Water is another example. The compound water is made up of two hydrogen atoms and one oxygen atom.,science/technology,0
386,1344,Hydrogen ions are protons that had their electrons stripped off them (since Hydrogen atoms consist of one proton and one electron).,science/technology,0
387,1854,"Europe is a continent that is relatively small but with many independent countries. Under normal circumstances, travelling through multiple countries would mean having to go through visa applications and passport control multiple times.",travel,1
388,647,So many of us find ourselves watching a television show that informs us of a process or experience in which we will never participate or apply that knowledge.,entertainment,5
389,298,A change was made this legislative session when the second sentence was deleted first by the House of Representatives and then was passed in a similar form by the Senate Monday.,politics,2
390,1355,"It has brought us the train, the car, and many other transportation devices.",science/technology,0
391,1848,The idea of skiing is very old — cave paintings depicting skiers date back as far as 5000 BC!,sports,3
392,1639,Atoms are so incredibly tiny that trillions of them could fit into the period at the end of this sentence.,science/technology,0
393,1298,"The sometimes-violent protests were triggered by failure to hold elections, some due since 2011.",politics,2
394,1909,Your local telephone service provider should be able to give more information about connecting to this service.,science/technology,0
395,880,These requirements may often depend on what countries a traveller has visited or intends to visit.,travel,1
396,1673,The rise of new technologies allows us to see and investigate brain structures and processes never seen before.,science/technology,0
397,1478,"Technological determinism is a term that encompasses a wide range of ideas in practice, from technology-push or the technological imperative to a strict sense that human destiny is driven by an underlying logic associated with scientific laws and their manifestation in technology.",science/technology,0
398,112,"Mr. Rudd's decision to sign the Kyoto climate accord isolates the United States, which will now be the only developed nation not to ratify the agreement.",politics,2
399,783,"Wildlife photography often requires a long telephoto lens, though things like a flock of birds or a tiny creature need other lenses.",science/technology,0
400,1109,The first cases of the disease this season were reported in late July.,health,4
401,490,"Although in the end, Krushchev sent in tanks to restore order, he did give way to some economic demands and agreed to appoint the popular Wladyslaw Gomulka as the new prime minister.",politics,2
402,1148,"Spokesman for Medecines Sans Frontiere Richard Veerman said: ""Angola is heading for its worst ever outbreak and the situation remains very bad in Angola,"" he said.",health,4
403,200,"Felicia, once a Category 4 storm on the Saffir-Simpson Hurricane Scale, weakened to a tropical depression before dissipating Tuesday.",geography,6
404,185,He was staying in the team hotel ahead of a match planned for Sunday against Bolonia.,sports,3
405,698,Ecuador requires that Cuban citizens receive an invitation letter prior to entering Ecuador through international airports or frontier admission points.,travel,1
406,928,Nowadays air travel is only rarely booked directly through the airline without first searching and comparing prices.,travel,1
407,759,A hospitality exchange network is the organization that connects travelers with locals in the cities they are going to visit.,travel,1
408,701,Cuban citizens who are US green card holders should visit an Ecuadorian Consulate to obtain an exemption to this requirement.,travel,1
409,1522,Twentieth century research has shown that there are two pools of genetic variation: hidden and expressed.,science/technology,0
410,1281,He was initially hospitalised in the James Paget Hospital in Great Yarmouth.,health,4
411,570,When all individuals in a population are identical with regard to a particular phenotypic trait they are known as monomorphic.,science/technology,0
412,868,"Especially in your initial days, consider splurging on Western-style and -quality hotels, food, and services to help acclimatize.",travel,1
413,144,"That means everything has to be put back,"" said researcher at the Rift Valley Research Service in Ethiopia and a co-author of the study, Berhane Asfaw.",science/technology,0
414,1128,She came to this conclusion due to the multitude of positive comments and encouragement sent to her by both female and male individuals urging that contraception medication be considered a medical necessity.,health,4
415,280,"Organisers of the protest said about 100,000 people turned up in German cities such as Berlin, Cologne, Hamburg, and Hanover.",politics,2
416,528,"The modern sport of fencing is played at many levels, from students learning at a university to professional and Olympic competition.",sports,3
417,1166,"The station's web site describes the show as ""old school radio theater with a new and outrageous geeky spin!""",entertainment,5
418,32,"As the cars ahead of Alonso went in for fuel under the safety car, he moved up the pack to take victory.",sports,3
419,7,"The protest started around 11:00 local time (UTC+1) on Whitehall opposite the police-guarded entrance to Downing Street, the Prime Minister's official residence.",politics,2
420,1550,"Had the Allies failed, Germany probably would have been able to conquer Britain as it had the rest of Europe.",politics,2
421,129,"The city will be the first in southeastern Europe to host CowParade, the world's largest public art event, between June and August this year.",entertainment,5
422,496,Surgeons had knowledge of various sedatives including morphine from extracts of poppy seeds and scopolamine from herbane seeds.,health,4
423,1623,"The Amazon is also the widest river on Earth, at times six miles wide.",geography,6
424,26,"his second goal of the night was his 60th of the season, becoming the first player to score 60 or more goals in a season since 1995-96, when Jaromir Jagr and Mario Lemieux each reached that milestone.",sports,3
425,154,"Out of the approximately 24,000 known meteorites to have fallen to Earth, only about 34 have been verified to be martian in origin.",geography,6
426,1622,The Amazon River is the second longest and the biggest river on Earth. It carries more than 8 times as much water as the second biggest river.,geography,6
427,24,He had 2 goals and 2 assists in Washington's 5-3 win over the Atlanta Thrashers.,sports,3
428,1203,"Prior to the arrival of troops, Haiti had not encountered problems related to the disease since the 1800s.",health,4
429,1333,It uses satellite-based technology as opposed to older ground-radar-based technology to allow air traffic controllers to pinpoint aircraft with greater precision and give pilots more accurate information.,science/technology,0
430,566,"Vision, or the ability to see depends on visual system sensory organs or eyes.",health,4
431,642,The use of the Internet and the World Wide Web allows learners to have access to information at all times.,science/technology,0
432,1215,The early reports say the plane was diverted back to Afghanistan after being denied an emergency landing in Ürümqi.,travel,1
433,1582,"Across the United States of America, there are approximately 400,000 known cases of Multiple Sclerosis (MS), leaving it as the leading neurological disease in younger and middle aged adults.",health,4
434,1433,It states that the most effective place for the main subject is at the intersection of lines dividing the image into thirds vertically and horizontally (see example).,science/technology,0
435,1763,"Each year, dozens of visitors are injured because they didn't keep a proper distance. These animals are large, wild, and potentially dangerous, so give them their space.",travel,1
436,598,"Robert Hooke, a biologist from England, saw small squares in cork with a microscope.",science/technology,0
437,1196,"With only eighteen medals available a day, a number of countries have failed to make the medal podium.",sports,3
438,862,"But in other parts of the world, where the bacteriological fauna are new to you, you're far more likely to run into problems.",health,4
439,958,No airline alliance covers all three ocean crossings in the Southern Hemisphere (and SkyTeam covers none of the crossings).,travel,1
440,982,"Even if you're driving through the subtropical rainforest, a few seconds with the doors open while you get inside the vehicle is enough time for mosquitoes to get in the vehicle with you.",travel,1
441,33,Piquet Jr. was sacked after the 2009 Hungarian Grand Prix.,sports,3
442,1353,It takes a giant rocket over a 100 feet high to put a satellite or telescope in space.,science/technology,0
443,1787,"Travel agents usually offer packages that include breakfast, transportation arrangements to/from the airport or even combined flight and hotel packages.",travel,1
444,1549,"At the same time, the German navy, using mainly U-boats, was trying to stop this traffic.",politics,2
445,1747,Argentina is well known for having one of the best polo teams and players in the world.,sports,3
446,1418,"Japans holds nearly 7,000 islands (the biggest being Honshu), making Japan the 7th largest island in the world!",geography,6
447,1479,"Most interpretations of technological determinism share two general ideas: that the development of technology itself follows a path largely beyond cultural or political influence, and that technology in turn has ""effects"" on societies that are inherent, rather than socially conditioned.",science/technology,0
448,920,"If you don't have a data connection for your phone, or when it is out of range, their performance can be limited or unavailable.",science/technology,0
449,730,"This authentic community is located in Howe Sound just off Vancouver, and is easily accessed via scheduled water taxis departing Granville Island in downtown Vancouver.",travel,1
450,534,Perhaps the most common type of tourism is what most people associate with traveling: Recreation tourism.,travel,1
451,585,"However, the first true telescopes were made in Europe in the late 16th century.",science/technology,0
452,220,Despite his comments he said he will be supporting the British competitors at the 2012 Olympics being held in London.,sports,3
453,1651,Content theories are centered on finding what makes people tick or appeals to them.,science/technology,0
454,120,"The ACMA also found that despite the video being streamed on the Internet, Big Brother had not breached online content censorship laws as the media had not been stored on Big Brother's website.",entertainment,5
455,1694,The East African Islands are in the Indian Ocean off the eastern coast of Africa.,geography,6
456,692,The Angkor Pass is needed to enter the temple so do not forget to bring your passport along when heading to Tonle Sap.,travel,1
457,273,There is concern that patients may continue to infect more people by going through their daily routines if the flu symptoms remain mild.,health,4
458,124,"Long before The Daily Show and The Colbert Report, Heck and Johnson envisioned a publication that would parody the news—and news reporting—when they were students at UW in 1988.",entertainment,5
459,1342,The cabbage juice changes color depending on how acidic or basic (alkaline) the chemical is.,science/technology,0
460,1367,"Scientists think that ocelots follow and find animals to eat (prey) by smell, sniffing for where they've been on the ground.",science/technology,0
461,1066,He was greeted by Singapore's Deputy Prime Minister Wong Kan Seng and discussed trade and terrorism issues with the Singapore Prime Minister Lee Hsien Loong.,politics,2
462,332,The celebrations started with a special show by the world-renowned group Cirque du Soleil.,entertainment,5
463,282,"Protests also took place in Paris, Sofia in Bulgaria, Vilnius in Lithuania, Valetta in Malta, Tallinn in Estonia, and Edinburgh and Glasgow in Scotland.",politics,2
464,1174,"The final score was a one-point victory, 21 to 20, ending the All Blacks' 15 game winning streak.",sports,3
465,1201,"UN peacekeepers, whom arrived in Haiti after the 2010 earthquake, are being blamed for the spread of the disease which started near the troop's encampment.",health,4
466,1724,Hong Kong Island gives the territory of Hong Kong its name and is the place that many tourists regard as the main focus.,travel,1
467,1729,"The Sundarbans are the largest littoral mangrove belt in the world, stretching 80 km (50 mi) into the Bangladeshi and Indian hinterland from the coast.",geography,6
468,23,Today's Player of the Day is Alex Ovechkin of the Washington Capitals.,sports,3
469,1671,The correlation between brain pathology and behaviour supports scientists in their research.,science/technology,0
470,358,"They do this by emitting a tiny particle of light called a ""photon"".",science/technology,0
471,204,"The Twin Otter had been trying to land at Kokoda yesterday as Airlines PNG Flight CG4684, but had aborted once already.",travel,1
472,1841,"If a rider is thrown from a horse but has a foot caught in the stirrup, they could be dragged if the horse runs away. To minimize this risk, a number of safety precautions can be taken.",travel,1
473,729,"Bowen Island is a popular day trip or weekend excursion offering kayaking, hiking, shops, restaurants, and more.",travel,1
474,379,Phases happen because only the side of Venus (or of the Moon) facing the Sun is lighted. The phases of Venus supported the theory of Copernicus that the planets go around the Sun.,science/technology,0
475,1207,"The patient had been to Nigeria, where some cases of the Ebola virus have occurred.",health,4
476,431,"Turkey is encircled by seas on three sides: the Aegean Sea to the west, the Black Sea to the north and the Mediterranean Sea to the south.",geography,6
477,130,Today's announcement also extended the government's commitment made in March of this year to fund extra carriages.,politics,2
478,285,Latvia and Slovakia have both delayed the process of joining ACTA.,politics,2
479,1142,"Final results from Namibian presidential and parliamentary elections have indicated that the incumbent president, Hifikepunye Pohamba, has been reelected by a large margin.",politics,2
480,228,"These scarps were found all over the moon and appear to be minimally weathered, indicating that the geologic events that created them were fairly recent.",geography,6
481,925,"If just taking a photo of something isn't allowed, then you shouldn't even think of recording a video of it.",science/technology,0
482,930,"While you may not need a visa for short visits to certain countries as a tourist or for business, going there as an international student generally requires a longer stay than going there just as a casual tourist.",travel,1
483,271,Dr. Lee also expressed his concern about reports that children in Turkey have now become infected with the A(H5N1) avian influenza virus without becoming ill.,health,4
484,299,"The failure of the second sentence, which proposes to ban same-sex civil unions, could possibly open the door for civil unions in the future.",politics,2
485,1917,"Boating is a national pastime in Finland, with a boat to every seven or eight people.",entertainment,5
486,1708,"Around the old Medina it's easy to find places selling traditional Moroccan goods, such as tagines, pottery, leather goods, hookahs, and a whole spectrum of geegaws, but it's all for the tourists.",travel,1
487,547,"The main assault force of 2,400 men would cross the river nine miles north of Trenton, and then split into two groups, one under Greene and one under Sullivan, in order to launch a pre-dawn attack.",politics,2
488,1948,"Please remember that you are essentially visiting a mass grave site, as well as a site that has an almost incalculable meaning to a significant portion of the world's population.",travel,1
489,453,"Interactive design requires that components of a project connect to each other, but also make sense as a separate entity.",science/technology,0
490,295,Helicopters rescued the twelve crewmembers and the only injury was a broken nose.,health,4
491,275,Komen's policy disqualified Planned Parenthood due to a pending investigation on how Planned Parenthood spends and reports its money that is being conducted by Representative Cliff Stearns.,politics,2
492,1732,"The Sundarbans cover an area of 3,850 km², of which about one-third is covered in water/marsh areas.",geography,6
493,805,"Consider getting an eye exam at home, especially if insurance covers it, and bringing the prescription along to be filed elsewhere.",health,4
494,944,It can also be a good way to stretch a budget to allow a longer stay somewhere since many volunteer jobs provide room and board and a few pay a small salary.,travel,1
495,460,Most televisions are made in a way to please the general public.,entertainment,5
496,688,Visitors with limited time would be best to spend their time elsewhere.,travel,1
497,79,The two sides would meet in the major semi final where Noosa ran out winners by 11 points.,sports,3
498,1696,"Most of the smaller islands are independent nations, or associated with France, and known as luxury beach resorts.",geography,6
499,1881,The willingness of governments to issue passports with gender not stated (X) or documents updated to match a desired name and gender varies.,politics,2
500,1085,"The work done was mostly theoretical, but the program was written to simulate observations made of the Sagittarius galaxy.",science/technology,0
501,458,This makes inexpensive zoom lenses hard to use in low-light conditions without a flash.,science/technology,0
502,339,He was immediately attended to by the on-track medical staff and transported to a local hospital where he later died.,health,4
503,1472,The war expenditures of U.S. imperialism in the conquest of the Philippines were paid for by the Filipino people themselves.,politics,2
504,1811,"If you booked your flights and accommodation for 2020 before the postponement was announced, you may have a tricky situation.",travel,1
505,383,"This fleet was led by Olaf Trygvasson, a Norwegian with ambitions to reclaim his country from Danish domination.",politics,2
506,912,"There is also no requirement that you obtain a local number from the community in which you live; you can obtain a satellite Internet connection in the wilds of Chicken, Alaska and select a number which claims you're in sunny Arizona.",science/technology,0
507,1804,Safaris are perhaps the greatest tourism draw in Africa and the highlight for many visitors.,travel,1
508,1521,He even suggests that such abilities in interpreting human behavior may be shared by animals such as domestic dogs.,science/technology,0
509,402,Submarines were used in World War I and World War II. Back then they were very slow and had a very limited shooting range.,science/technology,0
510,732,Whistler (1.5 hour drive from Vancouver) is expensive but well-known because of the 2010 Winter Olympics.,sports,3
511,848,Most boomerangs available in Australia are in fact non-returning. It is best for beginners to not try throwing in windy,entertainment,5
512,329,"During his time with the team, he scored 403 goals in 468 appearances.",sports,3
513,1908,"The service is frequently used by shipping, including pleasure craft, as well as expeditions who have remote data and voice needs.",science/technology,0
514,378,"About three thousand years later, in 1610, Italian astronomer Galileo Galilei used a telescope to observe that Venus has phases, just as the moon does.",science/technology,0
515,360,"The next picture shows the atoms emitting photons. Of course, in reality photons are a lot smaller than those in the picture.",science/technology,0
516,497,They became proficient at amputation to save patients from gangrene as well as tourniquets and arterial clamps to stem blood flow.,health,4
517,1294,Martelly swore in a new Provisional Electoral Council (CEP) of nine members yesterday.,politics,2
518,1027,"Because the dinosaur feathers do not have a well-developed shaft, called a rachis, but do have other features of feathers — barbs and barbules — the researchers inferred the rachis was likely a later evolutionary development that these other features.",science/technology,0
519,821,"Travel agencies have been around since the 19th century. A travel agent is usually a good option for a journey which extends beyond a traveller's previous experience of nature, culture, language or low-income countries.",travel,1
520,733,"In the winter, enjoy some of the best skiing in North America, and in the summer try some authentic mountain biking.",sports,3
521,1357,"Finally, there are many small cats (including loose pet cats) that eat the far more numerous small prey like insects, rodents, lizards, and birds.",science/technology,0
522,892,"It's compacted snow with crevasses filled in and marked by flags. It can only be traveled by specialized tractors, hauling sleds with fuel and supplies.",travel,1
523,1982,"Cherry blossom viewing, known as hanami, has been a part of Japanese culture since the 8th century.",entertainment,5
524,153,This is believed to be the fifth time in history that people have observed what turned out to be chemically confirmed martian material falling to Earth.,geography,6
525,1040,The speeds of 802.11n are substantially faster than that of its predecessors with a maximum theoretical throughput of 600Mbit/s.,science/technology,0
526,1689,"Ottawa is Canada's charming, bilingual capital and features an array of art galleries and museums that showcase Canada's past and present.",geography,6
527,1610,Traffic Flow is the study of the movement of individual drivers and vehicles between two points and the interactions they make with one another.,travel,1
528,918,Using GPS navigation apps on your smartphone can be the easiest and most convenient way to navigate when out of your home country.,science/technology,0
529,749,Getting into your own car and heading off on a long road trip has an intrinsic appeal in its simplicity.,travel,1
530,560,"To Check the victim, you must first survey the scene to ensure your safety.",health,4
531,1038,The 802.11n standard operates on both the 2.4Ghz and 5.0Ghz frequencies.,science/technology,0
532,1228,"Famous singers across the country presented bhajans, or devotional songs, to Shri Shyam's feet.",entertainment,5
533,549,"Of course a first-class half-miler, a man who can beat two minutes, must be possessed of a fair amount of speed, but endurance must be cultivated at all hazards.",sports,3
534,1064,"But, after losing the captain's wicket India only made 36 runs loosing 7 wickets to end the innings.",sports,3
535,1598,They did two experiments marking either the DNA in the phage with a radioactive phosphorus or the protein of the phage with radioactive sulfur.,science/technology,0
536,1328,"Scientists hope to understand how planets form, especially how the Earth formed, since comets collided with the Earth long ago.",science/technology,0
537,276,"Stearns is investigating whether taxes are used to fund abortions through Planned Parenthood in his role as chairman of the Oversight and Investigations Subcommittee, which is under the umbrella of the House Energy and Commerce Committee.",politics,2
538,1922,"Some cruises feature Berlin, Germany in the brochures. As you can see from the map above Berlin is no where near the sea and a visit to the city is not included in the price of the cruise.",travel,1
539,996,"In all cases, you must book by phone directly with the airline.",travel,1
540,1049,The Report opens with plea for open debate and the formation of a consensus in the United States about the policy towards the Middle East.,politics,2
541,1533,"Other biorhythm-based options involve drinking lots of fluid (particularly water or tea, a known diuretic) prior to sleep, forcing one to get up to urinate.",health,4
542,1771,North Shore beaches (in North Harbour district) are on the Pacific Ocean and stretch from Long Bay in the north to Devonport in the south.,geography,6
543,1786,"Travel agents often have deals with specific hotels, although you may find it possible to book other forms of accommodation, like camping grounds, through a travel agent.",travel,1
544,1082,Commons Administrator Adam Cuerden expressed his frustration over the deletions when he spoke to Wikinews last month.,politics,2
545,290,The Icelandic Meteorological Office also reported no earthquake activity in the Hekla area in the past 48 hours.,geography,6
546,1588,Science’s main goal is to figure out the way the world works through the scientific method. This method in fact guides most scientific research.,science/technology,0
547,889,Inland Antarctica is a desolate plateau covered by 2-3 km of ice.,geography,6
548,1645,Sort of like rolling a heavy cart up a hill. Splitting the nucleus up again then releases some of that energy.,science/technology,0
549,1431,"Many common formats (APS family of formats, for example) are equal to or closely approximate this aspect ratio.",science/technology,0
550,1364,"The tiger is in the same group (Genus Panthera) as lions, leopards, and jaguars. These four cats are the only ones who can roar.",science/technology,0
551,845,"However, nowadays there are established graffiti artists, graffiti events and ""legal"" walls. Graffiti paintings in this context often resemble artworks rather than illegible tags.",entertainment,5
552,634,"MRI is based on a physics phenomenon called nuclear magnetic resonance (NMR), which was discovered in the 1930s by Felix Bloch (working at Stanford University) and Edward Purcell (from Harvard University).",science/technology,0
553,993,"However, they have a different kind of beauty and charm during winter, with many hill stations receiving healthy amounts of snow and offering activities such as skiing and snowboarding.",entertainment,5
554,1940,"Once the ancient city of Smyrna, it is now a modern, developed, and busy commercial center, set around a huge bay and surrounded by mountains.",geography,6
555,1736,"Most districts are served by small Japanese Coaster Buses, which are comfortable and sturdy.",travel,1
556,1070,"Ever since the Federal Government stepped in to take over funding of the Mersey hospital in Devonport, Tasmania, the state government and some federal MPs have criticised this act as a stunt in the prelude to the federal election to be called by November.",politics,2
557,665,"The ""typical"" visit involves flying into Orlando International Airport, busing to an on-site Disney hotel, spending about a week without leaving Disney property, and returning home.",travel,1
558,1065,"U.S. President George W. Bush arrived in Singapore the morning of November 16, beginning a week-long tour of Asia.",politics,2
559,1923,"Travelling by plane can be a scary experience for people of all ages and backgrounds, particularly if they've not flown before or have experienced a traumatic event.",travel,1
560,1217,International sanctions have meant that new aircraft cannot be purchased.,politics,2
561,875,"If you live in a city with a varied drinking culture, go to bars or pubs in neighborhoods you don't frequent.",entertainment,5
562,1411,"During the Revolutionary War, the thirteen states first formed a weak central government—with the Congress being its only component—under the Articles of Confederation.",politics,2
563,1329,"Cuomo, 53, began his governorship earlier this year and signed a bill last month legalizing same-sex marriage.",politics,2
564,879,"Many governments require visitors entering, or residents leaving, their countries to be vaccinated for a range of diseases.",health,4
565,911,"Because calls are routed over the Internet, you do not need to use a phone company located where you live or where you travel.",science/technology,0
566,76,"He did, however, reiterate his earlier statement that Roe v. Wade was the ""settled law of the land"", emphasizing the importance of consistent Supreme Court rulings.",politics,2
567,374,"A person who weighs 200 pounds (90kg) on Earth would weigh about 36 pounds (16kg) on Io. So the gravity, of course, pulls less on you.",science/technology,0
568,1892,"When returning home after living abroad, you've adapted to the new culture and lost some of your habits from your home culture.",travel,1
569,1692,Large areas further north are quite sparsely populated and some is nearly uninhabited wilderness.,geography,6
570,211,"No major injuries were reported, but at least five people on scene at the time of the explosion were treated for symptoms of shock.",health,4
571,110,"Stardust will set a new all-time record for being the fastest spacecraft to return to Earth, breaking the previous record set in May of 1969 during the return of the Apollo X command module.",science/technology,0
572,386,King Sejong was the fourth king of the Joseon Dynasty and is one of the most highly regarded.,politics,2
573,311,The couple had married in Texas one year ago and came to Buffalo to celebrate with friends and relatives.,entertainment,5
574,1794,"If crossing the Northern Baltic in winter, check the cabin location, as going through ice causes quite horrible noise for those most affected.",travel,1
575,1638,Everything in the Universe is made of matter. All matter is made of tiny particles called atoms.,science/technology,0
576,1737,"Shared taxis are a quick and comfortable means to travel to nearby places, such as Paro (Nu 150) and Punakha (Nu 200).",travel,1
577,753,"Car camping is possible if you have a large minivan, SUV, Sedan or Station Wagon with seats that lay down.",travel,1
578,1005,"In late 2017, Siminoff appeared on shopping television channel QVC.",entertainment,5
579,601,Nitrogen as a gas still has the same properties as liquid nitrogen. The liquid state is denser but the molecules are still the same.,science/technology,0
580,217,The vote must still be ratified by the full IOC at it's October meeting in Copenhagen.,sports,3
581,1764,"In addition, be aware that odors attract bears and other wildlife, so avoid carrying or cooking odorous foods and keep a clean camp.",travel,1
582,532,"The player who takes the fewest strokes, or swings of the club, to complete the course wins.",sports,3
583,675,This can be done in a normal car with careful planning but a 4x4 is highly advised and many locations are only accessible with a high wheel base 4x4.,travel,1
584,1601,"Nature-based tourism attracts people interested in visiting natural areas for the purpose of enjoying the scenery, including plant and animal wildlife.",travel,1
585,94,The aircraft had been headed to Irkutsk and was being operated by interior troops.,travel,1
586,1412,"Congress lacked any power to impose taxes, and, because there was no national executive or judiciary, it relied on state authorities, who were often uncooperative, to enforce all its acts.",politics,2
587,893,These aren't very nimble so the trail has to take a long swerve around the Transantarctic Mountains to come onto the plateau.,geography,6
588,1225,"Del Potro had the early advantage in the second set, but this too required a tie break after reaching 6-6.",sports,3
589,1167,"In its early days, the show was featured solely at the long-running internet radio site TogiNet Radio, a site focused on talk radio.",entertainment,5
590,995,"Airlines that offer these include Air Canada, Delta Air Lines, Lufthansa for flights originating from the U.S. or Canada, and WestJet.",travel,1
591,907,They normally offer higher bandwidth and better quality of service. They are encrypted and thus harder to spy on.,science/technology,0
592,831,"On night sleeper trains, passports may be collected by the conductor so that you do not have your sleep interrupted.",travel,1
593,774,"International Horticultural Expositions are specialised events which showcase floral displays, botanical gardens and anything else to do with plants.",entertainment,5
594,1034,"The luminosity and rotation are used together to determine a star's Rossby number, which is related to plasma flow.",science/technology,0
595,1359,"Lions are the most social cats, living in large groups called prides.",science/technology,0
596,1022,The announcement was made after Trump had a phone conversation with Turkish President Recep Tayyip Erdoğan.,politics,2
597,771,"Kerala's temple festivals are very interesting to see, with regular procession of decorated elephants, temple orchestra and other festivities.",entertainment,5
598,908,"The media companies routinely lie about the purpose of this, claiming that it is to ""prevent piracy"".",science/technology,0
599,1361,"The females are usually closely related to each other, being a large family of sisters and daughters.",science/technology,0
600,107,"When the capsule gets to Earth and enters the atmosphere, at about 5am (eastern time), it is expected to put on quite a light show for folks in Northern California, Oregon, Nevada, and Utah.",geography,6
601,1828,"Curiously, though, mobile phone service is much stronger here than along many other stretches of the route, e.g. the Pennsylvania Wilds.",travel,1
602,650,"Your hotel or hosts (if staying in a guesthouse or private home) will likely have wifi or an internet connected PC, and all settlements have an internet cafe or some location with public wifi.",science/technology,0
603,277,Former Massachusetts governor Mitt Romney won the Florida Republican Party presidential primary election on Tuesday with over 46 percent of the vote.,politics,2
604,365,This is because electricity flowing into the socket where the metallic part of bulb sits can give you a severe electric shock if you touch the inside of the socket or the metal base of the bulb while it is still partly in the socket.,science/technology,0
605,266,Russian ground control activated the jets and normal attitude of the station was regained.,science/technology,0
606,568,"The different constructions have different capabilities, are sensitive to different wave-lengths and have differing degrees of acuity, also they require different processing to make sense of the input and different numbers to work optimally.",science/technology,0
607,109,"The capsule will be traveling at about 12.8 km or 8 miles per second, fast enough to go from San Francisco to Los Angeles in one minute.",science/technology,0
608,1647,The surface of the Moon is made of rocks and dust. The outer layer of the Moon is called the crust.,geography,6
609,401,"Submarines are ships designed to travel underwater, and remain there for an extended amount of time.",science/technology,0
610,190,Passengers were given water as they waited in 90(F)-degree heat.,travel,1
611,597,"If you look at living things under a microscope, you will see that they are made of small squares or balls.",science/technology,0
612,816,"The Global Running Tours successor, Go Running Tours networks dozens of sightrunning providers on four continents.",sports,3
613,523,This is just as exhausting as if you were to wake up every twenty or thirty minutes and watch TV.,health,4
614,93,"This contradicts earlier reports, which said that cancelling the runoff would have been against the constitution.",politics,2
615,119,"The game is based on the Second Battle of Fallujah, a vicious battle between American and Iraqi forces.",entertainment,5
616,1211,"In 1989 he helped create The Simpsons with Brooks and Groening, and was responsible for hiring the show's first writing team.",entertainment,5
617,819,"When you travel, expect things not to be like they are ""back home"". Manners, laws, food, traffic, lodging, standards, language and so on will to some extent differ from where you live.",travel,1
618,160,"Stewart, Gordon, Kenseth, and Harvick round out the top-ten positions for the Drivers' Championship with four races remaining in the season.",sports,3
619,1256,The composition of these crystals matches those found in the urine of affected pets when compared by infrared spectroscopy (FTIR).,health,4
620,742,"Though smaller, it reminds some elderly visitors of Hawaii before statehood without all the large tourist hotels and other development.",travel,1
621,353,The water molecules make an invisible skin on the water’s surface that allows things like the needle to float on top of the water.,science/technology,0
622,22,"Despite these accusations, Ma won handily on a platform advocating closer ties with the Chinese mainland.",politics,2
623,635,"In this resonance, magnetic field and radio waves cause atoms to give off tiny radio signals.",science/technology,0
624,1930,"The obvious way of flying in first or business class is to fork out a thick wad of money for the privilege (or, better yet, get your company to do it for you).",travel,1
625,638,"In 1977, Dr. Damadian completed the construction of the first “whole-body” MRI scanner, which he called the ”Indomitable”.",science/technology,0
626,827,"For those willing to sacrifice comfort, time and predictability to push expenses down close to zero, see minimum budget travel.",travel,1
627,225,Dark energy is a completely invisible force that is constantly acting upon the universe.,science/technology,0
628,375,"The Sun doesn't have a crust like the Earth that you can stand on. The whole Sun is made out of gases, fire, and plasma.",science/technology,0
629,1559,"The first known transportation was walking, humans began walking upright two million years ago with the emergence of Homo Erectus (meaning upright man).",travel,1
630,557,"Its a very complex entity which consists, according to a simplified Bohr model, of a central nucleus orbited by electrons, somewhat similar to planets orbiting the sun - see Figure 1.1.",science/technology,0
631,1882,Willingness of foreign governments to honour these documents is just as widely variable.,politics,2
632,1255,The researchers observed crystals formed in cat urine by the addition of melamine and cyanuric acid.,science/technology,0
633,1316,Fellow wrestlers also paid tribute to Luna.,sports,3
634,595,A cell is the smallest structural and functional unit of a living (things) organism.,science/technology,0
635,994,"Only a few airlines still offer bereavement fares, which slightly discount the cost of last-minute funeral travel.",travel,1
636,726,"There are a number of restaurants surrounding the garden, and in the afternoons and evening there free concerts are often given from the central gazebo.",entertainment,5
637,1419,"Due to the cluster/group of islands Japan has, Japan is often referred to, on a geographical stance, as an ""archipelago""",geography,6
638,657,The very long days in the summer can lead to problems getting sufficient sleep and associated health issues.,health,4
639,1063,"Middle order batsmen, Sachin Tendulkar and Rahul Dravid, performed well and made a hundred-run partnership.",sports,3
640,1365,"The tiger's roar is not like the full-voiced roar of a lion, but more like a sentence of snarly, shouted words.",science/technology,0
641,205,About ten minutes before it was due to land from its second approach it disapeared.,travel,1
642,989,"The glaciers are not stable, but flow down the mountain. This will cause cracks, crevasses, which may be obscured by snow bridges.",geography,6
643,1202,"According to the lawsuit, waste from the UN camp was not properly sanitized, causing bacteria to enter the tributary of the Artibonite River, one of Haiti's largest.",health,4
644,1183,Suspected cases of H5N1 in Croatia and Denmark remain unconfirmed.,health,4
645,111,"“It will move over the west coast of northern California and will light the sky from California through central Oregon and on through Nevada and Idaho and into Utah,” Tom Duxbury, Stardust's project manager said.",science/technology,0
646,704,"However, this shouldn't really be off your concern, because often tourists are shuffled around to fill the cars.",travel,1
647,1441,"Britain mined international waters to prevent any ships from entering entire sections of ocean, causing danger to even neutral ships.",politics,2
648,336,"To finish, Turkish dance group Fire of Anatolia performed the show ""Troy"".",entertainment,5
649,1239,"""She’s very cute and sings quite well, too,"" he said according to a transcript of the news conference.",entertainment,5
650,569,A population is the collection of organisms of a particular species within a given geographic area.,science/technology,0
651,761,"A listing of available hosts is then provided either in print and/or online, sometimes with references and reviews by other travelers.",travel,1
652,127,Many of their writers have gone on to wield great influence on Jon Stewart and Stephen Colbert's news parody shows.,entertainment,5
653,1672,"It has been known for a long time that different types of brain damage, traumas, lesions, and tumours affect behaviour and cause changes in some mental functions.",health,4
654,664,Traveling to Walt Disney World represents a major pilgrimage for many American families.,travel,1
655,939,Make sure you know what you can and cannot bring in and declare anything over the legal limits.,travel,1
656,1010,USA Gymnastics supports the United States Olympic Committee's letter and accepts the absolute need of the Olympic family to promote a safe environment for all of our athletes.,sports,3
657,1160,"After officials verify the voter's identity, the voter drops the envelope into the ballot box and signs the voting roll.",politics,2
658,1899,The scenes are displayed on the pyramids and the different pyramids are lit up.,entertainment,5
659,1052,"Current senator and Argentine First Lady Cristina Fernandez de Kirchner announced her presidential candidacy yesterday evening in La Plata, a city 50 kilometers (31 miles) away from Buenos Aires.",politics,2
660,1823,Duty free shopping is the opportunity to buy goods exempted from taxes and excises at certain locations.,travel,1
661,377,"The outer-part we see when we look at the Sun is called the photosphere, which means ""ball of light"".",science/technology,0
662,1650,There may be more maria on the near side because the crust is thinner. It was easier for lava to rise up to the surface.,geography,6
663,1111,"The outbreak has prompted the Indian government to undertake such measures as deployment of pig catchers in seriously affected areas, distributing thousands of mosquito curtains and spraying pesticides.",health,4
664,986,"Typical for Norway are steep fjords and valleys that suddenly give way to a high, more or less even plateau.",geography,6
665,471,"The concept was that all European nations had to seek to prevent one nation from becoming powerful, and thus national governments often changed their alliances in order to maintain the balance.",politics,2
666,1018,Gosling and Stone received nominations for Best Actor and Actress respectively.,entertainment,5
667,636,"In the year 1970, Raymond Damadian, a medical doctor and research scientist, discovered the basis for using magnetic resonance imaging as a tool for medical diagnosis.",science/technology,0
668,1341,This is called a chemical's pH. You can make an indicator using red cabbage juice.,science/technology,0
669,40,"John Grant, from WNED Buffalo (Reading Rainbow's home station) said ""Reading Rainbow taught kids why to read,... the love of reading — [the show] encouraged kids to pick up a book and to read.""",entertainment,5
670,1720,"The park covers 19,500 km² and is divided in 14 different ecozones, each supporting different wildlife.",geography,6
671,58,Police said Lo Piccolo had the upper hand because he had been Provenzano's right-hand man in Palermo and his greater experience won him the respect of the older generation of bosses as they pursued Provenzano's policy of keeping as low as possible while strengthening their power network.,politics,2
672,743,The Cook Islands do not have any cities but are composed of 15 different islands. The main ones are Rarotonga and Aitutaki.,geography,6
673,371,A Triceratops could have used its strong beak to strip off the leaves before eating the trunk.,science/technology,0
674,173,Following seabed mapping the wreck was found using an ROV.,science/technology,0
675,1362,"Lion prides act much like packs of wolves or dogs, animals surprisingly similar to lions (but not other big cats) in behavior, and also very deadly to their prey.",science/technology,0
676,65,Protesters hope to collect a petition of 1.2 million signatures to present to the National Congress in November.,politics,2
677,835,"In other cases, only those staying outside of tourist accommodations need to register.  However, this makes the law much more obscure, so find out beforehand.",travel,1
678,752,"In short, using your car is a great way to take a road trip but seldom in itself a way to ""camp"".",travel,1
679,1880,Voyagers planning sex reassignment surgery abroad must ensure they're carrying valid documents for the return trip.,travel,1
680,924,"Rules regarding regular photography also apply to video recording, possibly even more so.",science/technology,0
681,1448,Also between each dynasty was an unstable age of divided provinces. The best-known of these periods was the Three Kingdoms epoch taking place for 60 years between the Han and the Jin Dynasty.,politics,2
682,691,A visit to the site can be conveniently combined with a boat trip to the lake.,travel,1
683,340,Zayat was unhurt in the accident.,health,4
684,1851,"It is related to but usually not involving alpine style ski touring or mountaineering, the latter ones done in steep terrain and requiring much stiffer skis and boots.",sports,3
685,1605,"In this dynamic transport shuttle everyone is somehow connected with, and supporting, a transport system based on private cars.",travel,1
686,361,Photons are even smaller than the stuff that makes up atoms!,science/technology,0
687,1113,Plans for vaccines to be delivered to the historically most affected areas this year were delayed due to lack of funds and low prioritisation relative to other diseases.,health,4
688,1314,His research showed that if a hormone was administered it would speed up the baby's foetal lung maturation.,health,4
689,1574,Virtually all computers in use today are based on the manipulation of information which is coded in the form of binary numbers.,science/technology,0
690,1813,"It's expected that most event tickets will cost between ¥2,500 and ¥130,000, with typical tickets costing around ¥7,000.",travel,1
691,278,Former U.S. Speaker of the House Newt Gingrich came in second with 32 percent.,politics,2
692,12,He recently lost against Raonic in the Brisbane Open.,sports,3
693,359,"Scientists call this process ""stimulated emission of radiation"" because the atoms are stimulated by the bright light, causing the emission of a photon of light, and light is a type of radiation.",science/technology,0
694,163,"An Avenger class mine countermeasures ship, the ship was on its way to Puerto Princesa in Palawan.",travel,1
695,196,"Arias tested positive for a mild case of the virus, Presidential Minister Rodrigo Arias said.",health,4
696,866,If traveling in a developing country for the first time – or in a new part of the world – don't underestimate the potential culture shock.,travel,1
697,915,Some of the applications in this category can even translate texts in foreign languages on signs or other objects in the real world when the user points the smartphone towards those objects.,science/technology,0
698,1327,Comets may possibly have been a source of water delivery to the earth along with organic matter that can form proteins and support life.,science/technology,0
699,1865,"If the country you will be visiting becomes subject to a travel advisory, your travel health insurance or your trip cancellation insurance may be affected.",travel,1
700,661,"Its frequent portrayal in music, films, literature and popular culture has helped make the city and its landmarks known throughout the world.",entertainment,5
