,Unnamed: 0,text,intent,label
0,0.0,המצאת הלייזר היא אחד ההישגים הגדולים ביותר בתחום הפיזיקה המודרנית.,science/technology,0
1,1.0,"המחשב הראשון שנבנה היה ENIAC, שפותח בשנת 1946.",science/technology,0
2,2.0,גלאי ה-KATRIN הוא מכשיר מדעי שמודד את מסת הנייטרינו.,science/technology,0
3,3.0,גילוי ה-DNA היה פריצת דרך גדולה בתחום הביולוגיה המולקולרית.,science/technology,0
4,4.0,ה-DNA הוא מולקולה המכילה את המידע הגנטי של יצור חי.,science/technology,0
5,5.0,המצאת הלייזר השפיעה על תחומים רבים במדע ובטכנולוגיה.,science/technology,0
6,6.0,המחשב הראשון שפותח על ידי צארלס בבג היה בעל גודל של חדר שלם.,science/technology,0
7,7.0,המצאת הטלפון הסלולרי שינתה את פני התקשורת בעולם.,science/technology,0
8,8.0,התגלית האחרונה בתחום האסטרונומיה היא גילוי כוכב לכת הדומה לכדור הארץ.,science/technology,0
9,9.0,ה-DNA הוא החומר הגנטי של התאים החיים.,science/technology,0
10,10.0,השימוש ברובוטים בתעשייה הוא דוגמה לשימוש בטכנולוגיה לשיפור היעילות.,science/technology,0
11,11.0,המצאת המיקרוסקופ היתה פריצת דרך גדולה בתחום הביולוגיה.,science/technology,0
12,12.0,התגלית האחרונה בתחום הרפואה היא שימוש בתאי גזע לריפוי מחלות גנטיות.,science/technology,0
13,13.0,השימוש בסולארים עולה על ידי הצורך באנרגיה נקייה ובת-קיימא.,science/technology,0
14,14.0,פרויקט המחקר החדש של NASA מתמקד בחקר הירח ומציאת משאבים חדשים.,science/technology,0
15,15.0,פרופסור רוסי גילה דרך חדשה להפיק מים מאוויר.,science/technology,0
16,16.0,ניסויי מילר-אורי הראו כי חיים יכולים להיווצר בתנאים מסוימים.,science/technology,0
17,17.0,גילוי ה-DNA היה פריצת דרך בתחום הגנטיקה והביא להתקדמות משמעותית בהבנת התורשה.,science/technology,0
18,18.0,החוקרים גילו כי השימוש בטכנולוגיית RFID יכול להגביר את היעילות של מערכות הלוגיסטיקה.,science/technology,0
19,19.0,החומר הננו-טכנולוגי החדש יכול לשמש ליצירת מוצרים חדשים ומתקדמים.,science/technology,0
20,20.0,המחשב הנייד הראשון היה בעל גודל של ספר.,science/technology,0
21,21.0,גלי רדיו הם סוג של קרינה אלקטרומגנטית.,science/technology,0
22,22.0,פרויקט הגנום האנושי הוא פרויקט מחקר גדול שמטרתו למפות את ה-DNA של האדם.,science/technology,0
23,23.0,מחקרים חדשים מראים כי השימוש בטכנולוגיית ה-VR יכול לשפר את האימון הרפואי.,science/technology,0
24,24.0,השימוש ברובוטים בתעשייה הופך לנפוץ יותר ויותר.,science/technology,0
25,25.0,"כדי למנוע את התחלואה של מחלות ויראליות, יש להשתמש בחיסונים.",science/technology,0
26,26.0,החוקרים גילו כי ה-DNA של האדם מכיל כ-99% חומר גנטי זהה ל-DNA של השימפנזה.,science/technology,0
27,27.0,המצאת הלייזר השפיעה רבות על התחום הרפואי.,science/technology,0
28,28.0,פיתוח הלייזר היה פריצת דרך גדולה בתחום האופטיקה.,science/technology,0
29,29.0,מערכת ההנחיה החדשה של ה-FBI משתמשת באלגוריתמים מתקדמים כדי לאתר פושעים.,science/technology,0
30,30.0,מחקרים חדשים מראים כי השימוש בטלפון סלולרי יכול להשפיע על הבריאות שלנו.,science/technology,0
31,31.0,האינטרנט הוא רשת עולמית של מחשבים המחוברים זה לזה דרך קווי תקשורת.,science/technology,0
32,32.0,החוקרים גילו כי ה-DNA של האדם מכיל כ-99% חומר גנטי זהה לזה של השימפנזה.,science/technology,0
33,33.0,הטכנולוגיה החדשה מאפשרת לנו לשלוח מידע במהירות האור.,science/technology,0
34,34.0,"המחשב הנייד הראשון היה IBM 5100, שפותח בשנת 1975.",science/technology,0
35,35.0,השימוש ברובוטים בתעשייה הופך לנפוץ יותר ויותר בשנים האחרונות.,science/technology,0
36,36.0,המחשב הראשון שפותח על ידי צארלס בבג היה בעל יכולת חישוב מהירה יותר מכל מחשב אחר באותה תקופה.,science/technology,0
37,37.0,טכנולוגיית ה-RNA היא אחת התגליות החשובות ביותר במאה ה-21.,science/technology,0
38,38.0,החוקרים גילו כי השמש היא כוכב המורכב מגזים שונים.,science/technology,0
39,39.0,המדענים גילו כי החומר החדש יכול לשמש כמוליך חשמלי טוב יותר מאשר הנחושת.,science/technology,0
40,40.0,גילוי ה-DNA היה פריצת דרך בתחום הגנטיקה והביא להתפתחויות רבות בתחום הרפואה.,science/technology,0
41,41.0,"הרובוט הראשון שנבנה היה Unimate, שפותח בשנת 1961.",science/technology,0
42,42.0,החוקרים גילו כי השמש היא כוכב הלכת החמישי במערכת השמש שלנו.,science/technology,0
43,43.0,החוקרים גילו כי השמש מורכבת מ-75% מימן ו-25% הליום.,science/technology,0
44,44.0,המעבדה הלאומית לפיזיקה פיתחה את המכשיר הראשון למדידת תנועת האטומים.,science/technology,0
45,45.0,המחשב הראשון שפותח על ידי צארלס בבג היה ה-Analytical Engine.,science/technology,0
46,46.0,הטלסקופ הוא כלי מדעי שמאפשר לנו לצפות בעצמים רחוקים בחלל.,science/technology,0
47,47.0,המצאת הלייזר היתה פריצת דרך בתחום האופטיקה.,science/technology,0
48,48.0,פיתוח האינטרנט היה פריצת דרך גדולה בתחום התקשורת.,science/technology,0
49,49.0,הרובוט החדש יכול לבצע משימות מורכבות עם דיוק של 95%.,science/technology,0
50,50.0,מחקר חדש מצביע על כך שהשימוש בטכנולוגיית RFID יכול להגדיל את היעילות בתעשיית הלוגיסטיקה.,science/technology,0
51,51.0,המצאת הלייזר הביאה למהפכה בתחום הטכנולוגיה.,science/technology,0
52,52.0,החוקרים גילו כי הירח הוא למעשה כוכב לכת שנוצר משברי אדמה.,science/technology,0
53,53.0,הראשון שהשתמש במונח רובוט היה המחזאי קארל צאפק.,science/technology,0
54,54.0,התאוריה של איינשטיין על היחסות הפכה את התפיסה שלנו את הזמן והחלל.,science/technology,0
55,55.0,תהליך הפקת החשמל ממים הוא תהליך פשוט יחסית.,science/technology,0
56,56.0,ישנם מספר סוגים של תאים חדשים שפותחו בתחום הביוטכנולוגיה.,science/technology,0
57,57.0,המחשב הקוונטי הוא התקווה הגדולה ביותר לפתרון בעיות מחשב קשות.,science/technology,0
58,58.0,חוקרים גילו כי ה-DNA של האדם מורכב מ-99% מידע זהה ל-DNA של השימפנזה.,science/technology,0
59,59.0,השימוש ברובוטים בתעשייה מאפשר לשפר את היעילות ולהוריד את העלויות.,science/technology,0
60,60.0,מחקר חדש גילה כי השימוש במכשירים ניידים מסוגל להשפיע על השינה שלנו.,science/technology,0
61,61.0,תוכנת המחשב החדשה מסוגלת לזהות פנים בתמונות עם דיוק של 99%.,science/technology,0
62,62.0,פרופסור יוסף טל המציא את המצלמה הדיגיטלית הראשונה בשנת 1975.,science/technology,0
63,63.0,המחקר המדעי הוא חלק בלתי נפרד מהתקדים האנושי.,science/technology,0
64,64.0,המחשב העלה את הרעיון של ה-Cloud Computing ושינה את פני הטכנולוגיה.,science/technology,0
65,65.0,חוקרים גילו כי השימוש בקרינה אולטרה סגולה יכול להרוג חיידקים מסוימים.,science/technology,0
66,66.0,גילוי ה-DNA הוא אחד הגילויים החשובים ביותר בתחום הביולוגיה.,science/technology,0
67,67.0,המעבד הראשון שפותח על ידי אינטל היה בעל כוח עיבוד של 400 מהר.,science/technology,0
68,68.0,השימוש בטכנולוגיה זו יכול להגדיל את היעילות של התהליך.,science/technology,0
69,69.0,הטכנולוגיה החדשה של ה-RAM מאפשרת למחשבים לעבוד במהירות גבוהה יותר.,science/technology,0
70,70.0,האינטרנט הוא רשת עולמית של מחשבים המחוברים זה לזה.,science/technology,0
71,71.0,הטכנולוגיה המודרנית מאפשרת לנו לשלוח מידע במהירות האור.,science/technology,0
72,72.0,התהליך של ייצור הסולאר מתבצע על ידי חברות רבות בעולם.,science/technology,0
73,73.0,התגלית החדשה בתחום הפיזיקה הקוונטית עשויה להביא לפריצת דרך בתחום הטכנולוגיה.,science/technology,0
74,74.0,"בשנת 1969 שיגרה נאסא את החללית אפולו 11, שנחתה על הירח.",science/technology,0
75,75.0,החוקרים פיתחו שיטה חדשה לאבחון מחלות גנטיות בעובר.,science/technology,0
76,76.0,תאוריית האבולוציה של דרווין מסבירה את התפתחות האבולוציונית של החיים על פני האדמה.,science/technology,0
77,77.0,גלי רדיו הם סוג של קרינה אלקטרומגנטית שנעשית באמצעות תנודות חשמליות.,science/technology,0
78,78.0,המחשב הראשון שפותח על ידי צארלס בבג היה בעל גודל של חדר ושקל כמה טונות.,science/technology,0
79,79.0,התגלית האחרונה בתחום הננוטכנולוגיה תאפשר לייצר מוצרים בעלי תכונות יוצאות דופן.,science/technology,0
80,80.0,החוקרים גילו כי ה-DNA של האדם יכול להכיל מידע על האבות הקדומים שלנו.,science/technology,0
81,81.0,"חוק השימור של האנרגיה קובע כי אנרגיה לא יכולה להיווצר או להיהרס, אלא רק להשתנות מצורה אחת לאחרת.",science/technology,0
82,82.0,האם אתה יודע שהמחשב הראשון הומצא על ידי צארלס בבג בשנת 1822?,science/technology,0
83,83.0,החומר הקשה ביותר הוא היהלום.,science/technology,0
84,84.0,הטכנולוגיה החדשה מאפשרת לנו לשלוח מידע במהירות של 100 גיגה ביט לשנייה.,science/technology,0
85,85.0,פרופסור ישראלי גילה דרך חדשה להפיק אנרגיה משמש.,science/technology,0
86,86.0,מחקרים אחרונים הראו כי השימוש ברובוטים יכול לשפר את היעילות והמהירות של תהליכים תעשייתיים.,science/technology,0
87,87.0,התפתחות האינטרנט הביאה לשינויים מהותיים באופן שבו אנו מתקשרים ומשתפים מידע.,science/technology,0
88,88.0,חוקרים גילו כי השמש מורכבת מ-99% מימן.,science/technology,0
89,89.0,תהליך הפקת החשמל ממים הוא תהליך יעיל יותר ופחות מזהם מאשר תהליך הפקת החשמל מדלק.,science/technology,0
90,90.0,המחשב הראשון שפותח על ידי צארלס בבג היה באורך של כ-30 מטרים.,science/technology,0
91,91.0,פרופסור ישראלי גילה תגלית מדעית חדשה בתחום הפיזיקה הקוונטית.,science/technology,0
92,92.0,תאוריית האבולוציה של דרווין מסבירה את השינויים האבולוציוניים שחלו בעולם החי.,science/technology,0
93,93.0,טכנולוגיית ה-RFID מאפשרת לעקוב אחר פריטים ולנהל אותם בצורה יעילה יותר.,science/technology,0
94,94.0,המצאת הלייזר הראשון הייתה אבן דרך בתחום הפיזיקה המודרנית.,science/technology,0
95,95.0,תהליך הפקת החשמל ממים נקרא אלקטרוליזה.,science/technology,0
96,96.0,רבים מהמטיילים מעדיפים לנסוע ליעדים ידועים כמו פריז או רומא.,travel,1
97,97.0,תוכנית הנסיעות שלנו תאפשר לכם לתכנן את הטיסה בצורה הטובה ביותר.,travel,1
98,98.0,החופים המפורסמים בעולם נמצאים במדינות כמו תאילנד וברזיל.,travel,1
99,99.0,תוכנית הטיול שלנו כוללת ביקורים בערים הגדולות באירופה.,travel,1
100,100.0,ישראל היא יעד תיירותי פופולרי במיוחד בחודשי הקיץ.,travel,1
101,101.0,טיול לישראל הוא חוויה ייחודית עבור רבים מהמטיילים.,travel,1
102,102.0,רבים מהמטיילים מעדיפים לנסוע לאירופה ברכבת.,travel,1
103,103.0,תיירים רבים מעדיפים לנסוע ברכבת כדי ליהנות מהנוף.,travel,1
104,104.0,הדרך הטובה ביותר לחסוך כסף בטיסות היא להזמין מראש.,travel,1
105,105.0,חופשה בתל אביב היא אחת החוויות הכי פופולריות בישראל.,travel,1
106,106.0,הדרך הטובה ביותר לחסוך כסף בטיסה היא להזמין מראש.,travel,1
107,107.0,הדרך הכי טובה לתכנן טיסה היא להזמין מראש.,travel,1
108,108.0,"למטיילים שמחפשים חוויה יוצאת דופן, אפשר להמליץ על טיול ליפן.",travel,1
109,109.0,טיול לישראל הוא חוויה רוחנית עבור רבים.,travel,1
110,110.0,החוף המערבי של ארצות הברית הוא יעד פופולרי לטיולים רגליים.,travel,1
111,111.0,רבים מהמטיילים מעדיפים לנסוע ליעדים קרובים יותר במקום לטוס למרחקים רחוקים.,travel,1
112,112.0,רבים מהמטיילים מעדיפים לנסוע ליעדים קרובים במקום לטוס למרחקים רחוקים.,travel,1
113,113.0,הדרך הכי טובה לחצות את אירופה היא ברכבת.,travel,1
114,114.0,טיול ליפן הוא חוויה ייחודית עבור מטיילים שמחפשים הרפתקאות.,travel,1
115,115.0,טיסה לאירופה היא חוויה מרגשת עבור רבים מהמטיילים.,travel,1
116,116.0,חופי הים התיכון הם אחד היעדים הפופולריים ביותר לנופשים.,travel,1
117,117.0,החוף המערבי של ארצות הברית הוא יעד פופולרי עבור תיירים רבים.,travel,1
118,118.0,נסיעה ליפן היא חוויה תרבותית ייחודית עבור רבים מהמטיילים.,travel,1
119,119.0,טיול לאסיה הוא חוויה יוצאת דופן עבור רבים מהמטיילים.,travel,1
120,120.0,חופשה בחול היא דבר שבשגרה עבור רבים מהמטיילים הישראלים.,travel,1
121,121.0,טיסה לאסיה היא חוויה מרגשת עבור רבים מהמטיילים הישראלים.,travel,1
122,122.0,חבילת הנסיעה שלנו כוללת שהות של שבוע בפריז וברומא.,travel,1
123,123.0,נסיעה לאסיה היא חוויה תרבותית מדהימה.,travel,1
124,124.0,הטיסה לסידני היא אחת הארוכות בעולם.,travel,1
125,125.0,טיסה לאסיה היא חוויה מרגשת עבור רבים מהמטיילים.,travel,1
126,126.0,טיול לאפריקה הוא חוויה מרגשת עבור רבים מהמטיילים.,travel,1
127,127.0,רוב המטיילים מעדיפים לשהות במקומות עם אווירה נינוחת.,travel,1
128,128.0,המדריך הטוב ביותר לטיול באיטליה הוא לקרוא את הספר איטליה למטייל.,travel,1
129,129.0,טיסה לאסיה היא חוויה תרבותית עשירה עבור רבים מהמטיילים.,travel,1
130,130.0,נסיעה ליפן דורשת תכנון מראש כדי למצוא את המלונות הטובים ביותר.,travel,1
131,131.0,רבים מהמטיילים מעדיפים לנסוע לאירופה בחורף כדי ליהנות מהחגים.,travel,1
132,132.0,רבים מהמטיילים מעדיפים לנסוע ליעדים קרובים עקב החיסכון בזמן ובכסף.,travel,1
133,133.0,טיסה לאירופה היא חוויה מרגשת עבור רבים מהמטיילים הישראלים.,travel,1
134,134.0,תוכנית הטיסות שלנו מציעה לכם את המחירים הטובים ביותר ליעדים רבים.,travel,1
135,135.0,החופים המפורסמים של קנקון הם יעד פופולרי עבור מטיילים מכל העולם.,travel,1
136,136.0,חברות התעופה השונות מציעות מגוון רחב של טיסות ליעדים שונים בעולם.,travel,1
137,137.0,רוב המטיילים מעדיפים לטוס במחלקת עסקים כדי להנות משירותים משופרים.,travel,1
138,138.0,רבים מהמטיילים מעדיפים לנסוע ליעדים קרובים כדי לחסוך בזמן ובכסף.,travel,1
139,139.0,"עיר הבירה של צרפת, פריז, היא אחד היעדים הפופולריים ביותר בעולם.",travel,1
140,140.0,טיול לאיטליה הוא חוויה קולינרית ייחודית עבור רבים מהמטיילים.,travel,1
141,141.0,החוויה של לינה במלון יוקרתי היא חוויה שלא תשכחו.,travel,1
142,142.0,רבים מהמטיילים מעדיפים לבקר במדינות אסיה עקב התרבות העשירה שלהן.,travel,1
143,143.0,המדריך השנתי לתיירות מציע עצות וטיפים למטיילים.,travel,1
144,144.0,טיסה לניו יורק היא חוויה מדהימה שאסור לפספס.,travel,1
145,145.0,הזמנה מראש לטיסה היא דבר חשוב עבור מטיילים רבים.,travel,1
146,146.0,חבילות נופש מוצעות על ידי סוכנויות נסיעות רבות.,travel,1
147,147.0,רבים מהמטיילים מעדיפים לנסוע ליעדים עם אקלים חם יותר.,travel,1
148,148.0,"טיסה לאירופה היא חוויה מדהימה, אבל יש להתכונן לתוספות רבות.",travel,1
149,149.0,נסיעה ליפן היא חוויה תרבותית עשירה עבור רבים מהמטיילים.,travel,1
150,150.0,"טיסות לארצות הברית יכולות להיות יקרות, אבל שוות את העלות.",travel,1
151,151.0,רוב המטיילים מעדיפים לנסוע בקיץ כדי ליהנות מהחופים החמים.,travel,1
152,152.0,ישראל היא יעד פופולרי עבור מטיילים מכל העולם.,travel,1
153,153.0,"למטיילים שמחפשים הרפתקה, אפשר להמליץ על טיול לנפאל.",travel,1
154,154.0,"על מנת למנוע בעיות במהלך הטיסה, מומלץ לבדוק את התנאים של החברה האווירית לפני הקנייה.",travel,1
155,155.0,רבים מהמטיילים הישראלים מעדיפים לטוס לאירופה במהלך הקיץ.,travel,1
156,156.0,רוב התיירים מעדיפים לשהות במלונות יוקרתיים.,travel,1
157,157.0,חופי הים התיכון הם אחד היעדים הפופולריים ביותר עבור מטיילים.,travel,1
158,158.0,תוכנית הנסיעה שלנו כוללת טיסה לניו יורק ושהות של שלושה ימים בעיר.,travel,1
159,159.0,חופשה באילת היא אחת החוויות הכי פופולריות בישראל.,travel,1
160,160.0,הדרך הטובה ביותר לתכנן טיול היא להתחיל לתכנן מראש.,travel,1
161,161.0,חופשה בחול היא דרך מצוינת להתרחק מהשגרה היומית.,travel,1
162,162.0,רבים מהמטיילים מעדיפים לנסוע לאסיה באונייה.,travel,1
163,163.0,טיסה לאוסטרליה היא חוויה מדהימה עבור רבים מהמטיילים.,travel,1
164,164.0,טיסה לאירופה היא חוויה מדהימה עבור רבים מהמטיילים.,travel,1
165,165.0,טיסה לארצות הברית היא חוויה מדהימה עבור רבים מהמטיילים.,travel,1
166,166.0,טיול לאיטליה הוא חוויה קולינרית עשירה עבור רבים מהמטיילים.,travel,1
167,167.0,הדרך הטובה ביותר לתכנן טיול היא להזמין מקום לינה מראש.,travel,1
168,168.0,"עיר הבירה של צרפת, פריז, היא יעד תיירותי פופולרי ביותר.",travel,1
169,169.0,הדרך הטובה ביותר להגיע ליעד היא באמצעות טיסה.,travel,1
170,170.0,חברת התעופה החדשה מציעה טיסות זולות ליעדים רבים.,travel,1
171,171.0,רוב המטיילים מעדיפים לטוס בשעות הבוקר על מנת להימנע מהצפיפות.,travel,1
172,172.0,החוף הדרומי של ספרד הוא יעד פופולרי לטיולים רגליים.,travel,1
173,173.0,רוב המטיילים מעדיפים לשהות באתרים היסטוריים כאשר הם נמצאים בחול.,travel,1
174,174.0,רוב המטיילים מעדיפים לשהות במלונות יוקרתיים כאשר הם נמצאים בחול.,travel,1
175,175.0,הזמנה מראש למלון היא דבר חשוב עבור מטיילים רבים.,travel,1
176,176.0,סוף השבוע הקרוב הוא הזדמנות מצוינת לטיול קצר לחול.,travel,1
177,177.0,טיסה לפריז היא חוויה מדהימה שאסור לפספס.,travel,1
178,178.0,החוף המערבי של ארצות הברית מציע טיולים יום פופולריים למשפחות.,travel,1
179,179.0,רוב המטיילים מעדיפים לנסוע בקיץ כי האקלים הוא נוח יותר.,travel,1
180,180.0,המלון הישן בעיר הוא אחד המקומות המומלצים לשהות בו.,travel,1
181,181.0,המדריך למטיילים באירופה הוא ספר שחובר על ידי מומחים בתחום.,travel,1
182,182.0,רוב המטיילים מעדיפים לשהות במלונות יוקרתיים במהלך הטיול.,travel,1
183,183.0,תוכנית הטיסות שלנו תאפשר לכם לחסוך זמן וכסף במהלך הטיסה.,travel,1
184,184.0,רבים מהמטיילים מעדיפים לנסוע ליעדים רחוקים כדי לחוות תרבויות שונות.,travel,1
185,185.0,חברות התעופה השונות מציעות מבצעים והטבות שונות למטיילים.,travel,1
186,186.0,"עיר הבירה של צרפת, פריז, היא אחת הערים המתוירות ביותר בעולם.",travel,1
187,187.0,רוב המטיילים מעדיפים לטוס במחלקת עסקים על מנת להנות משירותים משופרים.,travel,1
188,188.0,טיסות לאסיה הן זולות יותר מאשר טיסות לאירופה.,travel,1
189,189.0,"הנשיא הרוסי, ולדימיר פוטין, הצהיר כי רוסיה תמשיך לתמוך במשטר הסורי.",politics,2
190,190.0,"במהלך הבחירות לכנסת ה-23, מפלגת העבודה זכתה ב-19 מושבים.",politics,2
191,191.0,ראש העיר סירב את הצעת הממשלה להקים מתחם תעשייה חדש בשולי העיר.,politics,2
192,192.0,"ראש הממשלה הבריטי, בוריס גונסון, הכריז על בחירות כלליות חדשות.",politics,2
193,193.0,"לפי סקר חדש, רוב הציבור תומך בהסדר החדש עם הרשות הפלסטינית.",politics,2
194,194.0,"במסיבת העיתונאים היום, ראש הממשלה הודיע על כוונתו להציג תוכנית חדשה לקיצוץ בתקציב.",politics,2
195,195.0,מנהיג האופוזיציה אמר כי הממשלה מתעלמת מהבעיה הכלכלית החמורה במדינה.,politics,2
196,196.0,המועמד המוביל לנשיאות הודיע כי ישיב את הכלכלה הלאומית.,politics,2
197,197.0,הממשלה החדשה הבטיחה לקדם את השלום באזור.,politics,2
198,198.0,"במהלך המחאות בהונג קונג, מפגינים קראו לרפורמות פוליטיות.",politics,2
199,199.0,הפרלמנט אישר את התקציב החדש לשנה הקרובה.,politics,2
200,200.0,"במהלך הבחירות לפרלמנט, מפלגת השלטון הפסידה ברוב המחוזות.",politics,2
201,201.0,מפלגת האופוזיציה דרשה מהממשלה לפרסם את התוצאות הסופיות של הבחירות.,politics,2
202,202.0,הפרלמנט דחה את הצעת החוק החדשה לרפורמה במערכת הבריאות.,politics,2
203,203.0,הפרלמנט האירופי אישר היום את הסכם הסחר עם ארהב.,politics,2
204,204.0,ראש המדינה נפגש עם נשיא ארהב לדון בענייני ביטחון.,politics,2
205,205.0,"במהלך העימות הפוליטי, נשיא המדינה הכריז על תוכנית חדשה לחיזוק הכלכלה.",politics,2
206,206.0,הממשלה החדשה הכריזה על תוכנית חדשה לחיזוק הביטחון הלאומי.,politics,2
207,207.0,הפרלמנט העברי החליט להעביר את התקציב החדש לשנה הקרובה.,politics,2
208,208.0,הבחירות לראשות העיר יתקיימו בתאריך הקרוב.,politics,2
209,209.0,ראש העיר סירב להתפטר לאור האשמות על שחיתות.,politics,2
210,210.0,הוועדה הפרלמנטרית אישרה את התקציב החדש לשנת 2023.,politics,2
211,211.0,"במסגרת הבחירות לראשות העיר, התמודדו שלושה מועמדים על התפקיד.",politics,2
212,212.0,הקואליציה החדשה תומכת בהצעת החוק להגדלת התקציב הלאומי.,politics,2
213,213.0,"בכנסת ה-22, חבר הכנסת עופר שלח הגיש הצעת חוק להגבלת הפרסום המסחרי בתקשורת.",politics,2
214,214.0,הנשיא הכריז על מצב חירום לאומית בעקבות המשבר הפוליטי.,politics,2
215,215.0,הממשלה החליטה להעלות את שכר המינימום ב-10%.,politics,2
216,216.0,הפרלמנט אישר את התקציב הלאומי לשנה הקרובה.,politics,2
217,217.0,מנהיג האופוזיציה אמר כי הממשלה אינה מתמודדת עם הבעיה הכלכלית ברצינות.,politics,2
218,218.0,הנשיא המכהן נבחר מחדש לתקופת כהונה נוספת.,politics,2
219,219.0,ראש הממשלה ושר החוץ נפגשו לדיון על המצב הביטחוני באזור.,politics,2
220,220.0,המועמד המוביל לנשיאות הכריז על תוכניתו לשיפור החינוך במדינה.,politics,2
221,221.0,הנשיא החדש יכהן לתקופה של חמש שנים.,politics,2
222,222.0,במהלך העשור האחרון חל שינוי משמעותי במפה הפוליטית של המדינה.,politics,2
223,223.0,הקונגרס האמריקני אישר את התקציב החדש לשנת 2020.,politics,2
224,224.0,הפרלמנט האירופי החליט להעביר את התקציב החדש לשנה הקרובה.,politics,2
225,225.0,מפלגת השלטון הגישה הצעת חוק חדשה לרפורמה במערכת הבחירות.,politics,2
226,226.0,הממשלה החדשה הבטיחה לשפר את מצב הכלכלה במדינה.,politics,2
227,227.0,הנשיא הכריז על תוכנית לשיקום הכלכלה הלאומית.,politics,2
228,228.0,הממשלה החליטה להעלות את שכר המינימום.,politics,2
229,229.0,חבר הכנסת יוסי שלום הגיש היום הצעת חוק חדשה להגבלת הפרסום המסחרי.,politics,2
230,230.0,"במסיבת עיתונאים, ראש הממשלה הודיע על תוכנית חדשה לחיזוק הכלכלה.",politics,2
231,231.0,המפלגה השלטת החליטה להעלות את המסים כדי לממן את התוכנית החדשה.,politics,2
232,232.0,בישיבת הממשלה התקיימה היום דיון סוער סביב תוכנית התקציב החדשה.,politics,2
233,233.0,"לפי התוצאות הראשוניות, מפלגת השלטון איבדה את הרוב בפרלמנט.",politics,2
234,234.0,הנשיא המכהן הודיע כי יש תוכניות להגדיל את ההוצאות על חינוך.,politics,2
235,235.0,נשיא ארהב פרסם הודעה על תוכניתו לסיום המלחמה בעיראק.,politics,2
236,236.0,מנהיג האופוזיציה אמר כי הממשלה החדשה תהיה צריכה לערוך רפורמות משמעותיות במערכת הבחירות.,politics,2
237,237.0,הנשיא הכריז על תוכנית חדשה לקידום השלום במזרח התיכון.,politics,2
238,238.0,"במהלך הבחירות לפרלמנט, מפלגת השלטון הפסידה ברוב מוחץ.",politics,2
239,239.0,ראש הממשלה הודיע כי יש תוכניות להגדיל את ההוצאות על ביטחון המדינה.,politics,2
240,240.0,"המועמד המוביל לנשיאות ארהב, גו ביידן, הכריז היום על תוכניתו להתמודד עם השפעות האקלים.",politics,2
241,241.0,מפלגת השלטון הכריזה על מועמדותה לבחירות הקרבות.,politics,2
242,242.0,מפלגת השלטון הודיעה כי תציג את מועמדיה לבחירות הקרובות.,politics,2
243,243.0,מנהיג האופוזיציה אמר כי הממשלה אחראית למצב הכלכלי הקשה במדינה.,politics,2
244,244.0,במהלך השבוע האחרון נערכו הפגנות רבות ברחבי המדינה נגד הרפורמה החדשה.,politics,2
245,245.0,שר החוץ אמר כי המדינה תמשיך לתמוך במאמצי השלום באזור.,politics,2
246,246.0,"לפי התוצאות הראשוניות, מפלגת השלטון זכתה ברוב הקולות בבחירות לפרלמנט.",politics,2
247,247.0,"בישיבת הפרלמנט האחרונה, נדונה הצעת החוק להגבלת הפגיעה בסביבה.",politics,2
248,248.0,ראש הממשלה אמר כי המדינה תמשיך לתמוך במאבק העם הפלסטיני לעצמאות.,politics,2
249,249.0,הפרלמנט האירופי אישר את ההסכם החדש עם טורקיה.,politics,2
250,250.0,הנשיא הגרמני הודיע כי יתמודד לתקופת כהונה נוספת.,politics,2
251,251.0,מנהיג האופוזיציה אמר כי הממשלה מתעלמת מהבעיות החברתיות הקשות במדינה.,politics,2
252,252.0,הנשיא הצרפתי אמר כי יש להגיע להסדר עם רוסיה בנושא הסנקציות.,politics,2
253,253.0,מנהיג האופוזיציה אמר כי הממשלה אחראית למשבר הכלכלי הנוכחי.,politics,2
254,254.0,הפרלמנט דחה את הצעת החוק להגבלת ההפגנות.,politics,2
255,255.0,הפגנות המוניות פרצו ברחבי העולם נגד המלחמה באפגניסטן.,politics,2
256,256.0,הממשלה החדשה של ישראל תכנס לתפקידה ב-15 במאי.,politics,2
257,257.0,ראש הממשלה הכריז על תוכנית חדשה לקידום התעסוקה במדינה.,politics,2
258,258.0,נשיא המדינה יצא לביקור רשמי במדינה שכנה.,politics,2
259,259.0,המפלגה הסוציאליסטית זכתה ברוב הקולות בבחירות המוניציפליות.,politics,2
260,260.0,הנשיא החדש נשבע אמונים למדינה והבטיח לקדם את הרפורמות הכלכליות.,politics,2
261,261.0,ראש העיר נבחר לתקופת כהונה נוספת.,politics,2
262,262.0,"לפי דוח של משרד החוץ, היחסים בין ישראל לאירופה השתפרו בשנה האחרונה.",politics,2
263,263.0,ראש הממשלה הודיע כי ישיב את הפרלמנט לישיבה מיוחדת לדון במשבר הכלכלי.,politics,2
264,264.0,הנשיא הנבחר כינה את התוצאות הסופיות של הבחירות ניצחון העם.,politics,2
265,265.0,האופוזיציה דרשה מהממשלה לפרסם את הדוח הכלכלי השנתי.,politics,2
266,266.0,הפרלמנט האירופי אישר את הסכם הסחר עם ארצות הברית.,politics,2
267,267.0,"במהלך הדיון בכנסת, חבר הכנסת גינה את החלטת הממשלה להעלות את מחיר הדלק.",politics,2
268,268.0,ראש הממשלה הודיע כי ישראל תשתף פעולה עם ארהב במאבק נגד הטרור.,politics,2
269,269.0,הפרלמנט אישר את החוק החדש למניעת פעולות אלימות במהלך הפגנות.,politics,2
270,270.0,ראש העיר ירושלים הודיע על תוכנית פיתוח חדשה לעיר.,politics,2
271,271.0,חבר הכנסת התפטר מתפקידו לאחר פרשיית שחיתות.,politics,2
272,272.0,הקונגרס האמריקני אישר את התקציב החדש לשנה הקרובה.,politics,2
273,273.0,הבחירות לראשות העיר יתקיימו בתאריך ה-15 בנובמבר.,politics,2
274,274.0,הנשיא הכריז על מדיניות חדשה למלחמה בטרור.,politics,2
275,275.0,הפרלמנט הבריטי אישר את ההסכם עם האיחוד האירופי.,politics,2
276,276.0,"לפי הדיווחים, המפלגה השלטת תקיים הפגנות מחאה נגד הממשלה.",politics,2
277,277.0,ראש הממשלה הכריז על תוכנית חדשה לחיזוק הביטחון הלאומי.,politics,2
278,278.0,ראש הממשלה הכריז על תוכנית חדשה לחיזוק הכלכלה הלאומית.,politics,2
279,279.0,המפלגה השלטת הציעה תוכנית כלכלית חדשה לשיקום המשק.,politics,2
280,280.0,"במסגרת הסכם השלום בין ישראל למצרים, נחתם הסכם יסודי חדש.",politics,2
281,281.0,הנשיא פרסם הצהרה על המצב הביטחוני במדינה.,politics,2
282,282.0,הנשיא המכהן הודיע כי יתמודד לתקופת כהונה נוספת.,politics,2
283,283.0,הכנסת אישרה את התקציב החדש לשנת 2023.,politics,2
284,284.0,מועדון הכדורסל מכבי תל אביב זכה באליפות המדינה.,sports,3
285,285.0,קבוצת הכדורסל הישראלית העפילה לשלב הבא באליפות אירופה.,sports,3
286,286.0,ריצת המרתון השנתית תתקיים ביום שישי הקרוב.,sports,3
287,287.0,ריצת המרתון התקיימה אתמול בבירה ומשכה קהל של אלפי צופים.,sports,3
288,288.0,הרוכב האוסטרי מרקו פיצל זכה במקום הראשון במרוץ האופניים הטור דה פראנס.,sports,3
289,289.0,הכדורסלן המצטיין עבר לקבוצת ה-NBA החדשה.,sports,3
290,290.0,הרץ האתיופי שבר את שיא העולם בריצת 5000 מטר.,sports,3
291,291.0,הקבוצה הספרדית זכתה באליפות הליגה הספרדית בכדורסל.,sports,3
292,292.0,ריצת המרתון היא אחת התחרויות הקשות ביותר בעולם הספורט.,sports,3
293,293.0,נבחרת הכדורגל של ישראל תשחק מול נבחרת פולין במוקדמות המונדיאל.,sports,3
294,294.0,השחיין הישראלי גל נבו זכה במדליית זהב באליפות אירופה.,sports,3
295,295.0,ריצת המרתון היא אחד האתגרים הגדולים ביותר בספורט.,sports,3
296,296.0,הרוכב הישראלי עומר שפירא זכה במדליית זהב באליפות העולם ברכיבה.,sports,3
297,297.0,הכדורסלן הוותיק פרש מהמשחק המקצועי לאחר 15 שנות פעילות.,sports,3
298,298.0,הכדורסלן הישראלי גל מקל חתם על חוזה חדש עם הפועל ירושלים.,sports,3
299,299.0,הרוכב הישראלי עומר שפירא זכה במקום השני בתחרות האופניים באיטליה.,sports,3
300,300.0,הכדורסלן האמריקאי סטפן קרי חתם על חוזה חדש עם הקבוצה שלו.,sports,3
301,301.0,השחיין האולימפי זכה במדליית זהב במשחה ל-100 מטר.,sports,3
302,302.0,השחיין האולימפי מייקל פלפס זכה במדליית זהב במשחה החופשית ל-100 מטר.,sports,3
303,303.0,הרוכב המקומי זכה בתחרות הרכיבה הבינלאומית שנערכה באירופה.,sports,3
304,304.0,הכדורסלן האמריקאי סטפן קרי חתם על חוזה חדש עם קבוצתו.,sports,3
305,305.0,הרוכב הישראלי סיים במקום השלישי בתחרות האופניים הבינלאומית.,sports,3
306,306.0,הכדורגלן הברזילאי ניימאר עבר למועדון הכדורגל הספרדי ברצלונה בעבור סכום של 222 מיליון אירו.,sports,3
307,307.0,ריצת המרתון היא אחת התחרויות הקשות בעולם הספורט.,sports,3
308,308.0,הספורטאי הישראלי גל נבות זכה במדליית כסף באליפות העולם בשיט.,sports,3
309,309.0,הכדורגלן הברזילאי ניימאר עבר לקבוצת פריז סן זרמן בשנת 2017.,sports,3
310,310.0,הרוכב האוסטרלי כריס פרום זכה בטור דה פראנס בשנת 2011.,sports,3
311,311.0,הכדורגלן הארגנטינאי ליונל מסי זכה בפרס הכדור הזהב בשנה שעברה.,sports,3
312,312.0,ריצת המרתון היא אחת התחרויות הקשות ביותר בענף הריצה.,sports,3
313,313.0,הכדורסלן המקצועי לברון גיימס חתם על חוזה חדש במועדון הכדורסל לוס אנגלס לייקרס.,sports,3
314,314.0,השחיין האולימפי מייקל פלפס זכה בשיא עולם חדש במשחה ל-100 מטר.,sports,3
315,315.0,ריצת המרתון בברלין היא אחת התחרויות המהירות ביותר בעולם.,sports,3
316,316.0,קבוצת הכדורגל מכבי תל אביב זכתה באליפות המדינה בשנה שעברה.,sports,3
317,317.0,הכדורגלן הספרדי חתם על חוזה חדש עם קבוצת הפרימייר ליג.,sports,3
318,318.0,הכדורגלן הברזילאי ניימאר עבר לפריז סן זרמן בעבור סכום של 222 מיליון אירו.,sports,3
319,319.0,קבוצת הכדורסל מכבי תל אביב זכתה באליפות המדינה ה-50.,sports,3
320,320.0,הקבוצה הלאומית של ישראל תתחרה באליפות העולם בכדורגל בשנה הבאה.,sports,3
321,321.0,הספורטאי הישראלי גל נבו זכה במדליית זהב באליפות העולם בשחייה.,sports,3
322,322.0,הקבוצה המקומית זכתה באליפות הליגה הלאומית בכדורגל.,sports,3
323,323.0,הרוכב המקצועי נפצע בתאונה במהלך מרוץ ה-Tour de France.,sports,3
324,324.0,השחיין האולימפי מייקל פלפס זכה ב-28 מדליות אולימפיות במהלך הקריירה שלו.,sports,3
325,325.0,המאמן החדש של הקבוצה הצהיר כי הוא מתכוון לשנות את סגנון המשחק של הקבוצה.,sports,3
326,326.0,"ריצת המרתון התקיימה בתנאים קשים, אך הרץ המקומי סיים במקום הראשון.",sports,3
327,327.0,ריצת מרתון היא אחת התחרויות הקשות ביותר בעולם הספורט.,sports,3
328,328.0,הטניסאית האמריקאית סרינה ויליאמס זכתה ב-23 תוארי גראנד סלאם במהלך הקריירה שלה.,sports,3
329,329.0,הכדורגלן הברזילאי ניימאר חתם על חוזה חדש עם פריז סן זרמן.,sports,3
330,330.0,הכדורגלנית האנגליה סטפני הוטון זכתה בפרס השחקנית המצטיינת של השנה.,sports,3
331,331.0,הרוכב הישראלי רועי גולדשטיין זכה במקום השלישי בתחרות הרכיבה הבינלאומית.,sports,3
332,332.0,הכדורסלן האמריקאי לברון גיימס חתם על חוזה חדש עם קבוצת ה-NBA הלוס אנגלס לייקרס.,sports,3
333,333.0,הכדורגלן הספרדי חואן מאטה חתם על חוזה חדש במועדון הכדורגל ברצלונה.,sports,3
334,334.0,נבחרת הכדורסל של ישראל תשחק מול נבחרת ספרד במוקדמות האליפות האירופית.,sports,3
335,335.0,קבוצת הכדורסל הלאומית תתחרה באליפות העולם הקרובה בסין.,sports,3
336,336.0,השחיין האולימפי מיכאל פלפס זכה בשיא עולם חדש במשחה ל-200 מטר חופשי.,sports,3
337,337.0,הכדורסלן האמריקאי לברון גיימס חתם על חוזה חדש עם המועדון הלוס אנגלס לייקרס.,sports,3
338,338.0,קבוצת הכדורגל המקומית עלתה לליגה הבכירה לאחר ניצחון במשחק המכריע.,sports,3
339,339.0,טיפוס הרים הוא ספורט פופולרי בישראל.,sports,3
340,340.0,מועדון הכדורגל הפועל תל אביב זכה בגביע המדינה.,sports,3
341,341.0,השחיין האולימפי קבע שיא עולמי חדש במשחה ל-100 מטר חופשי.,sports,3
342,342.0,הכדורסלן המוביל של הליגה הלאומית סיים את העונה עם ממוצע של 25 נקודות למשחק.,sports,3
343,343.0,הספורטאית הישראלית זכתה במדליית זהב באליפות אירופה באתלטיקה.,sports,3
344,344.0,קבוצת הכדורסל הישראלית מכבי תל אביב זכתה באליפות המדינה.,sports,3
345,345.0,המתעמלת הישראלית זכתה במדליית כסף בתחרות המתעמלות הבינלאומית.,sports,3
346,346.0,הקבוצה הלאומית של ישראל תתמודד מול נבחרת פולין במשחק הכדורגל הבא.,sports,3
347,347.0,האתלט הישראלי דונט נשבר את השיא האישי בריצת 100 מטר.,sports,3
348,348.0,הכדורגלן הברזילאי ניימאר עבר לקבוצת פריז סן זרמן בשנה שעברה.,sports,3
349,349.0,השחיין האולימפי מיכאל פלפס זכה במדליית זהב במשחה החופשית ל-100 מטר.,sports,3
350,350.0,השחיינית הישראלית קבעה שיא ישראלי חדש במשחה ל-200 מטר.,sports,3
351,351.0,ריצת המרתון היא אחד האירועים הפופולריים ביותר בעולם הספורט.,sports,3
352,352.0,הטניסאית הישראלית שחר פאר זכתה בתואר ה-WTA הראשון שלה בקריירה.,sports,3
353,353.0,גלישת הסקייטבורד היא ענף ספורט פופולרי בקרב בני הנוער.,sports,3
354,354.0,השחיין האוסטרלי זכה במדליית זהב בתחרות השחייה.,sports,3
355,355.0,קבוצת הכדורסל הישראלית הפסידה במשחק הגמר לקבוצת הכדורסל הספרדית.,sports,3
356,356.0,קבוצת הכדורסל המקומית זכתה באליפות הליגה הלאומית.,sports,3
357,357.0,קבוצת הכדורגל הלאומית תתמודד מול קבוצת הכדורגל של אנגליה במוקדמות המונדיאל.,sports,3
358,358.0,הכדורסלן המוביל של הקבוצה קלע 32 נקודות במשחק האחרון.,sports,3
359,359.0,ריצת המרתון היא אחד האתגרים הגדולים ביותר בעולם הספורט.,sports,3
360,360.0,הקבוצה הצרפתית זכתה באליפות העולם בכדורגל.,sports,3
361,361.0,הכדורגלן הספרדי חואן מאטה חתם על חוזה לחמש שנים במועדון הכדורגל האיטלקי יובנטוס.,sports,3
362,362.0,הרוכב הישראלי עומר שפירא זכה במקום השני בתחרות הרכיבה הבינלאומית.,sports,3
363,363.0,הספורטאי הישראלי גל נבות זכה במדליית ארד באליפות העולם בקפיצה לגובה.,sports,3
364,364.0,הרוכב הבריטי זכה במדליית כסף בתחרות הרכיבה.,sports,3
365,365.0,הכדורגלן הספרדי דויד וייה עבר לקבוצת ריאל מדריד בעבור סכום של 20 מיליון אירו.,sports,3
366,366.0,קבוצת הכדורגל האנגלית מנצסטר יונייטד ניצחה את קבוצת הכדורגל הספרדית ברצלונה במשחק הגומלין.,sports,3
367,367.0,הקבוצה האיטלקית זכתה באליפות העולם בכדורעף.,sports,3
368,368.0,הרוכב האולימפי זכה במדליית זהב בתחרות הרכיבה.,sports,3
369,369.0,ריצת המרתון התקיימה בתנאי מזג אוויר קשים.,sports,3
370,370.0,ריצת המרתון בברלין היא אחת התחרויות הפופולריות ביותר בעולם.,sports,3
371,371.0,הכדורסלן האמריקאי סטפן קרי חתם על חוזה חדש עם קבוצתו הנוכחית.,sports,3
372,372.0,השחיין האולימפי מייקל פלפס פרש מהספורט התחרותי.,sports,3
373,373.0,השחיין האמריקאי זכה במדליית זהב בתחרות השחייה.,sports,3
374,374.0,הרץ הקנדי שבר את שיא העולם בריצת 10000 מטר.,sports,3
375,375.0,המתעמלת האולימפית סימון ביילס זכתה במדליית זהב בתחרות הקרב רב.,sports,3
376,376.0,הרוכב הישראלי עומר שפילברג זכה בתואר האליפות העולמית ברכיבת אופניים.,sports,3
377,377.0,השחיין האולימפי זכה במדליית זהב במשחה החופשית ל-100 מטר.,sports,3
378,378.0,הכדורסלן האמריקאי לברון גיימס חתם על חוזה חדש עם ה-NBA.,sports,3
379,379.0,המתאגרף הישראלי זכה בתואר העולמי במשקל כבד.,sports,3
380,380.0,מחקר חדש מצביע על כך שהפעילות הגופנית יכולה להפחית את הסיכון למחלות לב.,health,4
381,381.0,מחקר חדש מצביע על כך שהתזונה היא גורם מרכזי במניעת מחלות כרוניות.,health,4
382,382.0,יש לשתף את הרופא בכל שינוי בתזונה או בתרופות שאתה נוטלת.,health,4
383,383.0,המחלה הזו פוגעת במערכת העצבים המרכזית ויכולה לגרום לבעיות רבות.,health,4
384,384.0,השימוש במכשירי הרחבה יכול להפחית את הסיכון לפגיעות בעת פעילות גופנית.,health,4
385,385.0,מחקר חדש מצביע על כך ששינה מספקת היא חיונית לבריאות הנפשית.,health,4
386,386.0,החוקרים גילו קשר בין רמת הסוכר בדם לבין הסיכון לחלות בסוכרת.,health,4
387,387.0,המחלה התפשטה במהירות ברחבי העולם וגרמה למותם של אלפי אנשים.,health,4
388,388.0,התפרצות המגפה החלה באזורים כפריים והתפשטה לערים הגדולות.,health,4
389,389.0,השימוש במוצרי הגיינה יכול להיות מזיק לבריאות האישה.,health,4
390,390.0,יש להיזהר מפני הדבקה במחלות הנפוצות בעונה זו.,health,4
391,391.0,המלצות לאכילת פירות וירקות רבים יותר יכולות להפחית את הסיכון למחלות כרוניות.,health,4
392,392.0,המומחים ממליצים על אכילת פירות וירקות טריים כדי לשפר את הבריאות הכללית.,health,4
393,393.0,במחקר חדש נמצא כי צריכת פירות וירקות יכולה להפחית את הסיכון לחלות במחלות לב.,health,4
394,394.0,הרופאים מזהירים כי השימוש בתרופות מסוימות יכול להגביר את הסיכון לתופעות לוואי קשות.,health,4
395,395.0,רופאים מצביעים על כך שהתופעה הזו קשורה לבעיות בריאותיות רבות.,health,4
396,396.0,המחקר הראה כי פעילות גופנית סדירה יכולה להפחית את הסיכון לחלות במחלות לב.,health,4
397,397.0,החוקרים מצאו כי שימוש בתרופות מסוימות יכול להגדיל את הסיכון למחלות לב.,health,4
398,398.0,החוקרים מצאו כי התרופה החדשה מסוגלת להפחית את התמותה ממחלות לב ב-20%.,health,4
399,399.0,המחקר הראה כי פעילות גופנית סדירה יכולה להפחית את הסיכון לחלות בדיכאון.,health,4
400,400.0,תרופות חדשות נגד סוכרת נמצאות בשלבי פיתוח מתקדמים.,health,4
401,401.0,יש להגביל את צריכת המלח במזון כדי למנוע מחלות לחץ דם.,health,4
402,402.0,המחקר הראשון שלו חשף כי פעילות גופנית סדירה יכולה להפחית את הסיכון למחלות כרוניות.,health,4
403,403.0,החוקרים מצאו קשר בין אכילת יתר של מלח לבין הסיכון למחלות לב.,health,4
404,404.0,החוקרים גילו קשר בין שתייה מרובה לבין סיכון מוגבר למחלות סרטן.,health,4
405,405.0,המחלה התפשטה במהירות בקרב האוכלוסייה המבוגרת.,health,4
406,406.0,החוקרים מצאו כי התרופה החדשה מסייעת לחולים הסובלים ממחלת הפרקינסון.,health,4
407,407.0,הרופאים ממליצים לאנשים לבצע בדיקות רפואיות שנתיות כדי למנוע מחלות.,health,4
408,408.0,יש להיות זהירים מפני הדבקה בווירוס השפעת על ידי שימוש במסכות וחיטוי ידיים.,health,4
409,409.0,השימוש במכשירי הרחבה יכול להיות מסוכן לבריאות העיניים.,health,4
410,410.0,חוקרים גילו כי התרופה החדשה מסוגלת להפחית את התסמינים של מחלת הפרקינסון.,health,4
411,411.0,תוכנית הפעלה למניעת מחלות מידבקות תושקע במהלך השנה הקרובה.,health,4
412,412.0,הרופאים ממליצים על בדיקות רפואיות שגרתיות כדי למנוע מחלות.,health,4
413,413.0,החוקרים גילו כי הפרעות בשינה קשורות לסיכון גבוה יותר למחלות לב וכלי דם.,health,4
414,414.0,המומחים ממליצים לבצע בדיקות רפואיות שנתיות למניעת מחלות.,health,4
415,415.0,הרופאים ממליצים על כך שיש להימנע מעישון כדי למנוע מחלות ריאות.,health,4
416,416.0,יש לשתף את הרופא אם יש כאב חזק בחזה או בזרועות.,health,4
417,417.0,במחקר חדש נמצא כי צריכת פירות וירקות מסוימים יכולה להפחית את הסיכון לחלות במחלת הסרטן.,health,4
418,418.0,המכון הרפואי הלאומי פרסם מחקר חדש על השפעות הבריאות של העישון.,health,4
419,419.0,השימוש בתרופות מסוימות יכול להגביר את הסיכון לתופעות לוואי קשות.,health,4
420,420.0,המחלה הזו משפיעה על כ-10% מהאוכלוסייה הכללית.,health,4
421,421.0,התרופה החדשה נועדה לטפל בחולים סובלים ממחלת פרקינסון.,health,4
422,422.0,המחקר הראה כי פעילות גופנית סדירה מסייעת לשיפור הבריאות.,health,4
423,423.0,התרופה החדשה נועדה לטפל בחולים הסובלים ממחלת פרקינסון.,health,4
424,424.0,יש צורך בשינוי התנהגות כדי למנוע מחלות לב וכלי דם.,health,4
425,425.0,התרופה החדשה יכולה להיות פתרון לחולים סובלים ממחלת הסוכרת.,health,4
426,426.0,החוקרים מצאו כי צריכת יתר של מים יכולה להיות מזיקה לבריאות.,health,4
427,427.0,"על פי המלצות הרופאים, יש לבצע בדיקות רפואיות סדירות למנוע מחלות.",health,4
428,428.0,יש עדויות רבות שצריכת פירות וירקות יכולה להפחית את הסיכון לחלות במחלות לב.,health,4
429,429.0,החוקרים מצאו קשר בין שתייה מרובה לבין סיכון מוגבר למחלות לב וכלי דם.,health,4
430,430.0,התוכנית החדשה למניעת מחלות תושקע במהלך השנה הקרובה.,health,4
431,431.0,המומחים ממליצים לבצע בדיקות רפואיות שנתיות כדי למנוע מחלות.,health,4
432,432.0,הרופאים ממליצים על בדיקות רפואיות סדירות כדי למנוע מחלות.,health,4
433,433.0,החוקרים גילו קשר בין צריכת מים לבין הפחתת סיכויי לחלות במחלות לב.,health,4
434,434.0,בדיקות דם סדירות יכולות לעזור לאתר מחלות בשלב מוקדם.,health,4
435,435.0,החוקרים גילו קשר בין שתיית מים לבין הפחתת סיכון למחלות כלי דם.,health,4
436,436.0,התוצאות הראשונות של הניסוי הרפואי החדש הן מבטיחות.,health,4
437,437.0,רופאים מזהירים כי התפרצות המגפה עלולה להפוך לאסון בריאותי.,health,4
438,438.0,יש להתייחס לבריאות השיניים כחלק אינטגרלי מהבריאות הכללית.,health,4
439,439.0,המלצות לאכילת מזון בריא כוללות אכילת פירות וירקות טריים ומגוונים.,health,4
440,440.0,המחלה הנפוצה ביותר בקרב ילדים היא אסתמה.,health,4
441,441.0,התופעות הראשונות של המחלה החלו להופיע אצל אנשים בגיל המעבר.,health,4
442,442.0,החוקרים גילו כי הפגיעה במוח יכולה להשפיע על התנהגות והרגשות של האדם.,health,4
443,443.0,רופאים ממליצים על אכילת פירות וירקות טריים כדי למנוע מחלות קשות.,health,4
444,444.0,החולה סבל מתסמונת כרונית של כאב ראש ובחילות.,health,4
445,445.0,היתושים הם אחד הגורמים העיקריים למחלות קשות בעולם.,health,4
446,446.0,"על מנת לשמור על בריאות העור, יש להימנע מחשיפה ממושכת לשמש.",health,4
447,447.0,במהלך השנים האחרונות נרשמו עלייה במקרי התמקדות בבריאות הנפש.,health,4
448,448.0,החוקרים מצאו כי צריכת יתר של מים מזיקה לבריאות.,health,4
449,449.0,"על פי המחקר, קיים קשר ב间 התזונה והסיכון לחלות במחלות לב.",health,4
450,450.0,תופעת העייפות היא אחד הסימנים הראשונים של מחלת הסוכרת.,health,4
451,451.0,השימוש במסכות פנים יכול למנוע התפשטות של מחלות זיהומיות.,health,4
452,452.0,"על פי המחקר, נמצא כי התרופה החדשה מצילה חיים רבים של אנשים הסובלים ממחלת הסוכרת.",health,4
453,453.0,תוכנית הפעילות הגופנית יכולה לעזור למנוע מחלות לב וכלי דם.,health,4
454,454.0,השימוש במוצרי הקוסמטיקה יכול להיות מסוכן לבריאות העור.,health,4
455,455.0,החוקרים גילו קשר בין אכילת פירות וירקות לבין הסיכון למחלות סרטן.,health,4
456,456.0,יש להיזהר מפני השפעות בריאותיות של זיהום האוויר.,health,4
457,457.0,המחקר הראשון שלו חשף כי צריכת מים רבה יותר יכולה להפחית את הסיכון למחלות לב.,health,4
458,458.0,רופאים מזהירים כי השימוש בתרופות נגד הריון יכול להיות מסוכן לבריאות האישה.,health,4
459,459.0,הרופא המליץ על תזונה מאוזנת כדי למנוע מחלות קשורות לתזונה.,health,4
460,460.0,חוקרים גילו כי שימוש בתרופות מסוימות יכול להגדיל את הסיכון למחלות לב.,health,4
461,461.0,החוקרים גילו כי התרופה החדשה יכולה להפחית את התסמינים של מחלת הסוכרת.,health,4
462,462.0,יש להדגיש את חשיבות הבדיקות הרפואיות השנתיות לגילוי מוקדם של מחלות.,health,4
463,463.0,השינויים בתזונה ובאורח החיים יכולים לעזור למנוע מחלות כרוניות.,health,4
464,464.0,המוח הוא האיבר המורכב ביותר בגוף האדם ודורש טיפול ואחזקה קפדנית.,health,4
465,465.0,המחקר הראה כי פעילות גופנית סדירה יכולה להפחית את הסיכוי לחלות במחלות לב.,health,4
466,466.0,המחקר הראה כי פעילות גופנית סדירה מסייעת לשיפור הבריאות הנפשית.,health,4
467,467.0,השינויים בתזונה יכולים להשפיע על התפקוד המנטלי של האדם.,health,4
468,468.0,"על פי המחקר, נמצא כי תזונה מאוזנת יכולה למנוע מחלות רבות.",health,4
469,469.0,מחקרים רבים מצביעים על כך שצריכת פירות וירקות מסוימים יכולה להפחית את הסיכון לחלות במחלות לב.,health,4
470,470.0,חוקרים גילו כי הצריכה המופרזת של מים מינרליים יכולה להזיק לבריאות.,health,4
471,471.0,יש לשתף את הרופא אם יש כאב חזק או שינויים בתפקוד הגוף.,health,4
472,472.0,הרופאים ממליצים על תזונה מאוזנת כדי לשמור על בריאות הגוף.,health,4
473,473.0,הרופאים ממליצים על כך שיש לבצע בדיקות רפואיות שנתיות כדי למנוע מחלות חדשות.,health,4
474,474.0,יש להיזהר מפני התופעות השליליות של השמנת יתר בגוף.,health,4
475,475.0,החוקרים גילו קשר בין אכילת ירקות לבין הפחתת סיכון למחלות לב וכלי דם.,health,4
476,476.0,חולים הסובלים ממחלת הסוכרת צריכים להיות מודעים לתוצאות השליליות של המחלה.,health,4
477,477.0,"המוח הוא האיבר המורכב ביותר בגוף האדם, ושינויים בו יכולים להשפיע על התנהגות והמצב הנפשי.",health,4
478,478.0,יש לשמור על היגיינה האישית כדי למנוע התפשטות של מחלות זיהומיות.,health,4
479,479.0,הרופא המליץ על תזונה מאוזנת כדי למנוע מחלות כרוניות.,health,4
480,480.0,הפסטיבל הבינלאומי למוזיקה קלאסית התקיים לראשונה בישראל.,entertainment,5
481,481.0,סדרת הטלוויזיה החדשה זכתה לביקורות משבחות מצד המבקרים.,entertainment,5
482,482.0,הלהקה המושקעת הופיעה בפסטיבל המוזיקה השנתי בתל אביב.,entertainment,5
483,483.0,תוכנית הטלוויזיה החדשה הדור הבא תעלה לשידור בערוץ 12 החל מהשבוע.,entertainment,5
484,484.0,הלהקה המובילה בישראל הופיעה במופע חדש בהיכל התרבות.,entertainment,5
485,485.0,סדרת הטלוויזיה החדשה המשחק האחרון תעלה לאוויר ב-15 באפריל.,entertainment,5
486,486.0,להקת הפופ המפורסמת One Direction תופיע בישראל ב-15 באוגוסט.,entertainment,5
487,487.0,פסטיבל הקולנוע הבינלאומי יתקיים בתל אביב במהלך החודש הבא.,entertainment,5
488,488.0,המוזיקאי המפורסם דני סנדרסון הופיע בקונצרט באמפי תל אביב.,entertainment,5
489,489.0,המופע הקומי של צחי הלוי היה מושלם ומצחיק.,entertainment,5
490,490.0,התזמורת הסימפונית של ישראל תופיע בקונצרט חגיגי בבנייני האומה.,entertainment,5
491,491.0,המופע המוזיקלי המיוחד התקיים בחסות העירייה.,entertainment,5
492,492.0,הזמר עומר אדם הופיע בהופעה חיה באמפי תיאטרון ירושלים.,entertainment,5
493,493.0,המוזיקאי המפורסם דייוויד בואי הופיע בהופעה חיה בארנה בתל אביב.,entertainment,5
494,494.0,"לאחר מכן הופיעו התזמורת הסימפונית של תל אביב, להקת המוסיקה הערבית והזמרים דנה אינטרנשיונל ואיל גולן.",entertainment,5
495,495.0,המופע המרכזי של הפסטיבל היה של הלהקה האמריקאית גרין דיי.,entertainment,5
496,496.0,פסטיבל הסרטים הבינלאומי יתקיים בירושלים בין ה-12 ל-19 ביוני.,entertainment,5
497,497.0,הזמרת המפורסמת ריטה הופיעה בקונצרט מיוחד בהיכל התרבות.,entertainment,5
498,498.0,הזמרת המפורסמת ריטה תופיע בהופעה אחת במינה ב-10 במאי.,entertainment,5
499,499.0,"המוזיקה שלו היא תערובת של רוק, פופ ומוזיקה אלקטרונית.",entertainment,5
500,500.0,התוכנית הטלוויזיה החדשה הכוכב הבא החלה להיות משודרת בערוץ 12.,entertainment,5
501,501.0,להקת הרוק הישראלית הופיעה בפסטיבל המוזיקה השנתי.,entertainment,5
502,502.0,בפסטיבל המוזיקה השנתי הופיעו אמנים ידועים כמו עומר אדם ונושאת פז.,entertainment,5
503,503.0,השחקן המפורסם הופיע בתפקיד הראשי בהצגה החדשה בתיאטרון הלאומי.,entertainment,5
504,504.0,התיאטרון הלאומי הציג את המחזה החדש של דניאל לפין.,entertainment,5
505,505.0,הסרט החדש של סטיבן ספילברג יצא לאקרנים בקרוב.,entertainment,5
506,506.0,התזמורת הפילהרמונית של ישראל הופיעה בקונצרט חגיגי.,entertainment,5
507,507.0,הזמרת המפורסמת ל Lady Gaga הופיעה בהופעה חיה באמפי ניו יורק.,entertainment,5
508,508.0,במהלך השנים האחרונות הוא הופיע במופעים רבים ברחבי הארץ.,entertainment,5
509,509.0,הזמר אביב גפן הופיע במופע רוק בפארק הירקון.,entertainment,5
510,510.0,סדרת הטלוויזיה החדשה המשחק זכתה לביקורות משבחות.,entertainment,5
511,511.0,המופע המרכזי של הפסטיבל היה מושך קהל רב.,entertainment,5
512,512.0,המופע המוזיקלי של להקת הדור החדש יתקיים במועדון הלילה בתל אביב.,entertainment,5
513,513.0,הלהקה המפורסמת הפרויקט של עידן רייכל הופיעה במופע יחיד באמפי תל אביב.,entertainment,5
514,514.0,הסרט החדש של סטיבן ספילברג יצא לאקרנים השבוע.,entertainment,5
515,515.0,בשנות השבעים הוא הופיע בתוכניות אירוח רבות והיה מושא לעניין ציבורי.,entertainment,5
516,516.0,השחקן המפורסם יוסי פולק הופיע בהצגה המלך ליר בתיאטרון הלאומי.,entertainment,5
517,517.0,המופע החדש של להקת הרוק המפורסמת יתקיים ב-20 במרץ בהיכל התרבות.,entertainment,5
518,518.0,השחקן המפורסם טום הנקס יככב בסרט החדש של סטיבן ספילברג.,entertainment,5
519,519.0,הסרט החדש של סטיבן ספילברג יצא לאקרנים בסוף השבוע.,entertainment,5
520,520.0,המופע המרכזי של הפסטיבל היה קונצרט של להקת הרוק המפורסמת המכונות.,entertainment,5
521,521.0,הסרט החדש של מרטין סקורסזה יצא לאקרנים השבוע.,entertainment,5
522,522.0,המופע המרכזי של הפסטיבל היה הופעתו של הדי גיי המפורסם טיאסטו.,entertainment,5
523,523.0,הזמרת המפורסמת ליידי גאגא תופיע בהופעה חיה בארנה הבאה.,entertainment,5
524,524.0,הלהקה הישראלית הדורבנים תוציא אלבום חדש בקרוב.,entertainment,5
525,525.0,השחקן המפורסם טום הנקס יגלם את התפקיד הראשי בסרט החדש.,entertainment,5
526,526.0,התזמורת הסימפונית של תל אביב הופיעה בקונצרט חגיגי.,entertainment,5
527,527.0,הלהקה הבריטית Coldplay הופיעה בהופעה חיה בפארק הירקון.,entertainment,5
528,528.0,תערוכת האמנות החדשה במוזיאון תל אביב זכתה לשבחים רבים.,entertainment,5
529,529.0,השחקן המפורסם טום הנקס הגיע לישראל לקידום סרטו החדש.,entertainment,5
530,530.0,התזמורת הפילהרמונית של ישראל הופיעה בקונצרט חגיגי בבנייני האומה.,entertainment,5
531,531.0,השחקן המפורסם טום הנקס יגיע לישראל לצורך צילומי סרט חדש.,entertainment,5
532,532.0,המופע הקומי החדש של רועי לוי הופיע בתיאטרון הקאמרי.,entertainment,5
533,533.0,השחקן המפורסם הופיע במחזה חדש בתיאטרון הקאמרי.,entertainment,5
534,534.0,המופע המוזיקלי שירי הילדות יתקיים ב-25 ביולי בגן העיר.,entertainment,5
535,535.0,בפסטיבל המוזיקה השנתי השתתפו אמנים ידועים ולהקות מכל העולם.,entertainment,5
536,536.0,הזמרת המפורסמת הופיעה בהופעה אינטימית במועדון הלילה הפופולרי.,entertainment,5
537,537.0,הזמרת המפורסמת ריטה תופיע בהופעה אקוסטית במועדון הלילה.,entertainment,5
538,538.0,תוכנית הטלוויזיה החדשה המתחרה תעלה לשידור בעונה הבאה.,entertainment,5
539,539.0,המופע המרכזי של הפסטיבל היה מושך תשומת לב רבה.,entertainment,5
540,540.0,המופע הקומי החדש של אבי נשר זכה לביקורות משבחות.,entertainment,5
541,541.0,להקת הפופ המפורסמת האחים וויליאמס הופיעה בהופעה חיה באמפי תל אביב.,entertainment,5
542,542.0,הזמרת המפורסמת עליזה עבדה על אלבום חדש שישוחר בקרוב.,entertainment,5
543,543.0,הזמרת המפורסמת ליידי גאגא הופיעה בהופעה חיה באצטדיון רמת גן.,entertainment,5
544,544.0,המופע הקומי של השבוע יתקיים במועדון הקומדיה הירושלמי.,entertainment,5
545,545.0,תוכנית הרדיו הפופולרית המוזיקה של החיים תשודר השבוע.,entertainment,5
546,546.0,"במהלך הקיץ, תיאטרון הבימה הציג מופעים רבים של תיאטרון, מוזיקה וריקוד.",entertainment,5
547,547.0,המופע המרכזי של הפסטיבל היה קונצרט של הלהקה המפורסמת הדור הבא.,entertainment,5
548,548.0,השחקן המפורסם דניאל דיי לואיס הופיע בהצגה החדשה בתיאטרון הקאמרי.,entertainment,5
549,549.0,להקת הרוק המפורסמת קווין הופיעה בהופעה חיה באצטדיון.,entertainment,5
550,550.0,השחקן המפורסם טום הנקס הופיע בסרט החדש של רון הווארד.,entertainment,5
551,551.0,התיאטרון הלאומי הציג את המחזה החדש של המחזאי הישראלי חנוך לוין.,entertainment,5
552,552.0,הפסטיבל השנתי למוזיקה קלאסית יתקיים בחודש הבא.,entertainment,5
553,553.0,התיאטרון הקאמרי הציג את ההצגה המלך ליר.,entertainment,5
554,554.0,התיאטרון הלאומי הציג את ההצגה החדשה המלך ליר בבימויו של יוסי פולק.,entertainment,5
555,555.0,התזמורת הסימפונית של תל אביב הופיעה בקונצרט חגיגי בהיכל התרבות.,entertainment,5
556,556.0,הזמרת המפורסמת הופיעה בהופעה אינטימית במועדון הלילה.,entertainment,5
557,557.0,הזמר המפורסם יוסי ברדנא הופיע במופע סולו בבריכת השוטר.,entertainment,5
558,558.0,בפסטיבל המוזיקה השנתי הופיעו אמנים ידועים ולהקות מכל העולם.,entertainment,5
559,559.0,הזמרת המפורסמת ריטה הופיעה במופע יחיד בהיכל התרבות.,entertainment,5
560,560.0,המופע המרכזי של הפסטיבל היה קונצרט של התזמורת הפילהרמונית של ישראל.,entertainment,5
561,561.0,הסרט החדש של סטיבן ספילברג הוקרן לראשונה בפסטיבל הסרטים בקאן.,entertainment,5
562,562.0,להקת הרוק הישראלית הופיעה בהופעה חיה במועדון הלילה.,entertainment,5
563,563.0,הזמרת המפורסמת ריטה הופיעה בקונצרט חד פעמי באמפי תיאטרון.,entertainment,5
564,564.0,בפסטיבל הקולנוע הבינלאומי הוצגו סרטים חדשים מכל העולם.,entertainment,5
565,565.0,בקולנוע החדש בעיר הוקרן הסרט החדש של סטיבן ספילברג.,entertainment,5
566,566.0,בסוף השבוע האחרון נערך פסטיבל המוזיקה השנתי בפארק הירושלמי.,entertainment,5
567,567.0,בשנות ה-80 הוא היה חלק מלהקת הרוק המצליחה הבריטים.,entertainment,5
568,568.0,המופע הקומי של השבוע היה מופעו של הקומיקאי המפורסם גון בישופ.,entertainment,5
569,569.0,"במהלך השנים האחרונות, הוא הופיע במופעים רבים ומגוונים ברחבי הארץ.",entertainment,5
570,570.0,"במהלך השנים האחרונות, הוא הופיע במופעים רבים ברחבי הארץ.",entertainment,5
571,571.0,הסדרה החדשה של HBO זכתה לשבחים רבים ממבקרים וצופים כאחד.,entertainment,5
572,572.0,הסדרה החדשה של HBO תעלה לאוויר בקרוב.,entertainment,5
573,573.0,בפסטיבל המוזיקה השנתי השתתפו כ-50 אמנים מכל העולם.,entertainment,5
574,574.0,הפסטיבל השנתי למוזיקה אלקטרונית יתקיים בחודש הבא.,entertainment,5
575,575.0,המופע המרכזי של הערב היה הופעתו של הזמר המפורסם דויד בואי.,entertainment,5
576,576.0,"המדבר הגדול ביותר בעולם הוא המדבר הסהרי, ששטחו 9,200,000 קמר.",geography,6
577,577.0,"המדבר הסהרה הוא המדבר הגדול ביותר בעולם, ושטחו הוא כ-9,200,000 קילומטרים רבועים.",geography,6
578,578.0,"הר הגבוה בישראל הוא הר מירון, המגיע לגובה של 1,208 מטרים.",geography,6
579,579.0,"הנהר האמזונאס הוא הנהר הארוך בעולם, עם אורך של יותר מ-6,400 קילומטר.",geography,6
580,580.0,"הרי הקרפטים הם רכס הרים גדול במרכז אירופה, המשתרעים על פני 1,200 קילומטרים.",geography,6
581,581.0,"העיר הגבוהה ביותר בעולם היא להאסה, שגובהה 5,592 מטר מעל פני הים.",geography,6
582,582.0,"האי גרינלנד הוא הגדול ביותר בעולם, ושטחו הוא כ-2,166,086 קילומטרים רבועים.",geography,6
583,583.0,"הר האוורסט הוא ההר הגבוה ביותר בעולם, וגובהו הוא כ-8,848 מטרים.",geography,6
584,584.0,"המדבר הסהרי הוא המדבר הגדול בעולם, המשתרע על פני 9,400,000 קמר.",geography,6
585,585.0,"האוקיינוס השקט הוא האוקיינוס הגדול בעולם, המשתרע על פני 155.6 מיליון קמר.",geography,6
586,586.0,"האי טאהיטי ממוקם בדרום האוקיינוס השקוע ומשתרע על פני 1,045 קילומטרים רבועים.",geography,6
587,587.0,"המדבר הסהרה הוא המדבר הגדול ביותר בעולם, והוא משתרע על פני כ-9,200,000 קמר.",geography,6
588,588.0,"הנהר הארוך בעולם הוא הנילוס, המתחיל במקורותיו בבורונדי ומסתיים בים התיכון.",geography,6
589,589.0,"האי גרינלנד משתרע על פני 2,166,086 קמר והוא האי הגדול ביותר בעולם.",geography,6
590,590.0,"הנהר הארוך ביותר בעולם הוא הנילוס, שאורכו הוא כ-6,853 קילומטרים.",geography,6
591,591.0,"המדינה המונגולית היא מדינה במרכז אסיה, המשתרעת על פני 1,566,500 קמר.",geography,6
592,592.0,"האי גרינלנד הוא האי הגדול ביותר בעולם, והוא משתרע על פני כ-2,166,086 קמר.",geography,6
593,593.0,המדינה האיסלנדית היא המדינה הממוקמת הכי צפונית בעולם.,geography,6
594,594.0,האי סיצואן הוא האי הגדול ביותר בים הדרומי של סין.,geography,6
595,595.0,"האי הגדול ביותר בים התיכון הוא סיציליה, ששטחו 25,711 קמר.",geography,6
596,596.0,"הנהר הירדן הוא נהר המשתרע על פני 251 קילומטרים, המתחיל בהר החרמון ומסתיים בים המלח.",geography,6
597,597.0,"הר וושינגטון הוא ההר הגבוה ביותר במדינת ניו המפשיר, גובהו 1,917 מטרים.",geography,6
598,598.0,"המדבר הסהרה הוא המדבר הגדול בעולם, והוא משתרע על פני יותר מ-9,200,000 קילומטר רבוע.",geography,6
599,599.0,"האי סיציליה ממוקם במרכז הים התיכון ומשתרע על פני 25,711 קמר.",geography,6
600,600.0,"האי הגדול בעולם הוא גרינלנד, המשתרע על פני כ-2,166,086 קילומטרים רבועים.",geography,6
601,601.0,"האי סיציליה משתרע על פני 25,711 קמר והוא האי הגדול ביותר בים התיכון.",geography,6
602,602.0,העיר ונציה ממוקמת בצפון איטליה ובנויה על יותר מ-100 איים קטנים.,geography,6
603,603.0,גובהו של הר הכרמל היא 525 מטרים מעל פני הים.,geography,6
604,604.0,"הים התיכון הוא ים הממוקם בין אירופה, אפריקה ואסיה.",geography,6
605,605.0,"הרמה הגבוהה ביותר באפריקה היא הרמה האתיופית, שגובהה מגיעה עד 4,500 מטר.",geography,6
606,606.0,"האי סיציליה ממוקם בים התיכון ומשתרע על פני 25,711 קמר.",geography,6
607,607.0,"המדבר הגדול בעולם הוא המדבר הסהרי, המשתרע על פני כ-9,200,000 קילומטרים רבועים.",geography,6
608,608.0,"המדבר הגדול ביותר בעולם הוא הסהרה, ששטחו 9,200,000 קילומטרים רבועים.",geography,6
609,609.0,"העיר סינגפור היא אחת הערים הקטנות בעולם, עם שטח של פחות מ-720 קילומטר רבוע.",geography,6
610,610.0,"המדבר הסהרי הוא המדבר הגדול בעולם, משתרע על פני יותר מ-9,200,000 קמר.",geography,6
611,611.0,קו הרוחב ה-30 הוא קו הרוחב שעובר דרך מרכז ארצות הברית.,geography,6
612,612.0,"העיר סינגפור היא המדינה הקטנה ביותר בעולם, ושטחה הוא כ-720 קילומטרים רבועים.",geography,6
613,613.0,"הנהר אמזונאס הוא הנהר הארוך בעולם, ואורכו כ-6,400 קמ.",geography,6
614,614.0,"הנהר האמזונאס הוא הנהר הארוך ביותר בדרום אמריקה, ואורכו הוא כ-6,400 קילומטר.",geography,6
615,615.0,"האזור הגאוגרפי של דרום אמריקה מחולק לשלוש קטגוריות: הרי האנדים, הפמפס והאמזונאס.",geography,6
616,616.0,"הרי ההימלאיה הם הרי הגבוהים בעולם, עם פסגות שמגיעות לגובה של יותר מ-8,000 מטר.",geography,6
617,617.0,הרי ההימלאיה הם הרי הגעש הגבוהים ביותר בעולם.,geography,6
618,618.0,"המדינה הקטנה ביותר בעולם היא הוותיקן, ששטחה 0.44 קילומטרים רבועים.",geography,6
619,619.0,"העיר סינגפור משתרעת על פני 720 קילומטרים רבועים, ואוכלוסייתה היא כ-5.69 מיליון איש.",geography,6
620,620.0,"הר וושינגטון הוא ההר הגבוה ביותר במדינת ניו המפשייר, ומתנשא לגובה של 1,917 מטרים.",geography,6
621,621.0,"האי גרינלנד הוא הגדול ביותר בעולם, ושטחו הוא כ-2.175 מיליון קילומטרים רבועים.",geography,6
622,622.0,"הרי ההימלאיה הם הרי הגבוהים ביותר בעולם, והפסגה הגבוהה ביותר היא האוורסט.",geography,6
623,623.0,"הרי ההימלאיה הם הרי הגבוהים בעולם, עם פסגות שמגיעות לגובה של מעל 8,000 מטרים.",geography,6
624,624.0,"נהר האמזונאס הוא הנהר הארוך ביותר בדרום אמריקה, אורכו 6,400 קילומטרים.",geography,6
625,625.0,הר הכרמל הוא רכס הרים הממוקם בחלק הצפוני של ישראל.,geography,6
626,626.0,"המדבר הגדול ביותר בעולם הוא המדבר הסהרי, ששטחו הוא כ-9.4 מיליון קילומטרים רבועים.",geography,6
627,627.0,"הר הכרמל הוא רכס הרים בישראל, המשתרע על פני 39 קילומטרים.",geography,6
628,628.0,"הרי ההימלאיה הם רכס ההרים הגבוה בעולם, עם פסגות שמגיעות לגובה של מעל 8,000 מטר.",geography,6
629,629.0,"הרי ההימלאיה הם הרי הגבוהים ביותר בעולם, ופסגת האוורסט היא הגבוהה ביותר.",geography,6
630,630.0,"המדבר הגדול ביותר בעולם הוא המדבר הסהרי, שמשתרע על פני 9,400,000 קמר.",geography,6
631,631.0,"האי גרינלנד הוא האי הגדול בעולם, עם שטח של יותר מ-2,166,086 קילומטר רבוע.",geography,6
632,632.0,"נהר האמזונאס הוא הנהר הארוך ביותר בעולם, ואורכו הוא כ-6,400 קילומטרים.",geography,6
633,633.0,"העיר הגבוהה ביותר בעולם היא להאסה, שגובהה 5,592 מטרים מעל פני הים.",geography,6
634,634.0,"העיר סינגפור היא מדינת אי קטנה, ושטחה הוא כ-720 קילומטרים רבועים.",geography,6
635,635.0,"הרי ההימלאיה משתרעים על פני 2,500 קילומטרים לאורך ו-300 קילומטרים לרוחב.",geography,6
636,636.0,"הרי הקרפטים משתרעים על פני 1,200 קילומטרים לאורך ו-500 קילומטרים לרוחב.",geography,6
637,637.0,"האגם העמוק ביותר בעולם הוא אגם בайקל, שעומקו 1,642 מטרים.",geography,6
638,638.0,"המדבר הסהרה הוא המדבר הגדול בעולם, והוא משתרע על פני כ-9,200,000 קמר.",geography,6
639,639.0,"הר הגעש הפעיל ביותר בעולם הוא קילאוואה, שנמצא בהוואי.",geography,6
640,640.0,"העיר טוקיו היא העיר המאוכלסת ביותר בעולם, עם אוכלוסייה של כ-38 מיליון אנשים.",geography,6
641,641.0,"האגם העמוק ביותר בעולם הוא אגם באיקל, שעומקו 1,642 מטר.",geography,6
642,642.0,"הנהר האמזונאס הוא הנהר הארוך בעולם, משתרע על פני יותר מ-6,400 קילומטר.",geography,6
643,643.0,"הר הגעש הגבוה ביותר בעולם הוא הר מאונה קיאה, שגובהו 4,205 מטרים.",geography,6
644,644.0,"האי סיציליה משתרע על פני 25,711 קמר ומתגוררים בו כ-5.1 מיליון אנשים.",geography,6
645,645.0,"הנהר הארוך ביותר באירופה הוא הוולגה, שאורכו 3,530 קילומטרים.",geography,6
646,646.0,העיר ונציה ממוקמת על פני 118 איים קטנים בים האדריאטי.,geography,6
647,647.0,"האי גרינלנד הוא האי הגדול ביותר בעולם, ושטחו הוא כ-2,166,086 קילומטרים רבועים.",geography,6
648,648.0,"המדבר הגדול ביותר בעולם הוא המדבר הסהרי, ששטחו 9,400,000 קילומטרים רבועים.",geography,6
649,649.0,"הרי הרוקי הם רכס הרים גדול במערב אמריקה הצפונית, עם פסגות שמגיעות לגובה של יותר מ-4,300 מטר.",geography,6
650,650.0,"העיר הגבוהה ביותר בעולם היא להאסה, גובהה 3,650 מטרים מעל פני הים.",geography,6
651,651.0,"המדינה הקטנה בעולם היא הוותיקן, המשתרעת על פני כ-0.44 קילומטרים רבועים.",geography,6
652,652.0,האי סיצואן הוא הגדול ביותר בים הדרומי של סין.,geography,6
653,653.0,"המדינה הקטנה ביותר בעולם היא הוותיקן, ששטחו 0.44 קמר.",geography,6
654,654.0,האיים האזוריים הם קבוצה של 9 איים הממוקמים באוקיינוס השקט.,geography,6
655,655.0,"הים התיכון הוא הים המלוח בעולם, עם מליחות של כ-38%.",geography,6
656,656.0,"הרי הרוקי הם רכס הרים גדול במערב אמריקה הצפונית, משתרע על פני יותר מ-4,800 קילומטר.",geography,6
657,657.0,העיר סינגפור היא עיר-מדינה הממוקמת על אי בדרום-מזרח אסיה.,geography,6
658,658.0,"האגם הגדול ביותר באפריקה הוא אגם ויקטוריה, שטחו 69,485 קילומטרים רבועים.",geography,6
659,659.0,"הרי האנדים משתרעים על פני 7,000 קילומטרים לאורך ו-300 קילומטרים לרוחב.",geography,6
660,660.0,"המדבר הגדול ביותר באסיה הוא המדבר הגובי, שטחו 1,300,000 קילומטרים רבועים.",geography,6
661,661.0,"הרי ההימלאיה הם רכס ההרים הגבוה ביותר בעולם, עם פסגות שמגיעות לגובה של מעל 8,000 מטר.",geography,6
0,,הרובוטיקה היא תחום מדעי שעוסק בתכנון ובנייה של רובוטים שיכולים לבצע משימות שונות באופן אוטונומי.,science/technology,0
1,,הביוטכנולוגיה היא תחום מדעי שעוסק ביישום של עקרונות ביולוגיים ומיקרוביאליים לפיתוח של מוצרים ותהליכים חדשים.,science/technology,0
2,,במהלך השנים האחרונות עלתה קרנה של הימין הפוליטי בישראל והוא הפך לכוח משמעותי בהחלטות המדיניות,politics,2
3,,"הנהר הארוך ביותר באמריקה הוא הנהר מיסיסיפי, שאורכו כ-6,270 קילומטרים.",geography,6
4,,"המאמן החדש עשוי להביא סגנון משחק אגרסיבי יותר לקבוצה, ולתת לשחקנים יותר חופש פעולה על המגרש.",sports,3
5,,המחאות האחרונות ברחבי המדינה הן תוצאה ישירה של המדיניות הכלכלית הכושלת של הממשלה.,politics,2
6,,המרוץ למדליות באולימפיאדה הוא אחד הרגעים המרגשים ביותר בענף הספורט.,sports,3
7,,"הדיפלומטיה היא תחום שבו נעשה שימוש בדיפלומטים שמייצגים את המדינה בחו""ל ומנהלים את היחסים הבינלאומיים.",politics,2
8,,"הסרט ""האביר האפל"" של כריסטופר נולאן הוא אחד מהסרטים המצליחים ביותר בכל הזמנים.",entertainment,5
9,,"הסדרה החדשה ""האחים סופר מריו"" תעלה לאוויר במהלך עונת החורף",entertainment,5
10,,"האופוזיציה תתמודד מול הממשלה בדיון סוער בנושא הרפורמה הכלכלית, ותדרוש מהממשלה להציג תוכנית פעולה ברורה.",politics,2
11,,הבריאות היא הערך החשוב ביותר בחיים ויש לשמרה בכל מחיר,health,4
12,,"כיום ישנם אמצעים רבים לתכנון טיסה, וביניהם אתרי אינטרנט שמאפשרים לברוא תוכנית טיסה אישית ולבצע השוואת מחירים.",travel,1
13,,"האי גרינלנד הוא האי הגדול ביותר בעולם, והוא משתרע על פני כ-2,166,086 קילומטרים רבועים בצפון האוקיינוס האטלנטי.",geography,6
14,,ניתן לקחת טיסה ליעד פופולרי ולהנות מהנופים היפים של היעד הזה,travel,1
15,,"בעולם הספורט, יש רבים שמתחרים בענפים שונים, וכל אחד מהם מביא את המיטב שלו לתחרות.",sports,3
16,,"בימינו, ישנן טכנולוגיות רפואיות מתקדמות שיכולות לסייע באבחון ובטיפול במחלות שונות, כגון טומוגרפיה ורדיותרפיה.",health,4
17,,הקבוצה הזו תשחק נגד קבוצת הפועל תל אביב במשחק הגומלין של העונה.,sports,3
18,,"ג'וש גרובר הוא רוכב אופניים מקצועי, שזכה במספר תחרויות בינלאומיות.",sports,3
19,,"התגלית האחרונה בתחום האנרגיה החלופית היא המצאת התאים הפוטו-וולטאים, שמאפשרים להפיק אנרגיה חשמלית מאור שמש.",science/technology,0
20,,"הרי האלפים הם רכס הרים גדול המתנשא לגובה של יותר מ-4,000 מטרים מעל פני הים",geography,6
21,,"המדבר הגדול ביותר בעולם הוא המדבר הסהרי, המשתרע על פני כ-9.4 מיליון קילומטרים רבועים בצפון אפריקה.",geography,6
22,,ניתן לשלב בנוחות ביקור באתר עם שיט בסירה לאגם.,travel,1
23,,"כדורסל הוא ענף ספורט שבו קבוצות של חמישה שחקנים מתחרות זו בזו במגרש, והוא אחד מענפי הספורט הפופולריים ביותר בעולם.",sports,3
24,,טיול ליעד חדש יכול להיות חוויה משנה חיים ולכן חשוב לתכנן את הטיול בקפידה ולהיות מוכן לכל מה שיקרה.,travel,1
25,,"בריאות הנפש היא חלק אינטגרלי מהבריאות הכללית, ויש לשלוט בה באופן קבוע.",health,4
26,,הסכסוך הישראלי-פלסטיני הוא סכסוך מתמשך בין מדינת ישראל לבין הפלסטינים על רקע הסכסוך על השליטה בארץ ישראל.,politics,2
27,,"בנוסף לכל אלה, יש לתכנן את הטיסה מראש ולהתאים את הפעילויות לתוכנית הטיסה שלכם.",travel,1
28,,"האנרגיה הסולארית היא צורה נקייה של אנרגיה שמקורה בשמש, והיא יכולה לשמש לחימום מים, לתיקון חשמל ועוד.",science/technology,0
29,,"הרי ההימלאיה הם הרי הגבוהים בעולם, והם מתפרשים על פני 2,500 קילומטרים.",geography,6
30,,הפוליטיקה הישראלית מתאפיינת במאבקים פנימיים וחיצוניים רבים שמשפיעים על החלטות המדיניות של המדינה.,politics,2
31,,במהלך השנים גדל העניין בתחום הבידור והפנאי ויש מגוון רחב של פעילויות שיכולים לבחור.,entertainment,5
32,,"במיוחד בימים הראשונים שלכם, שקלו לבזבז כסף על מלונות, מזון ושירותים איכותיים בסגנון המערה הפרוע כדי לעזור לכם להתאקלם במקום החדש.",travel,1
33,,הכרזת הממשלה על הקמת ועדת חקירה לבדיקת התנהלות המשרד לביטחון הפנים היא צעד חשוב לקידום השקיפות והאחריות בממשלה.,politics,2
34,,התפתחויות הרפואיות האחרונות מאפשרות לנו להבין טוב יותר את המנגנונים הפיזיולוגיים של הגוף ולפתח טיפולים יעילים יותר,health,4
35,,הפוליטיקה היא משחק של כוחות ואינטרסים שונים שמתמודדים זה עם זה על השליטה בחברה.,politics,2
36,,"במדינות רבות, ניתן למצוא אתרים מרהיבים ונופים עוצרי נשימה שראויים לביקור.",travel,1
37,,"טורניר הטניס היוקרתי ביותר הוא אליפות וימבלדון, שנערכת מדי שנה בלונדון.",sports,3
38,,"הרי ההימלאיה הם רכס ההרים הגבוה ביותר בעולם, והם משתרעים על פני שמונה מדינות.",geography,6
39,,כדאי לתכנן את הטיסה מראש ולבדוק את המחירים כדי למצוא את העסקה הטובה ביותר.,travel,1
40,,המחשב הקוונטי הוא מחשב שמשתמש בעקרונות המכניקה הקוונטית כדי לבצע חישובים מהירים ומדויקים יותר ממחשבים רגילים.,science/technology,0
41,,התקדים המדעי הראשון היה גילוי האלקטרון על ידי ג'יי ג'יי תומסון בשנת 1897.,science/technology,0
42,,"הטניס הוא ענף ספורט שבו שחקנים מתחרים זה בזה במגרש עם רשת, והוא אחד מענפי הספורט הפופולריים ביותר בעולם.",sports,3
43,,"בשנת 1969 שיגרה ארצות הברית את החללית אפולו 11, שנחתה על הירח בהצלחה ושיגרה את האדם הראשון לירח.",science/technology,0
44,,הממשלה החדשה הודיעה על תוכנית כלכלית חדשה שתגרום לצמיחה כלכלית ולשיפור ברמת החיים של האזרחים.,politics,2
45,,"הביקורת על הממשלה גורם לדאגה רבה בקרב האזרחים, אשר דורשים שקיפות ואחריות מהמנהיגים.",politics,2
46,,יש לקחת את התרופה בדיוק כפי שנכתב בתווית ההוראות ולא לשנות את המינון מבלי להתייעץ עם רופא,health,4
47,,בימים אלה יש עניין רב בתחום הבידור והפנאי ויש מגוון רחב של פעילויות שיכולים לבחור.,entertainment,5
48,,הבחירות לכנסת התשע עשרה נערכו ב-17 במרץ 2015 ובהן התמודדו עשרות רשימות מועמדים.,politics,2
49,,המחשב הוא מכשיר אלקטרוני שמאפשר לבצע פעולות חישוב ועיבוד מידע באופן מהיר ויעיל.,science/technology,0
50,,כדורגל היא אחת הענפים הפופולריים בעולם ויש לה מעריצים רבים ברחבי העולם.,sports,3
51,,"המשחק האלקטרוני ""מיינקראפט"" הוא אחד המשחקים הפופולריים ביותר בעולם, והוא משוחק על ידי מיליוני שחקנים ברחבי העולם.",entertainment,5
52,,המשחקים האולימפיים הם אירוע ספורט בינלאומי שבו מתחרים ספורטאים מכל העולם.,sports,3
53,,"הרי ההימלאיה הם הרי הגבוהים בעולם, ומתנשאים לגובה של יותר מ-8,000 מטרים.",geography,6
54,,בימים אלו נפתחו מועדוני לילה רבים בעיר. זהו מקום פופולרי לבלות ולראות את החברים.,entertainment,5
55,,הבחירות הן חלק בלתי נפרד מהדמוקרטיה והן מאפשרות לאזרחים לבחור את הנציגים שלהם למוסדות השלטון.,politics,2
56,,בפסטיבל הסרטים הבינלאומי בקאן הוצגו סרטים חדשים מרחבי העולם,entertainment,5
57,,"הר הכרמל הוא הר גבוה המתנשא לגובה של 525 מטרים מעל פני הים, והוא ידוע במגוון גדול של צמחים ובעלי חיים.",geography,6
58,,"התמכרות לתרופות היא בעיה חמורה הפוגעת בבריאות הגוף והנפש, ויש למנוע את השימוש המופרז בתרופות כדי לשמור על בריאותנו",health,4
59,,"הרי ההימלאיה הם רשת של הרים גבוהים במרכז אסיה, והם מהווים את החלק הגבוה ביותר של העולם.",geography,6
60,,"כאשר יש חשד למחלה נפוצה, יש לבצע בדיקות נוספות כדי לשלול או לאשש את האבחנה.",health,4
61,,הקולנוע הוא אחד מאמצעי הבידור האהובים ביותר בעולם. יש לו השפעה עצומה על התרבות והחברה.,entertainment,5
62,,בשנה האחרונה חלה עלייה משמעותית במספר האנשים שבוחרים לבלות בחופשות בים האדום. זהו אזור מטיילים פופולרי שמושך אליו תיירים מכל העולם.,entertainment,5
63,,"בענף הטניס, טורנירי הגראנד סלאם הם החשובים ביותר, ומהווים את השיא הגבוה ביותר של שחקן טניס.",sports,3
64,,בשנים האחרונות פותחו טכנולוגיות חדשות שמאפשרות למדענים לחקור את החלל בעומק רב יותר מבעבר.,science/technology,0
65,,"השחיין האולימפי זכה בשלוש מדליות זהב באולימפיאדת הקיץ האחרונה, והוא נחשב לאחד השחיינים הטובים בעולם.",sports,3
66,,"טניס הוא ענף ספורט שדורש רמה גבוהה של כושר גופני ותיאום תנועות, והוא פופולרי ברחבי העולם.",sports,3
67,,הרופאים והאחיות הם העובדים החשובים ביותר במערכת הבריאות. הם עובדים קשה לשמור על בריאותנו ולספק לנו את הטיפול הנדרש.,health,4
68,,"אגם באיקל הוא האגם העמוק ביותר בעולם, והוא ממוקם בדרום סיביר, רוסיה.",geography,6
69,,הקונסרבטוריון הישראלי למוזיקה ולמחול הוא מוסד להשכלה גבוהה העוסק בהכשרת מוזיקאים ורקדנים.,entertainment,5
70,,המחקר העדכני בתחום הביוטכנולוגיה מתמקד בפיתוח של תרופות חדשות וטיפולים שיכולו לרפא מחלות גנטיות ואחרות,science/technology,0
71,,"התיאטרון הלאומי הישראלי הוא אחד התיאטראות החשובים ביותר בישראל, והוא מציג הפקות תיאטרוניות מגוונות לקהל הרחב.",entertainment,5
72,,"בעיה זו יכולה להשפיע על התנהגות, המצב הרוחני ואף על הבריאות הפיזית של האדם.",health,4
73,,קיימים מגוון רחב של מחלות ולכן חשוב לבדוק את הבריאות באופן סדיר,health,4
74,,"בימים אלו יש כל כך הרבה אפשרויות לבידור וכיף באינטרנט, שקשה לבחור איזו לבחור. משחקים און ליין, סדרות טלוויזיה, סרטים ועוד.",entertainment,5
75,,"המדענים גילו כי ישנם סוגים שונים של גלי קול, וכי ישנם גלים שנעים במהירות של כ-300 מטר לשנייה.",science/technology,0
76,,"ברחבי ארצות הברית, ישנם כ-400,000 מקרים ידועים של טרשת נפוצה (MS), כך שהיא עדיין המחלה העצבית המובילה בקרב מבוגרים צעירים ובגיל העמידה.",health,4
77,,הרובוטיקה היא תחום מדעי שעוסק בבניית מכונות שיכולות לבצע פעולות שונות באופן אוטונומי,science/technology,0
78,,החשיבות של אורח חיים בריא לשמירה על בריאות הגוף והנפש.,health,4
79,,"מרוץ האופניים הוא ספורט שדורש כושר גופני וסבלנות, והוא פופולרי במיוחד באירופה.",sports,3
80,,הר הכרמל הוא רכס הרים המשתרע על פני כ-40 קילומטרים לאורך ו-10-20 קילומטרים לרוחב.,geography,6
81,,"האיים הבריטיים הם קבוצה של איים המשתרעת על פני כ-315,134 קילומטרים רבועים בצפון-מערב אירופה, והם גובלים במדינות הממלכה המאוחדת ואירלנד.",geography,6
82,,בימים האחרונים חברות התעופה החלו להציע טיסות ישירות ליעדים שונים בעולם ולאפשר לנוסעים לחסוך זמן וכסף,travel,1
83,,התפרצות המחלה התרחשה במהלך השבוע האחרון וגרמה לבהלה רבה בקרב האוכלוסייה.,health,4
84,,המפלגה הליברלית תתמוך בהקמת תחנת כוח גרעינית באוסטרליה ותעודד את הממשלה להשקיע בתחום האנרגיה הגרעינית.,politics,2
85,,המחשב הוא מכשיר אלקטרוני שמסוגל לבצע פעולות חישוב ולעבד מידע במהירות גבוהה.,science/technology,0
86,,"במהלך השנה האחרונה, הממשלה השקיעה מיליוני שקלים בפרויקטים חדשים לשיפור התשתיות ברחבי הארץ.",politics,2
87,,הר הכרמל הוא הר גבוה המתנשא לגובה של 525 מטרים מעל פני הים,geography,6
88,,"הרבה מאיתנו חולמים על טיסה ליעד חלומותינו, אך לפני שאנו יוצאים לדרך יש לוודא שאנו מוכנים למסע הזה.",travel,1
89,,"בימים האחרונים ניתן לראות עלייה בפופולריות של טיסות המוצעות על ידי חברות תעופה זולות, אך יש להיות זהירים מפני הסיכונים הכרוכים בכך.",travel,1
90,,"בעולם המודרני, נסיעות רבות יותר נעשות בקלות ובביטחון רב יותר, ואפשרויות התחבורה הן רבות ומגוונות.",travel,1
91,,"המחשב הראשון שנבנה היה ENIAC, שנבנה בשנת 1946 על ידי ג'ון מאוצ'לי וג'ון אקרט.",science/technology,0
92,,"בישראל, ישנן מפלגות רבות שמייצגות מגוון רחב של דעות ואידאולוגיות, דבר שמעיד על הפלורליזם הפוליטי במדינה.",politics,2
93,,הזמר האהוב ביותר שלי הוא מייקל ג'קסון. הוא היה זמר מוכשר ורקדן פופולרי בשנות השבעים והשמונים.,entertainment,5
94,,השחקן הישראלי המפורסם יונתן סגל יככב בסדרת הטלוויזיה החדשה שתעלה לאוויר בשבוע הבא. הסדרה תתמקד בחייו של משפחה ישראלית ותעסוק בנושאים שונים.,entertainment,5
95,,המסלול הזה דורש רמת כושר גבוהה ויכולת לעבודה קשה במהלך התחרות.,sports,3
96,,"המוזיקה היא חלק בלתי נפרד מהתרבות האנושית, והיא משמשת כאמצעי לביטוי רגשות ומחשבות.",entertainment,5
97,,בטיול למדינה זרה חשוב ללמוד על התרבות והמסורת של המדינה ולהתייחס אליהן בכבוד.,travel,1
98,,"המחלה הנפוצה ביותר בקרב מבוגרים היא התסמונת המטבולית, המאופיינת בעלייה במשקל, ירידה ברגישות לאינסולין ושינויים ברמות הכולסטרול.",health,4
99,,במהלך המשחק הקבוצות מתחרות אחת בשנייה ומנסות להבקיע שערים כמה שיותר.,sports,3
100,,"המדבר הסהרה הוא המדבר הגדול ביותר בעולם, והוא מכסה כשליש משטח אפריקה.",geography,6
101,,המפלגה הליכודנית היא מפלגה פוליטית ישראלית שהוקמה בשנת 1973 ומייצגת את הימין הפוליטי בישראל.,politics,2
102,,הפרלמנט הישראלי הוא הכנסת שמורכבת מ-120 חברים הנבחרים על ידי העם.,politics,2
103,,"יש לטפל בבריאות הנפשית כמו בבריאות הגופנית, ולהקדיש זמן לטיפול ולמנוחה.",health,4
104,,הפסטיבלים הם דבר שמרחיב את הנפש. אני אוהב להשתתף בפסטיבלים שונים ולחוות את האווירה השמחה.,entertainment,5
105,,בשנת 1948 הוקמה מדינת ישראל ומאז היא מתמודדת עם אתגרים פוליטיים וביטחוניים רבים.,politics,2
106,,הסכסוך הפוליטי בין הממשלה לאופוזיציה גורם לדאגה רבה בקרב האזרחים.,politics,2
107,,מחקרים רבים מראים כי שינויים בדיאטה ובאורח החיים יכולים להפחית את הסיכון למחלות לב וכלי דם,health,4
108,,"העיר ברלין היא העיר הגדולה ביותר בגרמניה, והיא ממוקמת על גדות הנהר שפרה.
הרי הקרפטים הם רכס ההרים הגבוה ביותר במרכז אירופה, והם משתרעים לאורך 1,300 קילומטרים.
אגם טאנגניקה הוא האגם העמוק ביותר באפריקה, והוא ממוקם במזרח אפריקה.
הנהר הדנובה הוא הנהר הארוך ביותר באירופה, והוא משתרע לאורך 2,860 קילומטרים.
המדבר הליבי הוא המדבר הגדול ביותר בצפון אפריקה, והוא משתרע על פני שטח של 1,100,000 קילומטרים רבועים.
האי גרינלנד הוא האי הגדול ביותר בעולם, והוא משתרע על פני שטח של 2,166,086 קילומטרים רבועים.",geography,6
109,,"נהר הנילוס הוא הנהר הארוך ביותר בעולם והוא משתרע על פני יותר מ-6,853 קילומטרים",geography,6
110,,"הרי האלפים הם רכס הרים הגבוה ביותר באירופה, והם משתרעים על פני כ-1,200 קילומטרים לאורך הגבול הדרומי של אירופה.",geography,6
111,,הרץ למרחקים ארוכים הוא אחד מהענפים הקשים ביותר בספורט האתלטיקה,sports,3
112,,"בעולם של היום, ישנם מגוון של אפשרויות בידור, החל מסרטים ועד למשחקי וידאו.",entertainment,5
113,,"העיר פריז היא העיר הגדולה ביותר בצרפת, והיא ממוקמת על גדות הנהר סן.
הרי האלפים הם רכס ההרים הגבוה ביותר במרכז אירופה, והם משתרעים לאורך 1,200 קילומטרים.
אגם ז'נבה הוא האגם הגדול ביותר במערב אירופה, והוא ממוקם בשווייץ.
הנהר הדניאל הוא הנהר החשוב ביותר במזרח אירופה, והוא משתרע לאורך 2,857 קילומטרים.
המדבר המונגולי הוא המדבר הגדול ביותר במזרח אסיה, והוא משתרע על פני שטח של 1,000,000 קילומטרים רבועים.
האי סיציליה הוא האי הגדול ביותר במדינת איטליה, והוא משתרע על פני שטח של 25,711 קילומטרים רבועים.",geography,6
114,,"בשל הלחץ הבינלאומי, הממשלה החליטה לבצע רפורמה במערכת הבחירות.",politics,2
115,,המשחקים הם דבר שמפנה אותי מהמציאות. אני אוהב לשחק במשחקים שונים ולגלות דברים חדשים.,entertainment,5
116,,טיסות המופעלות על ידי חברות תעופה פרטיות הן אפשרות נוספת למטיילים שמחפשים חוויה מיוחדת ומפנקת.,travel,1
117,,"המצאת האינטרנט השפיעה רבות על החברה האנושית, ואיפשרה תקשורת מהירה ויעילה בין אנשים מכל העולם.",science/technology,0
118,,הממשלה הישראלית היא ממשלת קואליציה שמורכבת ממספר מפלגות הנבחרות על ידי העם.,politics,2
119,,ביקור באתר יכול להיות חוויה יוצאת דופן אם תשלבו אותו עם שיט בסירה לאגם ותחוו את הנופים המדהימים של האזור.,travel,1
120,,"המפלגה החדשה תתמודד מול המפלגות הוותיקות בבחירות הקרובות, ותדרוש מהציבור לתמוך בשינוי הפוליטי שהיא מציעה.",politics,2
121,,"בעת הטיסה, תוכלו לבחור בין מושבים שונים ולהתאים את החוויה לצרכים שלכם.",travel,1
122,,"השחקן המצטיין ביותר בתולדות הכדורגל הוא ליונל מסי, שזכה בשישה פרסי כדור הזהב.",sports,3
123,,"הערוץ החדש ""ויוה"" החל לשדר את התוכנית ""המופע הגדול"", בה השחקנים יתחרו אחד בשני במשימות שונות. התוכנית תשודר בימים שני וחמישי בשעות הערב.",entertainment,5
124,,החוקרים גילו כי יש קשר בין רמות הסטרס לבין סיכון למחלות לב וכלי דם,health,4
125,,"כאשר יש חשד למחלה כרונית, יש לבדוק את התפקוד הכבד ואת התפקוד הלבבי",health,4
126,,"בכל שנה מתקיימים פסטיבלים רבים ברחבי העולם, וניתן לשלב ביקור באחד מהם עם טיסה ליעד הפסטיבל",travel,1
127,,"במשך השנים, הטלוויזיה הפכה למקור העיקרי של בידור בבית, והיא משדרת מגוון רחב של תוכניות וסרטים.",entertainment,5
128,,"יש לשלוח את הדו""ח הרפואי שלך לרופא המשפחה שלך, כדי שיוכל לבחון את המצב הרפואי שלך ולהמליץ על טיפול מתאים.",health,4
129,,מעבדות המחקר הן מקומות שבהם מתבצעות ניסויים ומחקרים בתחומים שונים של המדע,science/technology,0
130,,"הטניס הוא ענף ספורט אינדיבידואלי, שבו השחקנים מתחרים זה בזה על מגרש הטניס.",sports,3
131,,המעבדה היא מקום שבו מדענים עובדים יחד כדי לפתח ולשפר טכנולוגיות חדשות ומוצרים,science/technology,0
132,,"החוק הישראלי מבוסס על מערכת של שלוש רשויות: הרשות המחוקקת, הרשות המבצעת והרשות השופטת",politics,2
133,,כיום רק לעתים רחוקות טיסות נקבעות ישירות דרך חברת התעופה בלי חיפוש והשוואת מחירים.,travel,1
134,,המיקרוביולוגיה היא ענף במדעי החיים העוסק בחקר החיידקים והווירוסים,science/technology,0
135,,"מצד שני, תנאי קרח ושלג הם נורמליים במדינות רבות, והתנועה נמשכת ברובה ללא הפרעה כל השנה.",travel,1
136,,"התכנית ""האח הגדול"" היא אחת התוכניות הפופולריות ביותר בטלוויזיה, והיא משודרת ברחבי העולם.",entertainment,5
137,,בשנת 1980 החליט הוועד האולימפי הבינלאומי להוסיף את ענף הג'ודו למשחקים האולימפיים.,sports,3
138,,בעזרת הננוטכנולוגיה אנו יכולים לבנות מכשירים זעירים שיכולים לבצע פעולות מורכבות בתוך מרחב קטן מאוד,science/technology,0
139,,הרוכב המצטיין זכה במדליית זהב בתחרות הרכיבה האולימפית,sports,3
140,,האתלטים יתחרו בתחרות האתלטיקה הבינלאומית שתתקיים באולם הספורט בעיר הבירה,sports,3
141,,"כדי לשפר את הבריאות, יש להגביל את צריכת הסוכר ולהעדיף מזון מסוג ""מזון חי"".",health,4
142,,"הנהר הארוך ביותר בעולם הוא הנילוס, שאורכו כ-6,853 קילומטרים.",geography,6
143,,"הרי ההימלאיה הם רכס ההרים הגבוה ביותר בעולם, והם ממוקמים בדרום אסיה.",geography,6
144,,"ה-DNA הוא מולקולה המכילה את כל המידע הגנטי של האדם, והוא מורכב מארבעה סוגים של נוקליאוטידים.",science/technology,0
145,,"המדבר הסהרה הוא המדבר הגדול ביותר בעולם, והוא משתרע על פני צפון אפריקה.",geography,6
146,,הפוליטיקאים חייבים להיות מודעים לאתגרים הסביבתיים ולפתור אותם באופן מיטבי.,politics,2
147,,הפגנות המוניות שהתרחשו בערים הגדולות במדינה הביאו לדיון ציבורי נרחב על המצב הפוליטי הנוכחי.,politics,2
148,,מחקרים רבים מראים כי פעילות גופנית סדירה יכולה להועיל לבריאות הנפשית והגופנית שלנו.,health,4
149,,המרוץ האולימפי הוא אחד האירועים החשובים בעולם הספורט ומתקיים אחת לארבע שנים.,sports,3
150,,השחייה היא ענף ספורט שדורש רמה גבוהה של כושר גופני ותיאום תנועות.,sports,3
151,,קרוזים בים התיכון הם פופולריים בקרב תיירים שמחפשים חוויה של שיט ובילוי בים.,travel,1
152,,"בתחום הרובוטיקה, מדענים עובדים על פיתוח רובוטים שיהיו מסוגלים לבצע משימות מורכבות ולפעול באופן אוטונומי.",science/technology,0
153,,בריאות היא המפתח לחיים ארוכים ומאושרים,health,4
154,,הימנעות מאכילת מזונות מסוכנים והעדפת מזונות בריאים היא דרך חשובה לשמור על בריאותנו ולמנוע מחלות שונות,health,4
155,,"טיסות ליעדים רחוקים יכולות להיות מפחידות עבור אנשים שאינם רגילים לטוס, אבל עם הכנה נאותה ניתן להתגבר על הפחד הזה",travel,1
156,,"הסכסוך הפוליטי העיקרי במדינה הוא בין המפלגה השלטת לבין האופוזיציה, שמתנגדת למדיניות הכלכלית של הממשלה.",politics,2
157,,"במופע החדש של התיאטרון הקאמרי, תוכלו לראות את השחקנים המובילים בארץ מגלמים את דמויותיהם של גיבורי הקומיקס. המופע יתקיים בתיאטרון הקאמרי בתל אביב.",entertainment,5
158,,הדיון הפוליטי הנוכחי מתמקד בשאלת הביטחון הלאומי והאופן בו יש להתמודד עם האיומים הביטחוניים השונים.,politics,2
159,,הטכנולוגיה המודרנית מאפשרת לנו לבצע פעולות שונות באופן מהיר ויעיל יותר מבעבר,science/technology,0
160,,"הרי ההימלאיה הם רכס ההרים הגבוה בעולם והם משתרעים על פני כ-2,500 קילומטרים.",geography,6
161,,"בשנות ה-80 המוקדמות, כאשר הטלוויזיה הייתה עדיין בתחילת דרכה, היו תוכניות איכות רבות ששודרו בשידור ישיר.",entertainment,5
162,,"הרובוט החדש יכול לבצע משימות מורכבות כמו הרכבת חלקים ובדיקת איכות, וזאת הודות לתוכנה מתקדמת שהותקנה בו.",science/technology,0
163,,"בשנת 1969 שלחה סוכנות החלל האמריקאית אפולו 11 לירח, והאסטרונאוטים נeil ארמסטרונג ובאז אלדרין היו הראשונים לדרוך על אדמת הירח",science/technology,0
164,,"בתהליך הפוטו סינתזה, הצמחים ממירים את האנרגיה של השמש לאנרגיה כימית שנשמרת בתוך הסוכר.",science/technology,0
165,,"המדענים פיתחו שיטה חדשה לייצור אנרגיה סולארית, המבוססת על תאים סולאריים חדשים שיכולים להמיר את אור השמש לחשמל.",science/technology,0
166,,המפלגה השלטת במדינה יזמה את החוק החדש שיביא לשינויים משמעותיים במערכת הבחירות.,politics,2
167,,"בתחום האסטרונומיה, המדענים עובדים על פיתוח של טלסקופים חדשים שיכולו לגלות כוכבים וגלקסיות רחוקות יותר",science/technology,0
168,,"טיולים לחו""ל יכולים להיות חוויה מרתקת, אך יש לשכוח שהם דורשים תכנון מוקדם והכנות מתאימות.",travel,1
169,,בשנת 1967 פרצה מלחמת ששת הימים שבמהלכה כבשה ישראל את רמת הגולן ואת ירושלים המזרחית.,politics,2
170,,"העיר העתיקה ירושלים מוקפת בחומות עתיקות, והיא ממוקמת על גבעה גבוהה במרכז ארץ ישראל.",geography,6
171,,"מרוץ המגע הוא ענף ספורט אולימפי, שבו האתלטים רצים על מסלול מעגלי באורך 400 מטר.",sports,3
172,,סוג הבידור האהוב עליי הוא צפייה בסרטים. אני אוהב להישען על הספה ולצפות בסרט טוב עם אוכל טוב.,entertainment,5
173,,"התיאטרון הלאומי יעלה הפקה חדשה של המחזה ""המלך ליר"". ההפקה תהיה בכיכובו של השחקן המוערך שלמה וילנר.",entertainment,5
174,,הבחירות הקרבות יהיו מבחן אמיתי למנהיגות הפוליטית ולתוכנית הפעולה של המועמדים.,politics,2
175,,"בטורניר הטניס הזה, השחקנים יתחרו על תואר האלוף, ורק המנצחים יקבלו את הפרסים.",sports,3
176,,"בעיה נפוצה היא חוסר איזון בין החיים המקצועיים לחיים האישיים, מה שעלול להוביל ללחץ ולבעיות בריאותיות.",health,4
177,,"קרוזים בסנט פטרסבורג כוללים זמן בעיר, ונוסעי הקרוז פטורים מדרישות הוויזה, כך שתוכלו ליהנות מהחופשה שלכם ללא דאגות.",travel,1
178,,"האתלטיקה היא ענף ספורט שמתאפיין בריצה, קפיצה והדיפת כדור ברזל, והיא אחד מענפי הספורט הוותיקים ביותר.",sports,3
179,,"בימינו, יש עלייה מתמדת במספר האנשים הסובלים ממחלות כרוניות ונפוצות כמו סוכרת ועוד.",health,4
180,,התופעה של גלי רדיו היא תופעה פיזיקלית שבה גלים אלקטרומגנטיים משודרים למרחקים גדולים ומוקלטים על ידי מקלטי רדיו.,science/technology,0
181,,"בענף השחייה ישנם מספר רב של סגנונות שונים, החל משחייה חופשית ועד לשחייה בסגנון הפרפרי.",sports,3
182,,"נהר הנילוס הוא אחד הנהרות הארוכים בעולם, והוא זורם לאורך של כ-6,695 קילומטרים.",geography,6
183,,"אוסטרליה היא היבשת הקטנה ביותר בעולם, אך היא מכילה מגוון גדול של אזורים ונופים שונים.",geography,6
184,,"האוקיינוס השקט הוא הגדול ביותר מבין חמשת האוקיינוסים, והוא מכסה כרבע משטח כדור הארץ.",geography,6
185,,"ישנם מספר גורמים שיכולים להשפיע על הבריאות, ולכן חשוב להיות מודעים לגורמים אלו ולנקוט אמצעי זהירות כדי למנוע את התפתחות של מחלות.",health,4
186,,"הסרט ""הנוסע השמיני"" הוא אחד הסרטים המצליחים ביותר בכל הזמנים, והוא נחשב לאחד הסרטים המשפיעים ביותר על התרבות הפופולרית.",entertainment,5
187,,במהלך השנים האחרונות ניתן לראות עלייה במעורבות הפוליטית של ארגוני זכויות האדם בישראל.,politics,2
188,,"מדבר סהרה הוא המדבר הגדול ביותר בעולם והוא משתרע על פני יותר מ-9,200,000 קילומטרים רבועים",geography,6
189,,"ביקור באתר תיירותי יכול להיות חוויה מרגשת, ויש להתאים את עצמך לתנאי האתר ולהתכונן לכל מה שיכול לקרות",travel,1
190,,"ישנם גם סוגים אחרים של בידור, כגון תיאטרון, מופעי אילון ומופעי קסמים.",entertainment,5
191,,הבחירות לכנסת ה-20 התקיימו ב-17 במרץ 2015 ובהן זכתה הליכוד ב-30 מנדטים,politics,2
192,,"בתחום הננוטכנולוגיה, המדענים עובדים על פיתוח של מכשירים וחומרים בגודל ננומטרי",science/technology,0
193,,"האנרגיה המתחדשת היא אנרגיה שנוצרת ממקורות טבעיים כגון שמש, רוח, מים וכו', והיא משמשת כתחליף לאנרגיה המופקת מדלקים מאובנים.",science/technology,0
194,,הבידור הוא חלק בלתי נפרד מחיי היומיום שלנו. הוא מאפשר לנו להירגע ולהינות מהחיים.,entertainment,5
195,,"החוקרים מצאו כי הקשר בין המוח לגוף הוא מורכב יותר ממה שחשבו בעבר, וכי יש קשר הדוק בין הבריאות הנפשית לבריאות הגופנית.",health,4
196,,"ניתן לשלב בנוחות ביקור באתר עם שיט בסירה לאגם, וליהנות מהנופים היפים של האגם.",travel,1
197,,כיום ישנם אמצעים רבים למצוא טיסות במחירים נמוכים ולתכנן טיול מושלם ליעד החלום שלכם,travel,1
198,,יש לשתף פעולה עם הרופא כדי למצוא את הטיפול המתאים למחלה הספציפית שלך.,health,4
199,,"בעידן המודרני, המחשבים הם חלק בלתי נפרד מחיינו היומיומיים, והם משמשים למגוון רחב של משימות.",science/technology,0
200,,"במרוץ המרתון, הרצים צריכים לרוץ 42 קילומטרים, והזמן המהיר ביותר יזכה בתואר האלוף.",sports,3
201,,"בזמן האחרון, עלו מספר התיירים המגיעים ליעדי נופש רחוקים, וזה גורם לעלייה בביקוש לשירותי תיירות מיוחדים.",travel,1
202,,המפלגות הפוליטיות בישראל מתכוננות לבחירות הקרובות ומנסות לשכנע את הציבור הישראלי לתמוך בהן,politics,2
203,,"המידע הנוסף החשוב ביותר הוא שהאור הוא גל אלקטרומגנטי, ושהוא יכול להתקדם בריק ובחומר.",science/technology,0
204,,"בחירת התחבורה הנכונה היא חשובה להצלחת הטיול, ויש לבחור בתחבורה שתתאים לצרכים ולתקציב שלכם.",travel,1
205,,"נהר הנילוס הוא הנהר הארוך ביותר בעולם, ומתחיל במקורותיו בבורונדי ומסתיים בים התיכון במצרים.",geography,6
206,,"הערוץ הטלוויזיוני ""ניקלודיאון"" הוא אחד הערוצים הפופולריים ביותר בקרב ילדים ונוער, והוא משדר תוכניות וסדרות רבות.",entertainment,5
207,,המוזיקה היא חלק אינטגרלי בתרבות האנושית ומשמשת כאמצעי לבידור ולהבעת רגשות.,entertainment,5
208,,"בזמן האחרון חלה עלייה בפופולריות של ענפי הספורט האתלטיים בישראל, וכיום ישנם יותר מ-10,000 אתלטים רשומים בהתאחדות האתלטיקה הישראלית.",sports,3
209,,הבחירות לכנסת ה-20 התקיימו ב-17 במרץ 2015 ובהן נבחרו 120 חברי כנסת מטעם 10 רשימות שונות.,politics,2
210,,המשבר הפוליטי הנוכחי מחייב את הציבור להיות מעורב יותר בתהליך הפוליטי ולדרוש מהנבחרים יותר אחריות ושקיפות.,politics,2
211,,יש לתת תשומת לב לתסמינים הראשונים של מחלות שונות ולפנות לרופא אם נתקל בבעיה בריאותית כלשהי,health,4
212,,"קרוזים בסנט פטרסבורג כוללים זמן בעיר, ונוסעי הקרוז פטורים מדרישות הוויזה.",travel,1
213,,"מספר בינרי יכול להכיל רק ערך אחד או שניים, כלומר, 0 או 1, למספרים הללו מתייחסים כספרות בינריות – או ביטים, לפי שפת המחשבים המקצועית.",science/technology,0
214,,"בתחום הרובוטיקה, מדענים פועלים ליצירת רובוטים שיהיו מסוגלים לבצע משימות שונות, כולל עבודות בית ועבודות תעשייתיות.",science/technology,0
215,,הבידור הוא חלק אינטגרלי בחיינו. הוא מאפשר לנו להתרחק מהמציאות ולהיכנס לעולם אחר.,entertainment,5
216,,"בחירת היעד הנכון לטיול היא חשובה מאוד, שכן היא יכולה להשפיע על חוויית הטיול כולה.",travel,1
217,,התגלית האחרונה בתחום הננוטכנולוגיה היא פיתוח של רובוטים זעירים שיכולים לנוע ולבצע פעולות בתוך הגוף האנושי.,science/technology,0
218,,"המופע המרכזי בפסטיבל המוזיקה ""רוק בישראל"" היה מופעה של להקת הרוק האנגלית ""קווין"".",entertainment,5
219,,"המדבר הסהרי הוא המדבר הגדול ביותר בעולם, והוא משתרע על פני כ-9.4 מיליון קמ רבוע.",geography,6
220,,הקבוצה החדשה של השחקן המפורסם נראתה מתאמת למשחקים החשובים בשנה הקרובה.,sports,3
221,,יש לשמור על אמצעי זהירות ולהימנע ממצבים מסוכנים כדי למנוע פציעות ומחלות נוספות.,health,4
222,,הוועדה הפרלמנטרית תחקור את החשדות לשחיתות בממשלה ותפרסם את ממצאיה בשבועות הקרובים.,politics,2
223,,"במהלך השנים האחרונות חלה עלייה בפופולריות של מפלגות הימין בישראל, שהובילו לשינויים משמעותיים במדיניות החוץ והפנים של המדינה.",politics,2
224,,"ישנם מספר גורמים שיכולים להשפיע על בריאותנו, כגון: זיהום אוויר, זיהום מים ועוד. יש לנו להיות מודעים לגורמים אלו ולנקוט באמצעים למניעתם.",health,4
225,,"בחופש הקרוב, תוכלו לטוס ליעדים רבים ברחבי העולם, ולחוות חוויות נופש ייחודיות ומרתקות.",travel,1
226,,"המרוץ למדליית הזהב היה צמוד ביותר, כאשר האתלט האמריקני קבע שיא עולמי חדש.",sports,3
227,,"אזור סרנגטי נמצאים הפארק הלאומי סרנגטי, אזור השימור נגורונגורו, שמורת הטבע מאסווה בטנזניה והשמורה הלאומית מאסאי מארה בקניה.",geography,6
228,,"המערכת החיסונית היא גורם מרכזי בשמירה על בריאות האדם, ויש לה תפקיד חשוב במניעת מחלות זיהומיות רבות, כגון שפעת, חצבת ודלקת ריאות.",health,4
229,,"קונצרט הרוק הגדול ביותר שהתקיים אי פעם היה קונצרט ""לייב איד"" בשנת 2001, שבו השתתפו יותר מ-3.5 מיליון אנשים.",entertainment,5
230,,טיסה ליעד חדש יכולה להיות חוויה מרגשת ומרתקת עבור אנשים מכל הגילים והרקעים.,travel,1
231,,"המחשב הראשון שנבנה היה האניאק, שנבנה בשנת 1946 על ידי ג'ון מוקלי וג'ון אקרט.",science/technology,0
232,,"כיום ישנם אמצעי תחבורה רבים שמאפשרים לנוסעים להגיע ליעדים רחוקים ומרוחקים, כגון רכבות, אוטובוסים ומטוסים.",travel,1
233,,"בישראל, ישנם כ-10% מהאוכלוסייה הסובלת ממחלת סוכרת, ומספר זה עולה עם השנים",health,4
234,,הנשיא החדש הבטיח לעשות שינויים משמעותיים במדינה ולהחזיר את האמון הציבורי במוסדות השלטון.,politics,2
235,,"החוקרים גילו כי החומר החדש יכול להתנהג כמו מוליך וכמו מבודד בו זמנית, תכונה שיכולה להיות שימושית ביישומים שונים.",science/technology,0
236,,"הטכנולוגיה הדיגיטלית היא תחום מדעי שעוסק ביצירת מערכות מידע דיגיטליות, כולל מחשבים ותקשורת מידע.",science/technology,0
237,,"האינטרנט הוא רשת עולמית של מחשבים המחוברים זה לזה דרך קווי תקשורת, ומאפשרת למשתמשים לשתף מידע ולתקשר זה עם זה.",science/technology,0
238,,"הבחירות הקרובות יהיו מבחן אמיתי למנהיגות המדינה, שתתמודד על רקע המשבר הכלכלי העולמי.",politics,2
239,,"בענף הכדורגל האוסטרלי, ה-AFL היא ליגת הכדורגל החזקה ביותר באוסטרליה, עם קבוצות כמו קולינגווד וריצ'מונד.",sports,3
240,,הממשלה החדשה הבטיחה לבצע רפורמות משמעותיות במערכת הבריאות ובחינוך.,politics,2
241,,"ביקור באתרים היסטוריים יכול להיות חוויה מרתקת, אך יש לשכוח שהם נמצאים במקומות מרוחקים ודורשים תכנון מוקדם.",travel,1
242,,"הנהר נילוס הוא אחד הנהרות הארוכים ביותר בעולם, והוא משתרע על פני כ-6,695 קילומטרים ממקורו בוויקטוריה עד לשפך בים התיכון.",geography,6
243,,המשחק הראשון של הסופרליג הישראלית יתקיים ב-20 באוגוסט ויתחיל בשעה 21:00.,sports,3
244,,"המדבר הסהרה הוא המדבר הגדול ביותר בעולם, והוא משתרע על פני כ-9,400,000 קילומטרים רבועים בצפון אפריקה, והוא גובל במדינות אלג'יריה, צ'אד, מצרים, לוב, מלי, מאוריטניה, מרוקו, ניז'ר ותוניסיה.",geography,6
245,,"התגלית האחרונה בתחום האסטרונומיה היא גילוי כוכב לכת חדש, שנמצא במרחק של כ-100 שנות אור מכדור הארץ.",science/technology,0
246,,"המפלגה השלטת תתמודד מול מפלגת האופוזיציה בבחירות הקרובות, והיא מתכננת להשתמש בכל האמצעים הדרושים כדי להבטיח את ניצחונה.",politics,2
247,,"הסדרה החדשה ""המסעדה הכי גדולה בעולם"" תעלה לאוויר בערוץ המזון ב-15 באפריל. הסדרה תלווה את השף המפורסם רמי קמחי במסעו לגילוי המסעדות הכי גדולות בעולם.",entertainment,5
248,,"במחלות רבות יש קשר ב间 הגוף והנפש, ולכן יש להתייחס לבריאות הנפשית כחלק אינטגרלי מהבריאות הפיזית",health,4
249,,"בעולם המודרני, ישנם יותר ויותר אנשים שסובלים ממחלות נפשיות כמו דיכאון וחרדה, וזה מהווה אתגר גדול למערכת הבריאות.",health,4
250,,"העונה החדשה של הסדרה ""game of thrones"" תעלה לשידור במהלך החודש הקרוב והמעריצים כבר מחכים בכילה.",entertainment,5
251,,"יש להדגיש את חשיבות הבדיקות הרפואיות השנתיות, המאפשרות לאתר מחלות בשלב מוקדם ולטפל בהן בצורה יעילה יותר.",health,4
252,,ביקור באתרים היסטוריים והתרשמות מהנופים המרהיבים הם חוויות שאין לפסול אותן,travel,1
253,,"העיר סינגפור היא מדינת אי בדרום-מזרח אסיה, הגובלת במלזיה מצפון ובאינדונזיה מדרום.",geography,6
254,,"על אף שטיסות הן אמצעי התחבורה המהיר ביותר, הן גם יכולות להיות היקרות ביותר.",travel,1
255,,הממשלה החדשה הודיעה על תוכנית כלכלית חדשה שתכלול הפחתת מיסים והשקעה בתשתיות.,politics,2
256,,כדי לשמור על בריאות הגוף והנפש יש לקיים אורח חיים בריא,health,4
257,,"יש לשים לב לתזונה היומית ולכלול מזונות עשירים בסיבים, ויטמינים ומינרלים כדי לשמור על בריאות הגוף.",health,4
258,,"בזמן החופש, רבים מחפשים יעדים חדשים ומעניינים לביקור, ולחוות חוויות טיול ייחודיות ומרגשות, כגון טיסות בכדור פורח או במטוס פרטי.",travel,1
259,,"במהלך השנים האחרונות גדל העניין בענף הספורט הנשי, וכיום ישנם יותר מ-1000 ספורטאיות רשומות בהתאחדות הספורט הישראלית.",sports,3
260,,התאוריה של איינשטיין על היחסות הכללית מסבירה כיצד הזמן והחלל מתוארים כאחדות יחידה.,science/technology,0
261,,"השימוש בטכנולוגיה גובר בתחום הרפואה, ובמיוחד בתחום האבחון, שם היא מאפשרת לרופאים לאבחן מחלות במהירות ובדיוק רב יותר.",science/technology,0
262,,"הסרט החדש ""מלחמת הכוכבים"" הוא אחד הסרטים המצליחים ביותר בכל הזמנים, והוא זכה לביקורות משבחות ממבקרי הקולנוע.",entertainment,5
263,,הגנה על הבריאות היא האחריות העיקרית של כל אדם,health,4
264,,"שתו משקאות אלכוהוליים במתינות. אלכוהול משפיע על כל אחד באופן שונה, והכרת הגבולות שלכם היא חשובה מאוד.",health,4
265,,"לאחר שהפסידה במשחק הגמר, הקבוצה החליטה לפטר את המאמן שלה.",sports,3
266,,"הר האוורסט הוא ההר הגבוה ביותר בעולם, והוא מתנשא לגובה של 8,848 מטרים מעל פני הים.",geography,6
267,,הטלוויזיה היא אחד הדברים האהובים עליי. אני אוהב לצפות בתוכניות חדשות ולגלות דברים חדשים.,entertainment,5
268,,"בשנת 2012, הוועד האולימפי הבינלאומי החליט להחזיר את ענף הג'ודו למשחקים האולימפיים.",sports,3
269,,"האצטדיון החדש של הקבוצה יהיה מוכן לקראת העונה הבאה, ויכיל כ-50,000 מקומות ישיבה.",sports,3
270,,"המדבר הגדול בעולם הוא המדבר הסהרי שנמתח על פני 9,200,000 קילומטרים רבועים בצפון אפריקה.",geography,6
271,,"בכדורסל, ה-NBA היא ליגת הכדורסל החזקה ביותר בעולם, עם שחקנים כמו לברון ג'יימס וסטפן קרי.",sports,3
272,,הסכסוך הפוליטי בין המפלגות השונות ממשיך להתרחש ולהשפיע על החלטות הממשלה.,politics,2
273,,הנשיא החדש יצטרך לעבור את האתגרים הרבים של המדינה ולמצוא פתרונות לבעיות הכלכליות והחברתיות.,politics,2
274,,"קרוזים הם דרך נוחה ומהנה לחוות את הים ואת החופים היפים, ולבקר במקומות רבים ומעניינים ברחבי העולם.",travel,1
275,,הסכסוך הפוליטי בין הממשלה לאופוזיציה החריפה בשבועות האחרונים והובילה למשבר פוליטי עמוק.,politics,2
276,,"הקבוצה הגיעה לגמר הטורניר לראשונה בתולדותיה, אחרי שניצחה את יריבתה בחצי הגמר בתוצאה של 3:2.",sports,3
277,,הספורטאים המשתתפים במשחקים האולימפיים צריכים לעבור בדיקות רפואיות קפדניות כדי לוודא שהם כשירים להתחרות.,sports,3
278,,"בישראל, ישנם כ-100,000 אנשים החיים עם HIV, וכ-7,000 חדשים מתגלים מדי שנה.",health,4
279,,התיאטרון הוא צורה של בידו�ר שאני אוהב. אני אוהב לצפות בהופעות חיות על הבמה.,entertainment,5
280,,"התזונה היא גורם מרכזי בשמירה על בריאות האדם, ויש לה תפקיד חשוב במניעת מחלות כרוניות רבות, כגון סוכרת, יתר לחץ דם ומחלות לב.",health,4
281,,הטכנולוגיה המודרנית מאפשרת לנו לשלוח מידע במהירות האור על ידי שימוש בסיבים אופטיים,science/technology,0
282,,"הרי האנדים הם רכס הרים הארוך ביותר בעולם, והם ממוקמים במערב אמריקה הדרומית.",geography,6
283,,"האתלטיקה היא ענף ספורט שכולל מגוון רחב של תחרויות, כגון ריצה, קפיצה והדיפת כבד.",sports,3
284,,ההחלטה של הממשלה להעלות את שכר המינימום תהיה צעד חשוב במאבק נגד העוני והפערים החברתיים.,politics,2
285,,"השפעות השונות של העישון על הבריאות הן מגוונות וחמורות, ויש למנוע את השימוש בסיגריות כדי לשמור על בריאותנו",health,4
286,,"הרי האנדים הם רכס ההרים הארוך בעולם, המשתרע על פני שבע מדינות בדרום אמריקה.",geography,6
287,,"כדאי לתכנן את הטיול מראש, כדי להימנע מהפתעות ולשמור על התקציב.",travel,1
288,,השחקן המפורסם דוויין ג'ונסון ישתתף בסרט החדש של DC Comics והמעריצים כבר מתרגשים.,entertainment,5
289,,"הרי ההימלאיה הם הרי הגבוהים בעולם ונמתחים לאורך 2,500 קילומטרים בדרום אסיה.",geography,6
290,,טורניר הטניס הוא אחד מהטורנירים החשובים ביותר בעולם הטניס,sports,3
291,,המחשב הקוונטי הוא מחשב שמשתמש בתכונות הקוונטיות של החומר כדי לבצע חישובים מהירים יותר ממחשבים רגילים,science/technology,0
292,,בזמן הטיול חשוב לשמור על בריאותך ולהיזהר מפני מחלות ופציעות.,travel,1
293,,"אגם ויקטוריה הוא האגם הגדול ביותר באפריקה והוא משתרע על פני 69,485 קילומטרים רבועים",geography,6
294,,"בישיבת הממשלה האחרונה הוחלט להעלות את המיסים על הדלק, וזו הייתה החלטה שנויה ביותר בקרב האוכלוסיה.",politics,2
295,,האינטרנט הפך למקור העיקרי של אנשים למידע על אירועי בידור שונים ולהזמנות לאירועים אלו.,entertainment,5
296,,הבחירות הקרובות יהיו מבחן אמיתי ליכולת של הממשלה לקדם את השלום באזור.,politics,2
297,,"ניתן למצוא מקומות נופש יוצאי דופן בכל רחבי העולם, ולחוות את התרבות והנופים המקומיים.",travel,1
298,,המשבר הפוליטי בישראל גורם לדאגה בקרב אזרחי המדינה שכן הוא פוגע ביכולת המדינה לתפקד כראוי.,politics,2
299,,הטכנולוגיה היא חלק חשוב בעולם הבידור. היא מאפשרת לנו ליהנות מתכנים רבים ומגוונים בצורה נוחה ומהירה.,entertainment,5
300,,"העיר רומא היא הבירה של איטליה, והיא ממוקמת על גדות נהר הטיבר, ויש בה מגוון רחב של אתרים היסטוריים ותרבותיים.",geography,6
301,,בזמן האחרון גברה הפופולריות של טיולים ליעדים אקזוטיים ומרוחקים ורבים מחפשים את החוויה המדהימה של הטיול המושלם,travel,1
302,,"בישראל, הממשלה היא הרשות העליונה שאחראית לניהול המדינה ולקבלת החלטות המדיניות.",politics,2
303,,"ביקור במדינה זרה יכול להיות חוויה מרתקת ומלאת הרפתקאות, אך יש להיות זהירים מפני סכנות פוטנציאליות כגון גניבת דרכונים או איבוד רכוש.",travel,1
304,,"אנשים רבים סובלים מבעיות בריאות כתוצאה מחוסר בוויטמין D, שהוא חיוני לתפקוד המערכת החיסונית.",health,4
305,,"הסכסוך הפוליטי בין שתי המפלגות הגדולות במדינה החל להתבהר, ויש ציפייה רבה להחלטות הקרובות של הממשלה.",politics,2
306,,"ביקור בעיר זרה יכול להיות חוויה מרתקת ומרגשת, אך יש לשמור על הזהירות ולהיות מוכנים לכל אפשרות.",travel,1
307,,"חוץ מהחום וכאב גרון, אני מרגיש טוב ובמצב מתאים להמשיך את העבודה שלי מהבית.",health,4
308,,החוקרים מצאו כי שימוש במוצרי טיפול בעור טבעיים יכול להפחית את הסיכון למחלות עור שונות.,health,4
309,,הטלוויזיה היא אחד הדברים האהובים עליי. אני אוהב להישען על הספה ולצפות בתוכנית טובה.,entertainment,5
310,,"מחלות נפוצות רבות, כגון סוכרת ויתר לחץ דם, יכולות להיות מוסבלות על ידי שינויים באורח החיים ובתזונה.",health,4
311,,צוללות הן אניות שנועדו לשוט מתחת למים ולהישאר שם במשך פרק זמן ממושך.,science/technology,0
312,,"הבריאות היא המפתח לחיים מאושרים ומספקים, ולכן יש לשמור עליה בכל תנאי",health,4
313,,"כדי להתחיל את הטיסה בצורה הטובה ביותר, יש לבחור בחברת התעופה המתאימה לצרכים שלכם.",travel,1
314,,"השירותים הרפואיים בישראל הם מהטובים בעולם, וישנם רופאים ואנשי צוות רפואי מומחים שיכולים לספק טיפול איכותי לחולים.",health,4
315,,"בתחום הרפואה, הטכנולוגיה המודרנית מאפשרת למדענים לפתח תרופות חדשות ולשפר את הטיפולים הרפואיים",science/technology,0
316,,"בתוכנית הטלוויזיה ""הדור הבא"", צופים יכולים לראות את המתמודדים עוברים תהליך של אימון והתפתחות בתחום המוזיקה.",entertainment,5
317,,מחלות רבות מתחילות בשינויים קטנים בהתנהגות ובדרך החיים,health,4
318,,"האוקיינוס השקט הוא האוקיינוס הגדול ביותר בעולם, והוא מכסה כ-46% משטח כדור הארץ.",geography,6
319,,"בימים האחרונים, תיירות הקרוזים צוברת פופולריות רבה, וזאת בשל האפשרות לבקר במקומות רבים ושונים במהלך הטיול.",travel,1
320,,"הפוליטיקאי המוביל במדינה הכריז על התמודדותו לבחירות הקרובות, והוא מתכנן להציג את תוכניתו הפוליטית בשבוע הקרוב.",politics,2
321,,"התפתחות מחלות כרוניות רבות קשורה לגורמים סביבתיים ולאורח חיים לא בריא, כגון עישון, צריכת אלכוהול מופרזת וחוסר פעילות גופנית.",health,4
322,,התגלית האחרונה בתחום הרובוטיקה היא פיתוחו של רובוט אוטונומי שיכול ללמוד ולהתאים את עצמו לסביבה החדשה,science/technology,0
323,,"הרי ההימלאיה הם רכס הרים הגבוה ביותר בעולם, ומתנשאים לגובה של יותר מ-8,000 מטרים.",geography,6
324,,המפלגה השלטת הודיעה על הקמת ועדת חקירה שתחקור את האירועים האחרונים במדינה.,politics,2
325,,השמנה היא אחד הגורמים העיקריים למחלות רבות ולכן חשוב לשמור על דיאטה בריאה,health,4
326,,המוזיקה היא חלק בלתי נפרד מחיי. אני אוהב להאזין למוזיקה מכל הסוגים ולרקוד לצלילים.,entertainment,5
327,,המרוץ למדליות באולימפיאדה הוא הדבר החשוב ביותר בעולם הספורט,sports,3
328,,"המחלה הנפוצה ביותר בקרב ילדים היא אסתמה, המשפיעה על כ-10% מהילדים בעולם.",health,4
329,,החלל החיצון הוא אזור שבו הלחץ הוא כמעט אפסי והטמפרטורה היא קרוב לאפס מוחלט,science/technology,0
330,,"ניתן לשלב בנוחות ביקור באתר עם שיט בסירה לאגם, וליהנות מהנוף המרהיב.",travel,1
331,,בדיקות רפואיות שוטפות חשובות לשמירה על בריאות האדם,health,4
332,,"במהלך השנים האחרונות, המדינה עברה תהפוכות פוליטיות רבות שהשפיעו על המצב הכלכלי.",politics,2
333,,"במיוחד במדינות מתפתחות, יש לשכוח שהתנועה יכולה להיות מורכבת ולדרוש הכנות מיוחדות, כגון חיסונים ואביזרים מתאימים.",travel,1
334,,המחשב האישי הוא אחד ההמצאות החשובות ביותר בתחום הטכנולוגיה במאה ה-20,science/technology,0
335,,"המחשב הוא מכשיר מורכב שמורכב ממספר חלקים ומנגנונים שונים, והוא מאפשר לנו לבצע פעולות מורכבות במהירות גבוהה.",science/technology,0
336,,השחקנים המצליחים בכדורסל הם אלה שיש להם את היכולת לשחק במהירות גבוהה ולהתמודד עם הלחץ של המשחק.,sports,3
337,,טיולים רבים לשונית יוצאים לכל אורך השנה ומאפשרים לנוסעים לחוות את התחושה המיוחדת של השונית הישראלית,travel,1
338,,החיסון נגד מחלת האבעבועות הוא אחד החיסונים היעילים ביותר שיש לנו היום והוא מומלץ לכל האנשים שלא היו חולים במחלה זו בעבר,health,4
339,,פני הירח עשויים מסלעים ואבק. השכבה החיצונית של הירח נקראת הקרום.,geography,6
340,,במהלך השנים האחרונות עלתה המודעות לחשיבות הדמוקרטיה בישראל והצורך בהגנה על ערכיה.,politics,2
341,,הסרט החדש של סטיבן ספילברג יצא לאקרנים השבוע. הסרט מבוסס על סיפור אמיתי ומככב בו את טום הנקס.,entertainment,5
342,,"הפוליטיקאי הוותיק יצא להתקפה על הממשלה החדשה, וטען כי היא אינה מייצגת את האינטרסים של העם.",politics,2
343,,משחקי הכדורסל הם משחקי הספורט הפופולריים ביותר בארצות הברית,sports,3
344,,התפתחות הרפואית היא אחד התחומים המשפיעים ביותר על חיינו. היא מאפשרת לנו להתמודד עם מחלות ולשפר את איכות החיים.,health,4
345,,"האינטרנט הוא כלי עבודה חשוב ביותר בתחום המדע והטכנולוגיה, שכן הוא מאפשר למדענים לשתף פעולה ולהחליף מידע ביניהם.",science/technology,0
346,,"המושג ""רובוט"" נטבע לראשונה על ידי הסופר הצ'כי קרל צ'אפק בשנת 1920.",science/technology,0
347,,"ביקור באתר היסטורי יכול להיות חוויה מרתקת עבור מבקרים מכל העולם, והוא כולל גם טיולים רגליים באתרים השונים.",travel,1
348,,פסטיבל הסרטים הבינלאומי בקאן הוא אחד האירועים החשובים ביותר בעולם הקולנוע.,entertainment,5
349,,"הספורטאים המתחרים בענפי האתלטיקה זוכים להערכה רבה על ידי הקהל, והם נחשבים לאחד הענפים הקשים ביותר בספורט.",sports,3
350,,יש לבדוק בתווית הוראות עזרה ראשונה ספציפיות לרעל זה.,health,4
351,,החוקרים גילו כי החומר הפעיל בתרופה זו מסוגל לעצור את התפשטות הסרטן בגוף האדם.,health,4
352,,"טיסה ליעד חדש יכולה להיות חוויה מרגשת עבור אנשים רבים, במיוחד אם הם לא טסו בעבר או חוו אירוע טראומטי.",travel,1
353,,"התפלגות האנרגיה בתוך האטום היא דבר שנחקר רבות בפיזיקה המודרנית, והיא מהווה את הבסיס להבנת התופעות השונות בעולם הפיזי.",science/technology,0
354,,הכדורסלנית הישראלית שירלי זילברמן זכתה בפרס השחקנית המצטיינת של העונה בליגה הישראלית.,sports,3
355,,"ביקור באתר ההיסטורי יכול להיות חוויה מרגשת ומרתקת, אבל חשוב להיזהר מפני הגנבים והנוכלים שפועלים באתרים אלה.",travel,1
356,,"הרדיו הוא אמצעי תקשורת חשוב שמאפשר לנו לשדר אותות ולקבל מידע מרחוק, והוא משמש כלי עבודה חשוב בתחום המדע והטכנולוגיה.",science/technology,0
357,,במסלול הטיסה יש לבחור במושבים שיהיו קרובים לחלון כדי ליהנות מהנוף.,travel,1
358,,"התזהרות מפני השמנת יתר חשובה מאוד, שכן היא עלולה לגרום למחלות רבות ומסוכנות.",health,4
359,,כיום ישנן מכונות מחשב שיכולות לבצע פעולות חישוב מורכבות במהירות של מיליוני פעולות בשנייה,science/technology,0
360,,הכדורגל הוא ענף ספורט אשר זכה לפופולריות רבה בעולם ובישראל בפרט.,sports,3
361,,"האיים הבריטיים הם קבוצה של איים הממוקמים מול חופי בריטניה, והם מכילים מגוון גדול של נופים ואזורים שונים.",geography,6
362,,התיאטרון הישראלי חוגג 90 שנה להיווסדו ומציע הצגות מיוחדות לכבוד האירוע,entertainment,5
363,,"יש להיות מודעים לסימנים הראשונים של מחלות כמו סוכרת ויתר לחץ דם, ולפנות לרופא אם נראים כל שינויים במצב הבריאותי שלך.",health,4
364,,"המחשב הראשון פותח בשנות ה-40 של המאה ה-20, ומאז התפתחויות טכנולוגיות רבות הובילו ליצירת מחשבים אישיים וניידים.",science/technology,0
365,,הרופא המומחה המליץ על ביצוע בדיקות תקופתיות כדי למנוע מחלות חדשות.,health,4
366,,"המחשב הראשון שנבנה היה ENIAC, שהוא מחשב אנלוגי שפותח בשנת 1946, והוא היה בעל גודל של חדר ושקל כ-30 טון.",science/technology,0
367,,החשיבות של בדיקות רפואיות שגרתיות לאיתור מוקדם של מחלות שונות.,health,4
368,,"טיולים רבים לשונית יוצאים לכל אורך השנה, ופציעות כתוצאה מאחד מהגורמים הללו בשונית הן נדירות, כך שתוכלו ליהנות מהחופשה שלכם בביטחון.",travel,1
369,,"הנילוס הוא הנהר הארוך בעולם והוא משתרע על פני כ-6,695 קילומטרים ממקורו בוויקטוריה עד לשפך בים התיכון.",geography,6
370,,המוזיקה היא חלק גדול מחיי הבידור שלנו. היא מאפשרת לנו להירגע ולהינות מהחיים.,entertainment,5
371,,האיים האזוריים הם קבוצה של איים קטנים השוכנים במרכז האוקיינוס השקוע והם משתרעים על פני כ-100 קילומטרים.,geography,6
372,,"האוקיינוס השקט הוא האוקיינוס הגדול ביותר בעולם, והוא מכסה כשליש משטח הכדור הארץ.",geography,6
373,,"המשחק האחרון של העונה היה משחק מותח במיוחד, והקבוצה הצליחה לנצח בתוצאה של 5:4.
כדורגל הוא ענף ספורט פופולרי ביותר בעולם, ומשחקים בינלאומיים מושכים קהל רב.",sports,3
374,,"החלמה היא אחד הסימנים הראשונים למחלה זו, ולכן חשוב לבדוק את החלמה באופן קבוע ולהתייעע לרופא אם יש שינויים כלשהם.",health,4
375,,כדאי להכין את המזוודה לפני הטיסה ולוודא שכל הפריטים הנדרשים נמצאים בתוכה.,travel,1
376,,הקבוצה הזו נראתה חזקה במיוחד במשחק האחרון וכבשה שערים רבים.,sports,3
377,,"הרגלי היא אחת הדרכים הפופולריות ביותר לשמור על הכושר הגופני, והיא מתאימת לאנשים מכל הגילאים.",sports,3
378,,"בחודש יולי, פסטיבל הקולנוע הישראלי מתקיים בעיר ירושלים. הפסטיבל מציג סרטים חדשים ומעניינים מכל העולם.",entertainment,5
379,,"הפוליטיקה הישראלית מאופיינת במאבקים פנימיים וחיצוניים רבים, שמשפיעים על החלטות הממשלה ועל עתיד המדינה.",politics,2
380,,הסרט החדש של מרטין סקורסזה יצא לאקרנים השבוע וזכה לביקורות משבחות מצד המבקרים. הסרט מבוסס על סיפור אמיתי ומציג את חייו של נגן הג'אז המפורסם.,entertainment,5
381,,המוזיקאי המפורסם דייוויד בואי הופיע בהופעה חיה בתל אביב,entertainment,5
382,,"ניתן למצוא עסקאות מצוינות על כרטיסי טיסה וחבילות נופש באינטרנט, אך יש להיות זהירים מפני מוקדי תיירות מזויפים.",travel,1
383,,הסכסוך הפוליטי בין ישראל לפלסטינים ממשיך להתמשך ולהיות מקור למתח וחשש באזור,politics,2
384,,"במחקרים שנערכו נמצא כי התנועה הגופנית היא חיונית לבריאות הגוף והנפש, ויש לשלב אותה בשגרה היומית",health,4
385,,התפתחות מואצת של תרופות חדשות למחלת הסרטן היא אחד התחומים המרכזיים במחקר הרפואי היום,health,4
386,,"הטניס הוא ענף ספורט פופולרי מאוד, ויש לו מעריצים רבים בכל העולם, והוא נחשב לאחד הענפים הקשים ביותר בספורט.",sports,3
387,,"האיגרוף הוא ענף ספורט שבו הספורטאים מתחרים בקרבות איגרוף, כשהם מנסים להכות את היריב ולהגיע לנקודות הכי גבוהות.",sports,3
388,,קרוב ל-40% מהאוכלוסייה העולמית משתמשים ברשתות חברתיות כדי לקבל מידע על אירועי בידור שונים.,entertainment,5
389,,"החלל החיצון הוא האזור שמחוץ לאטמוספירה של כדור הארץ, והוא מורכב מגזים וחלקיקים רבים.",science/technology,0
390,,הוועדה הפרלמנטרית תחקור את התנהלות הממשלה בתחום הביטחון הלאומי ותבדוק את החלטות הממשלה בנושא זה.,politics,2
391,,"השחייה היא ענף ספורט אולימפי, שבו השחיינים מתחרים זה בזה במגוון סגנונות שחייה שונים.",sports,3
392,,טיסות ליעדים רחוקים יכולות להיות ארוכות ומפרכות ולכן חשוב להתכונן לטיסה ולהביא את כל הדברים הנחוצים.,travel,1
393,,המופע המוזיקלי הגדול של השנה יתקיים השבוע באצטדיון טדי ויאכלס את האומנים הגדולים בישראל. המופע יכלול שירים חדשים וישובו את הקהל.,entertainment,5
394,,"בקרוב יתקיים פסטיבל הג'אז הבינלאומי ה-32, שיתקיים בין ה-30 במאי ל-3 ביוני. בפסטיבל יופיעו אמנים מרחבי העולם.",entertainment,5
395,,"הקבוצה הצליחה להעפיל לגמר הטורניר לאחר שניצחה במשחק הגמר בתוצאה של 3:2.
הרכב החדש של הקבוצה כולל שחקנים מנוסים וצעירים ומבטיח הישגים גדולים בעתיד.",sports,3
396,,המחאות האחרונות ברחבי העולם מראות על המודעות הגוברת של האזרחים לגבי החשיבות של הדמוקרטיה והחופש.,politics,2
397,,"כ-70% מהאוכלוסייה הבוגרת סובלת ממחלות לב, ולכן חשוב לקחת אמצעי זהירות כדי למנוע את התפתחות של מחלות אלו.",health,4
398,,מחקרים רבים הראו כי התזונה היא גורם מרכזי בשמירה על בריאות הגוף והנפש.,health,4
399,,בריאות הנפש היא חשובה מאוד לחיינו. יש לנו לדאוג לבריאות הנפשית שלנו ולבקש עזרה אם נדרשת.,health,4
400,,הטכנולוגיה הביומטרית מאפשרת לאנשים להשתמש במאפיינים פיזיולוגיים ייחודיים כמו טביעת אצבע או דפוס פנים כדי לאמת את זהותם.,science/technology,0
401,,"הרי ההימלאיה הם רכס הרים הגבוה ביותר בעולם, והם משתרעים על פני כ-2,500 קילומטרים לאורך הגבול בין נפאל לטיבט.",geography,6
402,,בשנת 2012 החליט הוועד האולימפי הבינלאומי להחזיר את ענף הספורט גולף למשחקים האולימפיים.,sports,3
403,,מים הם דוגמה נוספת. התרכובת מים נוצרת משני אטומי מימן ואטום חמצן אחד.,science/technology,0
404,,"בשנת 2004, החליטו האחים וורנר להקים את ""Warner Bros. Digital Distribution"", חברה שתתמקד בהפצה דיגיטלית של תוכן.",entertainment,5
405,,טיסות ליעדים רחוקים דורשות תכנון מוקדם ומחירים גבוהים יותר.,travel,1
406,,המתחרים בענף האתלטיקה צריכים להתאמן במשך שנים רבות על מנת להגיע לרמה הבינלאומית.,sports,3
407,,"בחירת המלון הנכון היא חשובה מאוד עבור חוויית הטיול, שכן היא יכולה להשפיע על הנוחות ועל הבילוי.",travel,1
408,,"בעונה האחרונה שלו בקבוצה, השחקן הצעיר הצליח להבקיע 17 שערים ולמסור 12 אסיסטים.",sports,3
409,,"בעת ביקור במדינה זרה, חשוב להתריע על המנהגים והתקנות המקומיים, כדי להימנע מבלבול ומצבים לא נעימים.",travel,1
410,,"הפיזיקה היא מדע שעוסק בחקר התופעות הפיזיקליות בטבע, והיא מאפשרת לנו להבין את העולם סביבנו.",science/technology,0
411,,בשנת 2020 תתקיים האולימפיאדה ה-32 בטוקיו. האולימפיאדה תהיה אחד האירועים הגדולים בעולם ותמשוך מיליוני צופים מכל העולם.,entertainment,5
412,,"מחלות זיהומיות כמו שפעת ואינפלואנזה הן סכנה גדולה לבריאות הציבור, ויש לנקוט באמצעים למניעת התפשטות המחלות.",health,4
413,,מחקרים רבים הראו כי פעילות גופנית סדירה מסייעת לשמירה על בריאות הגוף ולמניעת מחלות רבות,health,4
414,,חשוב לקחת אחריות על בריאותנו ולבדוק את הסימנים הראשונים של מחלות כרוניות,health,4
415,,"העיר רומא היא אחת הערים העתיקות ביותר באירופה, והיא ממוקמת על גדות הנהר טיבר.",geography,6
416,,"בכל יעד ישנם מקומות מיוחדים שראוי לבקר בהם, ואת הדרך הטובה ביותר לראות אותם היא באמצעות טיול מודרך.",travel,1
417,,"בשנים האחרונות גברה הפופולריות של סדרות הטלוויזיה האמריקאיות בישראל. סדרות כמו ""האיש בעל אגד הברזל"", ""24"" ו-""csi"" הפכו ללהיטים גדולים.",entertainment,5
418,,"בשנה האחרונה, פסטיבל המוזיקה השנתי של ישראל משך אליו קהל עצום של אוהדי מוזיקה מכל הארץ.",entertainment,5
419,,"בענף האתלטיקה ישנם מספר רב של תחרויות שונות, החל מריצה במסלול קצר ועד לריצה במסלול ארוך.",sports,3
420,,המחקר המדעי הוא תהליך שבו מדענים מנסים להבין את העולם סביבנו ולפתור בעיות שונות שיש בו.,science/technology,0
421,,"בחופשה בחו""ל יש להתחשב בתרבות המקומית ולנהוג בהתאם.",travel,1
422,,האינטרנט הוא רשת עולמית של מחשבים המחוברים זה לזה דרך קווי תקשורת שונים,science/technology,0
423,,"בענף הטניס מתחרים הספורטאים במגרש הטניס, כשהם מנסים להכות את הכדור הכי רחוק שניתן.",sports,3
424,,במהלך השנים גברה המודעות לחשיבות הבריאות הנפשית,health,4
425,,"בענף האתלטיקה, השחיין האמריקאי מייקל פלפס הוא השחיין המעוטר ביותר בהיסטוריה, עם 28 מדליות אולימפיות.",sports,3
426,,חשוב להיות מודעים לתסמינים הראשונים של מחלות שונות כדי לאבחן אותן בשלב מוקדם.,health,4
427,,"באזור סרנגטי נמצאים הפארק הלאומי סרנגטי, אזור השימור נגורונגורו, שמורת הטבע מאסווה בטנזניה והשמורה הלאומית מאסאי מארה בקניה.",geography,6
428,,"למרות שטיסות הן יעילות ומהירות, רבים מעדיפים לנסוע ברכבת או באוטובוס, כיוון שזה יותר זול ונוח יותר.",travel,1
429,,התפתחות הרפואית האחרונה חשפה כי יש קשר הדוק בין אורח החיים לבריאות,health,4
430,,"המוזיקאי המפורסם דייוויד בואי הופיע בהופעה חיה במועדון הלילה המפורסם ""CBGB"".",entertainment,5
431,,יש לשלב בין התרופות השונות ולבדוק את התוצאות הטובות ביותר עבור החולה,health,4
432,,"הנהר הארוך בעולם הוא הנילוס שאורכו 6,695 קילומטרים והוא זורם דרך 11 מדינות באפריקה.",geography,6
433,,המופע החדש של ל Lady Gaga יתקיים במהלך החודש הקרוב והכרטיסים כבר נמכרו.,entertainment,5
434,,"בשביל הטיולים הרבים שאנו עורכים כל שנה, אנו צריכים לתכנן מראש ולהכין את עצמנו לכל מיני אתגרים וסיטואציות שונות.",travel,1
435,,"בזמן שבו היא רצתה 100 מטר בתוצאה של 10:82 שניות, היא שברה את השיא הישראלי בריצה זו.",sports,3
436,,"בשנת 1969 האדם הראשון נחת על הירח, ומאז התפתחויות רבות התרחשו בתחום החלל, כולל שיגורי חלליות למאדים ולירח.",science/technology,0
437,,יש להגביל את צריכת המלח במזון כדי למנוע מחלות לב וכלי דם,health,4
438,,"ביקור באתר היסטורי יכול להיות מרתק ומלא בחוויות, אך יש לשכוח שהוא גם יכול להיות מפרך ומותש.",travel,1
439,,"הבידור הוא חלק בלתי נפרד מחיינו. הוא מאפשר לנו להירגע, להתרועע ולהנות מעצמנו.",entertainment,5
440,,"צרפת היא המדינה השביעית באיחוד האירופי שסובלת מנגיף זה; אחרי אוסטריה, גרמניה, סלובניה, בולגריה, יוון ואיטליה.",health,4
441,,הקואליציה החדשה תערוך דיונים על מנת להגיע להסכמה על התקציב החדש.,politics,2
442,,החשיבות של איזון הורמונלי בגוף האדם לשמירה על בריאות תקינה היא מובהקת.,health,4
443,,"השחייה היא ענף ספורט שבו שחיינים מתחרים זה בזה בבריכת שחייה, והיא אחד מענפי הספורט הפופולריים ביותר בעולם.",sports,3
444,,"ארץ ישראל משתרעת על פני 470 קילומטרים לאורך ו-135 קילומטרים לרוחב, בצורה פחות או יותר מלבנית.",geography,6
445,,הכדורסל הוא ענף ספורט קבוצתי שבו שתי קבוצות של חמישה שחקנים מתחרות זו בזו.,sports,3
446,,"בישראל, ישנם מגוון של אפשרויות בידור, החל מתיאטרון ועד למופעי רוק.",entertainment,5
447,,התקדים הראשון של השימוש באנרגיה גרעינית היה בשנת 1951 על ידי המדען האמריקאי פרנץ' אנדרו,science/technology,0
448,,בשנת 2018 זכה השחיין הישראלי גל נוימן במדליית זהב באליפות אירופה בשחייה.,sports,3
449,,"הממשלה החדשה הציגה את תוכניתה הכלכלית לשנה הקרובה, ובה היא מתכננת להעלות את המסים ולהוריד את ההוצאות הממשלתיות.",politics,2
450,,"המרתון הוא אחד הענפים הקשים ביותר באתלטיקה, ורק מעט אתלטים מסוגלים להשלים אותו בזמן מועד.",sports,3
451,,"ביקור באתר תיירותי יכול להיות חוויה מהנה ומרגשת, אך חשוב לשמור על הזהירות ולהימנע מהסכנות הפוטנציאליות.",travel,1
452,,פסטיבל המוזיקה השנתי של ישראל מתקיים מדי שנה בחודש יולי במושבה הישנה של עכו. הפסטיבל מארח אמנים ולהקות מכל העולם.,entertainment,5
453,,"כיום ישנם הרבה אתרי תיירות שמציעים חבילות נופש מגוונות, החל מטיולים רגליים ועד לטיסות פרטיות.",travel,1
454,,"האי גרינלנד הוא האי הגדול ביותר בעולם, המשתרע על פני צפון האוקיינוס האטלנטי, מזרחית לקנדה.",geography,6
455,,כדאי לבדוק את התווית הוראות עזרה ראשונה ספציפיות לרעל זה,health,4
456,,"ניתן לשלב בנוחות ביקור באתר עם שיט בסירה לאגם, ולחוות את הנוף המרהיב.",travel,1
457,,הקבוצה הלאומית תתחרה במוקדמות המונדיאל בטורניר שיתקיים באירופה,sports,3
458,,המתחרים בענף האתלטיקה מתחרים ביניהם במטרות שונות כגון ריצה למרחקים שונים וקפיצה לגובה.,sports,3
459,,"הריצה למרחקים ארוכים היא ענף ספורט שבו הרצים מתחרים זה בזה על מרחקים שונים, החל מ-800 מטר ועד למרתון.",sports,3
460,,הסכסוך הפוליטי בין הממשלה לאופוזיציה גבר בעקבות החלטת הממשלה להעביר חוק חדש בנושא המיסוי.,politics,2
461,,ממשלת ישראל ה-34 הוקמה ב-14 במאי 2015 ובראשה עומד ראש הממשלה בנימין נתניהו,politics,2
462,,השר החדש יצטרך להתמודד עם אתגרים רבים בתחום הכלכלה והביטחון.,politics,2
463,,"במקרה של בעיה בריאותית, יש לפנות לרופא המשפחה או למומחה המתאים.",health,4
464,,"במשחק הכדורסל, כל קבוצה צריכה לשחק עשרה משחקים בעונה הסדירה, והקבוצות המובילות יעלו לפלייאוף.",sports,3
465,,מחקרו הראה כי נטילת הורמון הייתה מזרזת את ההתפתחות הריאתית העוברית של התינוק.,health,4
466,,"בישראל, המערכת הפוליטית מבוססת על הפרלמנטריזם, שבו הכנסת היא הרשות העליונה והממשלה היא הרשות המבצעת.",politics,2
467,,"התקדים הגדול ביותר בתחום הטכנולוגיה הוא האינטרנט, שאפשר לאנשים לתקשר ולשתף מידע ברחבי העולם.",science/technology,0
468,,הממשלה החדשה הכריזה על תוכנית להפחתת הפגיעה הסביבתית ולשיפור איכות החיים של האזרחים.,politics,2
469,,"במשחקי הכדורסל האחרונים, הציגה הנבחרת הישראלית יכולת גבוהה וניצחה את הנבחרת היוונית.",sports,3
470,,הבידור הוא חלק בלתי נפרד מחיינו. אנו אוהבים לבלות ולהנות מעצמנו.,entertainment,5
471,,"תחנות הרדיו משדרות מוזיקה ותוכניות אירוח שונות, המיועדות לבידור ולשעשוע.",entertainment,5
472,,המוזיקאי המפורסם קייטי פרי תוציא אלבום חדש במהלך החודש הקרוב והמעריצים כבר מחכים בכילה.,entertainment,5
473,,"הפסטיבלים של המקדשים של קראלה הם חוויה מרהיבה, עם תהלוכה קבועה של פילים מעוטרים, תזמורות מקדש וחגיגות אחרות.",entertainment,5
474,,"המפלגה הליברלית תתמודד לבחירות בראשותו של יו""ר המפלגה, אשר יתמודד נגד ראש הממשלה המכהן.",politics,2
475,,"הרי ההימלאיה הם רכס הרים הגבוה ביותר בעולם, והם משתרעים על פני כ-2,500 קילומטרים בדרום אסיה, והם גובלים במדינות הודו, נפאל, בהוטן ופקיסטן.",geography,6
476,,"האיים האזוריים של יוון מתפרשים על פני 2,000 קילומטרים של חוף ומונים יותר מ-2,000 איים.",geography,6
477,,"האי גרינלנד הוא האי הגדול ביותר בעולם, והוא משתרע על פני 2.175 מיליון קמ רבוע.",geography,6
478,,בעיה זו משפיעה על כ-10% מהאוכלוסיה בישראל וגורמת לבעיה בתפקוד היומיומי,health,4
479,,בריאות היא המפתח לחיים מאושרים ומספקים.,health,4
480,,"כמות האור והסיבוב משמשים יחד לקביעת מספר רוסבי של כוכב, הקשור לזרימת פלזמה.",science/technology,0
481,,בלייזר היא תוכנית בידור פופולרית שמשודרת בטלוויזיה ומציגה מוזיקה וריקודים.,entertainment,5
482,,"הטיול לאירופה יכול להיות חוויה מרגשת ומהנה, אך יש להתחשב בתנאי האקלים ובתרבות המקומית.",travel,1
483,,"המחאות נמשכו גם בשבוע האחרון, והמפגינים דרשו את התפטרותו של ראש הממשלה.",politics,2
484,,"במקרה של תסמינים מסוימים, יש לפנות לרופא במהירות האפשרית כדי לקבל טיפול יעיל.",health,4
485,,"במהלך הטיסה, יש לשמור על הכללים והתקנות של חברת התעופה ולהקפיד את ההנחיות של הדיילים.",travel,1
486,,"בעקבות המשבר הפוליטי, הנשיא החליט להתפטר מתפקידו, ולהעביר את השלטון לידי ראש הממשלה החדש.",politics,2
487,,"אגם באיקל הוא האגם העמוק בעולם, ומתנשא לגובה של יותר מ-1,642 מטרים.",geography,6
488,,"חוויית הטיסה היא חוויה מיוחדת, ויש להתאים את עצמך לתנאי הטיסה ולהתכונן לכל מה שיכול לקרות",travel,1
489,,"התקדים הגדול ביותר של מחשבי העל הוא המחשב ""סומיט"" שנבנה על ידי חברת IBM והושק בשנת 2009.",science/technology,0
490,,טיסות ליעדים רחוקים דורשות תכנון מוקדם והכנה ראשונית כדי למנוע בעיות.,travel,1
491,,"האי סיציליה הוא הגדול באיי איטליה, והוא ממוקם במרכז הים התיכון.",geography,6
492,,"בחופש הבא שלכם, תוכלו לבקר במקומות רבים ומעניינים ברחבי העולם, ולחוות חוויות טיול ייחודיות ומרגשות.",travel,1
493,,"המחשב הראשון פותח בשנת 1822 על ידי צ'ארלס בabbage, ומאז התפתחות המחשבים הייתה מהירה ומורכבת.",science/technology,0
494,,"מזמן ידוע שסוגים שונים של נזק מוחי, טראומה, פציעות וגידולים משפיעים על התנהגות וגורמים שינויים בתפקודים מנטליים מסוימים.",health,4
495,,"בישראל יש מגוון רחב של אפשרויות לבידור ופנאי, החל מאירועי מוסיקה וקולנוע וכלה באירועי ספורט ותרבות.",entertainment,5
496,,"בימים אלו, ישנם הרבה סוגי בידור שונים שאנשים יכולים לבחור בהם, החל מסרטים ותוכניות טלוויזיה ועד למשחקי מחשב וקונסולות.",entertainment,5
497,,התגלית האחרונה בתחום האסטרונומיה היא גילוי כוכב לכת חדש במערכת השמש שלנו.,science/technology,0
498,,"הטכנולוגיה הדיגיטלית היא תחום מדעי שעוסק בפיתוח של מערכות מידע ותקשורת דיגיטלית, והיא משמשת כבסיס למגוון רחב של יישומים ושירותים.",science/technology,0
499,,"איי הפיליפינים הם ארכיפלג של כ-7,000 איים, המתחלקים לשלוש קבוצות עיקריות: לוזון, ויסאיאס ומינדנאו.",geography,6
500,,הרכב האולימפי הישראלי זכה להישגים רבים בענפי ספורט שונים ובפרט בענף השחייה.,sports,3
501,,הפסטיבל הבינלאומי לקולנוע יתקיים השנה בעיר ירושלים ויארח את הבמאים והשחקנים הגדולים בעולם. הפסטיבל יכלול הקרנות של סרטים חדשים וישובו את הקהל.,entertainment,5
502,,הבחירות לכנסת התשע עשרה נערכו ב-17 במרץ 2001 ובהן זכה אריאל שרון ברוב קולות הבוחרים.,politics,2
503,,"קיימים סוגים שונים של ספורט, כגון: כדורסל, כדורגל, טניס ועוד.",sports,3
504,,"הר הכרמל הוא רכס הרים הממוקם בחוף המערבי של הים התיכון בישראל, ומהווה את הגבול הטבעי בין השרון לגליל.",geography,6
505,,בפסגות יש נופים עוצרי נשימה מראשי ההרים וחוויות טיפוס מרגשות עבור מטפסים מכל העולם,travel,1
506,,"כדאי לכם לבדוק את רמת הסוכר בדם שלכם באופן קבוע, על מנת למנוע התפתחות של סוכרת.",health,4
507,,"טיולים רבים לשונית יוצאים לכל אורך השנה, ופציעות כתוצאה מאחד מהגורמים הללו בשונית הן נדירות.",travel,1
508,,החישה המלאכותית היא תחום מדעי שעוסק ביצירת מערכות מלאכותיות שיכולות לחשב וללמוד מניסיון.,science/technology,0
509,,"אוסטרליה היא היבשת הקטנה ביותר בעולם, והיא משתרעת על פני כ-7.7 מיליון קמ רבוע.",geography,6
510,,"השחקן הוותיק ביותר שזכה באליפות העולם הוא השחקן האיטלקי לואיג'י ריבה, שזכה בתואר בגיל 41.",sports,3
511,,"התיאטרון הלאומי יעלה לבמה הפקה חדשה של המחזה ""המלך ליר"". ההפקה תכלול שחקנים ידועים ותתמקד בנושאים של משפחה ואהבה.",entertainment,5
512,,כדורגל הוא ענף הספורט הפופולרי ביותר בעולם ומשוחק על ידי מיליוני אנשים ברחבי העולם.,sports,3
513,,"כאשר אנו מתייחסים לבריאות, אנו מתייחסים לא רק לגוף אלא גם לנפש ולרוח",health,4
514,,"הרי הקרפטים הם רכס הרים המשתרע על פני כ-1,200 קילומטרים במרכז ובמזרח אירופה, והם גובלים במדינות פולין, צ'כיה, סלובקיה, הונגריה, רומניה ואוקראינה.",geography,6
515,,"התקדים הראשון של מחשבים היה האנליטיקל אנג'ין, שפותח על ידי צ'ארלס בבג' בשנת 1837.",science/technology,0
516,,פארקי שעשועים הם יעד פופולרי למשפחות ולאנשים שמחפשים הנאה ובידור.,entertainment,5
517,,המועצה האירופית התכנסה לדון במצב הפוליטי העדכני באירופה ולחפש פתרונות למשברים השונים.,politics,2
518,,"בענף הכדורסל מתחרים הספורטאים במגרש הכדורסל, כשהם מנסים לקלוע את הכדור לסל.",sports,3
519,,קרוזים בסנט פטרסבורג כוללים זמן בעיר וחוויה מרתקת של התרבות הרוסית,travel,1
520,,"תעשיית הבידור היא תעשייה גדולה ורווחית. היא כוללת תחומים רבים כמו קולנוע, טלוויזיה, מוזיקה ועוד.",entertainment,5
521,,"התפתחויות האחרונות בתחום הננוטכנולוגיה מאפשרות למדענים ליצור חומרים חדשים עם תכונות מיוחדות, כולל חומרים קלים וחזקים בו זמנית.",science/technology,0
522,,"הדמוקרטיה היא השיטה הפוליטית המועדפת ברוב המדינות המתוקנות, שכן היא מאפשרת לאזרחים לבחור את הנציגים שלהם ולהשפיע על החלטות הפוליטיות.",politics,2
523,,בשנת 1948 הוקמה מדינת ישראל ומאז היא מנהלת מדיניות חוץ עצמאית.,politics,2
524,,"השחקן המוביל של הקבוצה נפצע במהלך המשחק והוחלף על ידי שחקן מחליף.
ספורט הוא חלק בלתי נפרד מחיינו, והוא מאפשר לנו לשפר את הכושר הגופני ואת הבריאות.",sports,3
525,,הממשלה תמשיך להיות מחויבת למדיניות החוץ שלה ותעשה כל מאמץ לשמור על האינטרסים של מדינת ישראל בעולם.,politics,2
526,,"הרי ההימלאיה הם רכס ההרים הגבוה ביותר בעולם, ובו נמצא הר האוורסט, הגבוה ביותר בעולם.",geography,6
527,,עולם הבידור משתנה בקצב מהיר. היום אנו יכולים ליהנות מסרטים באיכות HD וממשחקים ממוחשבים.,entertainment,5
528,,"התנהגות בריאותית היא חשובה מאוד לשמירה על בריאותנו. יש לנו לאכול מזון בריא, לשתות מים רבים ולעשות פעילות גופנית סדירה.",health,4
529,,"הסדרה החדשה של ערוץ הילדים ""ניקלודיאון"" תעלה לאוויר בקרוב, והיא תכלול שישה פרקים.",entertainment,5
530,,"בתחום המוזיקה הקלאסית, ישנם אמנים רבים שמבצעים יצירות מופת ומפורסמות.",entertainment,5
531,,"כיום, ישנם מגוון של אפליקציות ואתרים שמאפשרים לאנשים לצפות בתוכניות טלוויזיה וסרטים באופן דיגיטלי.",entertainment,5
532,,"המדבר הסהרי הוא אחד המדברות הגדולים ביותר בעולם, והוא משתרע על פני כ-9,200,000 קילומטרים רבועים בצפון אפריקה.",geography,6
533,,בשנים האחרונות חלה עלייה בפופולריות של פסטיבלי מוסיקה ואירועי בידור אחרים בישראל.,entertainment,5
534,,"אוטווה היא הבירה הדו-לשונית המקסימה של קנדה, ויש בה מגוון גלריות ומוזיאונים שמציגים את העבר וההווה של קנדה.",geography,6
535,,"הטיול לארץ ישראל יכול להיות חוויה מרגשת ומהנה, אך יש להתחשב בתנאי האקלים ובתרבות המקומית.",travel,1
536,,"בימים אלו יש כל כך הרבה אפשרויות לבידור, החל מסרטים ועד למשחקי וידאו.",entertainment,5
537,,"האולימפיאדה היא אירוע הספורט החשוב ביותר בעולם, שבו משתתפים אתלטים מכל העולם.",sports,3
538,,האוקיינוס השקט הוא האוקיינוס הגדול בעולם והוא מכסה כ-46% משטח האוקיינוסים בעולם.,geography,6
539,,"האינטרנט הוא רשת עולמית של מחשבים המחוברים יחד דרך קווי תקשורת, ומאפשרים למשתמשים לשתף מידע ולתקשר אחד עם השני.",science/technology,0
540,,"המופע המוזיקלי המיוחד ""שירי המלך"" יתקיים באולם הנרייה בתל אביב",entertainment,5
541,,ביקורת רבה הושמעה כנגד הממשלה על רקע התמיכה בתוכנית ההתנתקות מרצועת עזה.,politics,2
542,,"ביקור במדינה זרה דורש תכנון מדויק וחקירה קפדנית של המקום המבוקש, כדי להימנע מהפתעות לא נעימות.",travel,1
543,,"המדבר הסהרה הוא המדבר הגדול ביותר בעולם, והוא משתרע על פני כ-9,200,000 קילומטרים רבועים בצפון אפריקה.",geography,6
544,,"החיסון הוא אחד האמצעים היעילים ביותר נגד מחלות זיהומיות, והוא יעיל גם נגד מחלות כרוניות.",health,4
545,,"במשחקי הכדורסל המקצועיים, יש חוקים רבים שמסדירים את המשחק, והשחקנים צריכים ללמוד אותם היטב על מנת להצליח.",sports,3
546,,"המצאת הלייזר היא אחד ההישגים הגדולים בתחום הפיזיקה המודרנית, והיא משמשת כיום במגוון רחב של תחומים.",science/technology,0
547,,הפוליטיקה הבינלאומית היא תחום מורכב שבו ישנן מגוון רחב של גורמים ואינטרסים שמשפיעים על החלטות הפוליטיות.,politics,2
548,,"אוסטרליה היא היבשת הקטנה ביותר בעולם, והיא מוקפת על ידי האוקיינוס השקט ממזרח והאוקיינוס ההודי ממערב.",geography,6
549,,קרוזים בסנט פטרסבורג כוללים זמן בעיר. נוסעי הקרוז פטורים מדרישות הוויזה (בדקו את התנאים).,travel,1
550,,"הרי הקרפטים הם רכס הרים המשתרע על פני מזרח אירופה, ומהווים את הגבול הטבעי בין מזרח אירופה למרכז אירופה.",geography,6
551,,הסרט החדש של כריס המסוורת יצא לאקרנים במהלך השבוע האחרון והוא כבר מוביל את רשימת הסרטים המובילים.,entertainment,5
552,,"בסוף השבוע, אנו אוהבים לבלות ולהנות מעצמנו, והבידור הוא חלק חשוב בכך.",entertainment,5
553,,"הטניסאי המקצועי נדאל זכה בשלוש אליפויות גראנד סלאם ברצף, והוא נחשב לאחד הטניסאים הטובים בכל הזמנים.",sports,3
554,,התיאטרון הוא עולם של פנטזיה והדמיון. אני אוהב לצפות בהצגות ולחוות את הרגשות השונים.,entertainment,5
555,,כל שנה מבקרים רבים נוסעים ליעדי נופש ברחבי העולם וחוזרים הביתה עם זיכרונות נצחיים,travel,1
556,,"השחקן האמריקאי לאונרדו דיקפריו הוא אחד השחקנים המצליחים ביותר בהוליווד, והוא זכה בפרסים רבים על תפקידיו בסרטים שונים.",entertainment,5
557,,"המדינה הקטנה ביותר בעולם היא הוותיקן, הממוקמת ברומא שבאיטליה, והיא משתרעת על פני כ-110 דונם בלבד.",geography,6
558,,בדיקות רפואיות שוטפות יכולות לסייע באיתור מחלות בשלב מוקדם ובטיפול בהן בצורה יעילה יותר.,health,4
559,,הסכסוך הישראלי-פלסטיני הוא אחד הסכסוכים המורכבים והמתמשכים ביותר בעולם,politics,2
560,,"במהלך המשחק, השחקן הבכיר קבע שיא אישי חדש בזריקות לשער, וזכה בתואר ""מלך השער"".",sports,3
561,,הממשלה החדשה הבטיחה לבצע רפורמות כלכליות נרחבות כדי לשפר את המצב הכלכלי של האזרחים.,politics,2
562,,"קרונות MetroPlus הם נוחים יותר וצפופים פחות אך יקרים מעט יותר, אם כי עדיין זולים יותר מכרטיסי מטרו רגילים באירופה.",travel,1
563,,"באזור הרי הקרפטים נמצאים הרי טרנסילבניה, אשר מהווים את החלק הגבוה ביותר של הרי הקרפטים.",geography,6
564,,זהו ארכיפלג עם 15 איים המתפרשים על יותר מ-2.2 מיליון קמ רבוע של אוקיינוס.,geography,6
565,,"האזור הגאוגרפי של אירופה מתחלק לשלוש חלקים: החלק הדרומי, החלק המרכזי והחלק הצפוני.",geography,6
566,,ניתן לשלב בנוחות ביקור באתר עם שיט בסירה לאגם ולחוות את התחושה המיוחדת של השיט במים,travel,1
567,,ניתן לשלב בנוחות ביקור באתר עם שיט בסירה לאגם ולחוות את הנוף המדהים של האזור,travel,1
568,,"אגם באיקל הוא האגם העמוק ביותר בעולם, והוא ממוקם בדרום סיביר.",geography,6
569,,"כדורגל הוא ענף הספורט הפופולרי ביותר בעולם, וישנם מיליוני אוהדים שמעדיפים את המשחק הזה.",sports,3
570,,"האי גרנדה הוא אחד האיים הגדולים ביותר בים התיכון, והוא ממוקם סמוך לחוף הצפוני של לוב.",geography,6
571,,"נהר הנילוס הוא אחד הנהרות הארוכים בעולם, והוא משתרע על פני 6,695 קילומטרים.",geography,6
572,,"האזור הגאוגרפי של אסיה כולל את המדינות הבאות: אפגניסטן, בהוטן, ברוניי, קמבודיה, סין, קוריאה הצפונית, קוריאה הדרומית, לאוס, מלזיה, מונגוליה, מיאנמר, נפאל, פקיסטן, פיליפינים, רוסיה, סינגפור, סרי לנקה, טאיוואן, תאילנד, ווייטנאם.",geography,6
573,,"מחלות רבות יכולות להימנע אם נשמור על אורח חיים בריא, כולל תזונה נכונה, פעילות גופנית ומנוחה מספקת",health,4
574,,הישג השיא שלו היה כשזכה במדליית זהב באולימפיאדת הקיץ בשנת 2012.,sports,3
575,,בעזרת הטכנולוגיה המודרנית אנו יכולים לשלוח מידע למרחקים אדירים ולקיים קשר עם אנשים מכל העולם,science/technology,0
576,,"בזמן החופש, רבים מחפשים יעדים חדשים ומעניינים לביקור, ולחוות חוויות טיול ייחודיות ומרגשות.",travel,1
577,,"בחיפוש אחר יעדי נופש, שקלו לבחון את האפשרויות השונות שיש בעולם, ולבחור את היעד שיתאים לכם הכי טוב.",travel,1
578,,השחייה היא ענף ספורט אולימפי שבו הספורטאים מתחרים במקצי שחייה שונים כמו מאה מטרים ומאתיים מטרים.,sports,3
579,,הבידור הוא דרך להתרחק מהמציאות ולהיכנס לעולם אחר. אנו אוהבים לבלות ולהנות מעצמנו.,entertainment,5
580,,"החלטת האו""ם להקים מדינה יהודית בארץ ישראל נתקבלה ב-29 בנובמבר 1947.",politics,2
581,,"הסרט החדש ""הנוקמים"" יצא לאקרנים וזכה לביקורות משבחות",entertainment,5
582,,הרדיו הוא אחד האמצעים העיקריים לתקשורת במרחקים ארוכים,science/technology,0
583,,המחאות נגד הממשלה גברו בעקבות החלטתה להעלות את מחירי הדלק.,politics,2
584,,השחקנים המובילים בליגה האירופית זכו לתשומת לב רבה בעולם הספורט,sports,3
585,,"בישראל, ישנם כ-100,000 מקרים ידועים של טרשת נפוצה (MS), כך שהיא עדיין המחלה העצבית המובילה בקרב מבוגרים צעירים ובגיל העמידה.",health,4
586,,הפסטיבל השנתי למוזיקה קלאסית יתקיים בין ה-10 ל-17 באוגוסט. בפסטיבל יופיעו אמנים מרחבי העולם וינגנו ביצועים קלאסיים של יצירות מוזיקליות ידועות.,entertainment,5
587,,"הגוף האדם זקוק למנוחה ולשינה רבה כדי לשמר את הבריאות, ולכן חשוב לוודא שיש לנו זמן מנוחה מספקת.",health,4
588,,יש לשים לב לתזונה היומית ולבחור במזונות שיש בהם ערך תזונתי גבוה.,health,4
589,,התערוכה הגדולה ביותר של משחקי הווידאו בעולם היא E3 - Electronic Entertainment Expo.,entertainment,5
590,,"במשחקי הכדורסל המקצועיים ישנם חוקים רבים שחלים על השחקנים, והם חייבים להתנהג לפי החוקים האלה.",sports,3
591,,הערוץ החדש של Netflix יעלה לשידור במהלך החודש הקרוב והוא יכיל תוכניות חדשות ומרתקות.,entertainment,5
592,,הר הכרמל הוא רכס הרים המשתרע על פני כ-40 קילומטרים באזור חיפה.,geography,6
593,,אזור הביצה של הדנובה הוא אחד האזורים המגוונים ביותר בעולם מבחינה אקולוגית והוא משתרע על פני כ-300 קילומטרים.,geography,6
594,,"האוקיינוס השקט הוא האוקיינוס הגדול ביותר בעולם, והוא משתרע על פני חלק גדול מהאוקיינוסים של כדור הארץ.",geography,6
595,,הבחירות הקרובות יהיו מבחן אמיתי ליכולת של המערכת הפוליטית להתמודד עם האתגרים העומדים בפניה.,politics,2
596,,"במופע החדש של ה-ZOO הישראלי, תוכלו לראות את האמנים המובילים בארץ מופיעים על הבמה בתוך הספארי. המופע יתקיים בימים שישי ושבת בשעות הערב.",entertainment,5
597,,"הנהר הירדן הוא אחד הנהרות החשובים ביותר במזרח התיכון, והוא משתרע על פני כ-320 קילומטרים.",geography,6
598,,"קרני X הן סוג של קרינה אלקטרומגנטית, המשמשת לבדיקות רפואיות ולאבחון מחלות.",science/technology,0
599,,"המדבר הגדול ביותר בעולם הוא המדבר הסהרי, ששטחו כ-9,200,000 קילומטרים רבועים.",geography,6
600,,הבחירות לכנסת ה-20 נערכו ב-17 במרץ 2015 ובהן התמודדו 25 רשימות מועמדים על 120 המושבים בכנסת.,politics,2
601,,"כדורסל הוא ספורט פופולרי במיוחד בארצות הברית, וה-NBA הוא אחד הליגות המובילות בעולם.",sports,3
602,,"בשנים האחרונות, ניתן לראות עלייה במעורבות האזרחים בפוליטיקה, דבר שמעיד על התעוררות המודעות הציבורית לחשיבות הפוליטיקה בחיים הציבוריים.",politics,2
603,,"המשחק החדש ""פורטנייט"" הוא אחד המשחקים הפופולריים ביותר בעולם, והוא זכה לביקורות משבחות משחקנים ומבקרי משחקים.",entertainment,5
604,,האינטרנט הוא רשת עולמית של מחשבים שמאפשרת לנו לשלוח ולקבל מידע מכל העולם,science/technology,0
605,,"בישראל יש יותר מ-100,000 אנשים החיים עם מחלת הסוכרת ומספר זה עולה עם השנים.",health,4
606,,"החברה הישראלית מגלה עניין רב בתחום הבידור והפנאי, וזו הסיבה שיש כל כך הרבה אפשרויות לבילוי בישראל.",entertainment,5
607,,"בטיסות ליעדים רחוקים, יש לשים לב לאפשרויות השונות של חברות התעופה, ולבחור את האפשרות הטובה ביותר עבורנו.",travel,1
608,,התגלית האחרונה בתחום האסטרונומיה היא גילוי כוכבי לכת חדשים שנמצאים מחוץ למערכת השמש שלנו.,science/technology,0
609,,"הרבה מדינות מציעות אפשרויות תחבורה ציבורית נוחות, וביניהן רכבות ואוטובוסים שמאפשרים לנוסעים להגיע ליעדם בנוחות ובבטחה.",travel,1
610,,"ביקור בחו""ל יכול להיות חוויה מרגשת ומסעירת, אבל יש להיות מוכנים לשינויים בתנאי האקלים ובתרבות המקומית.",travel,1
611,,במשחק הטניס ניצח השחקן המקומי בתוצאה 3:2 אחרי קרב קשה,sports,3
612,,הממשלה חויבה לקדם את הדמוקרטיה במדינה ולשמור על זכויות האדם.,politics,2
613,,התפתחות המהירה של הטכנולוגיה הדיגיטלית מאפשרת לאנשים לשלוח מידע במהירות גבוהה יותר ויותר.,science/technology,0
614,,המחאות נגד הממשלה גברו בעקבות ההחלטה לקצץ בתקציב הבריאות.,politics,2
615,,הפרלמנט הוא הרשות המחוקקת במדינה והוא אחראי לחקיקת חוקים ולפיקוח על הממשלה.,politics,2
616,,כיום ישנם פיתוחים רבים בתחום התעופה שמאפשרים לנוסעים ליהנות מחוויה יותר נוחה ובטוחה.,travel,1
617,,"הרי ההימלאיה הם רכס ההרים הגבוה בעולם, המשתרע על פני הודו, נפאל וטיבט.",geography,6
618,,"התפתחות המהירה של טכנולוגיית המידע הביאה לשינויים מהותיים בחיינו, ופתחה אפשרויות חדשות לתקשורת, עבודה ובילוי.",science/technology,0
619,,המוזיקה היא חלק חשוב בעולם הבידור. אנו אוהבים להאזין לשירים ולראות הופעות חיות.,entertainment,5
620,,"בסוף שנות ה-90 החלו להתפתח מפלגות פוליטיות חדשות ומגוונות יותר, ששינו את הנוף הפוליטי בישראל.",politics,2
621,,הקולנוע הוא אחד הדברים האהובים עליי. אני אוהב לצפות בסרטים חדשים ולגלות עולמות חדשים.,entertainment,5
622,,החומרים הננוטכנולוגיים הם חומרים שגודל החלקיקים שלהם הוא בסדר גודל של ננומטרים,science/technology,0
623,,חוויה של טיסה במטוס יכולה להיות מפחידה עבור אנשים מכל הגילים והרקעים.,travel,1
624,,בגיל 25 זכה באליפות העולם באתלטיקה ובגיל 30 זכה במדליית הזהב באולימפיאדה.,sports,3
625,,"בימים הראשונים שלכם במדינה זרה, שקלו לבזבז כסף על מלונות, מזון ושירותים איכותיים בסגנון המערה הפרוע כדי לעזור לכם להתאקלם.",travel,1
626,,הטכנולוגיה הננוטכנולוגית מאפשרת למדענים ליצור מכשירים וחלקים בגודל של ננומטרים,science/technology,0
627,,בעזרת הטכנולוגיה המודרנית ניתן לבצע ניסויים מדעיים בחלל החיצון,science/technology,0
628,,"הרי ההימלאיה הם הרי הגבוהים בעולם, והם משתרעים על פני כ-2,500 קילומטרים לאורך הגבול בין נפאל וטיבט.",geography,6
629,,הפסטיבלים של המקדשים של קראלה הם דוגמה לבידור המשולב בתרבות.,entertainment,5
630,,"פסטיבל המוזיקה השנתי ""רוק בישראל"" יתקיים בחודש הבא בפארק הירקון. בפסטיבל ישתתפו מוזיקאים מכל הארץ ויהיה ניתן לשמוע מוזיקה מכל הז'אנרים.",entertainment,5
631,,"הרי ההימלאיה הם רכס ההרים הגבוה ביותר בעולם, ומתחלקים לשלוש קבוצות עיקריות.",geography,6
632,,"בעבר, האדם היה משתמש במכשירים פשוטים כדי לבצע פעולות מתמטיות, אך עם התפתחות המחשבים, ניתן לבצע פעולות מורכבות במהירות ובדיוק רב.",science/technology,0
633,,"הרי האנדים הם הרי הגבוהים ביותר בחצי הכדור המערבי, והם משתרעים על פני כ-7,000 קילומטרים לאורך הגבול בין צ'ילה וארגנטינה.",geography,6
634,,המחשב הוא מכשיר שמאפשר לנו לעבד מידע ולבצע פעולות שונות במהירות גבוהה,science/technology,0
635,,המחשב הוא מכשיר אלקטרוני שמסוגל לבצע פעולות חישוב ולאחסן מידע בתוך זיכרון המחשב.,science/technology,0
636,,"בימינו, ישנן מחלות רבות שניתן לרפא אותן באמצעות טיפולים שונים, כגון תרופות, ניתוחים וטיפולי רדיותרפיה.",health,4
637,,"הרי האנדים הם רכס הרים הארוך ביותר בעולם, ומשתרע על פני שבע מדינות באמריקה הדרומית.",geography,6
638,,"המחשב הראשון שנבנה היה ENIAC, שפותח על ידי ג'ון מוקלי וג'ון אקרט בשנת 1946.",science/technology,0
639,,הבחירות הקרובות יהיו מכריעות עבור עתיד המדינה והחברה.,politics,2
640,,במהלך השנים האחרונות חלה עלייה במעורבות הפוליטית של נשים בישראל ובעולם.,politics,2
641,,ג'יבוטי היא מדינה קטנה במזרח אפריקה השוכנת לחוף מצר עדן ולחוף הים האדום.,geography,6
642,,"הריצה היא ענף ספורט שבו הספורטאים מתחרים בריצות שונות, כמו ריצת מרתון או ריצת 100 מטר.",sports,3
643,,במשחק הכדורסל ניצחה הקבוצה המארחת בתוצאה 95:80 אחרי הארכה,sports,3
644,,"בעזרת הטכנולוגיה המודרנית, ישנו יכולת לשלוח מידע במהירות גבוהה מאוד, ובאופן זה להעביר מידע בין אנשים שונים.",science/technology,0
645,,"האטום הוא היחידה הבסיסית של החומר, והוא מורכב מגרעין מרכזי ומאלקטרונים המקיפים אותו",science/technology,0
646,,הטלוויזיה היא אחת הדרכים הפופולריות ביותר לבידור בעולם.,entertainment,5
647,,הטכנולוגיה המודרנית מאפשרת לנו לשלוח מידע במהירות גבוהה מאוד דרך האינטרנט,science/technology,0
648,,"המדבר הגדול ביותר בעולם הוא המדבר הסהרי, המשתרע על פני כ-9 מיליון קמ רבוע.",geography,6
649,,התמונה הבאה מציגה את האטומים הפולטים פוטונים. כמובן שבמציאות הפוטונים קטנים הרבה יותר מאלו המוצגים בתמונה.,science/technology,0
650,,"הנהר הירדן הוא אחד הנהרות החשובים במזרח התיכון, ומתחיל את מסלולו בלבנון.",geography,6
651,,"הרי ההימלאיה הם רכס הרים הגבוה ביותר בעולם, והם ממוקמים בדרום אסיה.",geography,6
652,,"בכל ערב שבת, משפחה אחת במדינת ניו יורק מתכנסת סביב הטלוויזיה כדי לצפות בתוכנית האהובה עליהם.",entertainment,5
653,,מחלות זיהומיות רבות יכולות להיות מועברות דרך מגע עם חולה או דרך מזון מזוהם,health,4
654,,"כדורסל הוא ענף הספורט השני בפופולריותו בישראל, וישנם יותר מ-50,000 כדורסלנים רשומים בהתאחדות הכדורסל הישראלית.",sports,3
655,,"הממשלה החדשה הבטיחה לבצע רפורמות מקיפות במערכת הבחירות, ולשפר את התנאים הכלכליים של האזרחים.",politics,2
656,,"ההחלטה להקים את הכנסת הייתה אחת ההחלטות החשובות ביותר בתולדות המדינה, והיא שינתה את פני הפוליטיקה הישראלית.",politics,2
657,,"הר הגעש הגבוה ביותר בעולם הוא אוהו בהוואי, שגובהו 10,203 מטרים מעל פני הים.",geography,6
658,,"מדגסקר הוא הגדול ביותר בפער גדול, ויבשת בפני עצמה בכל הקשור לחיות בר.",geography,6
659,,בחירת היעד הנכון יכולה להיות מכריעה בחוויית הטיול ולכן חשוב לבחור יעד שיתאים לצרכים ולתקציב שלך.,travel,1
660,,הבחירות הקרובות יהיו מבחן אמיתי לכוחה של האופוזיציה להתמודד עם השלטון הנוכחי,politics,2
661,,"החלל הוא מקום מרתק שמלא בתעלומות ובסודות שטרם גילינו אותן, ולכן יש כל כך הרבה מדענים שמנסים לחקור אותו.",science/technology,0
662,,"המאמן החדש של נבחרת ישראל בכדורגל, וילי רוטנשטיינר, מתכוון לבצע שינויים משמעותיים בסגל הנבחרת.",sports,3
663,,מערכת ה-RNA היא מערכת ביולוגית שמאפשרת לתאים לייצר חלבונים מתוך ה-DNA שלהם.,science/technology,0
664,,"מדבר סהרה הוא המדבר הגדול ביותר בעולם, והוא משתרע על פני כ-9,200,000 קילומטרים רבועים.",geography,6
665,,"השימוש ברובוטים גובר בתחום התעשייה, ובמיוחד בתחום הרכב, שם הם משמשים לביצוע משימות שונות כגון הרכבה והבדיקה.",science/technology,0
666,,"קרוזים בים התיכון כוללים זמן בעיר, ונוסעי הקרוז פטורים מדרישות הוויזה.",travel,1
667,,"האיים הבריטיים הם ארכיפלג עם למעלה מ-6,000 איים, המתפרשים על פני יותר מ-300,000 קילומטרים רבועים של אוקיינוס.",geography,6
668,,המחלה הנפוצה ביותר בקרב האוכלוסייה היא מחלת הסוכרת,health,4
669,,"המדענים גילו כי יש קשר בין התנועה המהירה של הגלגלים לבין היכולת לשלוט על התנועה שלהם, וזה יכול להיות שימושי בתחום הרובוטיקה.",science/technology,0
670,,"בכדורסל, השחקן המוביל הוא סטפן קרי, שזכה בחמישה פרסי MVP.",sports,3
671,,בישראל ישנן מספר תנועות פוליטיות שונות המייצגות את האינטרסים של קבוצות שונות בחברה הישראלית,politics,2
672,,"איי בריטניה הם ארכיפלג של איים הממוקמים מול חוף מערב אירופה, והם מורכבים מארבעה איים עיקריים.",geography,6
673,,ביקור באתרים היסטוריים הוא חוויה ייחודית שמאפשרת לתיירים לחוות את התרבות וההיסטוריה של המקום.,travel,1
674,,הממשלה החדשה הכריזה על תוכנית כלכלית חדשה שתסייע להחזיר את המדינה למסלול הצמיחה.,politics,2
675,,"מטיילים רבים מעדיפים לנסוע בדרכים לא סלולות ולגלות מקומות חדשים, אך יש להיות זהירים מפני סכנות הדרך.",travel,1
676,,"במהלך השנים, פורמט ה-DVD הפך לפורמט הנפוץ ביותר לשמירת סרטים בבית.",entertainment,5
677,,"הכדורעף הוא ענף ספורט שבו שחקנים מתחרים זה בזה במגרש עם רשת, והוא אחד מענפי הספורט הפופולריים ביותר בעולם.",sports,3
678,,"האי גרינלנד הוא האי הגדול ביותר בעולם, והוא משתרע על פני כ-2.175 מיליון קמ רבוע.",geography,6
679,,האתלטים המתחרים בתחרויות האתלטיקה הגדולות בעולם מוכרחים להיות בכושר גופני מצוין ולהיות מאומנים היטב.,sports,3
680,,במשחק הכדורסל יש חשיבות רבה לכושר העבודה הקבוצתית ולתיאום בין השחקנים.,sports,3
681,,הבחירות הכלליות היו דרמטיות במיוחד בשנת 1977 כאשר הליכוד בראשות מנחם בגין זכה ברוב הקולות והדיח את המערך מהשלטון.,politics,2
682,,בענף הטניס מתחרים הספורטאים ביניהם במשחקים שונים כגון יחידים וזוגות.,sports,3
683,,המחלה הזו משפיעה על כ-2% מהאוכלוסייה הכללית ועל כ-5% מהאוכלוסייה מעל גיל 65.,health,4
684,,"במקרה של מחלה זו, יש לפנות לרופא מומחה ולא להתעלם מהתסמינים",health,4
685,,"החוק השני של התרמודינמיקה קובע כי אנרגיה לא יכולה להיות נוצרת או מושמדת, אלא רק מועברת ממקום אחד למשנהו.",science/technology,0
686,,"העיר רומא היא העיר הגדולה ביותר באיטליה, והיא ממוקמת על גדות הנהר טיבר.
הרי האפנינים הם רכס ההרים הגבוה ביותר בדרום אירופה, והם משתרעים לאורך 1,200 קילומטרים.
אגם קומו הוא האגם הגדול ביותר באיטליה, והוא ממוקם בצפון איטליה.
הנהר הפו הוא הנהר החשוב ביותר במערב אירופה, והוא משתרע לאורך 652 קילומטרים.
המדבר האטלסי הוא המדבר הגדול ביותר בצפון אפריקה, והוא משתרע על פני שטח של 900,000 קילומטרים רבועים.
האי קורסיקה הוא האי הגדול ביותר במדינת צרפת, והוא משתרע על פני שטח של 8,680 קילומטרים רבועים.",geography,6
687,,המערכה הפוליטית בישראל היא מורכבת וכוללת מפלגות רבות שיש להן אידאולוגיות שונות.,politics,2
688,,הבחירות הקרובות יהיו הזדמנות לאזרחים לבחור את המנהיגים שינהיגו את המדינה בשנים הבאות.,politics,2
689,,"בתחום הפיזיקה, קיימת התאוריה של איינשטיין על היחסות, שמסבירה את התופעות הפיזיקליות בעולם.",science/technology,0
690,,"המדבר הגדול הוא המדבר הגדול ביותר באוסטרליה, ומכסה כ-25% משטח היבשת.",geography,6
691,,ההחלטה של הכנסת להעלות את המיסים עוררה סערה רבה בקרב האוכלוסיה.,politics,2
