,Unnamed: 0,text,intent,label
0,0.0,ఎక్స్‌రే కిరణాల సహాయంతో వైద్యులు శరీరంలోని అనేక వ్యాధులను గుర్తించగలుగుతున్నారు.,science/technology,0
1,1.0,ఐన్‌స్టైన్ తన సిద్ధాంతం ప్రకారం కాలం మరియు స్థలం ఒకే అని చెప్పాడు.,science/technology,0
2,2.0,ఎలక్ట్రిక్ కార్లు ప్రపంచంలో పెద్ద మార్పు తెచ్చాయి.,science/technology,0
3,3.0,జెనెటిక్ ఇంజినీరింగ్ ద్వారా జీవితంలో ప్రభావం చూపుతుంది.,science/technology,0
4,4.0,ఎలక్ట్రానిక్ కంప్యూటర్లు తయారు చేసే ప్రక్రియలో అత్యంత ముఖ్యమైన భాగం సిలికాన్ చిప్స్.,science/technology,0
5,5.0,శాస్త్రవేత్తలు మరియు ఇంజనీర్లు కంప్యూటర్ చిప్స్ రూపకల్పనలో పనిచేస్తున్నారు.,science/technology,0
6,6.0,ఎక్స్‌రే కిరణాల సహాయంతో మనం శరీరంలోని అంతర్గత భాగాలను చూడవచ్చు.,science/technology,0
7,7.0,కంప్యూటర్ వైరస్ లు సైబర్ భద్రతకు ముప్పు కల్పిస్తున్నాయి.,science/technology,0
8,8.0,ఎక్స్‌రే కిరణాలు వైద్యంలో వాడుకొనే ఒక కొత్త పద్ధతి.,science/technology,0
9,9.0,జీవ శాస్త్రంలో DNA యొక్క పాత్ర ఎలా ఉంది?,science/technology,0
10,10.0,కంప్యూటర్ వైరస్ లు మనం కంప్యూటర్ లను దొంగిలిస్తాయి.,science/technology,0
11,11.0,పరిశోధనలో కొత్త ఔషధాలను కనుగొనేందుకు జీవశాస్త్రవేత్తలు పరిశోధనలు చేస్తున్నారు.,science/technology,0
12,12.0,కంప్యూటర్ వైరస్‌లు ఎలా పనిచేస్తాయో అనే విషయం ఇప్పుడు చాలా ముఖ్యంగా ఉంది.,science/technology,0
13,13.0,వైరస్ లు జీవకణాలలో ప్రవేశించి వాటిని నాశనం చేస్తాయి.,science/technology,0
14,14.0,ఎక్స్‌రే కిరణాలు వైద్య పరీక్షల్లో వినియోగం పెరుగుతుంది.,science/technology,0
15,15.0,విజ్ఞాన శాస్త్రంలో అత్యంత ప్రామాణిక పరిశోధనలు జరుగుతున్నాయి.,science/technology,0
16,16.0,జీన్ ఇంజనీరింగ్ విధానంలో జీవ సంబంధమైన పరిణామాలు చోటు చేస్తున్నాయి.,science/technology,0
17,17.0,జీవ శాస్త్రంలో DNA ప్రామాణికత ఒక కీలక అంశ.,science/technology,0
18,18.0,రోబోటిక్స్ ద్వారా పరిశ్రమలో ఉత్పత్తి పెంచవచ్చు.,science/technology,0
19,19.0,విద్యుత్ పరికరాలను ఉపయోగించడం ద్వారా మనం ఎక్కువ సౌకర్యం పొందుతున్నాము.,science/technology,0
20,20.0,శాస్త్రవేత్తలు అంతరిక్షంలో జీవనాన్ని కనుగొనే ప్రయత్నంలో ఉన్నారు.,science/technology,0
21,21.0,కంప్యూటర్ వైరస్ లు సాఫ్ట్‌వేర్ ను దెబ్బతీస్తున్నాయి.,science/technology,0
22,22.0,ఎక్స్‌రే కిరణాలు మానవ శరీరంలో ఉన్న అన్ని వ్యాధులను గుర్తించడానికి ఉపయోగించబడుతున్నాయి.,science/technology,0
23,23.0,కంప్యూటర్ వైరస్లు కంప్యూటర్లను దెబ్బతీయడానికి కారణమవుతాయి.,science/technology,0
24,24.0,"రోబోటిక్స్ రంగంలో చాలా ప్రగతి సాధించబడింది, ఇవి మనుగడ సాగించడానికి ఉపయోగించబడ్డాయి.",science/technology,0
25,25.0,మన శరీరంలో రక్తం ఎలా ప్రవహిస్తుందో అనే విషయాన్ని పరిశీలిస్తే ఆశ్చర్యపోతాము.,science/technology,0
26,26.0,పృథ్వీ పరిశోధన కేంద్రంలో శాస్త్రవేత్తలు కొత్త జీవ వైవిధ్యాన్ని కనుగొన్నారు.,science/technology,0
27,27.0,అంతరిక్ష పరిశోధనలో కొత్త ఆవిష్కరణలు జరుగుతున్నాయి.,science/technology,0
28,28.0,సౌర శక్తి ఉపయోగించి విద్యుత్ ఉత్పత్తి చేయవచ్చు.,science/technology,0
29,29.0,సూర్యుని ఉష్ణం భూమిపై ప్రభావం చూపుతుంది.,science/technology,0
30,30.0,ఎక్స్‌రే కిరణాల ద్వారా మనం శరీరంలోని అంతర్గత భాగాలను చూడవచ్చు.,science/technology,0
31,31.0,రోబోటిక్స్ రంగంలో కొత్త పురోగతులు సాధ్యమైనవి.,science/technology,0
32,32.0,సౌర శక్తి వినియోగం పర్యావరణ ప్రభావాన్ని తగ్గిస్తుంది.,science/technology,0
33,33.0,శాస్త్రీయ పరిశోధనలో సంఖ్యా శాస్త్రం చాలా ముఖ్యం.,science/technology,0
34,34.0,కంప్యూటర్ వైరస్‌లు ఎలా పనిచేస్తాయి?,science/technology,0
35,35.0,రోబోటిక్స్ పరిశ్రమలో ఉపయోగపడుతున్నాయి.,science/technology,0
36,36.0,కంప్యూటర్ సైన్స్ రంగంలో అభివృద్ధి జరుగుతున్నది.,science/technology,0
37,37.0,జీవ శాస్త్రవేత్తలు DNA నిర్మాణంలో కొత్త ఆవిష్కరణలు చేస్తున్నారు.,science/technology,0
38,38.0,రోబోటిక్స్ రంగంలో కృత్రిమ బుద్ధి ప్రాముఖ్యత పెరుగుతోంది.,science/technology,0
39,39.0,సౌర విద్యుత్ ఉత్పాదన పద్ధతులు ఎలా ఉన్నాయి?,science/technology,0
40,40.0,సూర్యుని శక్తిని ఉపయోగించి విద్యుత్తును ఉత్పత్తి చేయవచ్చు.,science/technology,0
41,41.0,సౌర శక్తిని ఉపయోగించి విద్యుత్ ఉత్పత్తి చేయడానికి కొత్త ప్రయోగాలు జరుగుతున్నాయి.,science/technology,0
42,42.0,జీన్ ఇంజనీరింగ్ వైద్యంలో కొత్త అవకాశాలు తెరువుచున్నాయి.,science/technology,0
43,43.0,స్పేస్ టెక్నాలజీ ఎలా అభివృద్ధి చెందుతుంది?,science/technology,0
44,44.0,నాసా తన చంద్ర యాత్రలో అనేక ఆశ్చర్యకరమైన విషయాలు కనుగొన్నది.,science/technology,0
45,45.0,శాస్త్రీయ పరిశోధనలో విజ్ఞాన శాస్త్రం ఒక కీలక భాగం.,science/technology,0
46,46.0,సౌర విద్యుత్ పన్నులు ప్రపంచంలో ఎక్కువ ఉపయోగంలో ఉన్నాయి.,science/technology,0
47,47.0,జీన్ ఇంజనీరింగ్ ద్వారా జీవ వైవిధ్యం పెంచవచ్చు.,science/technology,0
48,48.0,విజ్ఞాన శాస్త్రవేత్తలు మానవ జీవితాన్ని పొందుపరచడానికి కృత్రిమ బుధ్ధిని ఉపయోగిస్తున్నారు.,science/technology,0
49,49.0,రోబోటిక్స్ రంగంలో అభివృద్ధి జరుగుతున్నది.,science/technology,0
50,50.0,ఎలక్ట్రానిక్ కంప్యూటర్లు ప్రస్తుతం అత్యంత వేగవంతమైన సాధనాలుగా ఉన్నాయి.,science/technology,0
51,51.0,పరిశోధనలో కొత్త ఆవిష్కరణలు జరుగుతున్నాయి.,science/technology,0
52,52.0,సౌర విద్యుత్ పనితీరులు ప్రపంచంలో ఎక్కువగా ఉపయోగించబడుతున్నాయి.,science/technology,0
53,53.0,రోబోటిక్స్ రంగంలో కృత్రిమ బుద్ధిని ఉపయోగించి యంత్రాలను నియంత్రిస్తారు.,science/technology,0
54,54.0,సౌర విద్యుత్ పనితీరును పెంచేందుకు సౌర ఫలకాలు ఉపయోగించబడుతున్నాయి.,science/technology,0
55,55.0,ప్రపంచంలో ఎక్కువ ఉపయోగంలో ఉన్న సాంకేతిక పరికరాలలో ఒకటి కంప్యూటర్.,science/technology,0
56,56.0,జీన్ ఇంజినీరింగ్ ద్వారా మానవులు జీవితాన్ని మెరుగుపర్చుకుంటున్నారు.,science/technology,0
57,57.0,ఎక్స్‌రే కిరణాల ద్వారా మనం శరీరంలోని అన్ని భాగాలను చూడవచ్చు.,science/technology,0
58,58.0,ఎలక్ట్రానిక్ కంప్యూటర్లు ప్రస్తుతం అన్ని రంగాల్లో ఉపయోగించబడుతున్నాయి.,science/technology,0
59,59.0,జీవ శాస్త్రంలో జీవ కోశాలు ముఖ్యమైన పాత్ర పోషిస్తాయి.,science/technology,0
60,60.0,జీవ శాస్త్రంలో DNA అనే అణువు జీవితంలో కీలకంగా ఉంది.,science/technology,0
61,61.0,కంప్యూటర్ సైన్స్ రోబోటిక్స్ లో కొత్త పురోగతులు సాధించబడ్డాయి.,science/technology,0
62,62.0,సౌర శక్తి పర్యావరణ ప్రయోజనాలు ఎన్నో ఉన్నాయి.,science/technology,0
63,63.0,ఎక్స్‌రే కిరణాలు వైద్య పరీక్షలో ఉపయోగించబడుతున్నాయి.,science/technology,0
64,64.0,వైద్య శాస్త్రంలో కొత్త ఆవిష్కరణలు జరుగుతున్నాయి.,science/technology,0
65,65.0,రోబోటిక్స్ ఉపయోగం ఎలా ఉంది?,science/technology,0
66,66.0,విజ్ఞాన శాస్త్రవేత్తలు అణువుల నిర్మాణంలో కొత్త ఆవిష్కరణలు చేస్తున్నారు.,science/technology,0
67,67.0,విజ్ఞాన శాస్త్రంలో అత్యంత ముఖ్యమైన పరిశోధనలు ఎన్ని ఉన్నాయి?,science/technology,0
68,68.0,జీవ శాస్త్రంలో DNA పరీక్ష ఒక కొత్త పద్ధతి.,science/technology,0
69,69.0,వైరస్‌లు ఎలా ప్రజలను ప్రభావితం చేస్తాయో అనే అంశపై పరిశోధన జరుగుతుంది.,science/technology,0
70,70.0,"పరిశోధన ఫలితాలు ప్రకారం, మానవ జీవితంలో ఎక్కువ భాగం ఆహారం మీద ఆధారపడి ఉంది.",science/technology,0
71,71.0,శాస్త్రవేత్తలు చంద్రుడుపై పరిశోధన చేస్తున్నారు.,science/technology,0
72,72.0,ఎక్స్-రే కిరణాలు వైద్య పరీక్షల్లో వినియోగం చేస్తారు.,science/technology,0
73,73.0,సైన్స్ పరిశోధనలో కొత్త ఆవిష్కరణలు జరుగుతున్నాయి.,science/technology,0
74,74.0,జీవశాస్త్రంలో DNA ప్రాముఖ్యత ఎంతో ఉంది.,science/technology,0
75,75.0,సౌర విద్యుత్ పనెల్స్ ఉపయోగించడం ద్వారా మనం పర్యావరణ ప్రభావాన్ని తగ్గించవచ్చు.,science/technology,0
76,76.0,జీవ శాస్త్రంలో DNA అనే అణువు చాలా ముఖ్యం.,science/technology,0
77,77.0,జీవ శాస్త్రంలో కొత్త ఆవిష్కరణలు జరుగుతున్నాయి.,science/technology,0
78,78.0,కంప్యూటర్ వైరస్ లు సాఫ్ట్‌వేర్ ను దెబ్బతీయవచ్చు.,science/technology,0
79,79.0,మానవులు చంద్రుని ఛేదించిన తొలి సారి అపొలొ 11 ప్రయాణం.,science/technology,0
80,80.0,ఎక్స్‌రే కిరణాలు వైద్యంలో ఉపయోగపడుతున్నాయి.,science/technology,0
81,81.0,వైరస్‌లు ఎలా పుట్టుకొని వ్యాపిస్తాయో అనే విషయం పరిశోధనలో ఉంది.,science/technology,0
82,82.0,జీవ శాస్త్రంలో జీవ కణాల అధ్యయనం చేస్తున్నారు.,science/technology,0
83,83.0,నాసా చంద్రుని అధ్యయనం చేస్తున్న కార్యక్రమం ప్రారంభమైంది.,science/technology,0
84,84.0,సౌర విద్యుత్ శక్తి పర్యావరణ ప్రయోజనాలు ఎన్నో.,science/technology,0
85,85.0,రోబోటిక్స్ అనే శాస్త్రం యంత్రాలను రూపొందించడానికి ఉపయోగిస్తుంది.,science/technology,0
86,86.0,వైఫై నెట్వర్క్ ద్వారా మనం ఇంటర్నెట్ లో సంప్రదించుకునేటట్లు.,science/technology,0
87,87.0,రోబోటిక్స్ రంగంలో కొత్త ఆవిష్కరణలు జరుగుతున్నాయి.,science/technology,0
88,88.0,కంప్యూటర్ వైరస్ లు మనం కంప్యూటర్ లను దొంగిలించడానికి ఉపయోగిస్తాయి.,science/technology,0
89,89.0,ప్రపంచంలో ఎక్కువ వాడుకొనే విద్యుత్ ఉపకరణం కంప్యూటర్.,science/technology,0
90,90.0,సూర్యుని ఉష్ణోగ్రత భూమి ఉష్ణోగ్రత కంటే 5 రెట్లు ఎక్కువ.,science/technology,0
91,91.0,రోబోటిక్స్ పరిశ్రమలో ఉపయోగించబడుతున్నాయి.,science/technology,0
92,92.0,శాస్త్రవేత్తలు కొత్త విద్యుత్ కణాలను కనుగొన్నారు.,science/technology,0
93,93.0,అణు శక్తి ఉత్పత్తిలో ఉపయోగించబడుతుంది.,science/technology,0
94,94.0,ఎక్స్‌రే కిరణాలు వైద్యంలో వినియోగించబడుతున్నాయి.,science/technology,0
95,95.0,ఎలక్ట్రానిక్ పరికరాలు తయారు చేయడానికి ఉపయోగించే కొత్త సాంకేతిక పద్ధతులు కనుగొనబడ్డాయి.,science/technology,0
96,96.0,సౌర విద్యుత్ ఉత్పాదన కోసం సౌర పానెల్స్ ను ఉపయోగిస్తున్నారు.,science/technology,0
97,97.0,కంప్యూటర్ నెట్‌వర్క్‌లు సమాచారాన్ని పంచుకుంటున్నాయి.,science/technology,0
98,98.0,సౌర శక్తి వినియోగం పెంచుకోవడానికి ప్రయత్నాలు జరుగుతున్నాయి.,science/technology,0
99,99.0,శాస్త్రవేత్తలు కృత్రిమ మెదులు తయారు చేయడానికి ప్రయత్నాలు చేస్తున్నారు.,science/technology,0
100,100.0,ఓహ్ కార్లు ప్రయాణికులకు అనుకూలమైన ప్రయాణ సాధనలు అందిస్తున్నాయి.,travel,1
101,101.0,పర్యాటకులు తరచుగా ప్రపంచంలోని అత్యంత సుందరమైన ప్రదేశాలను సందర్శిస్తున్నారు.,travel,1
102,102.0,మీరు ప్రయాణించడానికి సిద్ధంగా ఉండాలని ముందే బుక్ చేసుకోవడం మంచిది.,travel,1
103,103.0,పర్యాటకులు ఈ నగరంలో అనేక ఆకర్షణలను చూడవచ్చు.,travel,1
104,104.0,ఈ సంవత్సరం నేను అమెరికా కు ప్రయాణించడానికి నిర్ణయించుకున్నాను.,travel,1
105,105.0,"కొన్ని రోజులు ముందుగానే నేను ప్రయాణం చేస్తున్నాను, అందులో నేను చూసిన అతి సుందరమైన ప్రదేశాలు.",travel,1
106,106.0,కొన్ని సంవత్సరాల క్రితం నేను యూరోప్ కు ప్రయాణించాను.,travel,1
107,107.0,"ప్రపంచంలో అత్యంత ప్రసిద్ధ పర్యాటక స్థలాలు పారిస్, రోమ్, టోక్యో లు ఉన్నాయి.",travel,1
108,108.0,ఈ సంవత్సరం నుండి ప్రయాణికులు అనేక కొత్త గమ్యస్థానాలను సందర్శించడానికి అవకాశం కల్పిస్తున్నారు.,travel,1
109,109.0,ప్రపంచంలో అత్యంత సుందరమైన ప్రదేశాలు చూడాలని కోరుకున్న పర్యాటకులు ఎక్కువగా ఉన్నారు.,travel,1
110,110.0,ప్రయాణికులు తరచుగా తమ ప్రియమైన ప్రదేశాలను సందర్శిస్తున్నారు.,travel,1
111,111.0,వారాంతపు విహారయాత్రకు ప్రయాణించడానికి అనేక మార్గాలు ఉన్నాయి.,travel,1
112,112.0,ఓడలో ప్రయాణించడం అనేక పర్యాటకులు ఇష్టపడే వినోదం.,travel,1
113,113.0,విదేశీ పర్యటనకు వెళ్ళే ముందు మీరు తప్పకుండా చేయవలసిన కొన్ని పనులు ఉన్నాయి.,travel,1
114,114.0,"ఓహియో నది ఒక అద్భుతమైన ప్రయాణ గమ్యస్థానం, ఇక్కడ మీరు నౌకాశ్రయం ద్వారా ప్రవేశించవచ్చు.",travel,1
115,115.0,పర్యాటకులు తరచుగా ప్రపంచంలో అనేక దేశాలను సందర్శిస్తున్నారు.,travel,1
116,116.0,ఈ సంవత్సరం ప్రారంభంలో నేపాల్ ప్రయాణం చేయడానికి నిర్ణయించుకున్నాను.,travel,1
117,117.0,ఈ సంవత్సరం ప్రపంచ పర్యటనకు అత్యంత ఆకర్షణీయ గమ్యస్థానాలు ఏమిటి?,travel,1
118,118.0,పర్యాటకులు తరచుగా ప్రపంచంలో అనేక దేశాలను సందర్శించడానికి ఇష్టపడతారు.,travel,1
119,119.0,ఈ సంవత్సరం ప్రయాణికులు అనేక దేశాలకు ప్రయాణించడానికి ఆసక్తి చూపుతున్నారు.,travel,1
120,120.0,పర్యాటకులు తరచుగా విమానాశ్రయాలు లేదా రైల్వే స్టేషన్లు నుండి ప్రయాణించడానికి వీలు కల్పిస్తున్నాయి.,travel,1
121,121.0,పర్యాటకులు తరచుగా సందర్శించే అత్యంత సాధారణ ప్రాంతాలు ఉన్నాయి.,travel,1
122,122.0,"పర్యాటకులు తరచుగా సందర్శించే అత్యంత సాధారణ ప్రాంతాలు బీచ్ లు, థీమ్ పార్కులు ఇంకా క్యాంప్ గ్రౌండ్స్.",travel,1
123,123.0,పర్యాటకులు స్వాగతం చేసే అనేక హోటళ్ళు ఈ నగరంలో ఉన్నాయి.,travel,1
124,124.0,సాంఘిక పర్యటనలో ప్రధానంగా ఉన్న ప్రదేశాలు అనేక సంస్కృతిక కార్యక్రమాలను నిర్వహిస్తున్నాయి.,travel,1
125,125.0,పర్యాటకులు తరచుగా వినోదాత్మక ప్రదేశాలను సందర్శించే అవకాశం ఉంటుంది.,travel,1
126,126.0,ఓహియో నగరంలో ప్రయాణించడం అనేక సంవత్సరాలుగా నాకు కలలు కనవసినది.,travel,1
127,127.0,"పర్యాటకులు తరచుగా సందర్శించే అత్యంత సాధారణ ప్రాంతాలు వినోదాత్మక బీచ్ లు, థీమ్ పార్కులు.",travel,1
128,128.0,కొత్త ప్రయాణ నియమాలు అమలు కావడం వల్ల ప్రయాణికులు తమ ప్రయాణాన్ని మరింత సురక్షితంగా చేయవచ్చు.,travel,1
129,129.0,తొలిసారిగా పర్యాటకులు ఈ దేశానికి వచ్చేందుకు సువిధానులు కల్పించబడ్డాయి.,travel,1
130,130.0,ఈ సంవత్సరం ప్రారంభంలో అనేక పర్యాటకులు ఈక్వెడార్ యాత్రకు వెళ్తున్నారు.,travel,1
131,131.0,పర్యాటకులు తరచుగా విమానాశ్రయాలకు చేరుకునే ఉంటారు.,travel,1
132,132.0,స్పెయిన్ దేశంలో ప్రయాణించడం అనేక ఆనందకరమైన అనుభవాలను కలిగిస్తుంది.,travel,1
133,133.0,ఓహెల్లో పర్యాటకులు తరచుగా సందర్శించే అత్యంత సాధారణ ప్రాంతాలు.,travel,1
134,134.0,ప్రయాణికులు తమ గమ్యస్థానానికి చేరుకున్న తర్వాత వారు ప్రశాంతంగా ఎక్కడనైనా నిద్రపోతారు.,travel,1
135,135.0,పర్యాటకులు తరచుగా స్విట్జర్లాండ్ కు ప్రయాణించడానికి ఇష్టపడతారు.,travel,1
136,136.0,"ఈ సంవత్సరం ప్రారంభంలో, నేపాల్ ప్రభుత్వం పర్యాటక రంగం అభివృద్ధి చేయడానికి ప్రణాళికలు రూపొందించింది.",travel,1
137,137.0,ఈ సంవత్సరం నుండి ప్రయాణికులు అధికంగా ప్రయాణిస్తున్నారు.,travel,1
138,138.0,ఈ సంవత్సరం మొదటి సారి విదేశీ పర్యటనకు వెళ్లడం చాలా ఆనందంగా ఉంటుంది.,travel,1
139,139.0,పర్యాటకులు స్వాగతం చేసే స్థలంలో అత్యంత సుందరమైన ప్రదేశాలు ఉన్నాయి.,travel,1
140,140.0,ఈ వేసవి సెలవులో మీరు ఎక్కడికి ప్రయాణించాలనుకుంటున్నారు?,travel,1
141,141.0,ఈ సంవత్సరం ప్రారంభంలో నేపాల్ విమానాశ్రయం నుండి విమానం ప్రయాణం చేస్తున్నారు.,travel,1
142,142.0,పర్యాటకులు ఈ సీజన్‌లో అత్యంత ప్రాచుర్యం పొందుతున్న ప్రదేశాలు సందర్శించడానికి ఇష్టపడతారు.,travel,1
143,143.0,కొత్త దేశాలను సందర్శించడానికి అనేక పర్యాటకులు ఆశావహంగా ఉన్నారు.,travel,1
144,144.0,పర్యాటకులు తరచుగా సందర్శించే అత్యంత సాధారణ ప్రాంతాలు కొన్ని ఉన్నాయి.,travel,1
145,145.0,మీరు ప్రయాణిస్తున్న విమానాశ్రయం నుండి బయటకు వచ్చిన తర్వాత మీరు ఎక్కడికి వెళ్తారో తెలియజేయండి.,travel,1
146,146.0,ఈ నెలలో ప్రయాణికులు తక్కువ ధరలో విమానాలు పొందవచ్చు.,travel,1
147,147.0,విమానాశ్రయం నుండి బస్సులో ప్రయాణించడం అనేక పర్యాటకులు చేసే మొదటి దశ.,travel,1
148,148.0,ఈజిప్ట్ లోని ప్రాచీన నగరాలు పర్యాటకులను ఆకర్షిస్తున్నాయి.,travel,1
149,149.0,ఈ సంవత్సరం నుండి ప్రయాణికులు అధికంగా ప్రయాణం చేస్తున్నారు.,travel,1
150,150.0,ఈ సంవత్సరం మీరు ఎక్కడికి ప్రయాణించడానికి అనుకుంటున్నారు?,travel,1
151,151.0,ప్రపంచంలో అత్యంత సుందరమైన ప్రదేశాలు చూడాలని కోరుకుంటున్నారు.,travel,1
152,152.0,అనేక పర్యాటకులు ఈ సంవత్సరం జపాన్ పర్యటనకు వెళ్ళారు.,travel,1
153,153.0,ప్రయాణికులు తమ ప్రియమైన పర్యాటక స్థలాలు సందర్శించడానికి ఎక్కువ సమయం వెచ్చిస్తున్నారు.,travel,1
154,154.0,ప్రపంచంలో అత్యంత ప్రసిద్ధ పర్యాటక స్థలాలు వీటిలో ఒకటి ఉంది.,travel,1
155,155.0,ఈ సంవత్సరం మొదటి సారిగా పర్యటనకు వెళ్తున్నాను.,travel,1
156,156.0,"ఈక్వెడార్ లోని అత్యంత ప్రసిద్ధ పర్యాటక ప్రదేశాలు గాలాపాగోస్ దీవులు, ఓటావాలో ఉన్నాయి.",travel,1
157,157.0,ఓహియో నది ఒడ్డున ఉన్న ప్రసిద్ధ పర్యటన ప్రదేశాలు అనేక పర్యాటకులను ఆకర్షిస్తున్నాయి.,travel,1
158,158.0,"ప్రపంచంలో అత్యంత ప్రసిద్ధ పర్యాటక స్థలాలు పారిస్, రోమ్, లండన్ లలో ఉన్నాయి.",travel,1
159,159.0,లండన్ లోని అత్యంత సుందరమైన ప్రదేశాలు సందర్శించడానికి ప్రయాణికులు ఎక్కువగా ఇష్టపడతారు.,travel,1
160,160.0,పర్యాటకులు ఈ నెలలో అనేక ప్రదేశాలను సందర్శిస్తున్నారు.,travel,1
161,161.0,ఈ సంవత్సరం పర్యాటక రంగం అభివృద్ధి చెందుతుంది.,travel,1
162,162.0,విమానాశ్రయం నుండి హోటల్‌కు చేరుకునే వరకు అనేక రవాణా సౌకర్యాలు ఉన్నాయి.,travel,1
163,163.0,ఓడ ప్రయాణం అనేక పర్యాటకులు చేసే అత్యంత ఆనందకరమైన ప్రయాణం.,travel,1
164,164.0,ఈజిప్ట్ లోని పురాతన ప్రదేశాలు సందర్శించడానికి ప్రయాణికులు ఎక్కువగా ఇష్టపడతారు.,travel,1
165,165.0,"ఓహియో నగరంలో ప్రయాణించడానికి అనేక మార్గాలు ఉన్నాయి, వాటిలో కొన్ని చాలా ఆసక్తికరంగా ఉన్నాయి.",travel,1
166,166.0,ఈ సంవత్సరం నుండి ప్రయాణికులు ఈ దేశానికి వచ్చే అవకాశాలు పెరిగాయి.,travel,1
167,167.0,ఈ సంవత్సరం అనేక ప్రయాణికులు పర్యాటక ప్రయాణాలను చేస్తున్నారు.,travel,1
168,168.0,విమానాశ్రయం నుండి బస్సు ద్వారా ప్రయాణించడం చాలా సులభం.,travel,1
169,169.0,ఈ సంవత్సరం మా కుటుంబం స్విట్జర్లాండ్ కు ప్రయాణించడానికి నిర్ణయించుకున్నాం.,travel,1
170,170.0,అనేక పర్యాటకులు తరచుగా ప్రకృతి సౌందర్యాన్ని ఆస్వాదించడానికి జాతీయ ఉద్యానవనాలను సందర్శిస్తారు.,travel,1
171,171.0,"ఈక్వెడార్ లోని అత్యంత ప్రసిద్ధ పర్యాటక స్థలాలు క్విటో, గుయాక్విల్ లలో ఉన్నాయి.",travel,1
172,172.0,విమానంలో ప్రయాణించడం అనేక ప్రయాణికులకు అత్యంత సుందరమైన అనుభవం.,travel,1
173,173.0,"ఓహెల్లో నగరంలో ప్రసిద్ధ పర్యటన స్థలాలు ఉన్నాయి, అవి పర్యాటకులను ఆకర్షిస్తున్నాయి.",travel,1
174,174.0,"ఈ సంవత్సరం నాటో ప్రయాణం చేస్తున్నాను, అందులో నేను చూసిన అతి సుందరమైన ప్రదేశాలు.",travel,1
175,175.0,అనేక దేశాలు తమ పర్యాటక రంగంలో అభివృద్ధి చెందుతున్నాయి.,travel,1
176,176.0,పర్యాటకులు తరచుగా విమానాశ్రయాలకు చేరుకున్న తర్వాత వారు తమ గమ్యస్థానానికి చేరుకున్నారు.,travel,1
177,177.0,ఓహో సిటీ లో ప్రయాణికులు అనేక ఆకర్షణీయ ప్రదేశాలను సందర్శిస్తున్నారు.,travel,1
178,178.0,ఈ సంవత్సరం మనం ప్రపంచంలో అత్యంత ప్రసిద్ధ పర్యాటక స్థలాలు సందర్శించాలనుకున్నాం.,travel,1
179,179.0,ఈజిప్ట్ లోని ప్రసిద్ధ ప్యారమిడ్స్ ను సందర్శించడానికి అనేక పర్యాటకులు ఆసక్తి చూపుతున్నారు.,travel,1
180,180.0,తరచుగా పర్యాటకులు సందర్శించే ప్రదేశాలు వీటిలో ఉన్నాయి.,travel,1
181,181.0,పర్యాటకులు తరచుగా ప్రపంచంలోని అత్యంత సుందరమైన ప్రదేశాలను సందర్శించేందుకు ఆసక్తి చూపుతున్నారు.,travel,1
182,182.0,ఓడ ప్రయాణం అనేక సంవత్సరాలుగా ప్రసిద్ధి చెందింది.,travel,1
183,183.0,పర్యాటకులు తరచుగా ప్రియమైన ప్రదేశాలను సందర్శించే అలాంటి ప్రయాణం చేస్తున్నారు.,travel,1
184,184.0,కొత్త ప్రయాణ ప్రాంతాలు కనుగొనేందుకు పర్యాటకులు తరచుగా ఓపెన్ మైండ్ ఉంటారు.,travel,1
185,185.0,ఈ నెల ప్రారంభంలో ప్రయాణికులు తరచుగా విమానాశ్రయాలను సందర్శించేందుకు సిద్ధం ఔతున్నారు.,travel,1
186,186.0,ఓట్టావా లోని ప్రసిద్ధ పర్యాటక ప్రాంతాలు కొన్ని ఉన్నాయి.,travel,1
187,187.0,ఓడలో ప్రయాణించడం అనేక సంవత్సరాలుగా మానవులు చేస్తున్న ప్రయాణ రూపం.,travel,1
188,188.0,కొత్త ప్రయాణికులు ఈ సంవత్సరం పర్యాటక రంగంలో ప్రవేశించడానికి సిద్ధంగా ఉన్నారు.,travel,1
189,189.0,ఓహియో లోని అత్యంత సుందరమైన ప్రదేశాలు సందర్శించడానికి ప్రయాణికులు ఎక్కువగా ఇష్టపడతారు.,travel,1
190,190.0,పర్యాటకులు తరచుగా ఈ ప్రదేశాన్ని సందర్శిస్తున్నారు.,travel,1
191,191.0,ఈ నగరం ప్రయాణికులకు అత్యంత ఇష్టమైన గమ్యస్థానం.,travel,1
192,192.0,"విమానంలో ప్రయాణించడం అనేక సౌకర్యాలను అందిస్తుంది, ఉదాహరణకు స్వాగత పానీయం, ఆహారం, వినోదం.",travel,1
193,193.0,అమెరికాలో ప్రసిద్ధ పర్యాటక స్థలాలు ఎక్కువగా ఉన్నాయి.,travel,1
194,194.0,"కొత్త దేశాలు చూడాలని కోరుకుంటున్నారు, అందువలన ప్రయాణం చేయడానికి సిద్ధంగా ఉంటారు.",travel,1
195,195.0,ఈ సంవత్సరం మొదటి సారిగా విమానంలో ప్రయాణించడానికి సిద్ధంగా ఉన్నారు.,travel,1
196,196.0,పర్యాటకులు ఎక్కువగా సందర్శించే ప్రదేశాలు వీటిలో ఉన్నాయి.,travel,1
197,197.0,ఐక్యరాజ్య సమితి ప్రధాన కార్యదర్శి అంటోనియో గుటెర్రెస్ సిరియా ప్రజలకు సహాయం చేయాలని పిలుపు నివ్వాడు.,politics,2
198,198.0,అమెరికా అధ్యక్షుడు జో బైడెన్ కొవిడ్ -19 మహమ్మారి వ్యాప్తిని అరికట్టడానికి చర్యలు తీసుకున్నారు.,politics,2
199,199.0,ప్రధాని నరేంద్ర మోదీ రాజ్యసభలో ప్రసంగిస్తూ దేశంలో పెరుగుదల కొరకు చేస్తున్న ప్రయత్నాలను వివరించారు.,politics,2
200,200.0,ప్రస్తుత అధ్యక్షుడు రాజ్యాంగ సవరణలను ప్రవేశపెట్టాలని ప్రకటించాడు.,politics,2
201,201.0,ఐరోపా సమాఖ్య నుండి బ్రిటన్ విడిపోవడానికి బ్రెక్సిట్ ఒప్పందులు సంతకం చేసాయి.,politics,2
202,202.0,తెలంగాణ రాష్ట్ర అసెంబ్లీ ఎన్నికలలో టీఆర్ఎస్ పార్టీ అధికారంలోకి వచ్చింది.,politics,2
203,203.0,భారత పౌరులు తమ హక్కులను రక్షించుకునేందుకు పోరాటం సాగిస్తున్నారు.,politics,2
204,204.0,ఐరోపా సంఘం పార్లమెంటు ఎన్నికలలో కన్సర్వేటివ్ పార్టీ అధికారంలోకి వచ్చింది.,politics,2
205,205.0,రాజ్యాంగ సవరణకు సంబంధించిన చర్చలు జరుగుతున్నాయి.,politics,2
206,206.0,అమెరికా అధ్యక్షుడు విదేశీ నీతిని ప్రకటించారు.,politics,2
207,207.0,ఐరోపా సమాఖ్య సభ్యులు తమ దేశాల పౌరుల హక్కులను రక్షించడానికి చర్యలు తీసుకుంటున్నారు.,politics,2
208,208.0,కేంద్ర ప్రభుత్వం రాష్ట్ర ప్రభుత్వానికి నిధులు మంజూరు చేసింది.,politics,2
209,209.0,ప్రస్తుత ప్రభుత్వం రాజకీయ సంస్కరణలు చేయడానికి ప్రయత్నాలు చేస్తున్నది.,politics,2
210,210.0,భారత పౌర సంఘం అధ్యక్షుడు నరేంద్ర మోదీ రాజ్యసభ ఎన్నికలలో గెలుపొందారు.,politics,2
211,211.0,ఆఫ్ఘనిస్తాన్‌లో రాజకీయ స్థితి కొనసాగుతున్నది.,politics,2
212,212.0,ప్రభుత్వం తాజా ఆర్థిక సంక్షోభ నుండి బైటును కాపాడేందుకు అనేక చర్యలు చేపట్టింది.,politics,2
213,213.0,భారత ప్రధాని నరేంద్ర మోదీ చైనా సందర్శన కు వెళ్లినట్లు ప్రకటించారు.,politics,2
214,214.0,కాంగ్రెస్ పార్టీ అధ్యక్షుడు సోనియా గాంధీ రాజ్యసభ ఎన్నికలలో పోటీ చేయనుంది.,politics,2
215,215.0,భారతీయ జనతా పార్టీ అధ్యక్షుడు అమిత్ షా తన పార్టీ సభ్యులకు సందేశం చేశారు.,politics,2
216,216.0,అమెరికా అధ్యక్షుడు తన ప్రభుత్వ విధానాలను ప్రకటించాడు.,politics,2
217,217.0,భారతీయ రాజకీయ నాయకుడు రాహుల్ గాంధీ తన రాజకీయ ప్రసంగం చేశారు.,politics,2
218,218.0,ఈ సంవత్సరం జరిగే ఎన్నికలలో ప్రజలు తమ అభ్యర్థులను ఎంచుకుంటారని రాజకీయ నాయకులు ఆశావహంగా చెబుతున్నారు.,politics,2
219,219.0,ప్రధాని మోదీ రాజ్యాంగ సవరణకు సంతకం చేశారు.,politics,2
220,220.0,ప్రస్తుత ప్రభుత్వం రాజకీయ సంక్షోభాన్ని ఎదుర్కొనుటకు ప్రయత్నాలు చేస్తున్నట్లు.,politics,2
221,221.0,భారత ప్రధాని నరేంద్ర మోదీ తన ప్రభుత్వం యొక్క రెండవ సంవత్సరం పూర్తి చేసుకున్నారు.,politics,2
222,222.0,ప్రధాని మోదీ రాష్ట్ర సభలో ప్రసంగిస్తూ రాజకీయ సంక్షోభాన్ని ఖండించారు.,politics,2
223,223.0,అమెరికా అధ్యక్షుడు జో బైడెన్ తన ప్రభుత్వం యొక్క మొదటి సంవత్సరం పూర్తి చేసుకున్నారు.,politics,2
224,224.0,అమెరికా అధ్యక్షుడు జో బైడెన్ రష్యా అధ్యక్షుడు వ్లాదిమిర్ పుటిన్ తో సమావేశం జరుపుకున్నారు.,politics,2
225,225.0,భారతీయ జనతా పార్టీ అధ్యక్షుడు అమిత్ షా రాజ్యసభ ఎన్నికలకు పోటీ చేయనున్నాడు.,politics,2
226,226.0,ప్రస్తుత ప్రభుత్వం అధికారంలో ఉన్న తొలి సంవత్సరంలో చేసిన ప్రకటనలు అన్ని నెరవేర్చలేదు.,politics,2
227,227.0,అధ్యక్షుడు తాజా ప్రకటన పై రాజకీయ పార్టీలు తీవ్ర విమర్శలు వ్యక్తం చేశాయి.,politics,2
228,228.0,కాంగ్రెస్ పార్టీ అధ్యక్షుడు సోనియా గాంధీ రాజ్యసభకు ఎన్నికైనారు.,politics,2
229,229.0,భారతీయ జనతా పార్టీ తాజా ఎన్నికలలో అధికారాన్ని పొందింది.,politics,2
230,230.0,కాంగ్రెస్ పార్టీ అధ్యక్షుడు రాహుల్ గాంధీ తన పదవీ కాలంలో చేసిన ప్రయత్నాలను ప్రశంసించారు.,politics,2
231,231.0,భారత ప్రధాని నరేంద్ర మోదీ గుజరాత్ లో ఎన్నికల ప్రచారం చేస్తున్నారు.,politics,2
232,232.0,అమెరికా అధ్యక్షుడు జో బైడెన్ కాంగ్రెస్‌లో తన ప్రసంగాన్ని ప్రారంభించారు.,politics,2
233,233.0,రాజకీయ నాయకులు తమ ప్రసంగాలలో ప్రజలను ఆకర్షించేందుకు అనేక వాగ్దానలు చేస్తున్నారు.,politics,2
234,234.0,భారతీయ జనతా పార్టీ నాయకుడు నరేంద్ర మోదీ ప్రధానమంత్రి పదవికి ఎన్నికైనట్లు ప్రకటించారు.,politics,2
235,235.0,భారత ప్రధాని నరేంద్ర మోదీ ఐక్య రాజ్య సభ సమావేశానికి హాజరు అయ్యారు.,politics,2
236,236.0,భారతీయ జనతా పార్టీ అధ్యక్షుడు అమిత్ షా రాజకీయ ప్రసంగం చేశారు.,politics,2
237,237.0,భారతీయ జనతా పార్టీ నేత నరేంద్ర మోదీ రాజ్యసభ ఎన్నికలకు పోటీ చేయనున్నారు.,politics,2
238,238.0,తెలంగాణ రాష్ట్ర అసెంబ్లీ ఎన్నికలకు ముందు రాజకీయ పార్టీలు తమ ప్రచారాన్ని ప్రారంభించాయి.,politics,2
239,239.0,కాంగ్రెస్ పార్టీ అధ్యక్షుడు సోనియా గాంధీ లోక్‌సభ ఎన్నికలలో పోటీ చేయడానికి నిర్ణయించినట్లు తెలిపారు.,politics,2
240,240.0,కాంగ్రెస్ పార్టీ అధ్యక్షుడు సోనియా గాంధీ తన పార్టీ సభ్యులకు ఉత్సాహం కల్పిస్తున్నారు.,politics,2
241,241.0,అమెరికా అధ్యక్షుడు జో బైడెన్ రాజకీయ ప్రసంగిని ప్రారంభించాడు.,politics,2
242,242.0,రాజకీయ నాయకులు ఎన్నికల ఫలితాలను స్వాగతించారు.,politics,2
243,243.0,తెలంగాణ రాష్ట్ర అసెంబ్లీ ఎన్నికలలో టీఆర్ఎస్ పార్టీ అత్యధిక స్థానాలు గెలుచుకుంది.,politics,2
244,244.0,కాంగ్రెస్ పార్టీ అధ్యక్షుడు రాహుల్ గాంధీ ప్రజాస్వామ్య వ్యవస్థను కాపాడేందుకు ప్రయత్నాలు చేస్తున్నారు.,politics,2
245,245.0,అధ్యక్షుడు తన ప్రభుత్వం యొక్క రాజకీయ విధానాలను ప్రకటించాడు.,politics,2
246,246.0,ప్రతిపక్ష పార్టీ ప్రభుత్వాన్ని విమర్శిస్తున్నది.,politics,2
247,247.0,భారత ప్రభుత్వం తాజా ఆర్థిక సంక్షేమ పథకాన్ని ప్రకటించింది.,politics,2
248,248.0,ప్రధానమంత్రి నరేంద్ర మోదీ తుది ఎన్నికల ప్రచారంలో భాగంగా ఢిల్లీలో ప్రసంగించారు.,politics,2
249,249.0,భారత ప్రభుత్వం ఆర్థిక సంస్కరణలను ప్రవేశపెట్టింది.,politics,2
250,250.0,రాష్ట్ర అధ్యక్షుడు తాజా సంచలన ప్రకటన పై రాజకీయ పార్టీలు తీవ్ర విమర్శలు వ్యక్తం చేశాయి.,politics,2
251,251.0,భారత రాష్ట్రపతి రామ్‌నాథ్ కోవింద్ తన పదవీ బాధ్యతలను స్వీకరించారు.,politics,2
252,252.0,ఐక్య రాజ్య సభ్యులు ప్రతిపాదిత సవరణను ఆమోదించినట్లు ప్రకటించారు.,politics,2
253,253.0,కాంగ్రెస్ పార్టీ అధ్యక్షుడు రాహుల్ గాంధీ రాజకీయ ప్రవేశం చేస్తున్నారు.,politics,2
254,254.0,ప్రస్తుత ప్రభుత్వం తొలి సంవత్సరంలో చేసిన నిర్ణయాలు దేశానికి ఎంతో లాభదాయకంగా ఉన్నాయి.,politics,2
255,255.0,ఐక్యరాజ్య సంస్థ అధ్యక్షుడు అంతర్జాతీయ సమస్యలను పరిష్కరించడానికి కృషి చేస్తున్నాడు.,politics,2
256,256.0,భారత ప్రధాని నరేంద్ర మోదీ చైనా సందర్శనకు వెళ్తున్నారు.,politics,2
257,257.0,తెలంగాణ రాష్ట్ర అసెంబ్లీ ఎన్నికలలో టీఆర్ఎస్ పార్టీ అత్యధిక సీట్లు గెలుచుకుంది.,politics,2
258,258.0,ప్రధాని నరేంద్ర మోదీ రాష్ట్రపతి రామ్‌నాథ్ కోవింద్‌‌తో సమావేశం జరుపుకున్నారు.,politics,2
259,259.0,కొరియా ప్రధాని నామ్ సుగ్ ఉత్తర కొరియాతో శాంతి ఒప్పందుకు వెళ్లారు.,politics,2
260,260.0,భారత ప్రధాని నరేంద్ర మోదీ రాష్ట్ర సభ ఎన్నికలలో పోటీ చేస్తున్నారు.,politics,2
261,261.0,భారతీయ జనతా పార్టీ అధ్యక్షుడు అమిత్ షా తన పార్టీ సభ్యులకు ఉత్సాహం కలిగించారు.,politics,2
262,262.0,ప్రధాని మోదీ రాష్ట్ర సభలకు పోటీ ప్రకటించారు.,politics,2
263,263.0,భారత దేశంలో రాజకీయ పార్టీలు పెరుగుతున్నాయి.,politics,2
264,264.0,అమెరికా అధ్యక్షుడు జో బైడెన్ కాంగ్రెస్సులో తన ప్రతిపాదనలను ప్రవేశపెట్టారు.,politics,2
265,265.0,భారత ప్రభుత్వం చైనాతో సరిహద్దు వివాదాన్ని పరిష్కరించేందుకు ప్రయత్నాలు చేస్తున్నది.,politics,2
266,266.0,పార్లమెంటు ఎన్నికల ఫలితాలు విడుదలైనవి.,politics,2
267,267.0,తెలంగాణ రాష్ట్ర అసెంబ్లీ ఎన్నికలకు పోటీ ప్రకటించారు.,politics,2
268,268.0,కాంగ్రెస్ పార్టీ అధ్యక్షుడు రాహుల్ గాంధీ తన పార్టీ నాయకులతో సమావేశం జరుపుకున్నారు.,politics,2
269,269.0,ప్రజాస్వామ్య ప్రభుత్వం ఏర్పాటుకు ప్రజలు ఉత్సాహంగా ఉన్నారు.,politics,2
270,270.0,తెలంగాణ రాష్ట్ర అసెంబ్లీ ఎన్నికలలో కాంగ్రెస్ పార్టీ విజయం సాధించింది.,politics,2
271,271.0,భారత దేశంలో మొదటి సారిగా మహిళా ప్రధాని అయ్యే అవకాశం ఇచ్చిన వ్యక్తి ఇందిరా గాంధీ.,politics,2
272,272.0,ఆఫ్ఘన్ అధ్యక్షుడు అశ్రఫ్ గానీ సైనిక దళాలను పెంచడానికి నిర్ణయించినట్లు తెలిపారు.,politics,2
273,273.0,ఐరోపా సమాఖ్య నాయకులు సమీప భవిష్యత్తులో సంక్షోభ పరిస్థితులను ఎదుర్కొనేందుకు సిద్ధం ఔతున్నారు.,politics,2
274,274.0,కాంగ్రెస్ పార్టీ అధ్యక్షుడు రాహుల్ గాంధీ సంచలన వ్యాఖ్యలు చేశారు.,politics,2
275,275.0,తెలంగాణ రాష్ట్ర అధ్యక్షుడు కేసీఆర్ తన ప్రభుత్వం యొక్క రెండు సంవత్సరాల పూర్తిని జరుపుకున్నారు.,politics,2
276,276.0,ప్రతిపక్ష నాయకుడు ప్రభుత్వం పై తీవ్ర విమర్శలు వ్యక్తం చేశాడు.,politics,2
277,277.0,"ప్రధాని మోదీ పార్లమెంటులో ప్రసంగిస్తూ, దేశ ఆర్థిక స్థితిని మెరుగుపరచడానికి చర్యలు తీసుకున్నారు.",politics,2
278,278.0,భారత ప్రధాని నరేంద్ర మోదీ ఢిల్లీలో జరిగే సదస్సులో పాల్గొనబోతున్నారు.,politics,2
279,279.0,భారత పౌరసంఘం ప్రభుత్వం రూపొందించిన తొలి ఆర్థిక సంవత్సరం బడ్జెట్ ప్రసంగించింది.,politics,2
280,280.0,ఐరోపా సమాఖ్య ప్రధాని ఉర్సులా వాన్ డెర్ లేయెన్ యూరోపియన్ కమిషన్ ను సందర్శించారు.,politics,2
281,281.0,ప్రధాని నరేంద్ర మోదీ ఆఫ్ఘనిస్తాన్‌లో శాంతి ప్రక్రియకు మద్దతు పలుకుతున్నారు.,politics,2
282,282.0,ఐరోపా సమాఖ్య నాయకులు రష్యాతో సంబంధాలను పెంచడానికి నిర్ణయించినట్లు తెలిపారు.,politics,2
283,283.0,రాష్ట్రపతి పదవికి పోటీలో ఉన్న అభ్యర్థులు.,politics,2
284,284.0,ప్రస్తుత ప్రభుత్వం రాజకీయ సంక్షోభాన్ని ఎదుర్కొంటున్నది.,politics,2
285,285.0,ప్రస్తుత ప్రభుత్వం రాజ్యాంగ సవరణలకు అనుకూలంగా ఉంది.,politics,2
286,286.0,భారత ప్రధాని నరేంద్ర మోదీ స్వాతంత్ర్య దినోత్సవం సందర్భంగా పౌరులకు సందేశం చేసారు.,politics,2
287,287.0,భారతీయ జనతా పార్టీ అధ్యక్షుడు అమిత్ షా లోక్‌సభ ఎన్నికలలో పోటీ చేయనున్నారు.,politics,2
288,288.0,రాజకీయ పార్టీలు తమ అభ్యర్థులను ఎన్నుకునే ప్రక్రియలో భాగం వహిస్తున్నాయి.,politics,2
289,289.0,భారతీయ రాజకీయ నాయకుడు రాహుల్ గాంధీ తన ప్రసంగంలో పౌర హక్కులను ఉద్ఘాటించారు.,politics,2
290,290.0,అధ్యక్షుడు ప్రభుత్వాన్ని ఏర్పాటు చేస్తున్నట్లు ప్రకటించారు.,politics,2
291,291.0,అమెరికా అధ్యక్షుడు జో బైడెన్ కొత్త విదేశీ విధానాన్ని ప్రకటించాడు.,politics,2
292,292.0,అధ్యక్షుడు రాజ్యాంగ సవరణకు ఆమోదించారు.,politics,2
293,293.0,ఆఫ్ఘన్ రాజ్యానికి చెందిన అధ్యక్షుడు హమీద్ కర్జై ప్రభుత్వం పై విమర్శలు ఎదుర్కొన్నాడు.,politics,2
294,294.0,టెన్నిస్ ప్రపంచ ర్యాంకింగ్ లో నోవాక్ జొకొవిచ్ అగ్రస్థానంలో ఉన్నాడు.,sports,3
295,295.0,ఫుట్‌బాల్ క్లబ్ బార్సిలోనా తన 26వ లా లీగా టైటిల్ గెలుచుకున్నది.,sports,3
296,296.0,టెన్నిస్ ఛాంపియన్ నోవాక్ జొకొవిచ్ తన 20వ గ్రాండ్ స్లామ్ టైటిల్ గెలుచుకున్నాడు.,sports,3
297,297.0,ఫుట్‌బాల్ ప్రపంచ కప్ లో బ్రెజిల్ జట్టు సెమీ ఫైనల్ లోకి చేరుకుంది.,sports,3
298,298.0,ఐపీఎల్ లో ఢిల్లీ డేర్‌డేవిల్స్ తన మొదటి విజయాన్ని సాధించింది.,sports,3
299,299.0,టెన్నిస్ ప్రపంచ ఛాంపియన్ షిప్ లో నోవాక్ జొకొవిచ్ ఫైనల్లో గెలిచాడు.,sports,3
300,300.0,ఐస్ హాకీ ప్రపంచ ఛాంపియన్షిప్ లో కెనడా జట్టు ఫైనల్లో చేరింది.,sports,3
301,301.0,టెన్నిస్ క్రీడాకారులు ఫ్రెంచ్ ఓపెన్ పోటీలో పాల్గొనడానికి సిద్ధం అయ్యారు.,sports,3
302,302.0,"క్రికెట్ ప్రొఫెషనల్ విరాట్ కోహ్లీ తన కెరీర్‌లో 10,000 రన్ను పూర్తి చేసుకున్నాడు.",sports,3
303,303.0,ఫుట్‌బాల్ ప్రపంచ కప్ లో ఆర్జెంటీనా జట్టు సెమీఫైనల్ కు చేరుకుంది.,sports,3
304,304.0,పురుషుల హాకీ ప్రపంచ కప్ లో జర్మనీ జట్టు విజయం సాధించింది.,sports,3
305,305.0,ఫుట్‌బాల్ క్లబ్ బార్సిలోనా తన ప్రధాన కోచ్ ను తొలగించింది.,sports,3
306,306.0,ప్రొఫెషనల్ టెన్నిస్ ప్లేయర్ రాజేష్ కుమార్ తన కెరీర్ లో ఐదుగురు టైటిల్స్ గెలుచుకున్నాడు.,sports,3
307,307.0,టెన్నిస్ ప్లేయర్ నోవాక్ జొకొవిచ్ తన కెరీర్ లో అత్యుత్తమ విజయం సాధించాడు.,sports,3
308,308.0,ఐపీఎల్ లో ఢిల్లీ డేర్‌డెవిల్స్ జట్టు విజయం సాధించింది.,sports,3
309,309.0,క్రికెట్ ప్రపంచ కప్ ఫైనల్లో ఆస్ట్రేలియా విజయం సాధించింది.,sports,3
310,310.0,ఫుట్‌బాల్ ప్రపంచ కప్ ఫైనల్లో అర్జెంటీనా విజయం సాధించింది.,sports,3
311,311.0,ఫుట్బాల్ క్లబ్ బార్సిలోనా లా లీగా విజేతగా నిలిచింది.,sports,3
312,312.0,ప్రపంచ క్రికెట్ ఛాంపియన్‌షిప్ లో భారత్ జట్టు ఫైనల్‌కు చేరుకుంది.,sports,3
313,313.0,క్రికెట్ ప్రపంచ కప్ లో భారత్ జట్టు ఫైనల్ కు చేరుకుంది.,sports,3
314,314.0,ఫుట్‌బాల్ ప్రపంచ కప్ లో ఫ్రాన్స్ జట్టు క్రోయేషియా జట్టును ఓడించింది.,sports,3
315,315.0,ప్రొఫెషనల్ క్రికెట్ ప్లేయర్ ఐశ్వర్య రాయ్ తన కెరీర్‌లో అత్యుత్తమ పర్ఫార్మెన్స్ సాధించింది.,sports,3
316,316.0,ఐసిసి ఛాంపియన్స్ ట్రోఫీ ఫైనల్లో ఇంగ్లాండ్ జట్టు విజయం సాధించింది.,sports,3
317,317.0,టెన్నిస్ ఆటగాడు నోవాక్ జొకొవిచ్ తన 20వ గ్రాండ్ స్లామ్ టైటిల్ గెలుచుకున్నాడు.,sports,3
318,318.0,ప్రొఫెషనల్ టెన్నిస్ ప్లేయర్ రాజీవ్ రామ్ తన కెరీర్ లో మొదటి టైటిల్ గెలుచుకున్నాడు.,sports,3
319,319.0,టెన్నిస్ ప్రపంచ ర్యాంకింగ్ లో నోవాక్ జొకొవిచ్ ప్రథమ స్థానంలో ఉన్నాడు.,sports,3
320,320.0,టెన్నిస్ క్రీడాకారులు వింబుల్డన్ ఛాంపియన్‌షిప్ లో పాల్గొన్నారు.,sports,3
321,321.0,హాకీ ప్రపంచ కప్ లో భారత జట్టు పాకిస్తాన్ జట్టును ఓడించింది.,sports,3
322,322.0,టెన్నిస్ ఆటగాడు రాజేంద్ర ప్రసాద్ తన కెరీర్ లో మొదటి విజయాన్ని సాధించాడు.,sports,3
323,323.0,ఫుట్‌బాల్ క్లబ్ బార్సిలోనా తన ప్రధాన కోచ్ ను మార్చింది.,sports,3
324,324.0,ఫుట్‌బాల్ లో మెస్సీ తమ 772వ గోల్ సాధించాడు.,sports,3
325,325.0,ప్రొఫెషనల్ టెన్నిస్ ప్లేయర్ రఫేల్ నడాల్ తన కెరీర్లో 20వ గ్రాండ్ స్లామ్ టైటిల్ గెలుచుకున్నాడు.,sports,3
326,326.0,టెన్నిస్ ప్లేయర్ రఫేల్ నడాల్ తన కెరీర్ లో ఐదుగురు గ్రాండ్ స్లామ్ టైటిల్స్ గెలుచుకున్నాడు.,sports,3
327,327.0,క్రికెట్ ప్రపంచ కప్ లో ఆస్ట్రేలియా జట్టు ఫైనల్ కు చేరుకుంది.,sports,3
328,328.0,క్రికెట్ లో భారత్ జట్టు విజయం సాధించింది.,sports,3
329,329.0,ప్రొఫెషనల్ టెన్నిస్ ప్లేయర్ రఫేల్ నడాల్ తన కెరీర్ లో అత్యుత్తమ విజయాన్ని సాధించాడు.,sports,3
330,330.0,భారత క్రికెట్ జట్టు తన తొలి టెస్ట్ విజయాన్ని సాధించింది.,sports,3
331,331.0,ప్రొఫెషనల్ ఫుట్‌బాల్ ఆటగాడు లియోనెల్ మెస్సీ తన జీవిత కాలంలో అత్యధిక గోల్స్ సాధించాడు.,sports,3
332,332.0,ఫుట్‌బాల్ ప్రపంచ కప్ లో అర్జెంటీనా జట్టు సెమీ ఫైనల్ కు చేరుకుంది.,sports,3
333,333.0,ఐసిసి క్రికెట్ ప్రపంచ కప్ లో ఆస్ట్రేలియా జట్టు ఛాంపియన్ గా నిలిచింది.,sports,3
334,334.0,క్రికెట్ ప్రపంచ కప్ లో ఆస్ట్రేలియా జట్టు ఫైనల్లో ప్రవేశించింది.,sports,3
335,335.0,టెన్నిస్ ఛాంపియన్ నోవాక్ జొకొవిచ్ తమ కెరీర్ లో అత్యుత్తమ విజయాన్ని సాధించాడు.,sports,3
336,336.0,సైక్లింగ్ ప్రపంచ ఛాంపియన్ షిప్ లో ఫ్రాన్స్ తాజా విజయం సాధించింది.,sports,3
337,337.0,ఫుట్‌బాల్ క్లబ్ బార్సిలోనా తాజా విజయం సాధించింది.,sports,3
338,338.0,ఫుట్‌బాల్ ప్రపంచ కప్ లో అర్జెంటీనా జట్టు ఫైనల్లో ఆడింది.,sports,3
339,339.0,ప్రొఫెషనల్ ఫుట్‌బాల్ ఆటగాడు క్రిస్టియానో రొనాల్డో తన కెరీర్ లో అత్యుత్తమ గోల్స్ సాధించాడు.,sports,3
340,340.0,కబడ్డీ లో భారత్ జట్టు తమ 10వ టైటిల్ గెలుచుకుంది.,sports,3
341,341.0,టెన్నిస్ లో నోవాక్ జొకొవిచ్ తమ 20వ టైటిల్ గెలుచుకున్నాడు.,sports,3
342,342.0,టెన్నిస్ ప్లేయర్ నోవాక్ జొకొవిచ్ తన కెరీర్ లో ఐదుగురు గ్రాండ్ స్లామ్ టైటిల్స్ సాధించాడు.,sports,3
343,343.0,ఫుట్‌బాల్ క్లబ్ బార్సిలోనా తమ కొత్త కోచ్ గా రోనాల్డ్ కుమాన్ ని నియమించింది.,sports,3
344,344.0,క్రికెట్ క్రీడాకారుడు విరాట్ కోహ్లీ తన 70వ అంతర్జాతీయ సెంచురీ సాధించాడు.,sports,3
345,345.0,క్రికెట్ ప్రపంచ కప్ లో భారత్ తొలి మ్యాచ్ ఆడనుంది.,sports,3
346,346.0,క్రికెట్ ప్రపంచ కప్ లో భారత్ జట్టు ఫైనల్ లో ప్రవేశించింది.,sports,3
347,347.0,క్రికెట్ ఆటగాడు విరాట్ కోహ్లీ తన 50వ సెంచురీ ను సాధించాడు.,sports,3
348,348.0,క్రికెట్ ప్రపంచ కప్ లో భారత్ తొలి మ్యాచ్ ఆడింది.,sports,3
349,349.0,క్రికెట్ లో భారత్ జట్టు తమ 3 వరుస విజయాన్ని సాధించింది.,sports,3
350,350.0,ఒలింపిక్స్ లో పాల్గొనే ఖ్యాథులు తమ ప్రదర్శనలను ప్రదర్శించారు.,sports,3
351,351.0,ప్రొఫెషనల్ టెన్నిస్ ప్లేయర్ నోవాక్ జొకొవిచ్ తన కెరీర్లో అత్యుత్తమ విజయం సాధించాడు.,sports,3
352,352.0,ఫుట్‌బాల్ ప్రీమియర్ లీగ్ లో మాంచెస్టర్ సిటీ తొలి స్థానంలో నిలిచింది.,sports,3
353,353.0,ఫుట్‌బాల్ లో మెస్సీ తన జీవిత కాలంలో అత్యుత్తమ గోల్స్ సాధించాడు.,sports,3
354,354.0,ఫుట్‌బాల్ క్లబ్ బార్సిలోనా తమ 10వ లీగ్ టైటిల్ గెలుచుకుంది.,sports,3
355,355.0,ఫుట్‌బాల్ ప్రపంచ కప్ లో ఆర్జెంటీనా జట్టు సెమీఫైనల్స్ కు చేరుకుంది.,sports,3
356,356.0,బ్యాడ్మింటన్ లో సైనా నెహ్వాల్ తన కెరీర్ లో అత్యుత్తమ విజయం సాధించింది.,sports,3
357,357.0,క్రికెట్ ప్రపంచ కప్ ఫైనల్లో ఆస్ట్రేలియా జట్టు విజయం సాధించింది.,sports,3
358,358.0,భారత క్రికెట్ జట్టు న్యూజీలాండ్ తో జరిగే మ్యాచ్ లో విజయం సాధించింది.,sports,3
359,359.0,క్రికెట్ లో అత్యుత్తమ స్కోరు సాధించిన సచిన్ టెండుల్కర్.,sports,3
360,360.0,క్రికెట్ ప్లేయర్ విరాట్ కోహ్లీ తన అంతర్జాతీయ క్రికెట్ జీవితాన్ని పూర్తి చేసుకున్నాడు.,sports,3
361,361.0,క్రికెట్ ప్రపంచ కప్ లో భారత్ జట్టు ఫైనల్ లోకి చేరుకుంది.,sports,3
362,362.0,ఐస్ హాకీ లో భారత్ జట్టు తమ 3-0 తో గెలుపొందింది.,sports,3
363,363.0,క్రికెట్ ప్రపంచ కప్ ఫైనల్లో ఆస్ట్రేలియా జట్టు ఇంగ్లాండ్ జట్టును ఓడించింది.,sports,3
364,364.0,టెన్నిస్ ఛాంపియన్ రాఫెల్ నడాల్ తన 14వ టైటిల్ ను గెలుచుకున్నాడు.,sports,3
365,365.0,క్రికెట్ లో భారత్ జట్టు తమ 3వ విజయం సాధించింది.,sports,3
366,366.0,టెన్నిస్ ప్లేయర్ రాఫెల్ నడాల్ తన 20వ గ్రాండ్ స్లామ్ టైటిల్ గెలుచుకున్నాడు.,sports,3
367,367.0,ఫుట్‌బాల్ ప్లేయర్ క్రిస్టియానో రొనాల్డో తన కెరీర్ లో 800 గోల్స్ చేరుకున్నాడు.,sports,3
368,368.0,భారత్ దేశంలో క్రికెట్ అత్యంత ప్రజాదరణ పొందిన క్రీడ.,sports,3
369,369.0,టెన్నిస్ క్రీడాకారులు ఫ్రెంచ్ ఓపెన్ టైటిల్ గెలుచుకున్నారు.,sports,3
370,370.0,టెన్నిస్ ప్లేయర్ నోవాక్ జొకొవిచ్ తన కెరీర్‌లో అత్యుత్తమ విజయాన్ని సాధించాడు.,sports,3
371,371.0,క్రికెట్ ప్రపంచ కప్ లో భారత్ జట్టు సెమీ ఫైనల్స్ కు చేరుకుంది.,sports,3
372,372.0,ఐస్ హాకీ లో భారత్ జట్టు తమ 4వ విజయం సాధించింది.,sports,3
373,373.0,భారత క్రికెట్ జట్టు తాజా విజయంతో ముగింపు పలికింది.,sports,3
374,374.0,ప్రొఫెషనల్ టెన్నిస్ ఆటగాడు రాజీవ్ రామ్ తన కెరీర్లో ఐదుగురు టైటిల్స్ గెలుచుకున్నాడు.,sports,3
375,375.0,టెన్నిస్ ప్లేయర్ నోవాక్ జొకొవిచ్ తన 20వ గ్రాండ్ స్లామ్ టైటిల్ గెలుచుకున్నాడు.,sports,3
376,376.0,ఫుట్‌బాల్ క్లబ్ బార్సిలోనా తన ప్రధాన ఆటగాడు లియోనెల్ మెస్సీని కొనుగోలు చేసింది.,sports,3
377,377.0,ఐస్ హాకీ ప్లేయర్ గొర్దీ హోవార్డ్ తన జీవిత కాలంలో అత్యుత్తమ ప్రదర్శనను చూపాడు.,sports,3
378,378.0,పురుషుల హాకీ ప్రపంచ కప్ లో జర్మనీ జట్టు ఛాంపియన్ అయింది.,sports,3
379,379.0,ఐస్ హాకీ ప్రపంచ కప్ లో కెనడా జట్టు విజయం సాధించింది.,sports,3
380,380.0,ఐస్ హాకీ ప్రపంచ ఛాంపియన్షిప్ లో కెనడా జట్టు విజయం సాధించింది.,sports,3
381,381.0,టెన్నిస్ ప్లేయర్ నోవాక్ జొకొవిచ్ తన కెరీర్ లో ఐదవ గ్రాండ్ స్లామ్ టైటిల్ గెలుచుకున్నాడు.,sports,3
382,382.0,మానసిక ఆరోగ్యం కోసం ధ్యానం చేయడం చాలా ఉపయోగకరం.,health,4
383,383.0,మానసిక ఆరోగ్యం కోసం ధ్యానం చేయడం చాలా ప్రయోజనకరం.,health,4
384,384.0,శరీర ఆరోగ్యం కోసం ప్రతి రోజు కనీసం 30 నిమిషాలు వ్యాయామ్ చేయాలి.,health,4
385,385.0,మానసిక ఆరోగ్యం కోసం ఏదైనా ఒక మంచి పని చేయడం ఉత్తమం.,health,4
386,386.0,"ఏదైనా వ్యాధికి ముందుజాగృతి ఉండాలి, అప్పుడే మనం ఆరోగ్యంగా ఉంటాం.",health,4
387,387.0,ఆరోగ్య సంరక్షణ కోసం ప్రతి రోజు కనీసం ఒక గంట వ్యాయామం చేయడం అవసరం.,health,4
388,388.0,ఆరోగ్య సంరక్షణ కోసం మంచి ఆహారం తీసుకోవడం చాలా అవసరం.,health,4
389,389.0,ఏదైనా వ్యాధి ఉన్నప్పుడు డాక్టరు సలహా తీసుకోవడం మంచిది.,health,4
390,390.0,ఏటా వయస్సులో ఉన్న వ్యక్తులు వృద్ధాప్యం వచ్చే అవకాశాలు ఎక్కువ.,health,4
391,391.0,ఏదైనా వ్యాధి వచ్చినప్పుడు వైద్యుని సంప్రదించడం మంచిది.,health,4
392,392.0,ఆహారంలో పొటాసియం సంతృప్తి ఉండటం ఆరోగ్యానికి మేలు.,health,4
393,393.0,ప్రతి రోజు పౌను తీసుకునే వారికి ఆరోగ్య సమస్యలు తగ్గుతాయి.,health,4
394,394.0,శరీర ఆరోగ్యం కోసం మంచి ఆహారం తీసుకోవడం చాలా అవసరం.,health,4
395,395.0,వ్యాయామం చేయడం ద్వారా మన శరీరం ఆరోగ్యంగా ఉంటుంది.,health,4
396,396.0,ఏదైనా వ్యాధి వచ్చినప్పుడు తక్షణ వైద్య సహాయం పొందాలి.,health,4
397,397.0,ఏదైనా వ్యాధి ఉంటే వైద్యుని సంప్రదించడం మంచి.,health,4
398,398.0,శరీర ఆరోగ్యం కోసం నిత్యం వ్యాయాము చేయడం చాలా అవసరం.,health,4
399,399.0,ఏటా ఏటా వైద్య పరీక్షలు చేయించుకోవడం అవసరం.,health,4
400,400.0,ఆహార పదార్థాలు తీసుకోవడం ద్వారా శరీర ఆరోగ్యం మెరుగుపడుతుంది.,health,4
401,401.0,నిద్ర లేమి వల్ల ఆరోగ్య సమస్యలు తలెత్తవచ్చు.,health,4
402,402.0,ఏదైనా వ్యాధి వచ్చినప్పుడు డాక్టరును సంప్రదించడం మంచిది.,health,4
403,403.0,నిద్ర లేమి ఉండటం శరీర ఆరోగ్యానికి ప్రమాదం.,health,4
404,404.0,మానసిక వ్యాధులు తలెత్తడానికి కారణం మానసిక ఒత్తిడి.,health,4
405,405.0,వ్యాధులు రాకుండా ఉండటానికి శుచి పాటిస్తే చాలా మేలు.,health,4
406,406.0,ఏదైనా వ్యాధి వచ్చినప్పుడు వైద్యుడు చూడటం మంచి.,health,4
407,407.0,ప్రతి రోజు మంచి నిద్ర పొందడం ఆరోగ్యానికి చాలా అవసరం.,health,4
408,408.0,ఆహార పదార్థాలు తయారు చేయడం వల్ల శరీర ఆరోగ్యం పెరుగుతుంది.,health,4
409,409.0,శరీర ఆరోగ్యం కోసం ప్రతి రోజు వ్యాయామ్ చేయడం అవసరం.,health,4
410,410.0,వ్యాయామం చేయడం ద్వారా శరీర ఆరోగ్యం మెరుగుపడుతుంది.,health,4
411,411.0,"ఆహారంలో పోషక పదార్థాలు ఉండాలి, అప్పుడే మన శరీరం ఆరోగ్యంగా ఉంటుంది.",health,4
412,412.0,ఏదైనా వ్యాధి నివారణ కోసం ముందుజాంఛన ఉండాలి.,health,4
413,413.0,ఆహారంలో పొటాసియం సంతృప్తి లేకపోవడం ఆరోగ్య సమస్యలకు దారి తీస్తుంది.,health,4
414,414.0,ఆహారంలో పోషక పదార్థాలు ఉండటం ఆరోగ్యానికి మేలు.,health,4
415,415.0,మానసిక వ్యాధులు వచ్చే అవకాశం ఉంటే వైద్యుల సలహా తీసుకోవడం అవసరం.,health,4
416,416.0,ప్రతి రోజు మంచి నిద్ర పొందడం మన ఆరోగ్యానికి చాలా అవసరం.,health,4
417,417.0,ఆహారంలో పొటాసియం సంతృప్తి ఉండటం శరీర ఆరోగ్యానికి మేలు.,health,4
418,418.0,వ్యాధులు వచ్చినప్పుడు వైద్య సలహా తీసుకోవడం మంచి.,health,4
419,419.0,ప్రతి రోజు నిద్ర పొందడం ద్వారా శరీర ఆరోగ్యం కోసం చాలా అవసరం.,health,4
420,420.0,ఏదైనా వ్యాధికి చికిత్స చేయడానికి ముందుగా వైద్యుడిని సంప్రదించడం మంచిది.,health,4
421,421.0,ఆహారంలో పొటాసియం సరిగ్గా ఉండటం రక్తపోటు నియంత్రణకు సహాయపడుతుంది.,health,4
422,422.0,ప్రతి రోజు వ్యాయామ్ చేయడం ద్వారా శరీర ఆరోగ్యం మెరుగుపడుతుంది.,health,4
423,423.0,మానసిక ఆరోగ్యం కోసం ధ్యానం చేయడం ఉత్తమం.,health,4
424,424.0,మానసిక ఆరోగ్యం కోసం ధ్యానం చేయడం ఉపయోగకరం.,health,4
425,425.0,ఆరోగ్య సమస్యలు ఉన్న వారికి వైద్యుల సలహా తీసుకోవడం ఉత్తమం.,health,4
426,426.0,మన శరీరంలో రక్తపు ప్రమాణం సరిగ్గా ఉండాలి.,health,4
427,427.0,మానసిక ఆరోగ్యం కోసం ఏదైనా ఒక వృత్తి చేయడం చాలా ముఖ్యం.,health,4
428,428.0,ప్రతి రోజు వ్యాయామ్ చేయడం దేహ ఆరోగ్యానికి చాలా మేలు.,health,4
429,429.0,మానసిక ఆరోగ్యం కోసం ప్రతి రోజు కనీసం ఐదు నిమిషాలు ధ్యానం చేయడం అవసరం.,health,4
430,430.0,వ్యాధులు రాకుండా ఉండాలంటే ప్రతి రోజు స్వచ్ఛందంగా వ్యాయామ్ చేయాలి.,health,4
431,431.0,కొవిడ్ -19 వ్యాధి నివారణ కోసం టీకాలు తీసుకోవడం చాలా అవసరం.,health,4
432,432.0,మానసిక వ్యాధులు ఉన్న వారికి సహాయం చేయడం అవసరం.,health,4
433,433.0,ఏటువంటి వ్యాధులకు చికిత్స చేయడానికి ఔషధాలు ఉపయోగిస్తారు.,health,4
434,434.0,ఏడాది పొడిగిన తర్వాత వ్యాధులు వచ్చే అవకాశం ఉంటుంది.,health,4
435,435.0,ఆహారంలో పొటాసియం అధికంగా ఉంటే రక్తపోటు పెరుగుతుంది.,health,4
436,436.0,ఆహారంలో పొటాసియం తక్కువగా ఉండడం ఆరోగ్యానికి చాలా మంచిది.,health,4
437,437.0,ఏడాది పొడిగిన తర్వాత మానసిక స్థితి పై ప్రభావం చూపిస్తుంది.,health,4
438,438.0,వ్యాయామ్ చేయడం వల్ల మానసిక ఆరోగ్యం పెరుగుతుంది.,health,4
439,439.0,మానసిక ఆరోగ్యం కోసం ధ్యానం చేయడం చాలా అవసరం.,health,4
440,440.0,మానసిక ఆరోగ్యం కోసం ధ్యానం చేయడం అవసరం.,health,4
441,441.0,వ్యాధులను నివారించేందుకు ఔషధాలు తీసుకోవడం అవసరం.,health,4
442,442.0,ఏదైనా వ్యాధి కారణంగా మానసిక స్థితిపై ప్రభావం చూపిస్తుంది.,health,4
443,443.0,శరీర ఆరోగ్యం కోసం ప్రతి రోజు వ్యాయామ్ చేయడం చాలా అవసరం.,health,4
444,444.0,శరీర ఆరోగ్యం కోసం ప్రతి రోజు కనీసం ఐదు గంటలు నిద్ర పోవడం అవసరం.,health,4
445,445.0,శరీరంలో నీరు తగ్గితే ఆరోగ్య సమస్యలు ఏర్పడతాయి.,health,4
446,446.0,ఏదైనా వ్యాధి ఉంటే వైద్యుని సంప్రదించడం అవసరం.,health,4
447,447.0,"పొట్టి తగ్గించే ఔషధాలు వాడకూడదు, అవి ఆరోగ్యానికి హాని కలిగిస్తాయి.",health,4
448,448.0,ప్రతి రోజు వ్యాయామం చేయడం దేహానికి చాలా మంచిది.,health,4
449,449.0,ఆహారంలో కొవ్వు తగ్గించడం వల్ల రక్తపోటు తగ్గుతుంది.,health,4
450,450.0,వ్యాధులు రాకుండా ఉండటానికి ప్రతి రోజు వైద్య పరీక్ష చేయడం అవసరం.,health,4
451,451.0,ప్రతి రోజు పౌను తినడం వల్ల ఆరోగ్యం పెరుగుతుంది.,health,4
452,452.0,ఏదైనా వ్యాధిని నివారించేందుకు ముందుజాగృతి అవసరం.,health,4
453,453.0,కొవిడ్-19 వ్యాధి నివారణ కోసం టీకాలు తీసుకోవడం చాలా అవసరం.,health,4
454,454.0,కొవిడ్-19 వ్యాధి నివారణ కోసం టీకాలు తీసుకోవాలి.,health,4
455,455.0,ఆరోగ్య సంరక్షణ కోసం ప్రతి రోజు పౌష్టిక ఆహారం తీసుకోవడం చాలా అవసరం.,health,4
456,456.0,కొవిడ్-19 వ్యాధి వ్యాప్తి చేయకుండా ఉండటానికి మాస్కులు ధరించడం చాలా అవసరం.,health,4
457,457.0,మానసిక వ్యాధులు వచ్చే అవకాశాలు తగ్గించడానికి సామాజిక సంఘాలు ఏర్పాటు చేయవచ్చు.,health,4
458,458.0,ఆహార నాణ్యత పెంచడానికి సంతృప్తి కారక ఆహారం తీసుకోవాలి.,health,4
459,459.0,ప్రతి రోజు తాజా గాలి తీసుకోవడం శరీర ఆరోగ్యం కోసం చాలా అవసరం.,health,4
460,460.0,వ్యాయామం చేయడం వల్ల శరీరం బలంగా ఉంటుంది.,health,4
461,461.0,కొవిడ్-19 వ్యాధి నివారణ కోసం టీకాలు తీసుకోవడం చాలా ముఖ్యం.,health,4
462,462.0,శరీర సౌందర్యం కోసం యోగా మరియు వ్యాయామం చేయడం మంచిది.,health,4
463,463.0,ప్రముఖ నటుడు రాజేంద్ర ప్రసాద్ తన నటనా ప్రతిభను ప్రదర్శించాడు.,entertainment,5
464,464.0,సినీ తార అక్కినేని నాగార్జున తన నటనా ప్రతిభావంతో ప్రేక్షకులను ఆకట్టుకున్నాడు.,entertainment,5
465,465.0,ప్రముఖ నటుడు శ్రీ రాజేంద్ర ప్రసాద్ తెలుగు సినిమాల్లో ప్రముఖ పాత్రలు పోషించారు.,entertainment,5
466,466.0,సూపర్‌స్టార్ రజనీకాంత్ తన సినిమా జీవితంలో అనేక అవార్డులు గెలుచుకున్నాడు.,entertainment,5
467,467.0,తెలుగు సినిమా పరిశ్రమలో అత్యధిక విజయవంతమైన దర్శకుడు ఎస్.ఎస్.రాజమౌళి.,entertainment,5
468,468.0,ప్రముఖ నటుడు రాజేంద్ర ప్రసాద్ తన నటనా విన్యాసాలతో ప్రేక్షకులను ఆకట్టుకున్నాడు.,entertainment,5
469,469.0,ఈ సంవత్సరం జరిగే అంతర్జాతీయ సినిమా ఉత్సవాలకు ఆహ్వానం పలకరించారు.,entertainment,5
470,470.0,ప్రముఖ నటుడు రాజేంద్ర ప్రసాద్ తెలుగు సినిమాల్లో అత్యధిక సంఖ్యలో నటించాడు.,entertainment,5
471,471.0,ఈ సంవత్సరం జరిగే అంతర్జాతీయ చలన చిత్రోత్సవంలో తెలుగు చిత్రాలు ప్రదర్శనకు ఎంపికైనవి.,entertainment,5
472,472.0,ప్రముఖ నటుడు రాజేంద్ర ప్రసాద్ తన నటనా విన్యాసాలతో ప్రేక్షకులను ఆకట్టుకున్నారు.,entertainment,5
473,473.0,ఈ సంవత్సరం జరిగే అతిపెద్ద సంగీత ఉత్సవంలో పాల్గొనే అవకాశం ఉంది.,entertainment,5
474,474.0,తెలుగు సినిమా పరిశ్రమలో అతి పెద్ద నటులు శ్రీ కృష్ణ గారు తన జీవిత చరిత్రను రచించారు.,entertainment,5
475,475.0,ప్రముఖ సంగీత విద్వాన్ శ్రీ కె.వి. మహదేవన్ తన సంగీత ప్రదర్శనతో ప్రేక్షకులను రంజుపెట్టాడు.,entertainment,5
476,476.0,టెలివిజన్ ఛానల్ పై ప్రసారమైన ధారావాహిక కార్యక్రమం అనేది ప్రేక్షకులను ఆకట్టుకుంటుంది.,entertainment,5
477,477.0,టివి ఛానెల్స్‌లో ప్రసారమైన అనేక రియాలిటీ షోలు ప్రేక్షకులను ఆకట్టుకున్నాయి.,entertainment,5
478,478.0,ప్రముఖ నటుడు రాజేంద్ర ప్రసాద్ తన నటనా విభాగంలో అనేక అవార్డులు గెలుచుకున్నాడు.,entertainment,5
479,479.0,ఈ వేసవి కాలంలో జరిగే అతి పెద్ద కార్యక్రమాలు జరుగుతున్నాయి.,entertainment,5
480,480.0,తెలుగు సినిమా రంగంలో అత్యధిక ప్రజాదరణ పొందిన నటుడు చిరంజీవి.,entertainment,5
481,481.0,ప్రముఖ నటుడు రాజేంద్ర ప్రసాద్ తన నటనా వృత్తిలో 30 ఏళ్లు పూర్తి చేసుకున్నాడు.,entertainment,5
482,482.0,ప్రముఖ నటుడు శ్రీ నాగార్జున తొలి సినిమా విడుదలకు సన్నాహం చేశారు.,entertainment,5
483,483.0,ప్రసిద్ధ నటుడు శ్రీ నాగార్జున ప్రదర్శనలో పాల్గొన్నారు.,entertainment,5
484,484.0,ప్రముఖ నటుడు చిరంజీవి తన నటనా ప్రాణాన్ని ప్రదర్శించారు.,entertainment,5
485,485.0,ఈ సంవత్సరం జరిగే అంతర్జాతీయ సినిమా ఉత్సవాలలో పాల్గొనే సినిమాలు ఎన్నో ఉన్నాయి.,entertainment,5
486,486.0,ఈ సంవత్సరం జరిగే అతి పెద్ద సంగీత ఉత్సవం అనేది చాలా ఆసక్తికరంగా ఉంది.,entertainment,5
487,487.0,ఈ సంవత్సరం జరిగే అంతర్జాతీయ చలన చిత్రోత్సవంలో పాల్గొనే చిత్రాలు ఎన్నో ఉన్నాయి.,entertainment,5
488,488.0,ప్రముఖ నటుడు శ్రీ నాగార్జున్ తన జీవిత చరిత్రను పుస్తక రూపంలో వెలువరించారు.,entertainment,5
489,489.0,గాయకుడు కె.జె. యేసుదాస్ తన స్వరంతో ప్రేక్షకులను రంజింపజేసాడు.,entertainment,5
490,490.0,తెలుగు సినిమా పరిశ్రమలో అతి పెద్ద స్టార్ అయిన చిరంజీవి తన నటనా ప్రతిభను ప్రదర్శించారు.,entertainment,5
491,491.0,ఈ సంవత్సరం జరిగే అంతర్జాతీయ చలన చిత్రోత్సవంలో ప్రముఖ చిత్రాలు ప్రదర్శించబడుతున్నాయి.,entertainment,5
492,492.0,ఈ సంవత్సరం జరిగే అతి పెద్ద సంగీత ఉత్సవం కొరకు ప్రజలు ఆసక్తిగా ఉన్నారు.,entertainment,5
493,493.0,ప్రముఖ దర్శకుడు రాజామౌళి తన దర్శకత్వంలో నిర్మించిన చిత్రాలు ప్రేక్షకులను ఆకట్టుకున్నాయి.,entertainment,5
494,494.0,ఈ వారం విడుదలైన సినిమాల్లో అతి పెద్ద సినిమా అని చెప్పబడింది.,entertainment,5
495,495.0,సుప్రసిద్ధ సంగీత విద్వాన్ శ్రీ కె.వి. మహదేవన్ తన సంగీత ప్రతిభతో అనేక పురస్కారాలను పొందారు.,entertainment,5
496,496.0,ప్రసిద్ధ నటుడు రాజేంద్ర ప్రసాద్ తన నటనా విన్యాసాలతో ప్రేక్షకులను అలరించాడు.,entertainment,5
497,497.0,తెలుగు సినిమా రంగంలో ప్రముఖ దర్శకుడు శ్రీ రాజామౌళి చాలా చిత్రాలు తీసారు.,entertainment,5
498,498.0,ఈ వారం జరిగే అతి పెద్ద కామెడీ నైట్ అనేది చాలా ఆసక్తికరంగా ఉంది.,entertainment,5
499,499.0,ఈ సంవత్సరం ప్రారంభంలో జరిగిన అంతర్జాతీయ సినిమా ఉత్సవంలో అనేక సినిమాలు ప్రదర్శించబడ్డాయి.,entertainment,5
500,500.0,ప్రముఖ దర్శకుడు రాజామౌళి తన దర్శకత్వంలో తీసిన చిత్రం అనేక అవార్డులు గెలుచుకుంది.,entertainment,5
501,501.0,ప్రముఖ నటుడు రాజేంద్ర ప్రసాద్ తన నటనా విన్యాసాలతో ప్రేక్షకులను అలరించాడు.,entertainment,5
502,502.0,ప్రముఖ నటుడు రాజేంద్ర ప్రసాద్ తెలుగు సినిమాల్లో ప్రముఖ పాత్రలు పోషించారు.,entertainment,5
503,503.0,ప్రముఖ నటుడు రాజేంద్ర ప్రసాద్ తన నటనా వృత్తిలో 30 సంవత్సరాలు పూర్తి చేసుకున్నారు.,entertainment,5
504,504.0,సుప్రసిద్ధ నటుడు రాజేంద్ర ప్రసాద్ తన నటనా ప్రతిభావంతో ప్రేక్షకులను ఆకట్టుకున్నాడు.,entertainment,5
505,505.0,ప్రముఖ దర్శకుడు రాజామౌళి తన కొత్త చిత్రం కోసం ప్రముఖ నటులను ఎన్నుకున్నాడు.,entertainment,5
506,506.0,టెలివిజన్ ఛానెల్ లో ప్రసారమైన జనరల్ కన్వర్సేషన్ కార్యక్రమం అనేది చాలా ప్రజాదరణ పొందినది.,entertainment,5
507,507.0,సంగీత దర్శకుడు ఎస్.పి. బాలసుబ్రహ్మణ్యం తన సంగీత ప్రస్థానను ప్రారంభించాడు.,entertainment,5
508,508.0,ఈ సంవత్సరం జరిగే అతి పెద్ద సంగీత ఉత్సవంలో పాల్గొనే కళాకారులు ఎందరో!,entertainment,5
509,509.0,ఈ సంవత్సరం జరిగే అంతర్జాతీయ సినిమా ఉత్సవాల్లో పాల్గొనే సినిమాలు ఎన్నో ఉన్నాయి.,entertainment,5
510,510.0,తెలుగు సినిమా పరిశ్రమలో అత్యంత ప్రజాదరణ పొందిన నటుడు శ్రీ చిరంజీవి.,entertainment,5
511,511.0,ఈ వారం ప్రసారమైన టీవీ కార్యక్రమంలో పాల్గొనే నటులు ఎన్నో ఉన్నారు.,entertainment,5
512,512.0,ప్రముఖ నటుడు రాజేంద్ర ప్రసాద్ తన నటనా విన్యాసాలతో ప్రేక్షకులను అలరించారు.,entertainment,5
513,513.0,ప్రసిద్ధ నటుడు రాజేంద్ర ప్రసాద్ తన నటనా ప్రతిభతో ప్రేక్షకులను అలరించాడు.,entertainment,5
514,514.0,ప్రసిద్ధ సంగీత విద్వాన్ శ్రీ రాజేశ్వరి తన సంగీత ప్రతిభావంతో ప్రేక్షకులను ఆకట్టుకున్నారు.,entertainment,5
515,515.0,ప్రముఖ సంగీత విద్వాన్ శ్రీ విద్యారణ్య స్వామి తన సంగీత ప్రదర్శనలో అనేక గానాలు పాడారు.,entertainment,5
516,516.0,నేటి రాత్రి టీవీలో ప్రసారమవుతున్న కామెడీ షో చూడండి.,entertainment,5
517,517.0,సుప్రసిద్ధ నటుడు రాజేంద్ర ప్రసాద్ తెలుగు సినిమాల్లో ప్రముఖ పాత్రలు పోషించారు.,entertainment,5
518,518.0,ప్రముఖ దర్శకుడు శ్యామ్ బెనెగల్ తన కెరీర్ లో అనేక హిట్ సినిమాలు తీసాడు.,entertainment,5
519,519.0,ప్రముఖ సంగీత విద్వాన్ శ్రీ రాము తన సంగీత ప్రతిభావంతో ప్రేక్షకులను ఆకట్టుకున్నాడు.,entertainment,5
520,520.0,ఈ సంవత్సరం జరిగే అతిపెద్ద సంగీత ఉత్సవంలో ప్రముఖ గాయకులు పాల్గొన్నారు.,entertainment,5
521,521.0,స్టార్ హెరోస్ సినిమాలో నటుడు సూర్య ప్రధాన పాత్రను పోషించాడు.,entertainment,5
522,522.0,ఈ సంవత్సరం జరిగే అంతర్జాతీయ సంగీత ఉత్సవంలో ప్రముఖ గాయకులు పాల్గొన్నారు.,entertainment,5
523,523.0,ఈ సంవత్సరం జరిగే అంతర్జాతీయ చలనచిత్రోత్సవంలో ప్రముఖ దర్శకులు పాల్గొన్నారు.,entertainment,5
524,524.0,ఈ సంవత్సరం జరిగే అంతర్జాతీయ సినిమా ఉత్సవాలలో అతి పెద్ద సినిమాలు ప్రదర్శించబడ్డాయి.,entertainment,5
525,525.0,సూపర్ స్టార్ రాజేంద్ర ప్రసాద్ తన నటనా ప్రతిభావంతో ప్రేక్షకులను ఆకట్టుకున్నాడు.,entertainment,5
526,526.0,ఈ సంవత్సరం జూలై 15న జరిగే అంతర్జాతీయ చలన చిత్రోత్సవంలో పాల్గొనే అవకాశం లభించింది.,entertainment,5
527,527.0,ఈ సంవత్సరం జరిగే అంతర్జాతీయ సినిమా ఉత్సవంలో అనేక దేశాల నుండి వచ్చిన ప్రతినిధులు పాల్గొన్నారు.,entertainment,5
528,528.0,తెలుగు సినిమా రంగంలో అత్యంత ప్రజాదరణ పొందిన నటుడు చిరంజీవి.,entertainment,5
529,529.0,ప్రముఖ నటుడు శ్రీ నాగార్జున్ తన నటనా వృత్తిలో 30 ఏళ్ళు పూర్తి చేసుకున్నారు.,entertainment,5
530,530.0,టాలీవుడ్ నటుడు రాణా దగ్గుపాటి తన నటనా విన్యాసాలతో ప్రేక్షకులను అలరించారు.,entertainment,5
531,531.0,ఈ సంవత్సరం జరిగే అంతర్జాతీయ చలన చిత్రోత్సవంలో పాల్గొనే సినిమాలు ఎన్నో ఉన్నాయి.,entertainment,5
532,532.0,ఈ సంవత్సరం జరిగే అంతర్జాతీయ సినిమా ఉత్సవాల్లో పాల్గొనే చిత్రాలు ఎన్నో ఉన్నాయి.,entertainment,5
533,533.0,ప్రసిద్ధ నటుడు రాజేంద్ర ప్రసాద్ తన నటనా వృత్తిలో 30 ఏళ్లు పూర్తి చేసుకున్నాడు.,entertainment,5
534,534.0,ఈ సంవత్సరం జరిగే అంతర్జాతీయ చలన చిత్రోత్సవంలో పాల్గొనే చిత్రాలు ఎన్నుకోబడ్డాయి.,entertainment,5
535,535.0,ఈ సంవత్సరం ప్రారంభంలో జరిగే అతి పెద్ద సంగీత సభలు జరుగుతున్నాయి.,entertainment,5
536,536.0,సుప్రసిద్ధ నటుడు రాజేంద్ర ప్రసాద్ తన నటనా విన్యాసాలతో ప్రేక్షకులను ఆకట్టుకున్నాడు.,entertainment,5
537,537.0,తెలుగు సినిమా రంగంలో అత్యంత ప్రముఖ దర్శకుడు రాజామౌళి తెలుగు సినిమాలు దర్శకత్వం వహించారు.,entertainment,5
538,538.0,ప్రముఖ గాయకుడు ఎస్. పి. బాలసుబ్రహ్మణ్యం తన స్వరంతో ప్రేక్షకులను రంజుపెట్టాడు.,entertainment,5
539,539.0,తెలుగు సినిమా పరిశ్రమలో అతి పెద్ద నటులు కొందరు ఉన్నారు.,entertainment,5
540,540.0,టాలీవుడ్ నటుడు రాజేంద్ర ప్రసాద్ తన నటనా ప్రతిభను ప్రదర్శించాడు.,entertainment,5
541,541.0,తెలుగు సినిమా పరిశ్రమలో అత్యంత ప్రజాదరణ పొందిన నటుడు చిరంజీవి కుమారుడు రామ్ చరణ్.,entertainment,5
542,542.0,ఈ సంవత్సరం జూన్ నెలలో జరిగే అంతర్జాతీయ సంగీత ఉత్సవంలో పాల్గొనే అవకాశం లభించింది.,entertainment,5
543,543.0,సంగీత దర్శకుడు ఎస్. పి. బాలసుబ్రహ్మణ్యం తన స్వరసంగీతంతో ప్రేక్షకులను ముగ్ధపరచాడు.,entertainment,5
544,544.0,ఈ సంవత్సరం జరిగే అంతర్జాతీయ సినిమా ఉత్సవంలో ప్రముఖ దర్శకులు పాల్గొన్నారు.,entertainment,5
545,545.0,ఈ సంవత్సరం జరిగే అంతర్జాతీయ సినిమా ఉత్సవంలో పాల్గొనే సినిమాలు ఎన్నో ఉన్నాయి.,entertainment,5
546,546.0,ప్రముఖ నటుడు రాజేంద్ర ప్రసాద్ తన నటనా వృత్తిని ప్రారంభించాడు.,entertainment,5
547,547.0,ప్రముఖ నటుడు రాజేంద్ర ప్రసాద్ తన నటనా ప్రతిభావంతో ప్రేక్షకులను ఆకట్టుకున్నాడు.,entertainment,5
548,548.0,ఈ సంవత్సరం జరిగే అంతర్జాతీయ సినిమా ఉత్సవంలో పాల్గొనే చిత్రాలు ఎన్నో ఉన్నాయి.,entertainment,5
549,549.0,టాలీవుడ్ నటుడు రాజేంద్ర ప్రసాద్ తన నటనా ప్రాణాన్ని ప్రదర్శించారు.,entertainment,5
550,550.0,ప్రముఖ దర్శకుడు శ్రీ రాజామౌళి తన తాజా సినిమాకు ప్రచారం చేశారు.,entertainment,5
551,551.0,ప్రముఖ నటుడు శ్రీ నాగార్జున్ తన కెరీర్‌లో అనేక హిట్ సినిమాలు ఇచ్చారు.,entertainment,5
552,552.0,ప్రముఖ దర్శకుడు శ్రీ రాజామౌళి దర్శకత్వం వహించిన సినిమా చాలా విజయవంతంగా ఉంది.,entertainment,5
553,553.0,ప్రముఖ సంగీత దర్శకుడు ఎస్.పి. బాలసుబ్రహ్మణ్యం తన 75వ జన్మదినోత్సవం జరుపుకున్నారు.,entertainment,5
554,554.0,ప్రముఖ నటుడు రాజేంద్ర ప్రసాద్ తన నటనా విభిన్న పాత్రలను ప్రదర్శించారు.,entertainment,5
555,555.0,ఈ సంవత్సరం జరిగే అంతర్జాతీయ సంగీత ఉత్సవంలో ప్రముఖ సంగీత విద్వాంసులు పాల్గొన్నారు.,entertainment,5
556,556.0,సంగీత దర్శకుడు ఎస్. పి. బాలసుబ్రహ్మణ్యం తన సంగీత ప్రతిభను ప్రదర్శించాడు.,entertainment,5
557,557.0,"భారత దేశంలో అతి ఎత్తైన పర్వతం నందా దేవి, ఇది 7,816 మీటర్ల ఎత్తును కలిగి ఉంది.",geography,6
558,558.0,"ఆస్ట్రేలియా ఖండంలో అతి పెద్ద నది ముర్రే నది, ఇది 2,530 కిలోమీటర్ల పొడవును కలిగి ఉంది.",geography,6
559,559.0,"ఐరోపా ఖండం పై ఉన్న అతి పెద్ద నది వోల్గా నది, ఇది రష్యా దేశంలో ఉంది.",geography,6
560,560.0,"ఆస్ట్రేలియా ఖండం యొక్క విస్తీర్ణం 7,686,850 చదరపు కిలోమీటర్లు.",geography,6
561,561.0,"ఆస్ట్రేలియా దేశం 7,686,850 చదరపు కిలోమీటర్ల విస్తీర్ణంలో ఉంది, ఇది ప్రపంచంలో ఆరవ అతి పెద్ద దేశం.",geography,6
562,562.0,ఐరోపా ఖండం పై ఉన్న అతి పెద్ద పర్వత శ్రేణి ఆల్ప్స్ అని పిలువబడుతుంది.,geography,6
563,563.0,ఆఫ్రికా ఖండంలో ఉన్న అతి పెద్ద ఎడలో సరస్సు విక్టోరియా సరస్సు.,geography,6
564,564.0,"ఐరోపా ఖండంలో ఉన్న అతి పెద్ద పర్వతం మౌంట్ ఎల్బ్రస్, ఇది 5,642 మీటర్ల ఎత్తును కలిగి ఉంది.",geography,6
565,565.0,ఆస్ట్రేలియా ఖండంలో ఉన్న అతి పెద్ద నది ముర్రే నది.,geography,6
566,566.0,"ఐరోపా ఖండం పొడవు 3,837 మైళ్ళు, వెడల్పు 2,574 మైళ్ళు.",geography,6
567,567.0,"ఐరోపా ఖండం ప్రపంచంలో 2వ అతిపెద్ద ఖండం, ఇది 10,180,000 చదరపు కిలోమీటర్ల విస్తీర్ణంలో ఉంది.",geography,6
568,568.0,"భారత దేశం 3,287,590 చదరపు కిలోమీటర్ల విస్తీర్ణంలో ఉంది, ఇది ప్రపంచంలో ఏడవ అతి పెద్ద దేశం.",geography,6
569,569.0,"భారత దేశం యొక్క సరాసరి ఎత్తు 160 మీటర్లు, ఇందులో హిమాలయ పర్వతాలు 8,000 మీటర్ల ఎత్తును కలిగి ఉన్నాయి.",geography,6
570,570.0,ఐరోపా ఖండంలో ఉన్న అతి పెద్ద పర్వత శ్రేణి ఆల్ప్స్.,geography,6
571,571.0,ఆఫ్రికా ఖండంలో అతి పొడవైన సరస్సు నైల్ నది.,geography,6
572,572.0,"భారత దేశంలో అతి పెద్ద నది గంగా నది, ఇది హిమాలయ పర్వతాల నుండి పుట్టి బంగాళాఖాతంలో కలుస్తుంది.",geography,6
573,573.0,ఆస్ట్రేలియా ఖండం పై ఉన్న అతి పెద్ద మరుగునీటి సరస్సు కేంద్రంగా ఉంది.,geography,6
574,574.0,"భారత దేశంలో అతి పెద్ద జలసంధి ఇండస్ జలసంధి, ఇది 3,180 కిలోమీటర్ల పొడవుతో ఉంది.",geography,6
575,575.0,ఈ పర్వత శ్రేణి 300 కిలోమీటర్ల పొడవు మరియు 30 కిలోమీటర్ల వెడల్పు కలిగి ఉంది.,geography,6
576,576.0,ఆస్ట్రేలియా ఖండంలో అతి పెద్ద మరియు అతి చిన్న ద్వీపాలు ఉన్నాయి.,geography,6
577,577.0,"అమెరికా సంయుక్త రాష్ట్రాలు 9,833,520 చదరపు కిలోమీటర్ల విస్తీర్ణంలో ఉంది.",geography,6
578,578.0,భారత దేశంలో అతి పెద్ద జలసంధి కలిగి ఉన్న సరోవర్ సరస్సు.,geography,6
579,579.0,ఐరోపా ఖండంలో ఉన్న అతి పెద్ద పర్వతం మౌంట్ ఎల్బ్రస్.,geography,6
580,580.0,అమెరికా సంయుక్త రాష్ట్రాలు ఉత్తర అక్షాంశ 24°30 నుండి 49°23 వరకు ఉంది.,geography,6
581,581.0,ఆస్ట్రేలియా ఖండం పై ఉన్న అతి పెద్ద ఎడల ప్రదేశం కొలంబియా ప్రాంతంలో ఉంది.,geography,6
582,582.0,ఆఫ్రికా ఖండంలో ఉన్న అతి పెద్ద ఎడలో నైల్ నది.,geography,6
583,583.0,"ఐరోపా ఖండంలో అతి పెద్ద సరస్సు కాస్పియన్ సరస్సు, ఇది 371,000 చదరపు కిలోమీటర్ల విస్తీర్ణంతో ఉంది.",geography,6
584,584.0,ఆఫ్రికా ఖండంలో ఉన్న అతి పెద్ద ఎడలో సరస్సు.,geography,6
585,585.0,"ఆస్ట్రేలియా ఖండంలో ఉన్న అతి పెద్ద నది ముర్రే నది, ఇది 2,530 కిలోమీటర్ల పొడవును కలిగి ఉంది.",geography,6
586,586.0,"ఆస్ట్రేలియా దేశం పొడవు 2,500 మైళ్ళు, వెడల్పు 1,980 మైళ్ళు.",geography,6
587,587.0,"ఐరోపా ఖండంలో అతి పెద్ద పర్వత శ్రేణి ఆల్ప్స్, ఇది 1,200 కిలోమీటర్ల పొడవుతో ఉంది.",geography,6
588,588.0,"ఆఫ్రికా ఖండం పొడవు 4,860 మైళ్ళు, వెడల్పు 4,660 మైళ్ళు.",geography,6
589,589.0,"ఐరోపా ఖండం 10,180,000 చదరపు కిలోమీటర్ల విస్తీర్ణంలో ఉంది.",geography,6
590,590.0,"ఐరోపా ఖండం ప్రపంచంలో రెండవ అతి చిన్న ఖండం, ఇది 10,180,000 చదరపు కిలోమీటర్ల విస్తీర్ణంలో ఉంది.",geography,6
591,591.0,అమెజాన్ నది దక్షిణ అమెరికాలో ఉంది.,geography,6
592,592.0,"భారత దేశంలో ఉన్న అతి పెద్ద నది గంగానది, ఇది హిమాలయ పర్వతాల నుండి పుట్టి బంగాళాఖాతంలో కలుస్తుంది.",geography,6
593,593.0,యూరోపియన్ ఖండంలో ఉన్న అతి పెద్ద సరస్సు కాస్పియన్ సరస్సు.,geography,6
594,594.0,"ఐరోపా ఖండం యొక్క విస్తీర్ణం 10,180,000 చదరపు కిలోమీటర్లు.",geography,6
595,595.0,"ఐరోపా ఖండంలో ఉన్న అతి పెద్ద పర్వతం మౌంట్ ఎల్బ్రస్, ఇది రష్యా-జార్జియా సరిహద్దులో ఉంది.",geography,6
596,596.0,ఐరోపా ఖండంలో ఉన్న అతి పెద్ద పర్వత శ్రేణి ఆల్ప్స్ పర్వతాలు.,geography,6
597,597.0,"భారత దేశంలో అతి ఎత్తైన పర్వత శ్రేణి హిమాలయ పర్వతాలు, ఇవి 8,848 మీటర్ల ఎత్తుతో ఉంది.",geography,6
598,598.0,"ఆస్ట్రేలియా ఖండంలో అతి పెద్ద నది ముర్రే నది, దీని పొడవు 2,530 కిలోమీటర్లు.",geography,6
599,599.0,"ఆస్ట్రేలియా దేశం 7,686,850 చదరపు కిలోమీటర్ల విస్తీర్ణంలో ఉంది, ఇది ప్రపంచంలో 6వ అతిపెద్ద దేశం.",geography,6
600,600.0,"భారత దేశం 3,287,590 చదరపు కిలోమీటర్ల విస్తీర్ణంలో ఉంది, ఇది ప్రపంచంలో 7వ అతిపెద్ద దేశం.",geography,6
601,601.0,"హిమాలయ పర్వతాలు భారతదేశం, నేపాల్, భూటాన్, పాకిస్తాన్ దేశాలలో ఉన్నాయి.",geography,6
602,602.0,భారత దేశంలో ఉన్న అతి పెద్ద జలసంధి ఇండస్ జలసంధి.,geography,6
603,603.0,ఆస్ట్రేలియా ఖండంలో అతి పెద్ద ఎత్తును కలిగి ఉన్న పర్వతం గ్రోస్ గ్లేసియర్.,geography,6
604,604.0,"ఆఫ్రికా ఖండం పై ఉన్న అతి పెద్ద ఎత్తు మౌంట్ కిలిమంజారో, ఇది టాంజానియా దేశంలో ఉంది.",geography,6
605,605.0,"ఆస్ట్రేలియా ఖండంలో అతి పెద్ద నగరం సిడ్నీ, ఇది న్యూ సౌత్ వేల్స్ రాష్ట్రంలో ఉంది.",geography,6
606,606.0,"అమెరికా ఖండం యొక్క విస్తీర్ణం 42,549,000 చదరపు కిలోమీటర్లు.",geography,6
607,607.0,ఆస్ట్రేలియా ఖండం పై ఉన్న అతి పెద్ద ఎరుపు ఇసుక ప్రదేశం ఉంది.,geography,6
608,608.0,"ఐరోపా ఖండంలో అతి పెద్ద పర్వతం మౌంట్ ఎల్బ్రస్, ఇది 5,642 మీటర్ల ఎత్తును కలిగి ఉంది.",geography,6
609,609.0,యురేషియా ఖండంలో ఉన్న అతి పెద్ద నది వోల్గా నది.,geography,6
610,610.0,"ఐరోపా ఖండం 10,180,000 చదరపు కిలోమీటర్ల విస్తీర్ణంలో ఉంది, ఇది ప్రపంచంలో రెండవ అతి పెద్ద ఖండం.",geography,6
611,611.0,భారత దేశం యొక్క ఉత్తర సరిహద్దులో హిమాలయ పర్వతాలు ఉన్నాయి.,geography,6
612,612.0,భారత దేశం ఉత్తర అక్షాంశ 8°4 నుండి 37°6 వరకు ఉంది.,geography,6
613,613.0,నైలు నది ఆఫ్రికా ఖండంలో ఉంది.,geography,6
614,614.0,ఐరోపా ఖండంలో అతి పొడవైన నది వోల్గా నది.,geography,6
615,615.0,"ఆస్ట్రేలియా ఖండంలో అతి పెద్ద నది ముర్రే నది, ఇది 2,530 కిలోమీటర్ల పొడవుతో ఉంది.",geography,6
616,616.0,"ఆస్ట్రేలియా దేశం 7,686,850 చదరపు కిలోమీటర్ల విస్తీర్ణంలో ఉంది.",geography,6
617,617.0,"ఐరోపా ఖండంలో అతి చిన్న దేశం వాటికన్ సిటీ, దీని వైశాల్యం 110 ఎకరాలు.",geography,6
618,618.0,"భారత దేశం యొక్క సరిహద్దులు 15,106.4 కిలోమీటర్లు.",geography,6
619,619.0,"ఆఫ్రికా ఖండం యొక్క విస్తీర్ణం 30,370,000 చదరపు కిలోమీటర్లు.",geography,6
620,620.0,ఆస్ట్రేలియా ఖండంలో ఉన్న అతి పెద్ద ఎరుపు ఇసుక ఉంది.,geography,6
621,621.0,అంటార్కటికా ఖండం -90° నుండి -60° అక్షాంశంలో ఉంది.,geography,6
622,622.0,యురేషియా ఖండంలో ఉన్న అతి పెద్ద ద్వీప గ్రీన్‌ల్యాండ్.,geography,6
623,623.0,"భారత దేశంలో అతి పెద్ద నది గంగా నది, దీని పొడవు 2525 కిలోమీటర్లు.",geography,6
624,624.0,హిమాలయ పర్వతాలు భారత దేశంలో ఉన్నాయి.,geography,6
625,625.0,"అంటార్కటికా ఖండం ప్రపంచంలో అతి చల్లని ప్రదేశం, -93.2°C వరకు ఉష్ణోగ్రత ఉంటుంది.",geography,6
626,626.0,భారత దేశంలో ఉన్న అతి పెద్ద పర్వత శ్రేణి హిమాలయ పర్వత శ్రేణి.,geography,6
627,627.0,"ఐరోపా ఖండంలో అతి పెద్ద సరస్సు కాస్పియన్ సముద్రం, దీని విస్తీర్ణం 371,000 చదరపు కిలోమీటర్లు.",geography,6
628,628.0,భారత దేశంలో ఉన్న అతి పెద్ద నది గంగానది.,geography,6
629,629.0,"భారత దేశం 3,287,590 చదరపు కిలోమీటర్ల విస్తీర్ణంలో ఉంది.",geography,6
630,630.0,"ఐరోపా ఖండంలో అతి పెద్ద దేశం రష్యా, ఇది ఆగ్నేయ ఐరోపాలో ఉంది.",geography,6
631,631.0,ఆఫ్రికా ఖండంలో ఉన్న అతి పెద్ద ఎత్తులో ఉన్న ప్రదేశం మౌంట్ కిలిమంజారో.,geography,6
632,632.0,"భారత దేశంలో అతి పెద్ద నది గంగా నది, ఇది 2,525 కిలోమీటర్ల పొడవును కలిగి ఉంది.",geography,6
633,633.0,ఐరోపా ఖండంలో ఉన్న అతి పెద్ద సరస్సు కాస్పియన్ సరస్సు.,geography,6
634,634.0,భారత దేశంలో ఉన్న అతి పెద్ద నది గంగా నది అని పిలువబడుతుంది.,geography,6
635,635.0,ఆస్ట్రేలియా ఖండం పై ఉన్న అతి పెద్ద ఎడల ప్రాంతం సిడ్నీ బేసిన్ అని పిలువబడుతుంది.,geography,6
636,636.0,"భారత దేశంలో ఉన్న అతి ఎత్తైన పర్వతం నందా దేవి, ఇది 7,816 మీటర్ల ఎత్తును కలిగి ఉంది.",geography,6
637,637.0,"భారత దేశంలో అతి ఎత్తైన పర్వతం నందా దేవి, దీని ఎత్తు 7,816 మీటర్లు.",geography,6
638,638.0,అమెరికా ఖండంలో ఉన్న అతి పెద్ద నది అమెజాన్ నది.,geography,6
639,639.0,చైనా దేశంలో అతి ఎత్తైన పర్వతం మౌంట్ ఎవరెస్ట్.,geography,6
0,,సినిమాలు మన జీవితాన్ని ప్రభావితం చేస్తున్నాయి. వాటిలో కొన్ని మంచి సామాజిక సందేశాలను తెలియజేస్తున్నాయి.,entertainment,5
1,,ఆరోగ్య పరిరక్షణ కొరకు మనం చేయవలసిన ప్రథమ అడుగు మన జీవన శైలిని మార్చుకోవడం.,health,4
2,,హాకీ ఆట క్రీడాకారులకు చాలా ఇష్టమైన ఆట. ఈ ఆటలో కస్టమైజ్ చేసిన దండులతో బంతిని ఢీకొనడం వంటి సంఘటనలు జరుగుతాయి.,sports,3
3,,"ఆస్ట్రేలియా ఖండంలో ఎన్నో దేశాలు ఉన్నాయి, వాటిలో ఆస్ట్రేలియా, న్యూజీలాండ్, పాపువా న్యూగినియా ముఖ్యమైనవి.",geography,6
4,,"శారీరక ఆరోగ్యం -- 
శారీరక ఆరోగ్యం అనేది మనందరికీ తెలిసిన విషయం.",health,4
5,,సినిమాలు మానవ జీవితానికి చాలా దగ్గరగా ఉంటాయి. అవి మన భావాలను ప్రభావితం చేస్తాయి.,entertainment,5
6,,"స్పేస్ రీసర్చ్ లో రోబోటిక్స్ అనే రంగం ఉంటుంది, దీని ద్వారా అంతరిక్ష పరిశోధనలో మరిన్ని ఆవిష్కరణలు చేయవచ్చు.",science/technology,0
7,,ఆరోగ్య సంరక్షణ కొరకు ఔషధాలు ముఖ్యమైనవి. ఔషధాలు మన శరీరానికి అవసరమైన సంక్రమణ నివారణకు ఉపయోగపడతాయి.,health,4
8,,"జెనెటిక్స్ రంగంలో చాలా ఆధునిక పరిజ్ఞానం అభివృద్ధి చేయబడింది, ఇది మనం జీవితంలో చాలా ప్రభావం చూపుతుంది.",science/technology,0
9,,"మనం వినోదం కోసం చాలా రకాలు ఉన్నాయి. వాటిలో కొన్ని సాంఘిక వినోదాలు, కొన్ని వ్యక్తిగత వినోదాలు.",entertainment,5
10,,"ఆరోగ్య సమస్యలను పరిష్కరించడానికి డాక్టర్లు చాలా కృషి చేస్తున్నారు, అందుకు కారణం ఆరోగ్య సమస్యలు ఎక్కువ మందిని ప్రభావితం చేస్తున్నాయి.",health,4
11,,స్వాస్థ్యం పట్ల మనం ఎక్కువ శ్రద్ధ వహించాలి. స్వాస్థ్యం లేకపోవడం వల్ల చాలా సమస్యలు వస్తాయి.,health,4
12,,అంటార్కిటికా ఖండం దక్షిణ అర్థగోళంలో ఉంది. ఇది 14 మిలియన్ చదరపు కిలోమీటర్ల విస్తీర్ణంతో ఉంది.,geography,6
13,,ప్రజాస్వామ్యం అనేది రాజకీయాలలో ఒక ప్రధాన ఆశయం. ఇందులో పౌరులు తమ హక్కులు కాపాడుకునే ఉద్దేశ్యంతో పాలన సంఘటన జరుగుతుంది.,politics,2
14,,"క్రీడలు మానవుడి ఆరోగ్యాన్ని పెంచుతాయి, అయినా వాటి ప్రాముఖ్యతను గుర్తించకుండా ఉంటున్నారు.",sports,3
15,,మన దేశంలో చాలా ప్రజాదరణ పొందుతున్న వినోదాన్ని కార్యక్రమాలు ఉన్నాయి. వాటిలో కొన్ని ప్రసిద్ధ కార్యక్రమాలు ఉన్నాయి.,entertainment,5
16,,ప్రజాస్వామ్యం అనేది ప్రజల చేత ప్రజలకు ఉన్న పరిపాలన వ్యవస్థ అని చెప్పుకోదగినది. అయితే ఈ వ్యవస్థ ఎలా పనిచేస్తుంది?,politics,2
17,,రాజకీయాల్లో అత్యంత కీలకైన అంశల్లో ఒకటి పౌర హక్కులు. ప్రజలకు వారి హక్కులు కాపాడుకొనేందుకు పౌర హక్కుల చట్టం ఉంటుంది.,politics,2
18,,"ఆహారం సంబంధించిన రోగాలు చాలా ఉన్నాయి, దీనిని నివారించే చర్యలు చాలా ముఖ్యం.",health,4
19,,"పెద్ద అఖాతం చుట్టూ మరియు పర్వతాలతో చుట్టబడి ఉన్న నగరం స్మైర్నా ఇప్పుడు ఆధునిక, అభివృద్ధి చెందిన, మరియు బిజీ వాణిజ్య కేంద్రంగా ఉంది.",geography,6
20,,మన శరీరంలో ఉండే జీవకణాలు మన ఆరోగ్యాన్ని నిర్వహించడంలో చాలా ముఖ్యం.,health,4
21,,సంగీతం మన జీవితాన్ని ఆనందంగా చేస్తుంది. దీనిని మనం ఎంతో ఇష్టంగా వినుతున్నాము.,entertainment,5
22,,క్రీడలు వ్యక్తిగత సాధన కోసం ఉపయోగపడతాయి. వాటి ద్వారా వ్యక్తులు తమ లక్ష్యాలను సాధించుకోవడానికి వీలు కల్పిస్తుంది.,sports,3
23,,వైద్య సంరక్షణ కొరకు మనం ఎక్కువ శ్రద్ధ వహించాలి. వైద్య సంరక్షణ లేకపోవడం వల్ల చాలా సమస్యలు వస్తాయి.,health,4
24,,"ఆఫ్రికా ఖండం అతి పెద్ద మొత్తం కలిగిన ఖండం కాదు, అయితే అతి పెద్ద స్థలాకృతి కలిగి ఉంది.",geography,6
25,,సంగీతం మన జీవితాన్ని ప్రభావితం చేస్తుంది. దీనిలో కొన్ని సంగీత ప్రక్రియలు మన మనసులో ఉంటాయి.,entertainment,5
26,,"క్రికెట్ లో ఎన్నో రకరకాల ప్లేయర్లు ఉన్నారు, వాళ్లలో కొన్ని మంచి ప్లేయర్లు కూడా ఉన్నారు.",sports,3
27,,సెయింట్ పీటర్స్ బర్గ్ క్రూజ్ లు పట్టణంలో సమయం ఉంటాయి. క్రూయిజ్ ప్రయాణీకులకు వీసా ఆవశ్యకతల నుంచి మినహాయింపు ఇవ్వబడుతుంది (నిబంధనలను చెక్ చేయండి).,travel,1
28,,భూగోళిక దృక్పథంలో పర్వతాలు ఎంతో ముఖ్యమైనవి. అవి ప్రపంచంలో అనేక దేశాలలో ఉన్నాయి.,geography,6
29,,సెయింట్ పీటర్స్ బర్గ్ క్రూయిజ్ లు పట్టణంలో సమయం ఉంటాయి.,travel,1
30,,సాంఘీక నెట్వర్క్ లో ఉన్న ఏదైనా కంప్యూటర్ ని ఉపయోగించడానికి అంతర్జాలం ఉపయోగించబడుతుంది.,science/technology,0
31,,"విజ్ఞాన పరిభాషలో ప్లాస్మా ప్రవాహానికి చెందిన స్టార్ యొక్క Rossby నంబర్‌ను నిర్ధారించడానికి, ప్రకాశం మరియు భ్రమణాన్ని కలిపి ఉపయోగించబడతాయి.",science/technology,0
32,,రాజకీయాలు దేశం యొక్క భవిష్యత్తును నిర్ణయిస్తాయి. ప్రజలు తమ అభిప్రాయాలను వ్యక్తీకరించే హక్కును కలిగి ఉన్నారు. ప్రభుత్వం ప్రజల కొరకు పనిచేస్తుంది.,politics,2
33,,ఆరోగ్యం పట్ల అవగాహన లేని వారు అనేక సమస్యలను ఎదుర్కొంటున్నారు.,health,4
34,,ఒలింపిక్స్ లో పాల్గొనే దేశాలు ఎన్ని ఉన్నాయో తెలియదు.,sports,3
35,,వైద్య శాస్త్రంలో చాలా కీలకైన అంశాలలో ఒకటి జెనెటిక్ ఇంజినీరింగ్. ఇది మానవ జీవితానికి ఎంతో ఉపయోగకరమైనది.,science/technology,0
36,,ఆరోగ్య పరిరక్షణ కొరకు మనం చేయవలసిన ప్రథమ అడుగు మన ఆహారపు అలవాట్లను మార్చుకోవడం.,health,4
37,,"ఏషియా ఖండంలో ఎన్నో దేశాలు ఉన్నాయి, వాటిలో చైనా, జపాన్, కొరియా ముఖ్యమైనవి.",geography,6
38,,ఏడాది పొడవునా రీఫ్ (సముద్రతలంలోని గుట్ట)కు అనేక మంది పర్యటకులు వస్తారు మరియు రీఫ్ లో ఈ కారణాల వల్ల గాయాలు చాలా అరుదుగా జరుగుతాయి.,travel,1
39,,కార్యక్రమాలు ప్రేక్షకులను ఆనందించే విధానంలో ఉన్నాయి. ఈ కార్యక్రమాలు చాలా సంతోషాన్ని కలిగిస్తాయి.,entertainment,5
40,,రాజకీయ నాయకులు ఎంత ప్రజలను ఆకర్షించుకున్నారో అంత ప్రజలు వారిని ఆకర్షించుకున్నారు. రాజకీయ నాయకులు ప్రజలకు మంచి చేయాలనే ఉద్దేశ్యంతో ఉన్నారు.,politics,2
41,,శాస్త్రవేత్తలు చాలా సంవత్సరాలుగా కాంతి రేణువులను అధ్యయనం చేస్తున్నారు. దీని ద్వారా మనం చాలా విషయాలు తెలుసుకోగలుగుతున్నాము.,science/technology,0
42,,గత సంవత్సరం జరిగిన సంగీత ఉత్సవం చాలా ఘనంగా జరిగింది. అందులో ప్రసిద్ధ సంగీత కారులు పాల్గొని తమ ప్రతిభను ప్రదర్శించారు.,entertainment,5
43,,సంగీతం మానవ జీవితంలో ఒక భాగం. దీని ద్వారా మనం వివిధ భావాలను అనుభవిస్తున్నాం.,entertainment,5
44,,"ఆస్ట్రేలియా ఒక ద్వీపదేశం, ఇది ఓషియానియాలో ఉంది. దీని రాజధాని కెన్బెర్రా.",geography,6
45,,భారతీయ రాజకీయ చరిత్రలో ఎన్నో మలుపులు వచ్చాయి. ఒకప్పుడు భారతీయ జాతి అనేక విభాగాలుగా విభజింపబడింది. కానీ ఇప్పుడు ఆ విభాగాలు కలిపి ఒకే జాతిగా ఉన్నాయి.,politics,2
46,,ఈ సంవత్సరం జరిగే క్రీడా పోటీలలో ఎంతో ఉత్సాహంతో పాల్గొనే ఆటగాళ్లు ఎంతో ప్రతిష్ఠ పొందారు.,sports,3
47,,జనరల్ ఎలెక్షన్స్ అనేది ప్రజాస్వామ్యం యొక్క ప్రాణాధారం. ఈ ఎన్నికల్లో పౌరులు తమ అభిప్రాయాలను వ్యక్తీకరించే హక్కును కలిగి ఉన్నారు.,politics,2
48,,క్రికెట్ అనేది భారతదేశంలో అతి ప్రాచుర్యం పొందిన క్రీడ. ఇందులో పాల్గొనే ఆటగాళ్ళు తమ సామర్థ్యాన్ని ప్రదర్శిస్తారు.,sports,3
49,,ప్రపంచంలో అనేక వ్యాధులు ఉన్నాయి. అయితే ఆ వ్యాధులకు ఔషధాలు ఉన్నాయి. అది మానవులు తమ ఆరోగ్యం పై చాలా దృష్టి పెట్టాలి.,health,4
50,,"భౌగోళిక పరిధిలో ఒక ప్రాంతం యొక్క ప్రత్యేకతను నిర్ణయిస్తుంది. ఈ ప్రాంతం యొక్క జనాభా, సంస్కృతి మరియు ఆర్థిక వ్యవస్థను ప్రభావితం చేస్తుంది.",geography,6
51,,"మెట్రో టికెట్‌లు చాలా సౌకర్యవంతంగా మరియు తక్కువ జనాలతో ఉంటుంది, కానీ కొద్దిగా ఖరీదైనది.",travel,1
52,,టెలివిజన్ పరిశ్రమ ఇప్పుడు చాలా అభివృద్ధి చెందుతున్నది. దీనిలో కొన్ని ప్రసిద్ధ ఛానెల్స్ ఉన్నాయి.,entertainment,5
53,,"ఈ రోజుల్లో పర్యటన కేవలం ఓ కార్యక్రమం కాదు, అది మనం జీవితంలో ఒక భాగం. అయితే పర్యటన కు సంబంధించిన అనేక సమస్యలు ఉన్నాయి.",travel,1
54,,అధిక కాలం నుండి మానసిక స్థితిపై ప్రభావం చూపిస్తుంది మరియు వారి ప్రవర్తనలో మార్పులకు కారణమవుతాయని మనకు చాలా కాలంగా తెలిసిన విషయమే.,health,4
55,,కంప్యూటర్ పరిభాషను ఉపయోగించడానికి బైనరీ అంకెలు లేదా బిట్స్ అని సూచిస్తారు.,science/technology,0
56,,ఆరోగ్య సంరక్షణ కొరకు మనం ఎక్కువ శ్రద్ధ వహించాలి. ఆరోగ్య సంరక్షణ లేకపోవడం వల్ల చాలా సమస్యలు వస్తాయి.,health,4
57,,ఒలింపిక్స్ లో భారత దేశానికి ఎంతో గౌరవం ఉంది.,sports,3
58,,"ఒక క్రీడాకారుడు తన జీవితంలో ఎన్నో సవాళ్లు ఎదుర్కొనవచ్చు, కానీ అతను ఎప్పుడు విజయం సాధించగలడు.",sports,3
59,,"ప్లాస్మా అనేది ఒక రకమైన వాయువు, దీనిలో అయాన్లు ఉంటాయి. ఈ ప్లాస్మా వాయువు వివిధ రకాల ఔషధాలలో ఉపయోగించబడుతుంది.",science/technology,0
60,,"చివరిలో, QVC షాపింగ్ టెలివిజన్ ఛానల్‌లో Siminoff కనిపించాడు.",entertainment,5
61,,"జపాన్ ఒక ద్వీపసమూహం, ఇది పసిఫిక్ సముద్రంలో ఉంది",geography,6
62,,టెన్నిస్ క్రీడాకు ఎంత ప్రాముఖ్యత కలిగి ఉందో అందరికీ తెలిసింది.,sports,3
63,,క్రీడలకు ప్రాముఖ్యత ఇవ్వడం వల్ల పౌరులు ఆరోగ్యంగా ఉంటారు.,sports,3
64,,ఓపెన్ మైక్ అనే కార్యక్రమంలో పాల్గొనే ప్రేక్షకులు తమ ప్రతిభావంతో పాల్గొనే అవకాశాన్ని పొందుతారు.,entertainment,5
65,,రేడియో తరంగాలు ప్రసారం చేయడానికి ఉపయోగించే పరికరాలు రేడియో స్టేషన్లు.,science/technology,0
66,,ప్రజాస్వామ్యంలో ప్రజలు ఎలా పాలన చేస్తున్నారు? వీరు ఎలా తమ అభిప్రాయాలను ప్రకటిస్తున్నారు?,politics,2
67,,ఆరోగ్య సంరక్షణకు చాలా ప్రాముఖ్యం ఉంది. అనేక రకాల రోగాలు ఉన్నాయి. అవి కొన్ని వైద్య పరీక్షల ద్వారా గుర్తించబడుతున్నాయి.,health,4
68,,మన నగరంలో ఎన్నో కళా ప్రదర్శనలు ఉన్నాయి. వాటిలో కొన్ని ప్రదర్శనలు మన జీవితాన్ని మార్చేస్తున్నాయి.,entertainment,5
69,,టెలివిజన్ షోలు మరియు సినిమాలు మన జీవితాల్లో ఎంతో ప్రభావం చూపుతున్నాయి. వాటి ద్వారా మనం వినోదం పొందుతున్నాము.,entertainment,5
70,,భారతదేశం ఉష్ణమండల దేశం. ఇది హిమాలయ పర్వతాల నుండి కన్యాకుమారి వరకు ఉంది.,geography,6
71,,"పాకిస్థాన్ దేశం లోని ఐదు ప్రధాన నదులు సింధు నది, ఝలం నది, చెనాబ్ నది, రావి నది మరియు కాబుల్ నది.",geography,6
72,,విమాన ప్రయాణం కొరకు సరైన సమయం ఎప్పుడు? ఈ సమయం ప్రయాణీకులకు చాలా ముఖ్యం. ఎందుకంటే ఈ సమయం ద్వారా ప్రయాణీకులు తమ ప్రయాణాన్ని సురక్షితంగా పూర్తి చేయగలరు.,travel,1
73,,"క్రీడలు మానవుడి మనస్సును పెంచుతాయి, అయినా వాటి ప్రాముఖ్యతను గుర్తించకుండా ఉంటున్నారు.",sports,3
74,,స్వతంత్ర భారతదేశంలో రాజకీయాలు మార్పు చెందుతున్నాయి.,politics,2
75,,"కంప్యూటర్ సైన్స్ లో డేటా మైనింగ్ అనే ప్రక్రియ ఉంటుంది, దీని ద్వారా పెద్ద పెద్ద డేటా ను సులభంగా అర్థం చేసుకోవచ్చు.",science/technology,0
76,,ఇంటర్నెట్ అనేది ప్రపంచంలో అత్యంత వేగవంతమైన సమాచార వ్యవస్థ. ఇది మన జీవితంలో ఎన్నో మార్పులు తెచ్చుతుంది.,science/technology,0
77,,క్రీడలు మన వినోదానికి చాలా ఉపయోగకరంగా ఉంటాయి. అందుకే ప్రజలు క్రీడలను చాలా ఇష్టంగా ఆడుస్తున్నారు.,entertainment,5
78,,"కెనడా దేశం ఉత్తర అమెరికా ఖండంలో ఉంది, ఇది అతి పెద్ద దేశాల్లో ఒకటి.",geography,6
79,,పౌర సంఘంలో రాజకీయ ప్రభావం చాలా ఉంది. అందుకే రాజకీయ నాయకులు తమ ప్రజల కోసం పనిచేయాలని ఆశిస్తున్నారు.,politics,2
80,,రాజకీయ నాయకులు తమ ప్రసంగాలలో ప్రజలకు ప్రాముఖ్యత కల్పిస్తున్నారు.,politics,2
81,,"మరిముఖ్యంగా మీ ప్రారంభ రోజుల్లో, పాశ్చాత్య తరహా మరియు నాణ్యమైన హోటళ్లు, ఆహారం మరియు సేవల్ని అసిప్లిమేజ్ చేయడానికి సహాయపడే విధంగా పరిగణించండి.",travel,1
82,,క్రికెట్ లో ప్రపంచ కప్ గెలుచుకున్న భారత జట్టు చరిత్రలో ఓ గొప్ప ఘట్టంగా నిలిచిపోయింది.,sports,3
83,,"వృద్ధాప్యంలో ఆరోగ్యం కోసం చేయవలసిన ప్రయత్నాలు చేస్తున్నారు, అందుకు పౌష్ఠిక ఆహారం, వ్యాయామం, మంచి నిద్ర ముఖ్యం.",health,4
84,,ప్రస్తుతం ఆరోగ్య సంరక్షణకు చాలా ప్రాముఖ్యం ఉంది. అనేక రకాల రోగాలు ఉన్నాయి. అవి కొన్ని వైద్య పరీక్షల ద్వారా గుర్తించబడుతున్నాయి.,health,4
85,,"టోక్యో రెండు సమ్మర్ ఒలింపిక్స్ కు ఆతిధ్యం ఇచ్చిన ఏకైక ఆసియా నగరంగా ఉంటుంది, 1964లో గేమ్స్ కి ఆతిథ్యం ఇచ్చింది.",sports,3
86,,"ప్రయాణం అనేది జీవితంలో అనుభవాలను పొందడానికి ఉత్తమ మార్గం, కాబట్టి ప్రతి వ్యక్తి ప్రయాణం చేయాలని కోరుకుంటుంది.",travel,1
87,,"క్రీడలలో అత్యంత ప్రముఖ ఆటలు క్రికెట్, ఫుట్బాల్, హాకీ లాంటివి, వీటిలో ఎంతో ప్రజలు ఆసక్తి కనబరుస్తున్నారు.",sports,3
88,,క్రీడలు సామాజిక సంఘటనలు కూడా ఉన్నాయి. వాటి ద్వారా ప్రజలు తమ సామాజిక సంబంధాలను పెంచుకోవడానికి వీలు కల్పిస్తుంది.,sports,3
89,,శిఖరాగ్రాలలో శిఖరాల నుండి ఆశ్చర్యగొల్పే దృశ్యాలు ఉన్నాయి. ప్రపంచంలోని అన్ని ప్రాంతాల నుంచి వచ్చిన అధిరోహకులు నిరంతరం తన అంతులేని గోడల మధ్య కొత్త మార్గాలను ఏర్పాటు చేస్తున్నారు.,travel,1
90,,"ఈ కాలంలో శాస్త్ర పరిశోధనలు చాలా వేగంగా పెరుగుతున్నాయి, ఇవి మానవ జీవితాన్ని మార్చగలవు.",science/technology,0
91,,"ప్రభుత్వం తన నిర్ణయాలను ప్రజల ఆమోదం లేకుండా తీస్తుంది, ఇది ప్రజాస్వామ్యానికి భంగం కలిగిస్తుంది.",politics,2
92,,"హార్మోన్‌ను నియంత్రించగలిగితే, అది శిశువు పిండం యొక్క ఊపిరితిత్తుల ఎదుగుదలను వేగవంతం చేస్తుందని అతని పరిశోధన ద్వారా తెలిసింది.",health,4
93,,ప్రజాస్వామ్యం అనేది ఓ సుందరమైన విషయం. ఇందులో ప్రజలు తమ ఇష్టాన్ని వ్యక్తం చేసుకొన్నారు. కానీ ఈ విషయం ఎల్లప్పుడు సుందరంగా ఉండదు.,politics,2
94,,"భూగోళ శాస్త్రం అనేది భూమి యొక్క ఆకారం, పరిమాణం, భూస్వరూపం, వాతావరణం మరియు మానవ జీవన విధానం గురించి అధ్యయనం చేసే శాస్త్రం.",geography,6
95,,టీవీ చానెల్స్ మీడియాలో ఒక భాగం. వాటి ద్వారా మనం వివిధ కార్యక్రమాలను చూస్తున్నాం.,entertainment,5
96,,"ఆరోగ్య సంరక్షణ -- 
ఆరోగ్య సంరక్షణ అనేది మనందరికీ తెలిసిన విషయం.",health,4
97,,"కొన్ని దేశాల్లో ప్రయాణం అనేది ఒక కష్టంగా ఉంది, మరియు అక్కడి పర్యాటకులు వారి ప్రయాణాన్ని సుందరంగా మార్చుకునేయడానికి చాలా కష్టపడతారు.",travel,1
98,,"సినిమాలు మానవ జీవితంలో ఒక భాగంగా మారాయి. అవి మన సంఘర్షణలను చూపుతున్నాయి, మన సంతోషాలను పెంచుతున్నాయి.",entertainment,5
99,,ఈ రోగులకు వివిధ రకాల ఔషధాలు ఉన్నాయి. వైద్యులు రోగులకు తగిన ఔషధాలను సూచిస్తారు.,health,4
100,,రాజకీయ పార్టీలు తమ ప్రచారకు మీడియాను ఉపయోగిస్తున్నాయి. దీనివల్ల ప్రజలు తమ అభిప్రాయాలను తెలియజేస్తున్నారు.,politics,2
101,,వ్యక్తి ఆరోగ్యం కొరకు వ్యాయామం చాలా ముఖ్యం. ఇది మనిషి శరీరంలో ఉన్న సహజ సామర్థ్యాన్ని పెంచుతుంది.,health,4
102,,రాజకీయాలలో అత్యంత ముఖ్యమైన అంశలలో ఒకటి ప్రజాస్వామ్యం. ఈ వ్యవస్థలో పౌరులు తమ ప్రతినిధులను ఎన్నుకునే అధికారం కలిగి ఉంటారు.,politics,2
103,,మనిషి ఆరోగ్యం కొరకు ప్రకృతి వైద్యం చాలా ముఖ్యం. ఇది మనిషి శరీరంలో ఉన్న సహజ సామర్థ్యాన్ని పెంచుతుంది.,health,4
104,,సినిమాలు మన వినోదానికి చాలా ఉపయోగకరంగా ఉంటాయి. అందుకే ప్రజలు సినిమాలను చాలా ఇష్టంగా చూస్తున్నారు.,entertainment,5
105,,ఓపెన్ టెన్నిస్ ఛాంపియన్‌షిప్ లో గెలిచిన తర్వాత నాదల్ క్రీడాకారుడు చాలా ఖ్యాతి పొందాడు.,sports,3
106,,ఏడాది పొడవునా రీఫ్‌(సముద్రతలంలోని గుట్ట)కు అనేక మంది పర్యటకులు వస్తారు మరియు రీఫ్‌లో ఈ కారణాల వల్ల గాయాలు చాలా అరుదుగా జరుగుతాయి,travel,1
107,,పర్యావరణ రక్షణ కొరకు మనం చేసే ప్రయత్నాలు చాలా ముఖ్యమైనవి. ఈ ప్రయత్నాల వల్ల మన భూమి కాపాడుకుంటుంది.,science/technology,0
108,,సంగీతం మన వినోదానికి చాలా ఉపయోగకరంగా ఉంటాయి. అందుకే ప్రజలు సంగీతాన్ని చాలా ఇష్టంగా వినుస్తున్నారు.,entertainment,5
109,,ప్రజాస్వామ్యం అనేది ప్రజల చేత ప్రజలకు పనిచేసే వ్యవస్థ. ఇది ప్రజల ఆకాంక్షలు మరియు అభిప్రాయాలను గౌరవిస్తుంది.,politics,2
110,,క్రీడలు ఆటగాళ్ళను ప్రోత్సహిస్తాయి. ఇది వారి ఆత్మవిశ్వాసాన్ని పెంచుతుంది.,sports,3
111,,ఐరోపా ఖండం ఉత్తర అర్థగోళంలో ఉంది. ఇది 10 మిలియన్ చదరపు కిలోమీటర్ల విస్తీర్ణంతో ఉంది.,geography,6
112,,సెయింట్ పీటర్స్ బర్గ్ క్రూజ్ లు పట్టణంలో సమయం ఉంటాయి. క్రూయిజ్ ప్రయాణీకులకు వీసా ఆవశ్యకతల నుంచి మినహాయింపు ఇవ్వబడుతుంది.,travel,1
113,,ఎంటర్టైన్మెంట్ కోసం అనేక సాధనలు ఉన్నాయి. మీరు ఏదైనా చేయవచ్చు.,entertainment,5
114,,"విమానంలో ప్రయాణం చేస్తే, మనం ఎక్కువ సేపు ప్రయాణం చేస్తాం, కానీ ఆ సమయంలో మనం చేసే కార్యక్రమాలు తక్కువగా ఉంటాయి.",travel,1
115,,"మన్నార్ సరస్సు ఇండోనేషియా దేశంలో ఉన్న అతి పెద్ద సరస్సు, ఇది జావా ద్వీపంలో ఉంది.",geography,6
116,,"ఓషన్ పార్క్ అనే ప్రసిద్ధ పర్యటన స్థలం ఉంది, ఇది సముద్రతీరంలో ఉంది మరియు ప్రపంచంలోని అన్ని ప్రాంతాల నుంచి వచ్చిన పర్యటకులను ఆకర్షిస్తుంది.",travel,1
117,,ప్రపంచంలో అతి పెద్ద ఏజియన్ సముద్రం టర్కీకి పశ్చిమాన ఉంది. ఈ సముద్రం పొడవు 700 కిలోమీటర్లు.,geography,6
118,,"ఈ సంవత్సరంలో జరిగే క్రీడా పోటీలు చాలా ఉన్నాయి, అందులో కొన్ని ప్రముఖ పోటీలు జరగబోతున్నాయి.",sports,3
119,,సౌర శక్తిని ఉపయోగించడం వలన పర్యావరణ ప్రభావాన్ని తగ్గించవచ్చు. సౌర శక్తిని ఉపయోగించడం వలన కర్బన్ ఫూట్ ప్రింట్ ను తగ్గించవచ్చు.,science/technology,0
120,,దేశానికి స్వాతంత్ర్యం కొరకు పోరాటం చేస్తున్న వీరులు ఎన్నో ఉన్నారు. వారు తమ జీవితాన్ని ప్రమాదంలో పెట్టి దేశానికి స్వాతంత్ర్యం కొరకు పోరాటం చేస్తున్నారు.,politics,2
121,,ఈ సంవత్సరం విడుదలైన సినిమాల్లో ఒకటి ఈ సినిమా. దీనిలో నటులు తమ నటనతో మంచి ప్రశంసలు అందుకున్నారు.,entertainment,5
122,,"మానసిక ఆరోగ్యం పై చాలా అంశలు ప్రభావం చూపుతాయి, వాటిలో కొన్ని ముఖ్యమైనవి జీవన శైలి, పరిసరాలు, ఆహారం, వ్యాయామం మొదలైనవి.",health,4
123,,నాటకాలు మానవ జీవితంలో ఒక భాగం. వాటి ద్వారా మనం వివిధ భావాలను అనుభవిస్తున్నాం.,entertainment,5
124,,"ఆరోగ్యం పట్ల అవగాహన లేని వారికి ఆరోగ్య సమస్యలు ఎక్కువ అవసరం, ఎందుకంటే ఆరోగ్యం పట్ల అవగాహన లేని వారు తమ ఆరోగ్యాన్ని పరిరక్షించుకోలేరు.",health,4
125,,"క్రికెట్ ఆటగాళ్ళు తమ ఆటలో అత్యుత్తమ శక్తిని ప్రదర్శిస్తారు, మరియు వారి ఆటలో ప్రతిభను ప్రదర్శిస్తారు.",sports,3
126,,"సైన్స్ రంగంలో ఐన్ స్టైన్ యొక్క సిద్ధాంతం ప్రకారం, ప్రపంచం లోని అన్ని వస్తువులు కేవలం కణాలు మరియు అణువుల సమాహారం మాత్రమే.",science/technology,0
127,,సైన్స్ అనేది ప్రపంచంలో అత్యంత ప్రాముఖ్యం కలిగిన రంగాలు. ఈ రంగాలు ప్రతి రోజు మన జీవితంలో ఎన్నో మార్పులు తెచ్చుతున్నాయి.,science/technology,0
128,,మానసిక ఆరోగ్యం పై చాలా ప్రభావం చూపిస్తుంది. అది మానసిక స్థితిపై ప్రభావం చూపిస్తుంది మరియు వారి ప్రవర్తనలో మార్పులకు కారణమవుతాయని మనకు చాలా కాలంగా తెలిసిన విషయమే.,health,4
129,,"సినిమాలు చూడడానికి చాలా ఆసక్తికరంగా ఉంటాయి. ఈ సినిమాలు మన భావాలను రగిలిస్తాయి, మన ఆలోచనలను ప్రేరేపిస్తాయి.",entertainment,5
130,,"ఇండియాలో క్రికెట్ అత్యంత ప్రజాదరణ పొందిన క్రీడ, మరియు దీనిని ఆడే ప్రతి ఒక్కరు క్రీడాకారుడు అవుతారు.",sports,3
131,,"తొలి సెర్వ్‌లో 76 పాయింట్లు గెలుచుకున్న నాదల్, మ్యాచ్‌లో మొత్తం 88% పాయింట్లు గెలుపొందాడు.",sports,3
132,,జపాన్ దేశం పెద్ద ద్వీపసమూహం. ఇది పసిఫిక్ మహాసముద్రంలో ఉంది.,geography,6
133,,"క్రీడా రంగంలో ఎంతో అవసరం ఉంది, ఇది మన ఆరోగ్యాన్ని పెంచుతుంది.",sports,3
134,,సైన్స్ అనేది మానవ జీవితానికి ఎంతో ఉపయోగకరమైనది. సైన్స్ అనేది మానవ జీవితానికి ఎంతో సాధ్యమైనది.,science/technology,0
135,,బ్యాడ్మింటన్ ఆట క్రీడాకారులకు చాలా ఇష్టమైన ఆట. ఈ ఆటలో రాకెట్ తో బంతిని ఢీకొనడం వంటి సంఘటనలు జరుగుతాయి.,sports,3
136,,"టెక్నాలజీ లో రోబోటిక్స్ అనే భాగం చాలా ఆసక్తికరంగా ఉంటుంది, ఎందుకంటే అందులో యంత్రాలు చేసే పనులను మానవులు చేయడం సాధ్యం ఔతుంది.",science/technology,0
137,,టెలివిజన్ షోలు మన జీవితాన్ని మార్చేస్తున్నాయి. వాటిలో కొన్ని మంచి సామాజిక సందేశాలను తెలియజేస్తున్నాయి.,entertainment,5
138,,మానసిక ఆరోగ్యం పట్ల మనం చాలా జాగృతిగా ఉండాలి. ఎందుకంటే మానసిక సమస్యలు మన జీవితాన్ని ప్రభావితం చేస్తాయి.,health,4
139,,శిఖరాగ్రాలలో శిఖరాల నుండి ఆశ్చర్యగొల్పే దృశ్యాలు ఉన్నాయి,travel,1
140,,రాజకీయాలు అనేది ఓ చిక్కుముద్దలో పడుకొన్న విషయం. అందులో ఎవరైనా గెలుపుకు పోరాటం చేస్తున్నారు.,politics,2
141,,పర్యటన అనేది మనం జీవితంలో ఒక భాగం. అయితే పర్యటన కు సంబంధించిన అనేక సమస్యలు ఉన్నాయి.,travel,1
142,,సంగీతం మన జీవితాన్ని ఎంత ప్రభావితం చేస్తున్నది. అది మనలో ఉన్న భావోద్రేకాన్ని పెంచుతున్నది.,entertainment,5
143,,ఫుట్ బాల్ ఆట ప్రపంచవ్యాప్తంగా ఎంతో ప్రాచుర్యం పొందిన ఆట. ఈ ఆటలో పలు జట్లు పాల్గొని వారి వారి ఆటలను ప్రదర్శిస్తారు.,sports,3
144,,"ఆస్ట్రేలియా ఖండంలో ఉన్న దేశాల్లో ఒకటి, మరియు ఇది తూర్పున పసిఫిక్ మహాసముద్రం, పశ్చిమాన హిందు మహాసముద్రంతో ఉంది.",geography,6
145,,కొన్ని ఔషధాలు మన ఆరోగ్యాన్ని ప్రభావితం చేస్తాయి. వీటిని ఉపయోగించడం చాలా జాగ్రత్తగా ఉండాలి.,health,4
146,,"పర్యాటకులు వారి ప్రయాణాన్ని సుందరంగా మార్చుకునేయడానికి తగ్గిన ధరలు, సౌకర్యవంతమైన రవాణా సాధనాలు, మరియు ఆధునిక సౌకర్యాలు అందుబాటులో ఉన్నాయి.",travel,1
147,,శాస్త్రవేత్తలు ఈ సంఖ్యలు ఉపయోగించడానికి కృషి చేస్తున్నారు. ఇవి కంప్యూటర్ పరిభాషను ఉపయోగించడానికి సహాయపడతాయి.,science/technology,0
148,,"న్యూక్లియర్ రియాక్టర్ అనేది ఒక యంత్రం, దీని ద్వారా మనం అణు శక్తిని ఉత్పత్తి చేయవచ్చు.",science/technology,0
149,,విద్యుత్ ప్రవాహానికి చెందిన స్థానంలో ఉన్న విద్యుత్ ప్రవాహానికి సంబంధించిన పరికరాలు ఉపయోగించబడతాయి.,science/technology,0
150,,"భారతీయ ఉపఖండం లోని ఎత్తైన పర్వతాలు హిమాలయాలు, కరాకోరం పర్వతాలు మరియు పామిర్ పర్వతాలు.",geography,6
151,,"బ్యాడ్మింటన్ లో ఎన్నో రకరకాల ప్లేయర్లు ఉన్నారు, వాళ్లలో కొన్ని మంచి ప్లేయర్లు కూడా ఉన్నారు.",sports,3
152,,భారత దేశంలో రాజకీయాల్లో అవినీతి చాలా ప్రసిద్ధి పొందింది. అవినీతి రాజకీయాల్లో చాలా ప్రభావం చూపుతుంది.,politics,2
153,,"రాజకీయాలలో అత్యంత ముఖ్యమైన అంశలు అన్నీ రాజకీయ పార్టీలు, ప్రభుత్వం, పౌరులు, దేశాల మధ్య సంబంధాలు.",politics,2
154,,"పశ్చిమ ఆసియాలో ఉన్న దేశాలు టర్కీ, ఇరాన్, ఇరాక్, ఇజ్రాయెల్, జోర్డాన్, సౌదీ అరేబియా మొదలైన దేశాలు ఉన్నాయి.",geography,6
155,,"ఆఫ్రికా ఖండం యొక్క ఉత్తర భాగంలో సహారా మరుభూమి ఉంది, దక్షిణాన కేప్ ఆఫ్ గుడ్ హోప్ ఉంది.",geography,6
156,,ఆరోగ్యం పట్ల మనం ఎక్కువగా ఆందోళన చెందకూడదు. ఎందుకంటే ఆరోగ్య సమస్యలు మన జీవితాన్ని ప్రభావితం చేస్తాయి.,health,4
157,,"విమాన ప్రయాణం అనేది అన్ని వయస్సుల మరియు నేపథ్యాల ప్రజలకు ఒక భయానక అనుభవం, మరిముఖ్యంగా వారు ఇంతకు ముందు ఎగరనట్లయితే లేదా ఒక ట్రామాటిక్ ఘటనను అనుభూతి చెందనట్లయితే.",travel,1
158,,ఈ వారం ప్రసారమైన టీవీ కార్యక్రమం అత్యంత జనాదరణ పొందినది. దీనిలో వివిధ రకాల ఆటలు మరియు పోటీలు ఉంటాయి.,entertainment,5
159,,"ప్రతి రోజు క్రియాత్మక వ్యాయామం చేయడం ద్వారా మన ఆరోగ్యాన్ని పెంచుకోవచ్చు, ఎందుకంటే వ్యాయామం మన శరీరానికి చాలా అవసరం.",health,4
160,,"మనం ప్రయాణం చేస్తున్నప్పుడు మనం చాలా సంతోషంగా ఉంటారు, మరియు మనం చేసే ప్రయాణం అనేది మనం జీవితంలో ఒక భాగం.",travel,1
161,,సెయింట్ పీటర్స్ బర్గ్ క్రూయిజ్ లు పట్టణంలో సమయం ఉంటాయి. క్రూయిజ్ ప్రయాణీకులకు వీసా ఆవశ్యకతల నుంచి మినహాయింపు ఇవ్వబడుతుంది(నిబంధనలను చెక్ చేయండి).,travel,1
162,,"రోబోటిక్స్ రంగంలో చాలా ఆసక్తికరమైన విషయాలు ఉన్నాయి, ఇందులో రోబోట్లు మానవుల చేత పనిచేసే విధానాన్ని పరిశీలిస్తారు.",science/technology,0
163,,ఏదైనా సాంఘిక జీవితంలో శాస్త్ర సంక్లిష్టత్వం పెరుగుతున్నది. సైన్స్ అనేది మానవ జీవితానికి ఎంతో ఉపయోగకరమైనది.,science/technology,0
164,,ఈ సంఖ్యలు కంప్యూటర్ పరిభాషను ఉపయోగించడానికి బైనరీ అంకెలు లేదా బిట్స్ అని సూచిస్తారు. అందుకే ఈ సంఖ్యలు కంప్యూటర్ లో ఉపయోగించబడతాయి.,science/technology,0
165,,ప్రపంచ క్రీడాకారులు తమ ప్రతిభా వినియోగించి పలు క్రీడా సాధనలు సాధిస్తున్నారు.,sports,3
166,,ప్రజాస్వామ్యం అనేది మనుషుల చేత మనుషులకు పనిచేసే వ్యవస్థ. ఇది ప్రజల ఆకాంక్షలు మరియు అభిప్రాయాలను గౌరవిస్తుంది.,politics,2
167,,ప్రస్తుతం మన జీవితాన్ని ఆనందంగా చేసే వినోదాలు చాలా ఉన్నాయి. అవి మనల్ని సంతోషంగా చేస్తున్నాయి.,entertainment,5
168,,ఈ రోజుల్లో ప్రయాణం చాలా సులభం అయినది. ప్రయాణికులు తమ గమ్యాన్ని చేరుకోవడానికి అనేక మార్గాలను అందుకున్నారు.,travel,1
169,,"సంగీత కచేరీలు చాలా ప్రజాదరణ పొందుతున్నాయి. ఈ కచేరీలు మన మనసులను ఆనందిస్తాయి, మన ఆలోచనలను ప్రేరేపిస్తాయి.",entertainment,5
170,,"కాల్స్ ని ఇంటర్నెట్ ద్వారా ఉపయోగించడం వలన, మీరు నివసించే లేదా మీరు ప్రయాణించే చోట ఉన్న ఫోన్ కంపెనీని ఉపయోగించాల్సిన అవసరం లేదు.",science/technology,0
171,,"సంగీతం మానవ జీవితంలో ఒక భాగంగా మారాయి. అది మన సంఘర్షణలను చూపుతుంది, మన సంతోషాలను పెంచుతుంది.",entertainment,5
172,,మానసిక సమస్యలు మన జీవితాన్ని ప్రభావితం చేస్తాయి. ఎందుకంటే మనం మానసిక ఆరోగ్యం పట్ల ఎక్కువగా జాగృతిగా ఉండాలి.,health,4
173,,స్వాతంత్ర్యం పొందిన తరువాత భారతదేశంలో రాజకీయాలు చాలా ప్రభావం చూపాయి. దేశంలో వివిధ పార్టీలు ఉద్భవించాయి.,politics,2
174,,"ఆరోగ్యం పై చాలా అంశలు ప్రభావం చూపుతాయి, వాటిలో కొన్ని ముఖ్యమైనవి ఆహారం, వ్యాయామం, జీవన శైలి, పరిసరాలు మొదలైనవి.",health,4
175,,వ్యాధులను నివారించే ప్రయత్నాలు చేయాలి. అందుకే ఆరోగ్య అవగాహన పెంచుకోవాలి.,health,4
176,,ఒక క్రీడాకారుడు ఎంతో శ్రమ పడి తన లక్ష్యాన్ని సాధించుకుంటాడు.,sports,3
177,,ఓపెన్ టెన్నిస్ టోర్నమెంట్ లో పాల్గొనే ఆటగాళ్లు ఎంతో శక్తిని ప్రదర్శించారు.,sports,3
178,,"కొన్ని క్రీడలు శారీరక కృషితో కూడా ఆడుతున్నారు, కానీ అందులో మనసు ఉండాలి.",sports,3
179,,గేమ్స్ మన వినోదాన్ని ఎంతో పెంచుతున్నాయి. వాటిలో మనం మన స్కిల్స్ ను మెరుగుపర్చుకోవచ్చు.,entertainment,5
180,,"చాలా దేశాల్లో ప్రయాణం చేయడం అనేది చాలా సాధారణంగా ఉంటుంది, కానీ అందులో కొన్ని దేశాలు మరియు ప్రాంతాలు తక్కువ ఖర్చుతో ఉంటాయి.",travel,1
181,,"దక్షిణ అమెరికా ఖండంలోని అతి చిన్న దేశం సూరీనామ్. దీని సరిహద్దులు ఉత్తరాన ఫ్రెంచ్ గయానా, దక్షిణాన బ్రెజిల్.",geography,6
182,,రాజకీయ నాయకులు ఎలా ప్రజలకు సేవ చేస్తున్నారు? వీరు ఎలా ప్రజల అభిప్రాయాలను ప్రభావితం చేస్తున్నారు?,politics,2
183,,"ఈ రోగం వలన మానవ జీవితం పై ప్రభావం చూపిస్తుంది, దీనిని నివారించే ప్రయత్నాలు చాలా ఉన్నాయి.",health,4
184,,"ఆఫ్రికా ఖండంలోని అతి పెద్ద దేశం అల్జీరియా. దీని సరిహద్దులు పశ్చిమాన మౌరిటానియా, ఉత్తరాన భూమధ్య సముద్రం.",geography,6
185,,మన నగరంలో ఎన్నో వినోద సంస్థలు ఉన్నాయి. వాటిలో కొన్ని సంస్థలు మన జీవితాన్ని మార్చేస్తున్నాయి.,entertainment,5
186,,"మనం విమానంలో ప్రయాణం చేస్తే, మనం ఎక్కువ సేపు ప్రయాణం చేస్తాం, కానీ ఆ సమయంలో మనం చేసే కార్యక్రమాలు తక్కువగా ఉంటాయి.",travel,1
187,,పరమాణువుల కేంద్రకంలో ఉన్న ఎలక్ట్రాన్లు కేంద్రకం చుట్టూ తిరుగుతూ ఉంటాయి.,science/technology,0
188,,"భారత దేశం యొక్క ఉత్తర సరిహద్దులో హిమాలయ పర్వతాలు ఉన్నాయి, దక్షిణాన బంగాళాఖాతం ఉంది.",geography,6
189,,"ప్రభుత్వం ప్రజల కొరకు పనిచేస్తుంది. ప్రజలు ప్రభుత్వాన్ని ఎన్నుకుంటారు. ప్రభుత్వం ప్రజల ఆరోగ్యాన్ని, విద్యను, సంక్షేమాన్ని పరిరక్షిస్తుంది.",politics,2
190,,"ఈ రోగం చాలా ప్రాచీనమైనది, దీనిని సుమారు 3000 సంవత్సరాల క్రితం నుండి తెలియడం జరిగింది.",health,4
191,,"ఆస్ట్రేలియా ఒక ఖండం, ఇది దక్షిణాన ఉంది, ఇది పసిఫిక్, ఇండోనేషియా సముద్రాలతో చుట్టబడి ఉంది",geography,6
192,,సెయింట్ పీటర్స్ బర్గ్ క్రూజ్ లు పట్టణంలో సమయం ఉంటాయి.,travel,1
193,,ఆరోగ్య సంరక్షణ కొరకు ఆహారం ముఖ్యమైనది. ఆహారం మన శరీరానికి అవసరమైన పోషకాలను అందిస్తుంది.,health,4
194,,"ఫుట్‌బాల్ అనేది ప్రపంచంలో అత్యంత ప్రజాదరణ పొందిన క్రీడ, అందుకే అది అంతర్జాతీయ క్రీడగా గుర్తింపబడింది.",sports,3
195,,అమెరికా అధ్యక్షుడు డొనాల్డ్ ట్రంప్ చేసిన ప్రకటనలు ప్రపంచవ్యాప్తంగా చర్చనీయాంశాలుగా మారాయి.,politics,2
196,,"ఒలింపిక్స్ లో ఎన్నో క్రీడలు ఉన్నాయి, వాటిలో కొన్ని క్రీడలు మనం చూస్తున్నాము.",sports,3
197,,ఐరోపా ఖండం భూగోళ శాస్త్రంలో ప్రాచీనమైనది. ఇది అనేక దేశాలను కలిగి ఉంది.,geography,6
198,,ఆస్ట్రేలియాలో అనేక రకాల రోగాలు ఉన్నాయి. వైద్యులు ఈ రోగాలకు తగిన చికిత్సలను సూచిస్తారు.,health,4
199,,ప్రస్తుతం శాస్త్ర రంగంలో చాలా ఆవిష్కరణలు జరుగుతున్నాయి. వాటిలో కొన్ని మానవ జీవితాన్ని మార్చివేస్తున్నాయి.,science/technology,0
200,,"సంగీత కార్యక్రమాలు చూడడానికి చాలా ఆసక్తికరంగా ఉంటాయి, వీటిలో సాంప్రదాయకంగా అలంకరించిన ఏనుగుల ఊరేగింపు, ఆలయ వాద్య బృందం ఇంకా మరెన్నో వేడుకలు ఉంటాయి.",entertainment,5
201,,ఓషినియా ఖండంలో ఉన్న దేశాలలో ఒకటి అయిన ఆస్ట్రేలియా దేశం అతి పెద్ద ద్వీపంతో ఉంది.,geography,6
202,,"మన దేశంలో ప్రయాణికులు ఎక్కువగా ప్రయాణించే స్థలాల్లో ఒకటి తిరుపతి, ఇది ఆంధ్రప్రదేశ్ లోని ఒక ప్రముఖ పుణ్యక్షేత్రం.",travel,1
203,,రాజకీయాలు అనేది ప్రజాస్వామ్య వ్యవస్థలో ప్రధాన అంశ. ఇక్కడ ప్రజలు తమ ప్రతినిధులను ఎన్నుకుని వారి ద్వారా తమ అభిప్రాయాలను వ్యక్తం చేస్తారు.,politics,2
204,,సినిమా వినోదం యొక్క చరిత్ర చాలా పురాతనది. ఇది మన జీవితంలో ఒక ప్రధాన భాగం.,entertainment,5
205,,"క్రీడలు మన జీవితంలో ఎంత ముఖ్యమైనవి. అవి మనలో ఉత్సాహం, ధైర్యం, సహనం లాంటి లక్షణాలు పెంచుతాయి.",sports,3
206,,"అఫ్రికా ఖండంలో అతి పెద్ద దేశం అల్జీరియా, ఇది ఉత్తర ఆఫ్రికాలో ఉంది.",geography,6
207,,"సూర్యుని శక్తిని ఉపయోగించడానికి అనేక పద్ధతులు ఉన్నాయి, వీటిలో కొన్ని ప్రముఖ పద్ధతులు ఉన్నాయి.",science/technology,0
208,,ప్రజాస్వామ్య వ్యవస్థలో ప్రజల అభిప్రాయం చాలా ముఖ్యమైనది. ప్రజల అభిప్రాయం ద్వారా ప్రభుత్వం యొక్క నిర్ణయాలు తీసుకుంటారు.,politics,2
209,,"యూరప్ ఖండం యొక్క ఉత్తర భాగంలో స్కాండినేవియా ఉంది, దక్షిణాన మెడిటరేనియన్ సముద్రం ఉంది.",geography,6
210,,"ప్రయాణం అనేది ఒక ప్రియమైన అనుభవం, మరియు అందులో ఎన్నో సంవత్సరాలు గడిచిపోయినా ఇప్పటికీ మనం ఆశ్చర్యపోతున్నాం.",travel,1
211,,దేశం యొక్క రాజకీయ వ్యవస్థ దేశం యొక్క ఆర్థిక వృద్ధిని నిర్ణయిస్తుంది. ఇది దేశం యొక్క భవిష్యత్తును నిర్ణయిస్తుంది.,politics,2
212,,ఒలింపిక్స్ లో పాల్గొనే దేశాలు తమ తమ క్రీడలను ప్రదర్శిస్తాయి.,sports,3
213,,"ఇది చాలా సంక్లిష్టమైన తత్వము, సరళీకృత బోర్ మోడల్ ప్రకారం, కేంద్ర కేంద్రకం చుట్టూ ఎలక్ట్రాన్లలు తిరుగుతూ, సూర్యుని చుట్టూ ప్రదక్షిణ చేసే గ్రహాలలాగే ఉంటుంది.",science/technology,0
214,,క్రీడలు ఆటలు అనేక రకాలుగా ఉన్నాయి. వాటిలో కొన్ని ప్రసిద్ధి పొందాయి.,sports,3
215,,"శాస్త్ర పరిశోధనలో ప్రయోగాలు చేయడం అనేది చాలా ముఖ్యంగా ఉంటుంది, ఎందుకంటే అందులో విజ్ఞాన సంబంధమైన ప్రశ్నలకు సమాధానాలు లభిస్తాయి.",science/technology,0
216,,"ఫార్ములా 1 ఛాంపియన్‌షిప్‌లో 7 సార్లు గెలిచిన తర్వాత 2006లో పదవి విరమణ చేసిన Schumacher, గాయపడిన Felipe Massa స్థానాన్ని భర్తీ చేయడానికి ఉన్నారు.",sports,3
217,,"మెట్రోపల్స్ చాలా సౌకర్యవంతంగా మరియు తక్కువ జనాలతో ఉంటుంది, కానీ కొద్దిగా ఖరీదైనది.",travel,1
218,,ప్రజాస్వామ్యంలో ప్రభుత్వం ప్రజల చేత నియంత్రించబడుతుంది. ఈ ప్రభుత్వం ప్రజల సంక్షేమకు పనిచేస్తుంది.,politics,2
219,,"క్రీడలు మన జీవితాన్ని ఎంతో ప్రభావితం చేస్తాయి, అవి మనలో ఉత్సాహాన్ని పెంచుతాయి, మనలో ఆత్మవిశ్వాసాన్ని పెంచుతాయి",sports,3
220,,"రాజకీయ నాయకులు తమ అధికారాన్ని దుర్వినియోగం చేస్తున్నారు, ఇది ప్రజలకు చాలా హానికరంగా ఉంటుంది.",politics,2
221,,ఆంధ్రప్రదేశ్ లో జరిగిన రాజకీయ ఘటనలు చాలా ప్రాముఖ్యం కలిగి ఉన్నాయి. వీటిలో కొన్ని దేశం యొక్క రాజకీయ దృక్పథాన్ని మార్చివేసాయి.,politics,2
222,,"టర్కీ భూభాగం 1,600 కిలోమీటర్ల (1,000 మై) పొడవు ఇంకా 800 కిమీ (500 మై) వెడల్పుకలిగి, సుమారు దీర్ఘచతురస్రాకార ఆకృతిని కలిగి ఉంది.",geography,6
223,,"ప్రపంచంలో ఎక్కువ దేశాలకు ప్రయాణించడం అనేది చాలా ఆసక్తికరంగా ఉంటుంది, కానీ అందులో కొన్ని దేశాలు మరియు ప్రాంతాలు తక్కువ ఖర్చుతో ఉంటాయి.",travel,1
224,,ప్రస్తుతం టెలివిజన్ పరిశ్రమలో చాలా మార్పులు వస్తున్నాయి. ఈ మార్పులు ప్రేక్షకులకు ఎంతో ఆసక్తిని కలిగిస్తున్నాయి.,entertainment,5
225,,సైన్స్ రంగంలో చాలా ముఖ్యమైన ఆవిష్కరణలు జరిగాయి. వాటిలో ఒకటి టెలిస్కోప్. దీని ద్వారా మనం చాలా దూరంగా ఉన్న వస్తువులను చూడగలుగుతున్నాము.,science/technology,0
226,,ఈ సమయంలో శాస్త్రవేత్తలు చాలా కృషి చేస్తున్నారు. వారు కొత్త సాంకేతిక పరిజ్ఞానాన్ని రూపొందించడానికి ప్రయత్నాలు చేస్తున్నారు.,science/technology,0
227,,"ఓడలో ప్రయాణం అనేది ఒక ఆనందం, మరియు అందులో ఎన్నో సంవత్సరాలు గడిచిపోయినా ఇప్పటికీ మనం ఆశ్చర్యపోతున్నాం.",travel,1
228,,"జీవ శాస్త్రంలో చాలా ఆసక్తికarమైన విషయాలు ఉన్నాయి, ఇందులో DNA మరియు RNA ల గురించి పరిశీలిస్తారు.",science/technology,0
229,,"మానసిక ఆరోగ్యం పట్ల ప్రజలు చాలా అవగాహన కలిగి ఉన్నారు, అయితే మానసిక ఆరోగ్యం పట్ల ప్రజలు తక్కువగా అవగాహన కలిగి ఉన్నారు.",health,4
230,,పౌర స్వాతంత్ర్యం కొరకు పోరాటం చేస్తున్న ప్రజలు ఎంతో సంఖ్యలో ఉన్నారు.,politics,2
231,,"ప్రతి సంవత్సరం, డజన్ల కొద్దీ సందర్శకులు గాయపడుతున్నారు, ఎందుకుంటే వారు సరైన దూరం లో ఉండలేదు.",travel,1
232,,వైద్యులు చాలా కాలంగా అనేక వ్యాధులను నిర్ణయిస్తున్నారు. వాటిలో ముఖ్యమైనది డాక్టర్ పర్యవేక్షణ.,health,4
233,,ఇంటర్నెట్ ద్వారా సమాచారాన్ని ప్రసారం చేయుటకు ఉపయోగించే ప్రౌటోకాల్ లు రెండు రకాలుగా ఉన్నాయి.,science/technology,0
234,,ప్రఖ్యాత దర్శకుడు శేఖర్ కమ్ముల తన దర్శకత్వంలో విడుదలైన చలన చిత్రం 'లేడీస్ & జెంటిల్మెన్' చాలా ప్రజాదరణ పొందింది.,entertainment,5
235,,"స్విట్జర్లాండ్ ఒక చిన్న దేశం, ఇది ఐరోపాలో ఉంది. దీని రాజధాని బెర్న్. ఇది ఒక పార్లమెంటరీ రిపబ్లిక్.",geography,6
236,,"జీన్ థీరీ అనేది ఒక శాస్త్రీయ సిద్ధాంతం, దీని ద్వారా మనం జీవ జాతుల పరిణామాన్ని అధ్యయనం చేస్తాం.",science/technology,0
237,,"అంటార్క్టికా ఖండం అతి చల్లని ప్రదేశంగా ఉంది. ఇది పెంగ్విన్లు, సీల్స్ మొదలైన జంతువులను కలిగి ఉంది.",geography,6
238,,"మెట్రో ప్లస్ చాలా సౌకర్యవంతంగా మరియు తక్కువ జనాలతో ఉంటుంది, కానీ కొద్దిగా ఖరీదైనది. అయినప్పటికీ ఐరోపాలోని మిగతా మెట్రో టికెట్‌ల కంటే దీని ధరలు చాలా తక్కువ.",travel,1
239,,అనేక వ్యాధులకు ఔషధాలు ఉన్నాయి. అయితే ఆ ఔషధాలను సరిగ్గా వాడకపోవడం వల్ల అనేక సమస్యలు వస్తున్నాయి.,health,4
240,,"ప్రభుత్వం తన అధికారాన్ని దుర్వినియోగం చేస్తున్నది, ఇది ప్రజలకు చాలా హానికరంగా ఉంటుంది.",politics,2
241,,ఈ సంవత్సరం జరిగే క్రీడా పోటీలలో పాల్గొనే క్రీడాకారులు ఎంతో ఉత్సాహంగా ఉన్నారు.,sports,3
242,,రాజకీయ నాయకులు తమ రాజకీయ ప్రయోజనాల కోసం ప్రజలను మోసం చేస్తున్నారు. ఇది ప్రజలకు చాలా హాని కలిగిస్తుంది.,politics,2
243,,"ఆస్ట్రియా, జర్మనీ, స్లోవేనియా, బల్గేరియా, గ్రీస్ మరియు ఇటలీ తరువాత ఈ వైరస్ బారిన పడిన ఐరోపా యూనియన్ దేశాలలో ఫ్రాన్స్ ఏడవ దేశం.",health,4
244,,రాజకీయ పార్టీలు ప్రజల అభిప్రాయాలను సేకరించడానికి ప్రయత్నిస్తున్నాయి. ఈ పార్టీలు ప్రజల సంక్షేమకు పనిచేస్తున్నాయి.,politics,2
245,,ఓపెన్ చాంపియన్‌షిప్ అనేది టెన్నిస్ ఆటలో అత్యంత ఘనత పొందిన టోర్నమెంట్.,sports,3
246,,"జపాన్ దేశం ఆసియా ఖండంలో ఉంది. ఇది ఉత్తరాన హొక్కైడో ద్వీపం, దక్షిణాన క్యూషు ద్వీపం ఉంది. జపాన్ సరిహద్దులు ఉత్తరాన రష్యా, పశ్చిమాన ఉత్తర కొరియా ఉంది.",geography,6
247,,"అనేక వ్యాధులు మానసిక ఆరోగ్యం పై ప్రభావం చూపుతాయి, వాటిలో కొన్ని ముఖ్యమైనవి ఉదాహరణకు ప్రసవ వ్యాధి, క్యాన్సర్, మల్టిపుల్ స్క్లేరోసిస్ మొదలైనవి.",health,4
248,,"ఈ సంవత్సరం జరిగే వివిధ క్రీడలలో పాల్గొనే ఆటగాళ్ళు అత్యంత ఉత్సాహంగా ఉన్నారు, మరియు వారు తమ ప్రతిభను ప్రదర్శిస్తున్నారు.",sports,3
249,,మానసిక స్థితి పట్ల మనం ఎక్కువ శ్రద్ధ వహించాలి. మానసిక స్థితి లేకపోవడం వల్ల చాలా సమస్యలు వస్తాయి.,health,4
250,,భూగోళిక దృక్పథంలో ప్రకృతి వైవిధ్యం ఎంతో ముఖ్యమైనది. అది ప్రపంచంలో వివిధ ప్రాంతాలలో కనిపిస్తుంది.,geography,6
251,,టెన్నిస్ క్రీడలో ఎంతో చిరునవి ఉన్నాయి. ఇది ఆటగాళ్ళను ప్రోత్సహిస్తుంది.,sports,3
252,,ఏజియన్ సముద్రం టర్కీకి పశ్చిమాన ఉంది. ఈ సముద్రం పొడవు 700 కిలోమీటర్లు.,geography,6
253,,ఈ రోజుల్లో విమాన ప్రయాణం కేవలం కొన్ని గంటల్లో ప్రయాణం చేయడం అనేది సాధ్యం. అయితే ఈ విమాన ప్రయాణం కు సంబంధించిన అనేక సమస్యలు ఉన్నాయి.,travel,1
254,,MetroPlus చాలా సౌకర్యవంతంగా మరియు తక్కువ జనాలతో ఉంటుంది.,travel,1
255,,"ఆరోగ్యం పట్ల అవగాహన ఉన్నవారు తక్కువగా ఉంటారు, అయితే ఆరోగ్యం పట్ల అవగాహన ఉన్నవారు ఎక్కువగా ఉంటారు.",health,4
256,,సెయింట్ పీటర్స్ బర్గ్ క్రూజ్ లు పట్టణంలో సమయం ఉంటాయి,travel,1
257,,రాజకీయ పార్టీలు తమ రాజకీయ ప్రయోజనాల కోసం ప్రజలను విభజిస్తున్నారు. ఇది ప్రజలకు చాలా హాని కలిగిస్తుంది.,politics,2
258,,కంప్యూటర్ నెట్‌వర్కింగ్ రంగంలో చాలా ముఖ్యమైన ప్రగతి సాధించబడింది. ఈ ప్రగతి వల్ల మన జీవితం మెరుగుపడింది.,science/technology,0
259,,ప్రసిద్ధ నటుడు రాజేంద్ర ప్రసాద్ తన నటనా వృద్ధికి గాను అనేక పురస్కారాలను అందుకున్నారు.,entertainment,5
260,,"ఆఫ్రికా ఖండంలో ఎన్నో దేశాలు ఉన్నాయి, అందులో సౌథ్ ఆఫ్రికా, మరోకో, ఈజిప్ట్, అల్జీరియా మొదలైన దేశాలు ఉన్నాయి.",geography,6
261,,"అమెరికా ఖండంలో ఉత్తర అమెరికా, దక్షిణ అమెరికా అనే రెండు భాగాలు ఉన్నాయి. ఉత్తర అమెరికాలో యునైటెడ్ స్టేట్స్, కెనడా దేశాలు ఉంది.",geography,6
262,,దేశంలో రాజకీయ స్థిరత్వం లేకపోవడం దేశానికి పెను అవకాశాలను నష్టపోవడానికి దారి తీస్తుంది.,politics,2
263,,"ఈ రోజుల్లో టెలివిజన్ ఛానళ్ళు చాలా ప్రజాదరణ పొందుతున్నాయి. వాటిలో రియాలిటీ షోలు, కామెడీ షోలు, మొదలైనవి.",entertainment,5
264,,మద్యాన్ని మితంగా తాగాలి. మద్యం ఒక్కొక్కరిని ఒక్కోలాగా ప్రభావితం చేస్తుంది మరియు మీ పరిమితిని తెలుసుకోవడం చాలా ముఖ్యం.,health,4
265,,రాజకీయాలలో నాయకులు ప్రధాన పాత్ర పోషిస్తారు. వారు పౌరుల సంక్షేమను దృష్టిలో ఉంచుకుని పాలన సంఘటన జరుపుతారు.,politics,2
266,,ప్రజాస్వామ్య వ్యవస్థలో రాజకీయాలు ప్రజల అభిప్రాయాలను వ్యక్తం చేస్తాయి. ఇక్కడ ప్రజలు తమ ప్రతినిధులను ఎన్నుకుని వారి ద్వారా తమ అభిప్రాయాలను వ్యక్తం చేస్తారు.,politics,2
267,,ప్రపంచంలో అత్యధికంగా వ్యాధులకు గురికారు అని తెలిసిన విషయమే.,health,4
268,,"ఈజిప్టు దేశం ప్రాచీన కాలంలో ప్రసిద్ధి చెందిన నౌకాయానిక దేశంగా ఉంది, మరియు నైలు నది ఈ దేశానికి ఎంతో ఆధారంగా ఉంది.",geography,6
269,,"భారతదేశం యొక్క ఉత్తర సరిహద్దులో హిమాలయాలు, దక్షిణ సరిహద్దులో బంగాళాఖాతం మరియు పశ్చిమ సరిహద్దులో అరేబియన్ సముద్రం ఉన్నాయి.",geography,6
270,,నేటి యువత ఎంటర్టైన్మెంట్ కోసం చాలా ఆసక్తికరంగా ఉంటుంది. వారు చాలా వినోదాత్మకమైన కార్యక్రమాలను ఎంచుకుంటారు.,entertainment,5
271,,అథ్లెటిక్స్ అనేది ఒక క్రీడ యొక్క అత్యంత ప్రాచీన రూపం.,sports,3
272,,రాజకీయ పార్టీలు ప్రభుత్వంలో పాత్ర పోషిస్తాయి. ఈ పార్టీలు పౌరుల అభిప్రాయాలు తెలుపుతాయి.,politics,2
273,,నీరు దీనికి మరొక ఉదాహరణ. రెండు హైడ్రోజన్ అణువులు మరియు ఒక ఆక్సిజన్ అణువును కలిపితే ఈ నీటి మిశ్రమం తయారవుతుంది.,science/technology,0
274,,ఆరోగ్యం కోసం మన శరీరంలో ఉండే హార్మోన్లు చాలా ముఖ్యం. వీటి సమతులు లేకుండా మన ఆరోగ్యం ప్రభావితమవుతుంది.,health,4
275,,"క్రీడలు అన్ని ప్రజలకు ఉపయోగకరంగా ఉన్నాయి, మరియు వాటి ద్వారా ప్రజలు తమ ఆరోగ్యాన్ని పెంచుకున్నారు.",sports,3
276,,ఏడాది పొడవునా రీఫ్ (సముద్రతలంలోని గుట్ట) కు అనేక మంది పర్యటకులు వస్తారు మరియు రీఫ్ లో ఈ కారణాల వల్ల గాయాలు చాలా అరుదుగా జరుగుతాయి.,travel,1
277,,క్రీడలు ఆరోగ్యం కోసం ఉపయోగపడతాయి. వాటి ద్వారా వ్యక్తులు తమ ఆరోగ్యం పెంచుకోవడానికి వీలు కల్పిస్తుంది.,sports,3
278,,ఆరోగ్యం పట్ల అనేక విషయాలు తెలుసుకోవడం చాలా ముఖ్యం. అందువలన ప్రజలు ఆరోగ్యం పట్ల ఎక్కువ అవగాహన కలిగి ఉన్నారు.,health,4
279,,"అమెరికా ఖండంలోని అతి పెద్ద దేశం కెనడా. దీని సరిహద్దులు పశ్చిమాన యునైటెడ్ స్టేట్స్, ఉత్తరాన ఆర్కటిక్ సముద్రం.",geography,6
280,,అంతర్జాతీయ సంఘంలో భారత దేశం యొక్క పాత్ర చాలా ముఖ్యమైనది. భారత దేశం అనేక అంతర్జాతీయ సంఘాల్లో సభ్య దేశంగా ఉంది.,politics,2
281,,సంగీతం మానవుల జీవితాన్ని ప్రభావితం చేస్తున్నది. అది మనం ఉత్సాహాన్ని పెంచుతుంది.,entertainment,5
282,,"సాధారణంగా మానసిక ఆరోగ్యం పై అత్యధిక ప్రభావం చూపుతున్నది అనేది కుటుంబ సంబంధాలు, స్నేహితులు, సహచరులు మొదలైనవి.",health,4
283,,ఆస్పత్రెలు మరియు వైద్యులు మానవుల ఆరోగ్యం పై చాలా కృషి చేస్తున్నారు. అయితే మానవులు తమ ఆరోగ్యం పై చాలా దృష్టి పెట్టాలి.,health,4
284,,"ఈజిప్ట్ ప్రాచీన నాగరికతకు చెందిన ఒక దేశం, ఇది నైలు నది ఒడ్డున ఉంది",geography,6
285,,వన్యప్రాణుల విషయానికి వస్తే మదగాస్కర్ ఇప్పటివరకు దానికదే అతి పెద్ద ఖండంగా ఉంది.,geography,6
286,,వైద్య శాస్త్రంలో అత్యంత ఆధునిక ఔషధాలు ఏవి? ఈ ఔషధాలు మానవ ఆరోగ్యాన్ని ఎలా ప్రభావితం చేసాయి?,science/technology,0
287,,"సైట్ కి సందర్శన సరస్సుకు బోట్ ట్రిప్ తో సౌకర్యంగా కలపవచ్చు. ఈ రోజుల్లో విమాన ప్రయాణం కేవలం ధరలను ముందుగా శోధించి, సరిపోల్చకుండా నేరుగా విమాన ప్రయాణం ద్వారా మాత్రమే బుక్ చేయబడుతుంది.",travel,1
288,,పరిశీలన రంగంలో అత్యధిక పురోగతి సాధించబడింది. ఈ పురోగతి వలన మానవ జీవితంలో అనేక మార్పులు వచ్చాయి.,science/technology,0
289,,"క్రీడలు మన దేశాన్ని ఎంతో ప్రాముఖ్యత ఉన్నాయి, అవి మన దేశాన్ని ప్రపంచంలో గుర్తింపు పొందేలా చేస్తాయి",sports,3
290,,"జ్ఞానవృద్ధికి సంబంధించిన వ్యాధులు చాలా ఉన్నాయి. వీటిలో అల్జుహైమర్స్, పార్కిన్సన్, హంటింగ్టన్ వ్యాధులు ముఖ్యమైనవి.",health,4
291,,"మీ ప్రారంభ రోజుల్లో, పాశ్చాత్య తరహా మరియు నాణ్యమైన హోటళ్లు, ఆహారం మరియు సేవల్ని అసిప్లిమేజ్ చేయడానికి సహాయపడే విధంగా పరిగణించండి.",travel,1
292,,వీడియో గేమ్స్ మన వినోదాన్ని పెంచుతున్నాయి. అవి మనలో ఉన్న ఉత్సాహాన్ని పెంచుతున్నాయి.,entertainment,5
293,,రాజకీయ నాయకులు ప్రజల కోసం పనిచేయాలి. వారు ప్రజల ఆకాంక్షలు మరియు అభిప్రాయాలను గౌరవిస్తూ ప్రజల కోసం పనిచేయాలి.,politics,2
294,,ప్రజాస్వామ్య దేశాలలో రాజకీయ పార్టీలు ప్రజల అభిప్రాయాలను సేకరిస్తున్నాయి.,politics,2
295,,"క్రీడలు ఎంతో ముఖ్యమైనవి, అవి మనలో సామర్థ్యాలను పెంచుతాయి, మనలో ఉత్సాహాన్ని పెంచుతాయి, మనలో ఆత్మవిశ్వాసాన్ని పెంచుతాయి.",sports,3
296,,భారతీయ రాజకీయాల్లో కొత్త అధ్యాయం మొదలైంది. ఈ అధ్యాయంలో ప్రజలు తమ హక్కులు పొందటానికి పోరాటం చేస్తున్నారు.,politics,2
297,,బ్యాడ్మింటన్ క్రీడాకు ఎంత ప్రాముఖ్యత కలిగి ఉందో తెలియదు.,sports,3
298,,వ్యాయామం మరియు ఆహార నియంత్రణ ద్వారా మనం ఆరోగ్యాన్ని కాపాడుకోవచ్చును.,health,4
299,,సెయింట్ పీటర్స్ బర్గ్ క్రూయిజ్ లు పట్టణంలో సమయం ఉంటాయి. క్రూయిజ్ ప్రయాణీకులకు వీసా ఆవశ్యకతల నుంచి మినహాయింపు ఇవ్వబడుతుంది.,travel,1
300,,క్రీడాకళలో పాల్గొనే వ్యక్తులు ఎంత సంతృప్తి పొందుతారు. అలాంటి వ్యక్తులు తమ ఆరోగ్యం గురించి ఆలోచిస్తారు.,sports,3
301,,కార్టూన్స్ మానవ జీవితానికి చాలా ముఖ్యమైన అంశం. అవి మన వినోదానికి చాలా తోడ్పడతాయి.,entertainment,5
302,,ఈ యుగంలో సైన్స్ రంగంలో ఘన ప్రగతి సాధించబడింది. ఈ ప్రగతి వల్ల మన జీవితం మెరుగుపడింది.,science/technology,0
303,,రాజకీయ పార్టీలు ప్రజాస్వామ్యంలో ముఖ్యమైన పాత్ర పోషిస్తాయి. వీటి ద్వారా ప్రజలు తమ అభిప్రాయాలను వ్యక్తీకరించవచ్చు.,politics,2
304,,సంగీతం మానవ జీవితానికి చాలా ముఖ్యమైన అంశం. అది మన భావాలను ప్రభావితం చేస్తుంది.,entertainment,5
305,,"ఏదైన పరిసరాలలో కొన్ని సంఖ్యలు ఉంటాయి, వీటిని కంప్యూటర్ లో ఉపయోగించడానికి బైనరీ సంఖ్యలు ఉపయోగిస్తారు.",science/technology,0
306,,"రష్యా దేశం పెద్ద దేశం. ఇది ఐరోపా, ఆసియా ఖండాలలో ఉంది.",geography,6
307,,ప్రపంచ క్రీడా రంగంలో ఎంతో ప్రాముఖ్యత ఉన్న క్రీడలలో ఒకటి ఫుట్ బాల్.,sports,3
308,,జ్ఞానం లేని వైద్యులు మనిషి ఆరోగ్యాన్ని పెంచుతారు. వారు మనిషి శరీరంలో ఉన్న సమస్యలను పరిష్కరిస్తారు.,health,4
309,,ఆస్ట్రేలియా ఖండం దక్షిణ అర్థగోళంలో ఉంది. ఇది 7.6 మిలియన్ చదరపు కిలోమీటర్ల విస్తీర్ణంతో ఉంది.,geography,6
310,,"మన దేశంలో క్రీడలు ఎంతో ప్రాముఖ్యత ఉన్నాయి, అవి పౌరులకు ఆరోగ్యకరమైన జీవితాన్ని అందిస్తాయి",sports,3
311,,ఈ సంవత్సరం జరిగే ఒలింపిక్స్ కు ప్రపంచం నుండి వచ్చే క్రీడాకారులు పాల్గొనబోతున్నారు.,sports,3
312,,ఆధునిక శాస్త్ర విజ్ఞానంలో కంప్యూటర్ లో ప్రాథమికంగా ఉన్న భాగం అంకెలు లేదా బిట్స్.,science/technology,0
313,,శాస్త్ర విజ్ఞానంలో ప్రాథమికంగా ఉన్న భాగం అంకెలు లేదా బిట్స్ అని పిలువబడే సంఖ్యలు.,science/technology,0
314,,సినిమాలు మన జీవితంలో చాలా ప్రాముఖ్యత కలిగి ఉంటాయి. వాటి ద్వారా మనం వినోదాత్మకంగా ఉంటుంది.,entertainment,5
315,,"భారతదేశం ఒక విశాలమైన దేశం, ఇది ఆసియా ఖండంలో ఉంది. దీని రాజధాని న్యూఢిల్లీ.",geography,6
316,,రాజకీయాల్లో మహిళల పాత్ర చాలా ముఖ్యమైనది. మహిళలు రాజకీయాల్లో ప్రవేశించడానికి చాలా సంఘర్షణలు పడుతున్నారు.,politics,2
317,,ఏదైనా కంప్యూటర్ ను ఉపయోగించే వ్యక్తి ఆ కంప్యూటర్ లో ఉన్న సాఫ్ట్‌వేర్ ను అర్థం చేసుకునే ఉంటాడు.,science/technology,0
318,,"క్రీడలు ఆటగాళ్ళకు ఎంతో ప్రాముఖ్యత ఉన్నాయి, అవి వారి సామర్థ్యాలను పెంచుతాయి, వారి ప్రతిభను పెంచుతాయి",sports,3
319,,"మరోవైపు, చాలా దేశాల్లో చలి మరియు మంచు పరిస్థితులు సాధారణంగా ఉంటాయి",travel,1
320,,ఆస్ట్రేలియా కోశాధికారి మరియు ప్రధాన మంత్రి జాన్ హోవార్డ్ తరువాత లిబరల్ పార్టీ నాయకుడిగా వచ్చే అవకాశం ఉన్న పీటర్ కాస్టెల్లో ఆస్ట్రేలియాలో అణు విద్యుత్ పరిశ్రమకు తన మద్దతును ప్రకటించారు .,politics,2
321,,"సైక్లింగ్ క్రీడలో విజయం సాధించిన సైక్లిస్టులు ఉన్నారు, వారు తమ క్రీడా పటు ఎంతో ప్రాముఖ్యత ఇచ్చారు.",sports,3
322,,ఐరోపా ఖండం పెద్ద దేశాలలో ఒకటి. ఇది ప్రపంచంలో రెండవ స్థానంలో ఉంది.,geography,6
323,,"విమాన ప్రయాణం కేవలం ధరలను ముందుగా శోధించి, సరిపోల్చకుండా నేరుగా విమాన ప్రయాణం ద్వారా మాత్రమే బుక్ చేయబడుతుంది.",travel,1
324,,"ఈ క్యాప్సూల్ ఒక సెకనుకు 12.8 km లేదా 8 miles వేగంతో ప్రయాణిస్తుంది, 1 నిమిషంలో అత్యధిక వేగంతో ఇది San Francisco నుండి Los Angelesకు చేరుకోగలదు.",science/technology,0
325,,గత వారం జరిగిన టీవీ కార్యక్రమం అత్యంత జనాదరణ పొందినది. దీనిలో వివిధ రకాల ఆటలు మరియు పోటీలు ఉంటాయి.,entertainment,5
326,,"నేటి రోజుల్లో విమాన ప్రయాణం చాలా సులభంగా ఉంటుంది, మరియు ప్రయాణీకులు తమ గమ్యాన్ని సులభంగా చేరుకునే అవకాశం ఉంటుంది.",travel,1
327,,భూమిపై ఉన్న జీవరాసులు అనేకం. ఈ జీవరాసులు భూమిపై ఉన్న పర్యావరణాన్ని ఎలా ప్రభావితం చేసాయి?,science/technology,0
328,,భారత దేశంలో జరిగిన రాజకీయ ఘటనలు చాలా ప్రాముఖ్యం కలిగి ఉన్నాయి. వీటిలో కొన్ని దేశం యొక్క రాజకీయ దృక్పథాన్ని మార్చివేసాయి.,politics,2
329,,మన శరీరానికి సంక్రమణ వ్యాధులు చాలా ప్రమాదకారి. వీటి నివారణ కొరకు సరైన ఆరోగ్య సంరక్షణ అవసరం.,health,4
330,,ఆరోగ్యపరమైన జీవితాన్ని గడించాలంటే మనం తొందరగా మార్పులు చేసుకోవాలి. అందుకే మనం ఆరోగ్య పరమైన అలవాట్లు పెంచుకోవాలి.,health,4
331,,జపాన్ దేశం యొక్క భౌగోళిక స్థితి చాలా ప్రత్యేకంగా ఉంది - ఇది పసిఫిక్ మహాసముద్రం యొక్క తీరంలో ఉంది మరియు ద్వీపసమూహంగా ఉంది.,geography,6
332,,రాజకీయ నాయకులు ప్రజల అభిప్రాయాలు విని తమ నిర్ణయాలు తీసుకునే అవకాశం ఉంది.,politics,2
333,,"మీరు ప్రయాణం చేస్తున్నారు అయితే ముందుగా తప్పుడు తీసుకోవాలి, అది మీ ప్రయాణాన్ని సురక్షితంగా చేస్తుంది.",travel,1
334,,ప్రయాణికులు తమ ప్రయాణాన్ని సురక్షితంగా మరియు సౌకర్యవంతంగా చేయడానికి వివిధ రకాల సౌకర్యాలను అందుకున్నారు.,travel,1
335,,టెలివిజన్ చానల్లో ప్రసారమైన కార్యక్రమాలు మన వినోదానికి చాలా ఉపయోగకరంగా ఉంటాయి.,entertainment,5
336,,"టెన్నిస్ ఆట గడ్డి మీద ఆడతారు, మరియు రంధ్రం చుట్టూ ఉన్న గడ్డిని పొట్టిగా చేసి, ఆకుపచ్చ అని పిలుస్తారు.",sports,3
337,,గత జూలైలో ఉల్కాపాతానికి ఈ రాళ్లలో పదిహేను కేటాయించబడ్డాయి.,geography,6
338,,మనిషి ఆరోగ్యాన్ని ప్రభావితం చేసే అనేక కారణాలు ఉన్నాయి. వాటిలో ముఖ్యమైనది ప్రదుష్టి.,health,4
339,,కంప్యూటర్ అనేది ప్రపంచంలో అత్యంత వేగవంతమైన సాంకేతిక రంగాలు. ఈ రంగాలు ప్రతి రోజు మన జీవితంలో ఎన్నో మార్పులు తెచ్చుతున్నాయి.,science/technology,0
340,,"కళారూపాలు మానవ జీవితంలో ఒక భాగంగా మారాయి. అవి మన సంఘర్షణలను చూపుతున్నాయి, మన సంతోషాలను పెంచుతున్నాయి.",entertainment,5
341,,"ఈ వ్యాధి వల్ల చాలా మంది తమ జీవితాన్ని కోల్పోవడం లేదు, కానీ దీనిని నివారణ చేయడానికి చాలా ప్రయత్నం చేయాలి.",health,4
342,,టెక్నాలజీ రంగంలో అత్యధిక పురోగతి సాధించబడింది. ఈ పురోగతి వలన మానవ జీవితంలో అనేక మార్పులు వచ్చాయి.,science/technology,0
343,,క్రీడా రంగంలో ఎంతో మంచి ప్రతిభ ఉన్న ఖిలాడీలు ఎందరో ఉన్నారు.,sports,3
344,,"సౌథ్ ఆఫ్రికా దేశం ఉత్తర సరిహద్దులో ఉన్న నమీబియా దేశం, ఇది అట్లాంటిక్ మహాసముద్రం తీరంలో ఉంది.",geography,6
345,,ఫుట్ బాల్ క్రీడ అంతర్జాతీయ స్థాయిలో ఎంత ప్రాముఖ్యత కలిగి ఉందో అందరికీ తెలిసింది.,sports,3
346,,"ఆస్ట్రేలియా ఓషియానియా ఖండంలోని అతి చిన్న దేశం. దీని సరిహద్దులు ఉత్తరాన టిమోర్ సముద్రం, దక్షిణాన హిందు మహాసముద్రం.",geography,6
347,,"కొన్ని సందర్భాల్లో ప్రజలు తమ సంస్కృతిని వినోదాత్మకంగా ప్రదర్శిస్తుంటారు. ఉదాహరణకు, కేరళ దేవాలయ ఉత్సవాలు చూడడానికి చాలా ఆసక్తికరంగా ఉంటాయి.",entertainment,5
348,,"అమెరికా ఖండం యొక్క భౌగోళిక స్థితి చాలా వైవిధ్యంగా ఉంది - ఇది ఎత్తైన పర్వతాలు, అగ్నిపర్వతాలు, ఎత్తైన సముద్రాలు మరియు వెడల్పైన అరణ్యాలు కలిగి ఉంది.",geography,6
349,,"ఐరోపా ఖండంలో చాలా దేశాలు ఉన్నాయి, వాటిలో కొన్ని దేశాలు సారాహ్ ఎడారి ప్రాంతంలో ఉన్నాయి.",geography,6
350,,"ప్రయాణం అనేది ఒక అనుభవం, మరియు అందులో ఎన్నో సంవత్సరాలు గడిచిపోయినా ఇప్పటికీ మనం ఆశ్చర్యపోతున్నాం.",travel,1
351,,భారత రాజకీయ పరివర్తన చాలా ఉంది. ఇందులో కొన్ని ముఖ్యమైన సంఘటనలు జరిగాయి.,politics,2
352,,"ఈ రోజుల్లో విమాన ప్రయాణం కేవలం ధరలను ముందుగా శోధించి, సరిపోల్చకుండా నేరుగా విమాన ప్రయాణం ద్వారా మాత్రమే బుక్ చేయబడుతుంది.",travel,1
353,,స్వాతంత్ర్య ఉద్యమం ప్రజలకు విముక్తి కలిగిస్తుంది. దీని ఫలితంగా ప్రజలు తమ హక్కులు ఉపయోగించుకునే అవకాశం ఉంది.,politics,2
354,,రాజకీయాలు ప్రజాస్వామ్యం యొక్క ప్రాణాధారం. పౌరులు తమ అభిప్రాయాలను వ్యక్తీకరించే హక్కును కలిగి ఉన్నారు.,politics,2
355,,ప్రజాస్వామ్యం అనేది ప్రభుత్వం ప్రజల చేత నిర్వహించబడుతుంది. ఇందులో ప్రజలు తమ ప్రతినిధులను ఎన్నుకుని వారి ద్వారా ప్రభుత్వాన్ని నిర్వహిస్తారు.,politics,2
356,,ఆటలు ఎంత వైవిధ్యమైనవి. అవి మన జీవితంలో ఎంత సంతృప్తి పొందుతాయి. అలాంటి ఆటలు మనలో ఎంత ఉత్సాహం పెంచుతాయి.,sports,3
357,,"అఫ్రికా ఖండంలో ఎన్నో దేశాలు ఉన్నాయి, వాటిలో సౌథ్ ఆఫ్రికా, ఈజిప్ట్, మొరాక్కో ముఖ్యమైనవి.",geography,6
358,,"ప్రతి సంవత్సరం, డజన్ల కొద్దీ సందర్శకులు గాయపడుతున్నారు, ఎందుకుంటే వారు సరైన దూరం లో ఉండలేదు",travel,1
359,,"ఫ్రాన్స్ దేశం ఐరోపా ఖండంలో ఉంది, మరియు దీని సరిహద్దులు బెల్జియం, లక్సెంబర్గ్, జర్మనీ, స్విట్జర్లాండ్, ఇటలీ, మరియు స్పెయిన్ దేశాలుగా ఉన్నాయి.",geography,6
360,,"కంప్యూటర్ అనేది ఒక యంత్రం, దీని ద్వారా మనం వివిధ రకాల సమాచారాన్ని నిలుపుకొని, వాటిని ప్రాసెస్ చేయవచ్చు.",science/technology,0
361,,నాటకాలు మన సాంఘీక జీవితాన్ని ఎంతో ప్రభావితం చేస్తున్నాయి. వాటిలో మనం మన సంస్కృతిని ప్రదర్శించుకోవచ్చు.,entertainment,5
362,,"ఒక క్రీడాకారుడు ఎంతో కష్టపడి ప్రదర్శిస్తున్నాడు, అయినా అతడు ఓటమి పొందలేదు.",sports,3
363,,స్కూల్లో క్రీడలు చదువుకునే ప్రాముఖ్యం ఉన్నాయి. వాటి ద్వారా విద్యార్థులు తమ శారీరక ఆరోగ్యం పెంచుకోవడానికి వీలు కల్పిస్తుంది.,sports,3
364,,"MetroPlus చాలా సౌకర్యవంతంగా మరియు తక్కువ జనాలతో ఉంటుంది, కానీ కొద్దిగా ఖరీదైనది.",travel,1
365,,మానసిక స్థితిపై ప్రభావం చూపిస్తున్న వివిధ రకాల వ్యాధులు ఉన్నాయి.,health,4
366,,"ఈ ఉపకరణం ద్వారా మీరు చాలా దూరం నుండి కమ్యూనికేట్ చేయవచ్చు, దీనిని సాధారణంగా టెలిఫోన్ అంటారు.",science/technology,0
367,,"కార్యక్రమాలు మన వినోదానికి చాలా ఉపయోగకరంగా ఉంటాయి. వాటిలో నటులు, సంగీతం, నృత్యం లాంటి అంశలు ఉంటాయి.",entertainment,5
368,,ఏషియా ఖండం అతి పెద్ద ఖండంగా ఉంది. ఇది అనేక దేశాలను కలిగి ఉంది.,geography,6
369,,"మరిముఖ్యంగా మీ ప్రారంభ రోజుల్లో, పాశ్చాత్య తరహా మరియు నాణ్యమైన హోటళ్లు, ఆహారం మరియు సేవల్ని అసిప్లిమేజ్ చేయడానికి సహాయపడే విధంగ",travel,1
370,,"టెన్నిస్ లో ఎన్నో రకరకాల ప్లేయర్లు ఉన్నారు, వాళ్లలో కొన్ని మంచి ప్లేయర్లు కూడా ఉన్నారు.",sports,3
371,,"మెట్రోప్లస్ చాలా సౌకర్యవంతంగా మరియు తక్కువ జనాలతో ఉంటుంది, కానీ కొద్దిగా ఖరీదైనది. అయినప్పటికీ ఐరోపాలోని మిగతా మెట్రో టికెట్‌ల కంటే దీని ధరలు చాలా తక్కువ.",travel,1
372,,"ప్రస్తుతం శాస్త్రవేత్తలు నానో టెక్నాలజీలో కృషి చేస్తున్నారు, ఇది చాలా చిన్న పరిమాణంలో ఉన్న వస్తువులను ఉపయోగించడానికి సహాయపడుతుంది.",science/technology,0
373,,"చైనా దేశం చాలా పెద్ద దేశం, ఇందులో చాలా పర్వతాలు, నదులు మరియు సరస్సులు ఉన్నాయి.",geography,6
374,,"సైన్స్ మరియు టెక్నాలజీ రంగాలలో చాలా ఆసక్తికరమైన విషయాలు ఉన్నాయి, ఇందులో విద్యుత్ మరియు ఎలక్ట్రానిక్స్ గురించి పరిశీలిస్తారు.",science/technology,0
375,,మానసిక ఆరోగ్య పరిరక్షణ కొరకు మనం చేయవలసిన ప్రథమ అడుగు మన మానసిక విలువలను పెంపుదల చేయడం.,health,4
376,,కంప్యూటర్ వైరస్ లను తొలగించడం వలన కంప్యూటర్ సురక్షను కాపాడవచ్చు. కంప్యూటర్ వైరస్ లను తొలగించడం వలన కంప్యూటర్ డేటాను కాపాడవచ్చు.,science/technology,0
377,,ఫుట్‌బాల్ క్రీడలో ఎంతో ఉత్సాహం ఉంది. ఇది ప్రేక్షకులను ఆనందిస్తుంది.,sports,3
378,,నాటకాలు మన జీవితాన్ని ఎంత ప్రభావితం చేస్తున్నాయి. అవి మనలో ఉన్న భావోద్రేకాన్ని పెంచుతున్నాయి.,entertainment,5
379,,ప్రజాస్వామ్యంలో పౌరులు తమ అభిప్రాయాలు తెలుపుతారు. ఈ అభిప్రాయాలు ప్రభుత్వం యొక్క నిర్ణయాలు తీసుకునే లో ఉపయోగిస్తాయి.,politics,2
380,,"ఫుట్బాల్ లో ఎన్నో జట్లు ఉన్నాయి, వాటిలో కొన్ని జట్లు మనం చూస్తున్నాము.",sports,3
381,,క్రీడాకళలో పాల్గొనే వ్యక్తులు ఎంత సంఘటనలు ఎదుర్కొంటారు. అలాంటి వ్యక్తులు తమ ఆరోగ్యం గురించి ఆలోచిస్తారు.,sports,3
382,,"నాటకాలు చాలా ప్రజాదరణ పొందుతున్నాయి. ఈ నాటకాలు మన భావాలను రగిలిస్తాయి, మన ఆలోచనలను ప్రేరేపిస్తాయి.",entertainment,5
383,,సంగీతం మన మనస్సును ఎంతో ప్రభావితం చేస్తున్నది. దీనిలో మనం మన భావాలను ప్రకటించుకోవచ్చు.,entertainment,5
384,,ఆరోగ్యం పట్ల అనేక సలహాలు ఉన్నాయి. అవి పాటిస్తే ఆరోగ్యం పట్ల చాలా మెరుగులు వస్తాయి.,health,4
385,,వీడియో గేమ్స్ కొన్ని సంవత్సరాలుగా మన వినోదానికి చాలా ముఖ్యమైన అంశం.,entertainment,5
386,,ప్రపంచంలో ఎన్నో రకాల వినోదాలు ఉన్నాయి. అవి మన జీవితాన్ని ఆనందంగా మరియు ఉత్సాహంగా చేస్తున్నాయి.,entertainment,5
387,,"భారతదేశం ఎన్నో సంస్కృతులు, మతాలు మరియు భాషలతో కూడిన ఒక వైవిధ్యమైన దేశం",geography,6
388,,రాజకీయాలు అనేది పౌరుల జీవితాల్లో చాలా ప్రభావం చూపే అంశ. ఈ రాజకీయాలు దేశం యొక్క భవిష్యత్తును నిర్ణయిస్తాయి.,politics,2
389,,రాజకీయ నాయకులు తమ రాజకీయ లక్ష్యాలను సాధించడానికి ప్రజలను ఆకర్షించే ప్రయత్నాలు చేస్తున్నారు.,politics,2
390,,"రాజకీయ పార్టీలు తమ లక్ష్యాలను సాధించడానికి ప్రజలను విభజిస్తున్నాయి, ఇది దేశంలో విభేదాలను పెంచుతుంది.",politics,2
391,,"సైన్స్ లో ప్రయోగాలు చేయడం అనేది చాలా ముఖ్యంగా ఉంటుంది, ఎందుకంటే అందులో విజ్ఞాన సంబంధమైన ప్రశ్నలకు సమాధానాలు లభిస్తాయి.",science/technology,0
392,,"ఈ పరికరం ద్వారా విద్యుత్ శక్తిని ఉత్పత్తి చేయవచ్చు, ఈ పరికరం విద్యుత్ శక్తిని ఉత్పత్తి చేయుటకు అత్యంత సమర్థవంతంగా ఉంటుంది.",science/technology,0
393,,ప్రజాస్వామ్య వ్యవస్థలో రాజకీయాలు ప్రధాన పాత్ర పోషిస్తాయి. ఇక్కడ ప్రజలు తమ ప్రతినిధులను ఎన్నుకుని వారి ద్వారా తమ అభిప్రాయాలను వ్యక్తం చేస్తారు.,politics,2
394,,"వ్యాధులు మరియు వైద్యం -- 
వ్యాధులు మరియు వైద్యం అనేది మనందరికీ తెలిసిన విషయం.",health,4
395,,గోల్ఫ్ మరియు రగ్బీ రెండూ ఒలింపిక్ క్రీడలలో తిరిగి చేర్చబడ్డాయి.,sports,3
396,,"భారతదేశం ఎన్నో సంస్కృతులు, ఎన్నో భాషలు, ఎన్నో ప్రాంతీయ విభిన్నతలు కలిగి ఉంది.",geography,6
397,,"ప్రకృతి శాస్త్రంలో జీవనౌషథాలు అనే భాగం చాలా ప్రాముఖ్యంగా ఉంటుంది, ఎందుకంటే అందులో జీవుల పుట్టుక మరియు పెరుగుదల గురించి తెలుసుకోవచ్చు.",science/technology,0
398,,"శాస్త్రవేత్తలు ఈ రోజు చాలా కొత్త ఆవిష్కరణలు చేస్తున్నారు, వాటిలో ఒకటి రోబోటిక్స్.",science/technology,0
399,,"ప్రయాణం అనేది అనుభవాలను పొందడానికి ఉత్తమ మార్గం, కాబట్టి ప్రతి వ్యక్తి ప్రయాణం చేయాలని కోరుకుంటుంది.",travel,1
400,,ఈ రోజుల్లో మన దేశంలో చాలా ప్రజాదరణ పొందుతున్న వినోదాన్ని కార్యక్రమాలు ఉన్నాయి. వాటిలో కొన్ని ప్రసిద్ధ కార్యక్రమాలు ఉన్నాయి.,entertainment,5
401,,టీవీ షోలు మన కాలక్షేపాన్ని ఎంతో పూర్తి చేస్తున్నాయి. వాటిలో మనం మన కుతూహలను తీర్చుకోవచ్చు.,entertainment,5
402,,"భారత దేశంలో ఎన్నో రాజకీయ పార్టీలు ఉన్నాయి. వీటిలో కొన్ని పెద్ద పార్టీలు అయిన భారతీయ జనతా పార్టీ, భారత కమ్యూనిస్ట్ పార్టీ లాంటివి ఉన్నాయి.",politics,2
403,,టెలివిజన్ చానల్స్ లో ప్రసారమవుతున్న కార్యక్రమాలు మన వినోదానికి చాలా తోడ్పడతాయి.,entertainment,5
404,,"న్యూక్లియర్ ఫిజిక్స్ లో పార్టికల్ అక్సిలరేటర్ అనే పరికరం ఉంటుంది, దీని ద్వారా అణువుల గతిని అధ్యయనం చేయవచ్చు.",science/technology,0
405,,ప్రతి రోజు కనీసం 30 నిమిళ్ళ వ్యాయామం చేయడం ద్వారా మన ఆరోగ్యాన్ని పెంచవచ్చు.,health,4
406,,"ఆఫ్రికా ఖండం యొక్క భౌగోళిక స్థితి చాలా వైవిధ్యంగా ఉంది - ఇది ఎత్తైన పర్వతాలు, అగ్నిపర్వతాలు, ఎత్తైన సముద్రాలు మరియు వెడల్పైన అరణ్యాలు కలిగి ఉంది.",geography,6
407,,"టర్కీ 3 వైపులా సముద్రాల చుట్టూ ఉంది: పశ్చిమాన ఏజియన్ సముద్రం, ఉత్తరాన నల్ల సముద్రం మరియు దక్షిణాన మధ్యధరా సముద్రం.",geography,6
408,,రాజకీయాలు అనేది ఓ చిక్కుముద్ద. ఇందులో ఎవరైనా గెలుపుకు పోరాటం చేస్తున్నారు. కానీ ఈ చిక్కుముద్ద దేశానికి మేలు చేస్తుందా?,politics,2
409,,"సంగీత కార్యక్రమాలు ప్రేక్షకులను ఆనందిస్తున్నాయి. వాటిలో కొన్ని సంగీత కచేరీలు, కొన్ని సంగీత పోటీలు, కొన్ని సంగీత ఉత్సవాలు.",entertainment,5
410,,ఈ రోజుల్లో పర్యటన కొరకు మానవుడు చాలా ఆధునిక సాధనలు ఉపయోగిస్తున్నాడు. ఈ సాధనలు ప్రయాణీకులకు చాలా సౌకర్యవంతంగా ఉంటాయి.,travel,1
411,,"ఓటోరిక్షా అనేది ఒక విశేష సంచార వాహనం, దీనిని ప్రయాణికులు ఎక్కువగా ఉపయోగిస్తున్నారు.",travel,1
412,,ఫుట్‌బాల్ క్రీడ అంతర్జాతీయ స్థాయిలో ఎంత ప్రాముఖ్యత కలిగి ఉంది. ఈ క్రీడ ప్రపంచవ్యాప్తంగా ఎంత ప్రజాదరణ పొందుతుంది.,sports,3
413,,"లో, ఈ వివాదం తూర్పు మోల్డోవాలో స్వయం ప్రకటిత ట్రాన్స్నిస్ట్రియా రిపబ్లిక్ ఏర్పడటానికి దారితీసింది, ఇది దాని స్వంత ప్రభుత్వం మరియు కరెన్సీని కలిగి ఉంది, కానీ ఏ UN సభ్య దేశం గుర్తించలేదు.",politics,2
414,,"క్రీడాకారులు ఎంతో ఆత్మవిశ్వాసంతో ప్రదర్శిస్తున్నారు, అయినా వారి ప్రయత్నాలు ఫలితాలు ఇవ్వడం లేదు.",sports,3
415,,"మెట్రోప్లస్ చాలా సౌకర్యవంతంగా మరియు తక్కువ జనాలతో ఉంటుంది, కానీ కొద్దిగా ఖరీదైనది.",travel,1
416,,"థియేటర్ లో ప్రదర్శించబడే నాటకాలు ప్రేక్షకులను ఆకట్టుకుంటున్నాయి. వాటిలో కొన్ని హాస్య నాటకాలు, కొన్ని రొమాన్స్ నాటకాలు, కొన్ని థ్రిల్లర్ నాటకాలు.",entertainment,5
417,,"మేము ప్రయాణం చేస్తున్నప్పుడు మనం చాలా సంతోషంగా ఉంటారు, మరియు మనం చేసే ప్రయాణం అనేది మనం జీవితంలో ఒక భాగం.",travel,1
418,,"ప్రపంచంలో ఎక్కువ మంది ఆరోగ్య సమస్యలను ఎదుర్కొంటున్నారు, అందుకు కారణం ఆహార లక్షణాలు, జీవన శైలి మరియు పరిసరాలు.",health,4
419,,"భారత దేశం ఆసియా ఖండంలో ఉంది. ఇది ఉత్తరాన హిమాలయ పర్వతాలు, దక్షిణాన హిందూ మహాసముద్రం, పశ్చిమాన అరబ్బీ సముద్రం మరియు పూర్వాన బంగాళాఖాతం ఉంది.",geography,6
420,,టెలివిజన్ కార్యక్రమాలు మన వినోదాన్ని పెంచుతున్నాయి. అవి మనలో ఉన్న ఉత్సాహాన్ని పెంచుతున్నాయి.,entertainment,5
421,,"ఐరోపా ఖండంలోని అతి పెద్ద దేశం రష్యా. దీని సరిహద్దులు పశ్చిమాన ఫిన్లాండ్, ఉత్తరాన ఆర్కటిక్ సముద్రం, దక్షిణాన కాకసస్ పర్వతాలు.",geography,6
422,,ప్రస్తుతం చాలా మంది ఉన్న వ్యాధి డయాబెటిస్. ఇది శరీరంలో ఉన్న చక్కెర లోని అసాధారణ పెరుగుదల వల్ల కలుగుతుంది.,health,4
423,,ఈ వ్యాధికి సంబంధించిన ప్రత్యేకమైన ఔషధాలు తయారు చేయబడుతున్నాయి.,health,4
424,,ప్రతి రోజు మన ఆహారంలో ఉండే పోషక పదార్థాలు మన ఆరోగ్యాన్ని ప్రభావితం చేస్తాయి.,health,4
425,,రాజకీయాలు అనేది ఒక చిక్కుమాటు. ఇది ప్రజల మధ్య రాజకీయ నాయకుల ప్రభావం ఉండేది.,politics,2
426,,స్పోర్ట్స్ అనేది శరీర ధారుఢ్యాన్ని పెంచే ఒక ఉత్తమ సాధన.,sports,3
427,,"మానవుని ఆరోగ్యం కొరకు ముఖ్యమైన అంశలు ఆహారం, వ్యాయామం, పరిసరం. వీటిని పాటిస్తే మానవుని ఆరోగ్యం బాగుంటుంది.",health,4
428,,"ఈ సంవత్సరం జరిగే ఒలింపిక్స్ లో పాల్గొనే దేశాలు అన్ని తయారీ చేసుకున్నాయి, మరియు వారు తమ ప్రతిభను ప్రదర్శిస్తున్నారు.",sports,3
429,,"ఈ ప్రయోగం లో శాస్త్రవేత్తలు ప్రయోగం చేస్తున్నారు, అందులో వారు కొత్త పరిజ్ఞానం పొందుతున్నారు.",science/technology,0
430,,రాజకీయాలు అనేది ఓ ఖేలాట. ఇందులో ఎవరైనా గెలుపుకు పోరాటం చేస్తున్నారు. కానీ ఈ ఖేలాట దేశానికి మేలు చేస్తుందా?,politics,2
431,,"బైనరీ సంఖ్య రెండు విలువలలో ఒకదానిని మాత్రమే కలిగి ఉంటుంది, అనగా 0 లేదా 1, ఇంకా ఈ సంఖ్యలను కంప్యూటర్ పరిభాషను ఉపయోగించడానికి బైనరీ అంకెలు లేదా బిట్స్ అని సూచిస్తారు.",science/technology,0
432,,రాజకీయ పార్టీలు ఎలా ప్రజల అభిప్రాయాలను ప్రభావితం చేస్తున్నాయి? వీరు ఎలా ప్రజలకు సేవ చేస్తున్నారు?,politics,2
433,,"ప్రతి రోగికి ఒక్కొక్క చికిత్స ఉంటుంది, అయితే ప్రతి రోగికి ఒక్కొక్క చికిత్స ఉండదు.",health,4
434,,"ఈ సంవత్సరం జరిగే క్రీడా పోటీలలో ఎంతో ఉత్సాహంతో పాల్గొనే ఆటగాళ్లు ఎంతో ప్రతిష్ఠ పొందారు, మరియు ఈ క్రీడలు ఎంతో ప్రజాదరణ పొందాయి.",sports,3
435,,"కంప్యూటర్ శాస్త్రంలో డేటా స్టోరేజ్ అనే భాగం చాలా ముఖ్యంగా ఉంటుంది, ఎందుకంటే అందులో డేటాను భద్రపరచడం జరుగుతుంది.",science/technology,0
436,,"ప్రయాణం చేయడం అనేది చాలా సులువుగా ఉంటుంది, కానీ దీనిలో కొన్ని అంశలు ఉంటాయి, అవి ప్రయాణీకులను సంకల్పించడం జరుగుతుంది.",travel,1
437,,"మెట్రో ప్లస్ చాలా సౌకర్యవంతంగా మరియు తక్కువ జనాలతో ఉంటుంది, కానీ కొద్దిగా ఖరీదైనది.",travel,1
438,,మానవ జీవితంలో ఆరోగ్యం అత్యంత ముఖ్యమైన అంశ. ఆరోగ్యం ఉన్నప్పుడు మనం జీవితాన్ని సంతోషంగా గడిపే అవకాశం ఉంటుంది.,health,4
439,,"స్వాగతం కార్యక్రమాలు ప్రయాణీకులకు సహాయపడే విధంగా ఉంటాయి, కాబట్టి ప్రయాణీకులు తమ ప్రయాణాన్ని సురక్షితంగా ఉంచుకునేటట్లు.",travel,1
440,,"చైనా దేశం ఆసియా ఖండంలో ఉంది, మరియు ఇది ప్రపంచంలో అతి జనసాంఖ్యాకు కలిగిన దేశంగా ఉంది.",geography,6
441,,భారత రాజకీయాలు ప్రజల కోసం ఉంటాయని అందుబాటులో ఉన్న నాయకులు చెప్పుకోదగిన విషయం.,politics,2
442,,మన ఆరోగ్యం కోసం మన పరిసరాలు చాలా ముఖ్యం. వీటిని సరిగా ఉంచడం చాలా అవసరం.,health,4
443,,వైద్య పరీక్షలు చాలా ముఖ్యం. వాటి ద్వారా అనేక వ్యాధులను గుర్తించవచ్చు.,health,4
444,,ప్రభుత్వం ప్రజల సంక్షేమకు కార్యక్రమాలు రూపొందిస్తున్నది. ఈ కార్యక్రమాలు ప్రజలు తమ జీవితంలో మెరుగైన పరివర్తనలు తీసుకురావడానికి సహాయం చేస్తున్నాయి.,politics,2
445,,ఢిల్లీ లో నిర్వహించిన అంతర్జాతీయ చలన చిత్రోత్సవంలో తెలుగు చలన చిత్రం 'బాహుబలి' అవార్డులను గెలుచుకుంది.,entertainment,5
446,,"ఒట్టావా కెనడా యొక్క మనోహరమైన, ద్విభాషా రాజధాని మరియు కెనడా యొక్క గత మరియు వర్తమానాలను ప్రదర్శించే కళా ప్రదర్శనశాలలు మరియు వస్తుప్రదర్శనశాలల శ్రేణిని కలిగి ఉంది.",geography,6
447,,"ఈ రోజుల్లో ప్రయాణం అనేది చాలా సౌకర్యవంతంగా ఉంది, మరియు అనేక రకాల రవాణా సాధనాలు అందుబాటులో ఉన్నాయి.",travel,1
448,,రాజకీయాల్లో మనుషులు ఎల్లప్పుడు ఓటు వేయడానికి వెళ్తున్నారు. ఈ ఓటు వేయడం ద్వారా మనుషులు తమ ఇష్టాన్ని ప్రకటిస్తున్నారు.,politics,2
449,,"ఏవియేషన్ రంగంలో చాలా ఆధునిక పరిజ్ఞానం అభివృద్ధి చేయబడింది, ఇది మనం విమానాలను రూపొందించడం ద్వారా చాలా ప్రయాణ సౌకర్యాలను కల్పిస్తుంది.",science/technology,0
450,,తెలుగు చలన చిత్ర పరిశ్రమలో ప్రఖ్యాత నటి అనుష్క శెట్టి తన నటనా వృద్ధికి గాను అనేక పురస్కారాలను అందుకుంది.,entertainment,5
451,,టెన్నిస్ ఆట క్రీడాకారులకు చాలా ఇష్టమైన ఆట. ఈ ఆటలో రాకెట్ తో బంతిని ఢీకొనడం వంటి సంఘటనలు జరుగుతాయి.,sports,3
452,,"భూగోళ శాస్త్రం లో అతి ముఖ్యమైన అంశలు భూమి యొక్క ఆకారం, పరిమాణం, భూస్వరూపం, వాతావరణం మరియు మానవ జీవన విధానం.",geography,6
453,,"విమానంలో ప్రయాణించడం అనేది అన్ని వయస్సుల మరియు నేపథ్యాల ప్రజలకు ఒక భయానక అనుభవం, మరిముఖ్యంగా వారు ఇంతకు ముందు ఎగరనట్లయితే లేదా ఒక ట్రామాటిక్ ఘటనను అనుభూతి చెందనట్లయితే.",travel,1
454,,"ఈ సీజన్ లో అత్యధిక పరుగులు సాధించిన ఆటగాళ్లు ఎంతో ఖుషులు ఉన్నారు, వారు తమ జీవితంలో ఇంకా ఎన్నో సాధించాలనుకుంటున్నారు.",sports,3
455,,"వినోదాత్మక కార్యక్రమాలు మన జీవితంలో చాలా ప్రాముఖ్యత కలిగి ఉంటాయి. ఉదాహరణకు, టెలివిజన్ ఛానల్స్ ద్వారా మనం వినోదాత్మకంగా ఉంటుంది.",entertainment,5
456,,"టెలివిజన్ లో ప్రసారమైన క్రీడా కార్యక్రమాలు ప్రేక్షకులను ఆకట్టుకుంటున్నాయి. వాటిలో కొన్ని క్రికెట్ మ్యాచ్ లు, కొన్ని ఫుట్ బాల్ మ్యాచ్ లు, కొన్ని టెన్నిస్ మ్యాచ్ లు.",entertainment,5
457,,క్రీడలు ఆటలో పాల్గొనే వారికి ఎంతో ప్రాముఖ్యత ఉంది.,sports,3
458,,ప్రభుత్వం హామీ ఇచ్చినట్లుగా అదనపు క్యారేజీలకు నిధులు సమకూరుస్తున్నట్లు అని కూడా నేటి ప్రకటనలో వచ్చింది.,politics,2
459,,"కళా ప్రదర్శనలు చాలా ఆసక్తికరంగా ఉంటాయి. ఈ ప్రదర్శనలు మన మనసులను ఆనందిస్తాయి, మన ఆలోచనలను ప్రేరేపిస్తాయి.",entertainment,5
460,,మానసిక స్థితిని ప్రభావితం చేసే అనేక కారణాలు ఉన్నాయి. వాటిలో ముఖ్యమైనది మానసిక ఒత్తిడి.,health,4
461,,నాటకాలు మానవ జీవితానికి చాలా దగ్గరగా ఉంటాయి. అవి మన భావాలను ప్రభావితం చేస్తాయి.,entertainment,5
462,,"క్రీడలలో చాలా విజయాలు సాధించిన మహిళలు ఉన్నారు, వారు తమ క్రీడా పటు ఎంతో ప్రాముఖ్యత ఇచ్చారు.",sports,3
463,,రాజకీయాలు అనేది సమాజంలో ప్రభావం చూపే అంశ. ఇక్కడ రాజకీయ నాయకులు ప్రజల కోరికలను పూర్తి చేస్తారు.,politics,2
464,,రాజకీయ పార్టీలు తమ విధానాలు ప్రజలకు అందించడానికి ప్రయత్నాలు చేస్తున్నాయి.,politics,2
465,,ఓపెన్ టెన్నీస్ ప్రపంచ ఛాంపియన్‌షిప్‌‌లో నవభారత్ ఖెగ్డె అనే క్రీడాకారుడు గెలిచాడు.,sports,3
466,,అథ్లెటిక్స్ అనేది ఒలింపిక్స్ లో ఒక భాగం. ఇందులో పాల్గొనే ఆటగాళ్ళు తమ సామర్థ్యాన్ని ప్రదర్శిస్తారు.,sports,3
467,,ప్రజాస్వామ్యం అనేది రాజకీయ వ్యవస్థలో ఒక ముఖ్యమైన అంశ. దీని ద్వారా ప్రజలు తమ ఇష్టానుసారం ఓటు వేయవచ్చు. దీని ద్వారా రాజకీయ నాయకులు ప్రజల అభిప్రాయాన్ని పట్టించుకున్నారు.,politics,2
468,,"జపాన్ దేశం ఆసియా ఖండంలో ఉంది, ఇది అతి పెద్ద దేశాల్లో ఒకటి.",geography,6
469,,విద్యుత్ ఘటాలను ఉపయోగించడం వలన విద్యుత్ ఉత్పాదన పెరుగుతుంది.,science/technology,0
470,,"కేరళ దేవాలయ ఉత్సవాలు చూడడానికి చాలా ఆసక్తికరంగా ఉంటాయి, వీటిలో సాంప్రదాయకంగా అలంకరించిన ఏనుగుల ఊరేగింపు, ఆలయ వాద్య బృందం ఇంకా మరెన్నో వేడుకలు ఉంటాయి.",entertainment,5
471,,అగ్నిపర్వతానికి సంబంధం లేని నల్లని మేఘాలు కొండ అడుగుభాగంలో నివేదించబడ్డాయి.,geography,6
472,,ఆరోగ్య సంరక్షణకు మానవులు ఎన్నో ప్రయత్నాలు చేస్తున్నారు. అయితే మనం ఇప్పటికీ ఆరోగ్య సమస్యలను పూర్తిగా పరిష్కరించలేకపోతున్నాము.,health,4
473,,ప్రతి ఒక్కరు తమ ఆరోగ్యాన్ని పరిరక్షించుకోవడానికి చాలా జాగ్రత్త వహించాలి.,health,4
474,,"ఈ సూత్రం ప్రకారం, ఒక వస్తువు యొక్క పరిమాణం పెరగడం వలన దాని సాంద్రత కూడా పెరుగుతుంది.",science/technology,0
475,,అదే విధంగా శక్తినివ్వ గల రియాక్టర్ ను తయారు చేసేందుకు శాస్త్రవేత్తలు కృషి చేస్తున్నారు.,science/technology,0
476,,"బ్యాడ్మింటన్ ఆటగాళ్ళు తమ ఆటలో అత్యుత్తమ శక్తిని ప్రదర్శిస్తారు, మరియు వారి ఆటలో ప్రతిభను ప్రదర్శిస్తారు.",sports,3
477,,ప్రపంచంలో అనేక ప్రాంతాలు పర్యటించడం మానవుని ఆశక్తి కలిగిస్తుంది. ఈ ప్రయాణం ద్వారా మానవుడు అనేక అనుభవాలు పొందగలడు.,travel,1
478,,ఇటువంటి క్రీడాకారులు తమ ప్రతిభా వినియోగిస్తే దేశానికి గర్వకారణం ఔతారు.,sports,3
479,,భారత రాజకీయాల్లో మహిళలు పెద్ద పాత్ర పోషిస్తున్నారు.,politics,2
480,,ప్రపంచంలో అనేక వ్యాధులు ఉన్నాయి. వాటిలో కొన్ని వ్యాధులు ప్రాణాంతకమైనవి. అందుకే ఆరోగ్యం పట్ల అవగాహన ఉండాలి.,health,4
481,,"అమెరికా ఖండం యొక్క ఉత్తర భాగంలో ఐస్‌లాండ్ ఉంది, దక్షిణాన టియెరా డెల్ ఫ్యూగో ఉంది.",geography,6
482,,సెయింట్ పీటర్స్ బర్గ్ క్రూజ్ లు పట్టణంలో సమయం ఉంటాయి. క్రూయిజ్ ప్రయాణీకులకు వీసా ఆవశ్యకతల నుంచి మినహాయింపు ఇవ్వబడుతుంది(నిబంధనలను చెక్ చేయండి).,travel,1
483,,క్రీడాకారులు ఎంతో సాధన చేసి తమ క్రీడలలో అగ్రస్థానం సాధిస్తారు.,sports,3
484,,క్రికెట్ ఆట భారతీయులకు చాలా ఇష్టమైన ఆట.,sports,3
485,,"ప్రభుత్వం యొక్క ప్రాధాన్యత అన్నీ ప్రజల ఆరోగ్యం, విద్య, ఆర్థిక వ్యవస్థ.",politics,2
486,,అంతర్జాతీయ సంబంధాలు దేశాల మధ్య సౌఖ్యాన్ని పెంచుతున్నాయి. ఈ సంబంధాలు దేశాలు తమ ఆర్థిక వృద్ధికి సహాయపడుతున్నాయి.,politics,2
487,,"అమెరికా దేశం ఉత్తర అమెరికా ఖండంలో ఉంది, మరియు ఇది ప్రపంచంలో అతి ఆర్థిక వృద్ధికి కలిగిన దేశంగా ఉంది.",geography,6
488,,"ఒకప్పుడు స్మైర్నా అనే ప్రాచీన నగరం ఇప్పుడు ఆధునిక, అభివృద్ధి చెందిన, మరియు బిజీ వాణిజ్య కేంద్రంగా ఉంది, ఇది ఒక పెద్ద అఖాతం చుట్టూ మరియు పర్వతాలతో చుట్టబడి ఉంది.",geography,6
489,,"వీడియో గేమ్స్ ప్రేక్షకులను ఆకట్టుకుంటున్నాయి. వాటిలో కొన్ని యాక్షన్ గేమ్స్, కొన్ని అడ్వెంచర్ గేమ్స్, కొన్ని స్పోర్ట్స్ గేమ్స్.",entertainment,5
490,,వినోదం అనేది మన జీవితాన్ని సంతోషంగా చేస్తుంది. దీనిని మనం ఎంతో ఆనందంగా అనుభవిస్తున్నాము.,entertainment,5
491,,"క్రీడా ప్రియులైన ప్రేక్షకులు ఎంతో ఉత్సాహంతో ఈ క్రీడలను వీక్షిస్తారు, మరియు ఆటగాళ్లు ఎంతో శక్తిని ప్రదర్శించారు.",sports,3
492,,"ఆఫ్రికా ఖండం ఎన్నో పెద్ద నదులు కలిగి ఉంది. నైలు నది, కాంగో నది, ఝాంబెజి నది మొదలైనవి.",geography,6
493,,"ఈ వ్యాధికి సంబంధించిన లక్షణాలు చాలా ఉన్నాయి, దీనిని గుర్తించడం చాలా ముఖ్యం.",health,4
494,,"ఆస్ట్రేలియా దేశం ఓషియానియా ఖండంలో ఉంది. ఇది ఉత్తరాన టిమోర్ సముద్రం, దక్షిణాన హిందూ మహాసముద్రం ఉంది. ఆస్ట్రేలియా సరిహద్దులు ఉత్తరాన పాపువా న్యూగిని, పశ్చిమాన ఇండోనేషియా ఉంది.",geography,6
495,,టెలివిజన్ వినోదం యొక్క ప్రభావం మన జీవితంలో చాలా ఉంది. ఇది మనం ఓపిక లేని పరిస్థితుల్లో ఆనందించే ఒక మాధ్యమం.,entertainment,5
496,,"ప్రయాణం అనేది ఒక అనుభూతి, మరియు అందులో ఎన్నో సంవత్సరాలు గడిచిపోయినా ఇప్పటికీ మనం ఆశ్చర్యపోతున్నాం.",travel,1
497,,"మన దేశంలో ప్రయాణికులు ఎక్కువగా ప్రయాణించే స్థలాల్లో ఒకటి హైదరాబాద్, ఇది తెలంగాణ రాష్ట్రంలోని ఒక ప్రముఖ నగరం.",travel,1
498,,ఆరోగ్యం కోసం మనం చేయవలసిన ప్రధాన పని మన ఆహారం పరిశీలన.,health,4
499,,శాస్త్ర పరిశోధనలో చాలా ముఖ్యమైన ఆవిష్కరణలు జరిగాయి. వాటిలో కొన్ని మానవ జీవితాన్ని మార్చివేసాయి.,science/technology,0
500,,"అథ్లెటిక్స్ ఈవెంట్ లో పాల్గొనే ఆటగాళ్లు ఎంతో ఉత్సాహంగా ఉన్నారు, వారు తమ స్థాయిని పెంచుకోవడానికి ఎంతో కష్టపడుతున్నారు.",sports,3
501,,"క్రికెట్ లో ఇండియా ఓపెనింగ్ బౌలర్ గా శంఖ్య చేస్తున్నాడు, అతని బౌలింగ్ శైలి చాలా ప్రశంసకు పాత్రమైంది.",sports,3
502,,"ఐరోపా ఖండంలో ఎన్నో దేశాలు ఉన్నాయి, వాటిలో ఫ్రాన్స్, జర్మనీ, ఇటలీ ముఖ్యమైనవి.",geography,6
503,,ఆఫ్రికా ఖండంలో ఎన్నో దేశాలు ఉన్నాయి. వీటిలో కొన్ని దేశాలు సంపన్న దేశాలు. కొన్ని దేశాలు అభివృద్ధి చెందిన దేశాలు.,geography,6
504,,ప్రపంచంలో అత్యధిక ప్రాణాంతక వ్యాధులలో ఒకటి క్యాన్సర్. ఈ వ్యాధి ప్రపంచంలో అత్యధిక మరణాలకు కారణమైంది.,health,4
505,,"విమానంలో ప్రయాణించడం అనేది ఒక భయానక అనుభవం, మరియు అందులో ఎన్నో సంవత్సరాలు గడిచిపోయినా ఇప్పటికీ మనం ఆశ్చర్యపోతున్నాం.",travel,1
506,,"టెలివిజన్ వ్యాఖ్యానులు మన జీవితంలో ఒక భాగంగా మారాయి. అవి మన సంఘర్షణలను చూపుతున్నాయి, మన సంతోషాలను పెంచుతున్నాయి.",entertainment,5
507,,ఏడాది పొడవునా రీఫ్‌‌(సముద్రతలంలోని గుట్ట)కు అనేక మంది పర్యటకులు వస్తారు,travel,1
508,,మనిషి ఆరోగ్యం కొరకు ప్రకృతి వైద్యం చాలా ముఖ్యం. ఇది మనిషి శరీరంలో ఉన్న సహజ సామర్థ్యాన్ని పెంచుతుంది మరియు మనిషికి ఆరోగ్యం కొరకు చాలా ముఖ్యం.,health,4
509,,"ఆరోగ్యం కోసం మనం చేసే ప్రతీ చర్య చాలా ముఖ్యం, దీని ద్వారా మనం పొందే ఫలితాలు చాలా ఉన్నాయి.",health,4
510,,"క్రీడలు ఆడుతున్నప్పుడు మనసు ఉండాలి, అలాగే ఆట ఆడుతున్నప్పుడు కూడా మనసు ఉండాలి.",sports,3
511,,"ఈ సమయంలో చాలా మంది ప్రజలు తమ సేవా కాలంలో వినోదాన్ని ఎంచుకుంటున్నారు. వారు సినిమాలు, టీవీ షోలు మొదలైన వినోదాన్ని ఎంచుకుంటున్నారు.",entertainment,5
512,,సైన్స్ అనేది మానవుని సంఘటనలను పరిశీలించడానికి ఉపయోగించే ఒక పద్ధతి.,science/technology,0
513,,సూర్యుని నుండి వచ్చే సౌర శక్తిని ఉపయోగించుకునే పద్ధతులు అనేకం. ఈ శక్తిని విద్యుత్ శక్తిగా మార్చడానికి అనేక పద్ధతులు ఉన్నాయి.,science/technology,0
514,,ఆర్టిఫీషియల్ ఇంటెలిజెన్సీలో కొత్త పరిజ్ఞానాలను అభివృద్ధి చేయడం వలన మానవ జీవితంలో పెను మార్పులు వచ్చే అవకాశం ఉంది.,science/technology,0
515,,"దేశాల మధ్య సంబంధాలు అన్నీ రాజకీయ సంఘటనలు, సాంఘీక సంస్కృతి, ఆర్థిక వ్యవస్థ.",politics,2
516,,క్రీడా రంగంలో ప్రతిభ ఉన్నవారు తమ జీవితంలో ఎంతో సఫలతను సాధిస్తారు.,sports,3
517,,"క్రీడా రంగంలో ఎంతో ఘనత పొందిన ఆటగాళ్లు ఎంతో ఉత్సాహంతో ఈ క్రీడలను వీక్షిస్తారు, మరియు ఈ క్రీడలు ఎంతో ప్రజాదరణ పొందాయి.",sports,3
518,,ఏడాది పొడవునా రీఫ్‌‌(సముద్రతలంలోని గుట్ట)కు అనేక మంది పర్యటకులు వస్తారు మరియు రీఫ్‌లో ఈ కారణాల వల్ల గాయాలు చాలా అరుదుగా జరుగుతాయి.,travel,1
519,,ఈ నెల విడుదలైన నూతన సినిమాల్లో ఒకటి ఈ సినిమా. దీనిలో నటులు తమ నటనతో మంచి ప్రశంసలు అందుకున్నారు.,entertainment,5
520,,సినిమాలు మానవుల జీవితాన్ని ప్రభావితం చేస్తున్నాయి. వాటి ద్వారా మనం కొన్ని విషయాలు తెలుసుకోవచ్చు.,entertainment,5
521,,"ప్రయాణం అనేది మానవుని జీవితంలో ఒక భాగం, మరియు దీని ద్వారా మనం కొత్త ప్రాంతాలు, కొత్త సంస్కృతులు, మరియు కొత్త అనుభవాలను పొందుతాం.",travel,1
522,,"మానవ నివాస ప్రాంతాలలో ఒకటి అయిన అఫ్రికా ఖండంలో విస్తారంగా ఉన్న ప్రాంతాలు సహారా ఎడం, కాంగో బేసిన్ మరియు నైల్ నది లోయర్.",geography,6
523,,ప్రస్తుత రాజకీయ పరిస్థితిలో పౌరులు తమ హక్కులు ఉన్నాయని భావిస్తున్నారు.,politics,2
524,,"క్రీడా పోటీలు జరగబోతున్నాయి, ఇందులో ప్రముఖ పోటీలు జరగబోతున్నాయి.",sports,3
525,,మనిషి యొక్క ఆరోగ్యాన్ని పెంచడానికి చాలా ముఖ్యం.,health,4
526,,ఇది 2.2 మిలియన్ కిలోమీటర్ల మహా సముద్రానికి విస్తరించిన 15 ద్వీపాలతో ఉన్న ద్వీపసమూహం.,geography,6
527,,"సౌర మండలం యొక్క ఏడు గ్రహాలలో భూమి ఒకటి, ఇది మన నివాస స్థానం.",science/technology,0
528,,ఏడాది పొడవునా రీఫ్‌‌(సముద్రతలంలోని గుట్ట)కు అనేక మంది పర్యటకులు వస్తారు మరియు రీఫ్‌‌లో ఈ కారణాల వల్ల గాయాలు చాలా అరుదుగా జరుగుతాయి.,travel,1
529,,"జపాన్ దేశం చాలా పెద్ద ద్వీపసమూహం, ఇందులో 4 పెద్ద ద్వీపాలు ఉన్నాయి - హోన్షు, హొక్కైడో, క్యుషు మరియు షికోకు.",geography,6
530,,"ఇది ఒక సంక్లిష్టమైన తత్వము, సరళీకృత బోర్ మోడల్ ప్రకారం, కేంద్ర కేంద్రకం చుట్టూ ఎలక్ట్రాన్లలు తిరుగుతూ, సూర్యుని చుట్టూ ప్రదక్షిణ చేసే గ్రహాలలాగే ఉంటుంది.",science/technology,0
531,,"అణు భౌతిక శాస్త్రంలో, ఎలక్ట్రాన్లు అణువుల చుట్టూ తిరుగుతూ ఉంటాయి. ఈ ఎలక్ట్రాన్లు అణువుల నుండి బయటకు వచ్చినప్పుడు, వాటిని ఫోటాన్లు అంటారు.",science/technology,0
532,,ప్రజాస్వామ్యంలో ప్రభుత్వం ప్రజల చేత ఏర్పడుతుంది. ఈ ప్రభుత్వం ప్రజల సంక్షేమకు పనిచేస్తుంది.,politics,2
533,,"సైన్స్ పుస్తకంలో చెప్పినట్లుగా, రసాయన మార్పిడులు రసాయన చర్యల ద్వారా జరుగుతాయి.",science/technology,0
534,,"చైనా దేశం ఆసియా ఖండంలో ఉంది, ఇది అతి పెద్ద దేశాల్లో ఒకటి.",geography,6
535,,"అఫ్రికా ఖండంలో ఎన్నో దేశాలు ఉన్నాయి, వాటిలో కొన్ని దేశాలు సారాహ్ ఎడారి ప్రాంతంలో ఉన్నాయి.",geography,6
536,,"ఇది చాలా సంక్లిష్టమైన తత్వము, సరళీకృత బోర్ మోడల్ ప్రకారం, కేంద్ర కేంద్రకం చుట్టూ ఎలక్ట్రాన్లలు తిరుగుతూ, సూర్యుని చుట్టూ ప్రదక్షిణ చేసే గ్రహాలలాగే ఉంటుంది - 1.1 చిత్రం చూడండి.",science/technology,0
537,,"ఓషనియా ఖండం అనేక ద్వీపాలను కలిగి ఉంది. ఆస్ట్రేలియా, న్యూజీలాండ్, పాపువా న్యూగిని మొదలైనవి.",geography,6
538,,"సెరెంగెటి ప్రాంతంలో సెరెంగెటి నేషనల్ పార్క్, టాంజానియాలోని న్గొరోంగోరో కన్జర్వేషన్ ఏరియా మరియు మస్వా గేమ్ రిజర్వ్ ఇంకా కెన్యాలోని మాసాయి మారా నేషనల్ రిజర్వ్ కలదు.",geography,6
539,,మనం ప్రయాణం చేయాలనుకునే ఉన్నప్పుడు ముందుగా ప్లాన్ చేయడం చాలా అవసరం. అయితే ప్లాన్ చేయకుండా ప్రయాణం చేయడం చాలా ప్రమాదకరం.,travel,1
540,,"సౌర జనిత శక్తి అనేది భూమి పై పడే సూర్యుని కాంతి ద్వారా పొందవచ్చు, దీనిని విద్యుత్ శక్తిగా మార్చవచ్చు.",science/technology,0
541,,"ఒలింపిక్స్ లో అథ్లెటిక్స్ ఈవెంట్ లో పాల్గొనే ఆటగాళ్లు ఎంతో ఉత్సాహంగా ఉన్నారు, వారు తమ స్థాయిని పెంచుకోవడానికి ఎంతో కష్టపడుతున్నారు.",sports,3
542,,రోబోటిక్స్ రంగంలో చాలా ముఖ్యమైన ఆవిష్కరణలు జరిగాయి. వాటిలో ఒకటి రోబోట్. దీని ద్వారా మనం చాలా వేగంగా పనులు చేయగలుగుతున్నాము.,science/technology,0
543,,రోబోటిక్స్ అనేది ప్రపంచంలో అత్యంత వేగవంతమైన సాంకేతిక రంగాలు. ఈ రంగాలు ప్రతి రోజు మన జీవితంలో ఎన్నో మార్పులు తెచ్చుతున్నాయి.,science/technology,0
544,,రాజకీయ పరిణామాలు దేశంలో ఎల్లో ప్రభావం చూపుతున్నాయి. ప్రజలు ఎంత ఆసక్తితో ఉన్నారో అంత ఆసక్తితో రాజకీయ నాయకులు కూడా ఉన్నారు.,politics,2
545,,"మెట్రోప్లస్ చాలా సౌకర్యవంతంగా మరియు తక్కువ జనాలతో ఉంటుంది, కానీ కొద్దిగా ఖరీదైనది",travel,1
546,,"ఓపెన్ టెన్నిస్ టోర్నమెంట్ లో పాల్గొనే ఆటగాళ్ళు అత్యంత ఉత్సాహంగా ఉన్నారు, మరియు వారు తమ ప్రతిభను ప్రదర్శిస్తున్నారు.",sports,3
547,,"ఈ వ్యాధిని నిర్ధారించడానికి వివిధ రకాల పరీక్షలు ఉన్నాయి, అవి రక్తపరీక్ష, మూత్రపరీక్ష, ఇమేజింగ్ పరీక్షలు.",health,4
548,,పర్యటన కొరకు మానవుడు ఎన్నో సాధనలు ఉపయోగిస్తున్నాడు. ఈ సాధనలు ప్రయాణీకులకు చాలా సౌకర్యవంతంగా ఉంటాయి.,travel,1
549,,ఆటలు మానవ జీవితంలో ఒక భాగం. వాటి ద్వారా మనం వివిధ భావాలను అనుభవిస్తున్నాం.,entertainment,5
550,,రోబోటిక్స్ రంగంలో చాలా ముఖ్యమైన ప్రగతి సాధించబడింది. ఈ ప్రగతి వల్ల మన పరిసరాలు మెరుగుపడింది.,science/technology,0
551,,"విజ్ఞాన రంగంలో ఏదైనా పురోగతి సాధించబడినప్పుడు, అది మానవ జీవితంలో అనేక మార్పులు తెచ్చుతుంది.",science/technology,0
552,,"చంద్రుడి ఉపరితలం పై రాళ్లు, ధూళితో తయారు చేస్తారు. చంద్రుని బాహ్య పొరను క్రస్ట్ అంటారు.",geography,6
553,,శిఖరాగ్రాలలో శిఖరాల నుండి ఆశ్చర్యగొల్పే దృశ్యాలు ఉన్నాయి.,travel,1
554,,సైన్స్ రంగంలో మనం ఎక్కువగా ఉపయోగించే సాధనాలలో కంప్యూటర్ ఒకటి.,science/technology,0
555,,"అంతరిక్ష పరిశోధనలో చాలా ఆసక్తికరమైన విషయాలు ఉన్నాయి, ఇందులో నక్షత్రాలు మరియు గ్రహాల గురించి పరిశీలిస్తారు.",science/technology,0
556,,రాజకీయ నాయకులు తమ అభిప్రాయాలను ప్రజలకు చేర్చేందుకు ప్రయత్నిస్తున్నారు.,politics,2
557,,ఆఫ్రికా ఖండం అతి పెద్ద ఉష్ణమండల ఖండం. ఇది 30 మిలియన్ చదరపు కిలోమీటర్ల విస్తీర్ణంతో ఉంది.,geography,6
558,,"సమకోణ త్రిభుజము అనే భౌతిక సూత్రం ప్రకారం, రెండు కోణాల మొత్తం 180 డిగ్రీలు ఔతుంది.",science/technology,0
559,,ప్రధాన గాయకుడు Steven Tyler ఆగస్టు 5న ప్రదర్శన ఇస్తున్నప్పుడు వేదికపై నుంచి పడిపోవడంతో గాయపడిన తర్వాత వారు పర్యటనను రద్దు చేశారు.,entertainment,5
560,,పౌర సమాజం రాజకీయాలు అంతర్జాతీయ సంబంధాలు పై ఆధారపడి ఉంది. దీని ఫలితంగా పౌర సమాజం రాజకీయాలు అంతర్జాతీయ సంబంధాలు పై ఆధారపడి ఉంది.,politics,2
561,,"స్త్రీలలో గర్భధారణ సమయంలో ఆరోగ్యం పట్ల చాలా జాగ్రత్త వహించాలి, ఎందుకంటే ఆ సమయంలో శిశువు పిండం యొక్క ఊపిరితిత్తుల ఎదుగుదలను ప్రభావితం చేస్తుంది.",health,4
562,,"ప్రభుత్వం యొక్క పాత్ర పౌరులకు సేవలు అందించడంలో ఉంది. ఈ సేవలు విద్య, ఆరోగ్యం, రక్షణ మొదలైన రంగాల్లో ఉన్నాయి.",politics,2
563,,భూగోళిక దృక్పథంలో నదులు ఎంతో ముఖ్యమైనవి. అవి ప్రపంచంలో అనేక దేశాలలో ఉన్నాయి.,geography,6
564,,"ఆస్ట్రేలియా ఖండంలో ఉన్న దేశాలు ఆస్ట్రేలియా, న్యూజీలాండ్, పాపువా న్యూగినియా మొదలైన దేశాలు ఉన్నాయి.",geography,6
565,,ప్రతి రోజు ఉత్పత్తి అయ్యే వ్యాధులలో ఒకటి క్యాన్సర్. ఇది శరీరంలో ఉన్న కణాల అసాధారణ పెరుగుదల వల్ల కలుగుతుంది.,health,4
566,,వీడియో గేమ్స్ వినోదం యొక్క ఒక భాగం. ఇది మన జీవితంలో చాలా ప్రాముఖ్యత ఉంది.,entertainment,5
567,,సైట్ కి సందర్శన సరస్సుకు బోట్ ట్రిప్ తో సౌకర్యంగా కలపవచ్చు,travel,1
568,,ప్రపంచంలోని అన్ని ప్రాంతాల నుంచి వచ్చిన అధిరోహకులు నిరంతరం తన అంతులేని గోడల మధ్య కొత్త మార్గాలను ఏర్పాటు చేస్తున్నారు.,travel,1
569,,"ఆరోగ్య సంరక్షణ కోసం మనం చేసే చర్యలు చాలా ముఖ్యం, దీని ద్వారా మనం పొందే ఫలితాలు చాలా ఉన్నాయి.",health,4
570,,మానవులు ఎప్పుడైనా ప్రయాణించడానికి ఇష్టపడతారు. వారు తమ ప్రయాణాన్ని సురక్షితంగా మరియు సౌకర్యవంతంగా చేయడానికి ప్రయత్నిస్తున్నారు.,travel,1
571,,స్వాస్థ్యం కోసం చాలా ముఖ్యమైనది ఆహారం. మనిషి తినే ఆహారం అతని ఆరోగ్యాన్ని ప్రభావితం చేస్తుంది.,health,4
572,,"ఈ ఆటలో పాల్గొనే ఆటగాళ్లు ఎంతో సంకల్పంతో ఉన్నారు, వారు తమ లక్ష్యాన్ని చేరుకోవడానికి ఎంతో కఠోరంగా ప్రయత్నిస్తున్నారు.",sports,3
573,,"టోక్యో గేమ్ షో యొక్క గురువారం యొక్క కీలకోపన్యాసం లో, నింటెండో అధ్యక్షుడు సటోరూ ఇవాటా సంస్థ యొక్క కొత్త నింటెండో రివల్యూషన్ కన్సోల్ కోసం కంట్రోలర్ డిజైన్ ను ఆవిష్కరించారు.",entertainment,5
574,,మనోహరమైన నగరం ఔటావా కెనడా యొక్క రాజధాని మరియు కెనడా యొక్క గత మరియు వర్తమానాలను ప్రదర్శించే కళా ప్రదర్శనశాలలు మరియు వస్తుప్రదర్శనశాలల శ్రేణిని కలిగి ఉంది.,geography,6
575,,బ్రెజిల్ దేశం పెద్ద దేశం. ఇది దక్షిణ అమెరికా ఖండంలో ఉంది.,geography,6
576,,"ఈ రోజుల్లో పర్యటన అనేది చాలా సౌకర్యవంతంగా ఉంది, ఎందుకంటే ఇంటర్నెట్ ద్వారా పర్యటన బుకింగ్ చేయవచ్చు.",travel,1
577,,"కెనడా దేశం ఉత్తర అమెరికాలో ఉంది, ఇది అట్లాంటిక్ మహాసముద్రం తీరంలో ఉంది.",geography,6
578,,ప్రజాస్వామ్యం అనేది పౌరులు తమ అభిప్రాయాలను వ్యక్తీకరించే ఒక వ్యవస్థ. ఈ వ్యవస్థలో పౌరులు తమ ప్రతినిధులను ఎన్నుకునే అధికారం కలిగి ఉంటారు.,politics,2
579,,ప్రసిద్ధ సంగీత కారుడు ఐదుగుల ప్రదర్శనకు సిద్ధమౌతున్నాడు. ఈ ప్రదర్శనలో అతడు తన హిట్ పాటలను ఆలాపిస్తాడు.,entertainment,5
580,,మానవులు ఆరోగ్యం పై చాలా దృష్టి పెట్టాలి. అది వారి జీవితంలో చాలా ముఖ్యమైన విషయమే.,health,4
581,,"ఆస్ట్రేలియా ఖండం యొక్క ఉత్తర భాగంలో టాస్మానియా ఉంది, దక్షిణాన అంటార్కిటికా ఉంది.",geography,6
582,,సైన్స్ రంగంలో అత్యధిక పురోగతి సాధించబడింది. ఈ పురోగతి వలన మానవ జీవితంలో అనేక మార్పులు వచ్చాయి.,science/technology,0
583,,"మరోవైపు, చాలా దేశాల్లో చలి మరియు మంచు పరిస్థితులు సాధారణంగా ఉంటాయి.",travel,1
584,,"ప్రయాణీకులు ఎక్కువగా ప్రయాణం చేయడం జరుగుతుంది, కానీ అందులో కొన్ని అంశలు ఉంటాయి, అవి ప్రయాణీకులను సంకల్పించడం జరుగుతుంది.",travel,1
585,,"ప్రతి సంవత్సరం, డజన్ల కొద్దీ సందర్శకులు గాయపడుతున్నారు, ఎందుకు వారు సరైన దూరం లో ఉండలేదు.",travel,1
586,,"ప్రయాణికులు ఎక్కువగా ప్రయాణించే స్థలాల్లో ఒకటి కాకుల ద్వీపం, ఇది ప్రపంచంలోని అతి పెద్ద ద్వీపం.",travel,1
587,,క్రీడలు ఆటగాళ్లను ఎంత ప్రభావితం చేస్తున్నాయో అందరికీ తెలిసింది.,sports,3
588,,ఈ వ్యాధిపై ఐరాస నిపుణుడైన డానియెల్లె లాంటాగ్నే మాట్లాడుతూ ఈ విస్ఫోటనం శాంతికాముకుల వల్ల సంభవించి ఉంటుందని పేర్కొన్నారు.,health,4
589,,ఈ సంవత్సరంలో ప్రయాణికులు తమ ప్రయాణాన్ని చాలా సులభంగా చేయడానికి అనేక సౌకర్యాలను అందుకున్నారు.,travel,1
590,,భారతీయ రాజకీయ వ్యవస్థ అనేది ప్రపంచంలో ఒక ఆదర్శ వ్యవస్థ. ఇది ప్రజాస్వామ్యం ఆధారంగా ఉంది. ఇది ప్రజలను స్వతంత్రంగా ఉంచుతుంది.,politics,2
591,,"MetroPlus చాలా సౌకర్యవంతంగా మరియు తక్కువ జనాలతో ఉంటుంది, కానీ కొద్దిగా ఖరీదైనది. అయినప్పటికీ ఐరోపాలోని మిగతా మెట్రో టికెట్‌ల కంటే దీని ధరలు చాలా తక్కువ.",travel,1
592,,విమానంలో ప్రయాణించడం అనేది అన్ని వయస్సుల మరియు నేపథ్యాల ప్రజలకు ఒక భయానక అనుభవం.,travel,1
593,,స్టార్ టీవీ ఛానల్‌లో ప్రసారమైన 'బిగ్ బాస్' అనే రియాలిటీ షో చాలా ప్రజాదరణ పొందింది.,entertainment,5
594,,"స్వదేశీయులు ప్రయాణీకులకు సహాయపడే విధంగా ఉంటారు, కాబట్టి ప్రయాణీకులు తమ ప్రయాణాన్ని సురక్షితంగా ఉంచుకునేటట్లు.",travel,1
595,,"ఫుట్‍బాల్ ఆటగాళ్ళు తమ ఆటలో అత్యుత్తమ శక్తిని ప్రదర్శిస్తారు, మరియు వారి ఆటలో ప్రతిభను ప్రదర్శిస్తారు.",sports,3
596,,"ప్రపంచంలోని అన్ని దేశాలు తమ స్వంతమైన పర్యటన స్థలాలను కలిగి ఉన్నాయి, మరియు ప్రతి దేశం తన స్వంతమైన సంస్కృతిని కలిగి ఉంటుంది.",travel,1
597,,వైద్య నిపుణులు ఈ వ్యాధిని నిర్ధారించడానికి వివిధ రకాల చికిత్సలను అందిస్తున్నారు.,health,4
598,,సబ్ మెరైన్ లు నీటి లోపల ప్రయాణించడానికి మరియు అక్కడ ఎక్కువ కాలం పాటు ఉండటానికి రూపొందించబడిన ఓడలు.,science/technology,0
599,,రాజకీయ నాయకులు ప్రజల కోసం ఉంటారని చెప్పుకోదగిన విషయం. కానీ అందుబాటులో ఉన్న నాయకులు ప్రజల కోసం ఉండాలని అనుకుంటారు.,politics,2
600,,"ఆహారం మరియు ఆరోగ్యం -- 
ఆహారం మరియు ఆరోగ్యం అనేది మనందరికీ తెలిసిన విషయం.",health,4
601,,సినిమాలు మానవ జీవితంలో ఒక భాగం. వాటి ద్వారా మనం వివిధ భావాలను అనుభవిస్తున్నాం.,entertainment,5
602,,అంతర్జాతీయ సంబంధాలు రాజకీయాలలో ప్రధానంగా ఉన్నాయి. ఈ సంబంధాలు దేశాల మధ్య సహకారాన్ని పెంచుతాయి.,politics,2
603,,అఫ్రికా ఖండం పెద్ద దేశాలలో ఒకటి. ఇది ప్రపంచంలో మూడవ స్థానంలో ఉంది.,geography,6
604,,వినోదం మన జీవితంలో ఒక ప్రధాన భాగం. ఇది మనం ఓపిక లేని పరిస్థితుల్లో ఆనందించే ఒక మాధ్యమం.,entertainment,5
605,,సైక్లింగ్ అనేది ఒక ఆరోగ్యకరమైన క్రీడ. ఇందులో పాల్గొనే ఆటగాళ్ళు తమ సామర్థ్యాన్ని ప్రదర్శిస్తారు.,sports,3
606,,టెన్నిస్ ఆట ప్రపంచంలో అత్యంత ప్రజాదరణ పొందిన ఆట.,sports,3
607,,నృత్యం మన వినోదానికి చాలా ఉపయోగకరంగా ఉంటాయి. అందుకే ప్రజలు నృత్యాన్ని చాలా ఇష్టంగా చూస్తున్నారు.,entertainment,5
608,,"మరోవైపు, చాలా దేశాల్లో చలి మరియు మంచు పరిస్థితులు సాధారణంగా ఉంటాయి, మరియు సంవత్సరం అంతా ట్రాఫిక్ కి అంతరాయం లేకుండా ఉంటుంది.",travel,1
609,,రాజకీయ నాయకులు తమ ప్రజల కోసం పనిచేయాలని ఆశిస్తున్నారు. అందుకే వారు తమ ప్రచారకు మీడియాను ఉపయోగిస్తున్నారు.,politics,2
610,,ప్రభుత్వం ప్రజల సేవకు కట్టుబడి ఉండాలి. దీనికి విరుద్ధంగా ప్రభుత్వం ప్రజలను పాలించే వ్యవస్థలో ప్రజలు ప్రభుత్వాన్ని నియంత్రిస్తారు.,politics,2
611,,"తరువాత చిత్రంలో ఫోటాన్లు ప్రసరి౦చే ఆ౦తర౦గ ప౦టలు చూపిస్తున్నాయి. వాస్తవానికి, వాస్తవానికి ఫోటోలో ఉన్న వాటి కంటే ఫోటాన్లు చాలా చిన్నవిగా ఉంటాయి.",science/technology,0
612,,చైనా దేశం పెద్ద దేశం. ఇది ఆసియా ఖండంలో ఉంది.,geography,6
613,,ఆరోగ్య సంరక్షణ కొరకు వ్యాయామం చాలా ముఖ్యమైనది. వ్యాయామం మన శరీరానికి అవసరమైన ఆరోగ్యాన్ని కల్పిస్తుంది.,health,4
614,,"కంప్యూటర్ లో ఉపయోగించే సాఫ్ట్వేర్ రెండు రకాలుగా ఉన్నాయి, అవి సిస్టమ్ సాఫ్ట్వేర్ మరియు అప్లికేషన్ సాఫ్ట్వేర్.",science/technology,0
615,,రాజకీయ నాయకులు తమ ప్రచారాన్ని మరింత పెంచుకోవడానికి సామాజిక మాధ్యమాల్ని ఉపయోగిస్తున్నారు.,politics,2
616,,"ప్రయాణం అనేది అన్ని వయస్సుల మరియు నేపథ్యాల ప్రజలకు ఒక భయానక అనుభవం, మరిముఖ్యంగా వారు ఇంతకు ముందు ఎగరనట్లయితే లేదా ఒక ట్రామాటిక్ ఘటనను అనుభూతి చెందనట్లయితే.",travel,1
617,,నానో టెక్నాలజీలో పరమాణువులను ఉపయోగించడం వలన కొత్త పదార్థాలను తయారు చేయవచ్చు.,science/technology,0
618,,రాజకీయ సంఘర్షణలు ప్రజల జీవితాన్ని ప్రభావితం చేస్తాయి. ఇవి ప్రజల హక్కులు మరియు అధికారాన్ని నియంత్రిస్తాయి.,politics,2
619,,"సంవత్సరం పొడవునా చాలా పర్యటకులు ప్రపంచం నానా దేశాలకు ప్రయాణించడం జరుగుతుంది, మరియు అందులో కొన్ని దేశాలు తక్కువ ఖర్చుతో ఉంటాయి.",travel,1
620,,"క్రీడాకారులు ఎంతో కష్టపడి తమ జీవితంలో విజయం సాధించగలరు, కానీ అతను ఎప్పుడు ఓటమి పొందగలడు.",sports,3
621,,"ఓషియానియా ఖండంలో చాలా దేశాలు ఉన్నాయి, వాటిలో కొన్ని దేశాలు సారాహ్ ఎడారి ప్రాంతంలో ఉన్నాయి.",geography,6
622,,"కంప్యూటర్ పరిభాషను ఉపయోగించడానికి బైనరీ అంకెలు లేదా బిట్స్ అని సూచిస్తారు. ఈ అంకెలు రెండు విలువలలో ఒకదానిని మాత్రమే కలిగి ఉంటుంది, అనగా 0 లేదా 1.",science/technology,0
623,,"అమెరికా ఖండంలో ఉన్న ఒక దేశం, ఇది ఉత్తర అమెరికాలో ఉంది, ఇది పసిఫిక్, అట్లాంటిక్ సముద్రాలతో చుట్టబడి ఉంది",geography,6
624,,ప్రతి వ్యక్తి ఆరోగ్యం పై ప్రాధాన్యత ఇవ్వాలి. ఆరోగ్యం పై ప్రాధాన్యత ఇవ్వడం ద్వారా మనం సుఖవంతులు కాగలం.,health,4
625,,సైట్ కి సందర్శన సరస్సుకు బోట్ ట్రిప్ తో సౌకర్యంగా కలపవచ్చు.,travel,1
626,,ప్రపంచ రాజకీయాలు ఒక సంక్లిష్టమైన విషయం. ఇది ప్రతి దేశం తన స్వంత రాజకీయ వ్యూహాలను రూపొందిస్తుంది.,politics,2
627,,"ప్లాస్మా ప్రవాహానికి చెందిన స్టార్ యొక్క Rossby నంబర్‌ను నిర్ధారించడానికి, ప్రకాశం మరియు భ్రమణాన్ని కలిపి ఉపయోగించబడతాయి.",science/technology,0
628,,స్వాతంత్ర్యం పొందిన తరువాత దేశాలు తమ ప్రభుత్వాలను స్థాపించుకున్నాయి. ఈ ప్రభుత్వాలు ప్రజల సంక్షేమకు పనిచేస్తున్నాయి.,politics,2
629,,ఈ రోజుల్లో మన దేశంలో చాలా ప్రజాదరణ పొందుతున్న కార్యక్రమాలు ఉన్నాయి. వాటిలో కొన్ని ప్రసిద్ధ కార్యక్రమాలు ఉన్నాయి.,entertainment,5
630,,"భారత్ దేశంలో ఎన్నో పర్వత శ్రేణులు ఉన్నాయి, వాటిలో హిమాలయాలు, సాత్పురా పర్వతాలు, అరవల్లి పర్వతాలు ముఖ్యమైనవి.",geography,6
631,,"ప్రయాణం అనేది మనం చేసే అనేక రకాల కార్యక్రమాల్లో ఒకటి, ఇది మనం మరియు మన కుటుంబ సభ్యులకు చాలా ప్రియమైనది.",travel,1
632,,మన ఆరోగ్యం పట్ల మనం ఎక్కువగా జాగృతిగా ఉండాలి. అందుకే మనం ఆరోగ్య పరమైన అలవాట్లు పెంచుకోవాలి.,health,4
633,,రాజకీయాలలో జనప్రియత ఒక ప్రధాన అంశ. నాయకులు జనప్రియతను పెంచుకునే ఉద్దేశ్యంతో పాలన సంఘటన జరుపుతారు.,politics,2
634,,రాజకీయాలలో ప్రతిపక్ష పాత్ర చాలా ప్రధానమైనది. ప్రతిపక్ష పార్టీలు ప్రభుత్వాన్ని పరిశీలిస్తాయి.,politics,2
635,,ప్రపంచంలో అత్యంత ప్రజాదరణ పొందిన క్రీడ క్రికెట్.,sports,3
636,,"వాలీబాల్ ఆటగాళ్ళు తమ ఆటలో అత్యుత్తమ శక్తిని ప్రదర్శిస్తారు, మరియు వారి ఆటలో ప్రతిభను ప్రదర్శిస్తారు.",sports,3
637,,కొన్ని వ్యాధులు మన శరీరంలో ఉండే కొన్ని విషానికి కారణమవుతాయి. వీటిని గుర్తించడం చాలా ముఖ్యం.,health,4
638,,".MetroPlus చాలా సౌకర్యవంతంగా మరియు తక్కువ జనాలతో ఉంటుంది, కానీ కొద్దిగా ఖరీదైనది.",travel,1
639,,"మీరు ఎంటర్టైన్మెంట్ కోసం ఏదైనా చేయవచ్చు. మీరు సినిమాలు చూడవచ్చు, టెలివిజన్ ప్రోగ్రామ్స్ చూడవచ్చు, లేదా సంగీత కార్యక్రమాలు వినవచ్చు.",entertainment,5
640,,ఈ రోజుల్లో మానసిక స్థితిపై ప్రభావం చూపిస్తుంది అనే విషయం మనకు తెలిసినది. మన ప్రవర్తనలో మార్పులకు కారణమవుతాయని కూడా తెలిసినది.,health,4
641,,ఏవియేషన్ రంగంలో చాలా ముఖ్యమైన ఆవిష్కరణలు జరిగాయి. వాటిలో ఒకటి రాకెట్. దీని ద్వారా మనం చాలా ఎత్తుకు ప్రయాణించగలుగుతున్నాము.,science/technology,0
642,,సమాజంలో శాస్త్ర పరిజ్ఞానం చాలా ముఖ్యమైనది. అది మానవ జీవితాన్ని మార్చివేస్తుంది.,science/technology,0
643,,"మాస్కో నగరం రష్యా దేశంలో ఉంది, ఇది అతి పెద్ద నగరాల్లో ఒకటి.",geography,6
644,,ఒలింపిక్స్ అనేది అంతర్జాతీయ క్రీడా సమావేశం. ఇందులో పలు దేశాల నుండి వచ్చిన క్రీడాకారులు పాల్గొని తమ తమ క్రీడలలో పాల్గొంటారు.,sports,3
645,,ప్రతి వ్యక్తి తన ఆరోగ్యం పట్ల ప్రత్యేకంగా ఆలోచించాలి.,health,4
646,,ఏవియేషన్ అనేది ప్రపంచంలో అత్యంత వేగవంతమైన సాంకేతిక రంగాలు. ఈ రంగాలు ప్రతి రోజు మన జీవితంలో ఎన్నో మార్పులు తెచ్చుతున్నాయి.,science/technology,0
647,,"వైరస్ లు అనేక రకాలుగా ఉంటాయి, వీటిలో కొన్ని వైరస్ లు మానవులకు హాని కలిగిస్తాయి.",science/technology,0
648,,ఓస్ట్రేలియా దేశం ఒక ఖండం. ఇది దక్షిణ అర్థగోళంలో ఉంది.,geography,6
649,,ప్రజాస్వామ్య వ్యవస్థలో ప్రజలు తమ అభిప్రాయాలు వ్యక్తం చేసుకునే అవకాశం ఉంది.,politics,2
650,,కంప్యూటర్ రంగంలో చాలా ముఖ్యమైన ఆవిష్కరణలు జరిగాయి. వాటిలో ఒకటి ఇంటర్నెట్. దీని ద్వారా మనం చాలా వేగంగా సమాచారం పొందగలుగుతున్నాము.,science/technology,0
651,,"ఫోటాన్ """""""" అనే చిన్న కాంతి రేణువును బయటకు తీసి, ఈ విధంగా చేస్తారు.",science/technology,0
652,,"ఓడ ప్రయాణం అనేది మనం చేసే అనేక రకాల కార్యక్రమాల్లో ఒకటి, ఇది మనం మరియు మన కుటుంబ సభ్యులకు చాలా ప్రియమైనది.",travel,1
653,,"భారత దేశం ఆసియా ఖండంలో ఉంది, ఇది అతి పెద్ద దేశాల్లో ఒకటి.",geography,6
654,,ఒక ద్వీపసమూహం యొక్క కేంద్రంలో ఉన్న ఒక ద్వీపం యొక్క పరిమాణం 1500 కిలోమీటర్లు మరియు ఎత్తు 3000 మీటర్లు.,geography,6
655,,రాజకీయ పరిణామాలు దేశంలో ఎల్లో ప్రభావం చూపుతున్నాయి. రాజకీయ నాయకులు ప్రజలకు మంచి చేయాలనే ఉద్దేశ్యంతో ఉన్నారు. కానీ కొన్ని సార్లు వారు ప్రజలను మోసం చేస్తున్నారు.,politics,2
656,,ప్రస్తుతం వైద్య పరిశోధనలో ప్రగతి సాధించిన ఔషధాల ద్వారా అనేక వ్యాధులను నియంత్రించవచ్చును.,health,4
657,,కంప్యూటర్ సిస్టం లో డేటా స్టోరేజి అనేది చాలా ముఖ్యమైన అంశ.,science/technology,0
658,,"ఈ రోజుల్లో విమాన ప్రయాణం కేవలం ధరలను ముందుగా శోధించి, సరిపోల్చకుండా నేరుగా విమాన ప్రయాణం ద్వారా మాత్రమే బుక్ చేయబడుతుంది",travel,1
659,,స్పేస్ టెక్నాలజీలో కొత్త ప్రయోగాలను చేయడం వలన మానవ జాతి అంతరిక్షంలో ప్రవేశించవచ్చు.,science/technology,0
660,,"మిత్రదేశాలతో సంబంధాలు వైఫల్యం చెందటంతో, జర్మనీ బహుశా యూరప్ లోని మిగిలిన దేశాలు లాగే బ్రిటన్ ను అధీనంలోకి తీసుకుని ఉండేది.",politics,2
661,,"ఫుట్ బాల్ క్రీడలో ప్రత్యేకంగా ఆడే ఆటగాళ్లు ఉన్నారు, వారు ఆటలో చాలా నైపుణ్యం కనబరుస్తున్నారు.",sports,3
662,,"టెన్నిస్ ఆటగాళ్ళు తమ ఆటలో అత్యుత్తమ శక్తిని ప్రదర్శిస్తారు, మరియు వారి ఆటలో ప్రతిభను ప్రదర్శిస్తారు.",sports,3
663,,"ఈ యంత్రం ద్వారా నీటిని శుద్ధి చేయవచ్చు, ఈ యంత్రం నీటిని శుద్ధి చేయుటకు అత్యంత సమర్థవంతంగా ఉంటుంది.",science/technology,0
664,,ఆరోగ్యం కొరకు ప్రకృతి వైద్యం అనేది మనిషి శరీరంలో ఉన్న సహజ సామర్థ్యాన్ని పెంచుతుంది. ఇది మనిషికి ఆరోగ్యం కొరకు చాలా ముఖ్యం.,health,4
665,,"ప్రయాణీకులు తమ ప్రయాణాన్ని సురక్షితంగా ఉంచుకునేటట్లు, కాబట్టి ప్రయాణీకులు తమ ప్రయాణాన్ని సురక్షితంగా ఉంచుకునేటట్లు.",travel,1
666,,ఏడాది పొడవునా రీఫ్‌(సముద్రతలంలోని గుట్ట)కు అనేక మంది పర్యటకులు వస్తారు.,travel,1
667,,"సినిమాలు ప్రేక్షకులను ఆకట్టుకుంటున్నాయి. వాటిలో కొన్ని హాస్య సినిమాలు, కొన్ని రొమాన్స్ సినిమాలు, కొన్ని థ్రిల్లర్ సినిమాలు.",entertainment,5
668,,కంప్యూటర్ విజ్ఞానంలో డేటా స్టోరేజ్ అనేది చాలా ముఖ్యమైన అంశ. ఈ డేటా స్టోరేజ్ ద్వారా కంప్యూటర్ అనేక సమాచారాన్ని నిలుపుకోగలదు.,science/technology,0
669,,"చైనా ఒక విశాలమైన దేశం, ఇది ఆసియా ఖండంలో ఉంది. దీని రాజధాని బీజింగ్.",geography,6
670,,అంతర్జాతీయ సంబంధాలు రాజకీయ నాయకుల కు చాలా అవకాశాలు కలిగిస్తున్నాయి. దీని ఫలితంగా రాజకీయ నాయకులు తమ రాజకీయ ప్రయోజనాల కోసం ప్రజలను ఉపయోగిస్తున్నారు.,politics,2
671,,"ప్రతి సంవత్సరం, డజన్ల కొద్దీ సందర్శకులు గాయపడుతున్నారు, ఎందుకు వారు సరైన దూరం లో ఉండలేదు",travel,1
672,,"మానసిక వ్యాధులు -- 
మానసిక వ్యాధులు అనేది మనందరికీ తెలిసిన విషయం.",health,4
673,,కంప్యూటర్ రంగంలో అత్యధిక పురోగతి సాధించబడింది. ఈ పురోగతి వలన మానవ జీవితంలో అనేక మార్పులు వచ్చాయి.,science/technology,0
674,,మన ఆరోగ్యం పట్ల మనం ఎక్కువగా ఆందోళన చెందకూడదు. ఎందుకంటే ఆరోగ్య సమస్యలు మన జీవితాన్ని ప్రభావితం చేస్తాయి.,health,4
675,,"ప్రతి స౦వత్సర౦, డజన్ల కొద్దీ స౦దర్శకులు గాయపడుతున్నారు, ఎ౦దుక౦టే వారు సరైన దూర౦ లో ఉ౦డలేదు.",travel,1
676,,కొవిడ్-19 వైరస్ ప్రపంచంలో చాలా దేశాలలో వ్యాపించింది. దీని వల్ల చాలా మంది ప్రాణాలు కోల్పోయారు.,health,4
677,,"ప్రయాణం చేసే సమయంలో మనం ఎక్కువ సేపు కారులో ఉంటాం, కానీ ఆ సమయంలో మనం చేసే కార్యక్రమాలు తక్కువగా ఉంటాయి.",travel,1
678,,రాజకీయ పార్టీలు తమ ఆలోచనలు ప్రజలకు చేర్చుతున్నాయి. ఈ ఆలోచనలు ప్రజలు తమ జీవితంలో మార్పులు తీసుకురావడానికి సహాయం చేస్తున్నాయి.,politics,2
679,,"మీరు ఎంటర్టైన్మెంట్ కోసం ఏదైనా చేయవచ్చు. మీరు టెలివిజన్ ప్రోగ్రామ్స్ చూడవచ్చు, సినిమాలు చూడవచ్చు, లేదా సంగీత కార్యక్రమాలు వినవచ్చు.",entertainment,5
680,,ఏడాది పొడవునా రీఫ్‌(సముద్రతలంలోని గుట్ట)కు అనేక మంది పర్యటకులు వస్తారు మరియు రీఫ్‌లో ఈ కారణాల వల్ల గాయాలు చాలా అరుదుగా జరుగుతాయి.,travel,1
681,,"ప్రస్తుతం వినోదాత్మక ప్రదర్శనలు చాలా ప్రజాదరణ పొందుతున్నాయి. ఉదాహరణకు, టోక్యో గేమ్ షో యొక్క గురువారం యొక్క కీలకోపన్యాసం లో, నింటెండో అధ్యక్షుడు సటోరూ ఇవాటా సంస్థ యొక్క కొత్త నింటెండో రివల్యూషన్ కన్సోల్ కోసం కంట్రోలర్ డిజైన్ ను ఆవిష్కరించారు.",entertainment,5
682,,ప్రభుత్వం యొక్క నిర్ణయాలు పౌరులకు ప్రభావం చూపుతాయి. ఈ నిర్ణయాలు పౌరుల జీవితాల్లో ప్రభావం చూపుతాయి.,politics,2
683,,కార్టూన్స్ మన పిల్లల వినోదాన్ని ఎంతో పెంచుతున్నాయి. వాటిలో మనం మన పిల్లల స్కిల్స్ ను మెరుగుపర్చుకోవచ్చు.,entertainment,5
684,,స్వతంత్ర భారతదేశంలో రాజకీయ పరివర్తన చాలా ఉంది. ఇందులో కొన్ని ముఖ్యమైన సంఘటనలు జరిగాయి.,politics,2
